TradeID,ScripName,Type,Side,SellDateTime,BuyDateTime,SellPrice,BuyPrice,PnL,ExitReason
1,MIDCPNIFTY23JUL8200PE,PE,SHORT,2023-07-12 14:20:00,2023-07-19 09:20:00,82.6,29.8,6336.0,TARGET_LTP_30
2,MIDCPNIFTY23JUL8300PE,PE,SHORT,2023-07-19 14:00:00,2023-07-20 10:20:00,40.0,29.25,1290.0,TARGET_LTP_30
3,MIDCPNIFTY23JUL8400PE,PE,SHORT,2023-07-20 14:00:00,2023-07-21 15:15:00,49.6,26.3,2796.0,TARGET_LTP_30
4,MIDCPNIFTY23JUL8400PE,PE,SHORT,2023-07-21 15:20:00,2023-07-21 15:25:00,27.0,25.95,126.0,TARGET_LTP_30
5,MIDCPNIFTY23AUG8600CE,CE,SHORT,2023-08-09 14:00:00,2023-08-11 11:00:00,150.0,170.0,-2400.0,EMA_REVERSAL_SL
6,MIDCPNIFTY23AUG8500PE,PE,SHORT,2023-08-14 14:00:00,2023-08-17 12:55:00,75.0,54.0,2520.0,EMA_REVERSAL_SL
7,MIDCPNIFTY23AUG8600CE,CE,SHORT,2023-08-17 14:00:00,2023-08-21 12:05:00,85.1,69.95,1818.0,EMA_REVERSAL_SL
8,MIDCPNIFTY23AUG8500PE,PE,SHORT,2023-08-21 14:00:00,2023-08-21 14:05:00,20.25,22.6,-282.0,TARGET_LTP_30
9,MIDCPNIFTY23AUG8500PE,PE,SHORT,2023-08-21 14:10:00,2023-08-21 14:15:00,25.55,26.2,-78.0,TARGET_LTP_30
10,MIDCPNIFTY23AUG8500PE,PE,SHORT,2023-08-21 14:20:00,2023-08-21 14:25:00,25.85,25.4,54.0,TARGET_LTP_30
11,MIDCPNIFTY23AUG8500PE,PE,SHORT,2023-08-21 14:30:00,2023-08-21 14:35:00,24.5,25.4,-108.0,TARGET_LTP_30
12,MIDCPNIFTY23AUG8500PE,PE,SHORT,2023-08-21 14:40:00,2023-08-21 14:45:00,25.25,25.15,12.0,TARGET_LTP_30
13,MIDCPNIFTY23AUG8500PE,PE,SHORT,2023-08-21 14:50:00,2023-08-21 14:55:00,25.15,24.6,66.0,TARGET_LTP_30
14,MIDCPNIFTY23AUG8500PE,PE,SHORT,2023-08-21 15:00:00,2023-08-21 15:05:00,25.05,26.0,-114.0,TARGET_LTP_30
15,MIDCPNIFTY23AUG8500PE,PE,SHORT,2023-08-21 15:10:00,2023-08-21 15:15:00,25.0,23.9,132.0,TARGET_LTP_30
16,MIDCPNIFTY23AUG8500PE,PE,SHORT,2023-08-21 15:20:00,2023-08-21 15:25:00,24.0,23.5,60.0,TARGET_LTP_30
17,MIDCPNIFTY23AUG8600PE,PE,SHORT,2023-08-22 14:00:00,2023-08-22 14:05:00,19.95,20.1,-18.0,TARGET_LTP_30
18,MIDCPNIFTY23AUG8600PE,PE,SHORT,2023-08-22 14:10:00,2023-08-22 14:15:00,19.65,19.9,-30.0,TARGET_LTP_30
19,MIDCPNIFTY23AUG8600PE,PE,SHORT,2023-08-22 14:20:00,2023-08-22 14:25:00,19.85,20.85,-120.0,TARGET_LTP_30
20,MIDCPNIFTY23AUG8600PE,PE,SHORT,2023-08-22 14:30:00,2023-08-22 14:35:00,21.9,21.65,30.0,TARGET_LTP_30
21,MIDCPNIFTY23AUG8600PE,PE,SHORT,2023-08-22 14:40:00,2023-08-22 14:45:00,19.65,20.7,-126.0,TARGET_LTP_30
22,MIDCPNIFTY23AUG8600PE,PE,SHORT,2023-08-22 14:50:00,2023-08-22 14:55:00,21.05,19.9,138.0,TARGET_LTP_30
23,MIDCPNIFTY23AUG8600PE,PE,SHORT,2023-08-22 15:00:00,2023-08-22 15:05:00,19.4,19.6,-24.0,TARGET_LTP_30
24,MIDCPNIFTY23AUG8600PE,PE,SHORT,2023-08-22 15:10:00,2023-08-22 15:15:00,19.05,18.8,30.0,TARGET_LTP_30
25,MIDCPNIFTY23AUG8600PE,PE,SHORT,2023-08-22 15:20:00,2023-08-22 15:25:00,17.5,19.0,-180.0,TARGET_LTP_30
26,MIDCPNIFTY23AUG8700PE,PE,SHORT,2023-08-23 14:00:00,2023-08-23 14:05:00,18.25,20.0,-210.0,TARGET_LTP_30
27,MIDCPNIFTY23AUG8700PE,PE,SHORT,2023-08-23 14:10:00,2023-08-23 14:15:00,18.85,19.6,-90.0,TARGET_LTP_30
28,MIDCPNIFTY23AUG8700PE,PE,SHORT,2023-08-23 14:20:00,2023-08-23 14:25:00,21.5,21.15,42.0,TARGET_LTP_30
29,MIDCPNIFTY23AUG8700PE,PE,SHORT,2023-08-23 14:30:00,2023-08-23 14:35:00,18.85,19.75,-108.0,TARGET_LTP_30
30,MIDCPNIFTY23AUG8700PE,PE,SHORT,2023-08-23 14:40:00,2023-08-23 14:45:00,22.05,19.6,294.0,TARGET_LTP_30
31,MIDCPNIFTY23AUG8700PE,PE,SHORT,2023-08-23 14:50:00,2023-08-23 14:55:00,19.75,20.15,-48.0,TARGET_LTP_30
32,MIDCPNIFTY23AUG8700PE,PE,SHORT,2023-08-23 15:00:00,2023-08-23 15:05:00,22.25,20.5,210.0,TARGET_LTP_30
33,MIDCPNIFTY23AUG8700PE,PE,SHORT,2023-08-23 15:10:00,2023-08-23 15:15:00,21.3,20.95,42.0,TARGET_LTP_30
34,MIDCPNIFTY23AUG8700PE,PE,SHORT,2023-08-23 15:20:00,2023-08-23 15:25:00,20.4,17.05,402.0,TARGET_LTP_30
35,MIDCPNIFTY23SEP8800PE,PE,SHORT,2023-08-30 14:00:00,2023-09-13 10:40:00,98.0,78.0,2400.0,EMA_REVERSAL_SL
36,MIDCPNIFTY23SEP8900PE,PE,SHORT,2023-09-13 14:00:00,2023-09-14 14:30:00,73.85,28.1,5490.0,TARGET_LTP_30
37,MIDCPNIFTY23SEP9000PE,PE,SHORT,2023-09-14 14:35:00,2023-09-15 14:50:00,47.0,29.9,2052.0,TARGET_LTP_30
38,MIDCPNIFTY23SEP9100PE,PE,SHORT,2023-09-15 14:55:00,2023-09-21 09:15:00,52.7,41.0,1404.0,ROLLOVER_EXIT
39,MIDCPNIFTY23OCT9200CE,CE,SHORT,2023-09-27 14:25:00,2023-10-17 09:50:00,200.0,109.0,10920.0,EMA_REVERSAL_SL
40,MIDCPNIFTY23OCT9200PE,PE,SHORT,2023-10-17 14:00:00,2023-10-18 11:00:00,116.0,128.05,-1446.0,EMA_REVERSAL_SL
41,MIDCPNIFTY23OCT9200CE,CE,SHORT,2023-10-18 14:00:00,2023-10-19 09:30:00,58.0,29.75,3390.0,TARGET_LTP_30
42,MIDCPNIFTY23OCT9000PE,PE,SHORT,2023-10-19 14:00:00,2023-10-20 10:15:00,61.05,81.15,-2412.0,EMA_REVERSAL_SL
43,MIDCPNIFTY23OCT9100CE,CE,SHORT,2023-10-20 14:00:00,2023-10-20 15:10:00,30.15,29.0,138.0,TARGET_LTP_30
44,MIDCPNIFTY23OCT9100CE,CE,SHORT,2023-10-20 15:15:00,2023-10-20 15:20:00,28.6,29.65,-126.0,TARGET_LTP_30
45,MIDCPNIFTY23OCT9100CE,CE,SHORT,2023-10-20 15:25:00,2023-10-23 09:30:00,30.35,27.05,396.0,TARGET_LTP_30
46,MIDCPNIFTY24JAN10300CE,CE,SHORT,2023-12-26 14:00:00,2023-12-29 12:40:00,200.0,246.55,-5586.0,EMA_REVERSAL_SL
47,MIDCPNIFTY24JAN10400CE,CE,SHORT,2023-12-29 15:00:00,2024-01-10 10:00:00,180.0,186.8,-816.0,EMA_REVERSAL_SL
48,MIDCPNIFTY24JAN10500CE,CE,SHORT,2024-01-10 14:00:00,2024-01-11 09:15:00,110.0,180.0,-8400.0,EMA_REVERSAL_SL
49,MIDCPNIFTY24JAN10500CE,CE,SHORT,2024-01-11 14:10:00,2024-01-12 10:30:00,146.0,170.7,-2964.0,EMA_REVERSAL_SL
50,MIDCPNIFTY24JAN10500PE,PE,SHORT,2024-01-12 14:05:00,2024-01-16 12:45:00,159.55,132.0,3306.0,EMA_REVERSAL_SL
51,MIDCPNIFTY24JAN10700CE,CE,SHORT,2024-01-16 14:00:00,2024-01-18 09:45:00,83.3,28.8,6540.0,TARGET_LTP_30
52,MIDCPNIFTY24JAN10500PE,PE,SHORT,2024-01-19 14:00:00,2024-01-23 10:35:00,145.35,128.5,2022.0,EMA_REVERSAL_SL
53,MIDCPNIFTY24FEB10800CE,CE,SHORT,2024-02-01 14:20:00,2024-02-02 13:50:00,164.8,205.0,-4824.0,EMA_REVERSAL_SL
54,MIDCPNIFTY24FEB10900PE,PE,SHORT,2024-02-08 14:20:00,2024-02-09 10:25:00,164.1,299.0,-16188.0,EMA_REVERSAL_SL
55,MIDCPNIFTY24FEB10800CE,CE,SHORT,2024-02-13 14:55:00,2024-02-14 14:20:00,112.5,121.0,-1020.0,EMA_REVERSAL_SL
56,MIDCPNIFTY24FEB10800PE,PE,SHORT,2024-02-15 14:00:00,2024-02-21 09:40:00,126.2,27.45,11850.0,TARGET_LTP_30
57,MIDCPNIFTY24FEB11100CE,CE,SHORT,2024-02-21 14:00:00,2024-02-21 14:05:00,30.2,29.15,126.0,TARGET_LTP_30
58,MIDCPNIFTY24FEB11100CE,CE,SHORT,2024-02-21 14:10:00,2024-02-21 14:20:00,27.05,23.4,438.0,TARGET_LTP_30
59,MIDCPNIFTY24FEB11100CE,CE,SHORT,2024-02-21 14:25:00,2024-02-21 14:30:00,24.85,23.9,114.0,TARGET_LTP_30
60,MIDCPNIFTY24FEB11100CE,CE,SHORT,2024-02-21 14:35:00,2024-02-21 14:40:00,20.45,22.5,-246.0,TARGET_LTP_30
61,MIDCPNIFTY24FEB11100CE,CE,SHORT,2024-02-21 14:45:00,2024-02-21 14:50:00,20.7,19.2,180.0,TARGET_LTP_30
62,MIDCPNIFTY24FEB11100CE,CE,SHORT,2024-02-21 14:55:00,2024-02-21 15:00:00,20.05,20.8,-90.0,TARGET_LTP_30
63,MIDCPNIFTY24FEB11100CE,CE,SHORT,2024-02-21 15:05:00,2024-02-21 15:10:00,25.05,24.65,48.0,TARGET_LTP_30
64,MIDCPNIFTY24FEB11100CE,CE,SHORT,2024-02-21 15:15:00,2024-02-21 15:20:00,19.7,18.95,90.0,TARGET_LTP_30
65,MIDCPNIFTY24FEB11100CE,CE,SHORT,2024-02-21 15:25:00,2024-02-22 09:15:00,18.4,21.7,-396.0,ROLLOVER_EXIT
66,MIDCPNIFTY24APR10300PE,PE,SHORT,2024-03-26 14:00:00,2024-04-16 13:35:00,150.0,42.75,12870.0,EMA_REVERSAL_SL
67,MIDCPNIFTY24APR10800CE,CE,SHORT,2024-04-16 14:00:00,2024-04-18 10:35:00,153.8,170.1,-1956.0,EMA_REVERSAL_SL
68,MIDCPNIFTY24APR10800PE,PE,SHORT,2024-04-18 14:00:00,2024-04-18 14:50:00,115.05,163.65,-5832.0,EMA_REVERSAL_SL
69,MIDCPNIFTY24APR10900CE,CE,SHORT,2024-04-18 14:55:00,2024-04-23 10:15:00,82.65,42.0,4878.0,EMA_REVERSAL_SL
70,MIDCPNIFTY24MAY10800CE,CE,SHORT,2024-04-23 14:25:00,2024-04-30 09:15:00,229.0,401.0,-20640.0,EMA_REVERSAL_SL
71,MIDCPNIFTY24MAY11000PE,PE,SHORT,2024-04-30 14:00:00,2024-04-30 15:00:00,158.0,199.5,-4980.0,EMA_REVERSAL_SL
72,MIDCPNIFTY24MAY11100CE,CE,SHORT,2024-05-07 14:00:00,2024-05-08 12:55:00,77.7,145.2,-8100.0,EMA_REVERSAL_SL
73,MIDCPNIFTY24MAY10900PE,PE,SHORT,2024-05-09 14:00:00,2024-05-09 14:35:00,205.5,220.5,-1800.0,EMA_REVERSAL_SL
74,MIDCPNIFTY24MAY11000CE,CE,SHORT,2024-05-09 14:40:00,2024-05-10 11:55:00,91.2,119.5,-3396.0,EMA_REVERSAL_SL
75,MIDCPNIFTY24MAY10700PE,PE,SHORT,2024-05-10 14:00:00,2024-05-16 09:20:00,80.2,14.35,7902.0,TARGET_LTP_30
76,MIDCPNIFTY24MAY11300CE,CE,SHORT,2024-05-16 14:00:00,2024-05-17 09:25:00,110.0,129.35,-2322.0,EMA_REVERSAL_SL
77,MIDCPNIFTY24MAY11300PE,PE,SHORT,2024-05-17 14:00:00,2024-05-23 09:15:00,111.75,44.0,8130.0,ROLLOVER_EXIT
78,MIDCPNIFTY24JUN11400CE,CE,SHORT,2024-05-31 14:00:00,2024-05-31 14:40:00,335.0,335.0,0.0,EMA_REVERSAL_SL
79,MIDCPNIFTY24JUN11800CE,CE,SHORT,2024-06-04 14:00:00,2024-06-05 14:45:00,100.0,129.45,-3534.0,EMA_REVERSAL_SL
80,MIDCPNIFTY24JUN11600CE,CE,SHORT,2024-06-06 14:00:00,2024-06-07 11:05:00,223.8,254.75,-3714.0,EMA_REVERSAL_SL
81,MIDCPNIFTY24JUN11700PE,PE,SHORT,2024-06-11 14:00:00,2024-06-14 12:15:00,123.45,29.5,11274.0,TARGET_LTP_30
82,MIDCPNIFTY24JUN11900PE,PE,SHORT,2024-06-14 14:00:00,2024-06-18 11:25:00,63.4,29.3,4092.0,TARGET_LTP_30
83,MIDCPNIFTY24JUN12000PE,PE,SHORT,2024-06-18 14:00:00,2024-06-19 10:20:00,47.4,114.35,-8034.0,EMA_REVERSAL_SL
84,MIDCPNIFTY24JUN12200CE,CE,SHORT,2024-06-19 14:00:00,2024-06-19 14:05:00,29.9,29.9,0.0,TARGET_LTP_30
85,MIDCPNIFTY24JUN12200CE,CE,SHORT,2024-06-19 14:10:00,2024-06-19 14:55:00,30.55,29.2,162.0,TARGET_LTP_30
86,MIDCPNIFTY24JUN12200CE,CE,SHORT,2024-06-19 15:00:00,2024-06-19 15:05:00,26.45,26.6,-18.0,TARGET_LTP_30
87,MIDCPNIFTY24JUN12200CE,CE,SHORT,2024-06-19 15:10:00,2024-06-19 15:15:00,24.65,23.5,138.0,TARGET_LTP_30
88,MIDCPNIFTY24JUN12200CE,CE,SHORT,2024-06-19 15:20:00,2024-06-19 15:25:00,23.8,24.6,-96.0,TARGET_LTP_30
89,MIDCPNIFTY24JUL12100PE,PE,SHORT,2024-06-24 14:05:00,2024-07-19 10:15:00,150.0,116.35,4038.0,EMA_REVERSAL_SL
90,MIDCPNIFTY24JUL12500CE,CE,SHORT,2024-07-19 14:00:00,2024-07-22 10:30:00,105.15,150.0,-5382.0,EMA_REVERSAL_SL
91,MIDCPNIFTY24AUG12500CE,CE,SHORT,2024-07-23 14:25:00,2024-07-29 09:15:00,310.0,500.65,-22878.0,EMA_REVERSAL_SL
92,MIDCPNIFTY24AUG12800CE,CE,SHORT,2024-07-29 15:25:00,2024-07-30 10:25:00,330.0,350.0,-2400.0,EMA_REVERSAL_SL
93,MIDCPNIFTY24AUG12800PE,PE,SHORT,2024-07-30 14:00:00,2024-08-01 14:50:00,248.0,250.0,-240.0,EMA_REVERSAL_SL
94,MIDCPNIFTY24AUG13000CE,CE,SHORT,2024-08-01 14:55:00,2024-08-06 10:00:00,200.1,86.0,13692.0,EMA_REVERSAL_SL
95,MIDCPNIFTY24AUG12400CE,CE,SHORT,2024-08-06 14:00:00,2024-08-07 10:15:00,233.1,293.0,-7188.0,EMA_REVERSAL_SL
96,MIDCPNIFTY24AUG12500PE,PE,SHORT,2024-08-08 14:00:00,2024-08-08 15:25:00,205.0,235.0,-3600.0,EMA_REVERSAL_SL
97,MIDCPNIFTY24AUG12600PE,PE,SHORT,2024-08-09 14:00:00,2024-08-12 10:05:00,215.0,250.0,-4200.0,EMA_REVERSAL_SL
98,MIDCPNIFTY24AUG12500PE,PE,SHORT,2024-08-12 14:00:00,2024-08-13 14:00:00,120.0,147.95,-3354.0,EMA_REVERSAL_SL
99,MIDCPNIFTY24AUG12700CE,CE,SHORT,2024-08-13 14:05:00,2024-08-16 09:25:00,120.0,146.0,-3120.0,EMA_REVERSAL_SL
100,MIDCPNIFTY24AUG12600PE,PE,SHORT,2024-08-16 14:00:00,2024-08-20 13:50:00,91.05,29.5,7386.0,TARGET_LTP_30
101,MIDCPNIFTY24AUG12800PE,PE,SHORT,2024-08-20 14:00:00,2024-08-22 09:15:00,72.4,32.55,4782.0,ROLLOVER_EXIT
102,MIDCPNIFTY24SEP13100CE,CE,SHORT,2024-08-27 14:00:00,2024-08-29 13:50:00,329.35,314.0,1842.0,EMA_REVERSAL_SL
103,MIDCPNIFTY24SEP13100CE,CE,SHORT,2024-08-29 14:05:00,2024-08-30 10:15:00,279.85,303.0,-2778.0,EMA_REVERSAL_SL
104,MIDCPNIFTY24SEP13100PE,PE,SHORT,2024-08-30 14:00:00,2024-09-03 09:35:00,230.0,248.9,-2268.0,EMA_REVERSAL_SL
105,MIDCPNIFTY24SEP13200CE,CE,SHORT,2024-09-03 15:15:00,2024-09-04 14:25:00,294.8,273.95,2502.0,EMA_REVERSAL_SL
106,MIDCPNIFTY24SEP13100PE,PE,SHORT,2024-09-04 14:30:00,2024-09-04 15:10:00,170.0,215.0,-5400.0,EMA_REVERSAL_SL
107,MIDCPNIFTY24SEP13200PE,PE,SHORT,2024-09-05 14:00:00,2024-09-06 10:00:00,204.2,243.0,-4656.0,EMA_REVERSAL_SL
108,MIDCPNIFTY24SEP13100CE,CE,SHORT,2024-09-09 14:00:00,2024-09-09 14:40:00,211.8,238.95,-3258.0,EMA_REVERSAL_SL
109,MIDCPNIFTY24SEP13000PE,PE,SHORT,2024-09-09 15:20:00,2024-09-11 14:25:00,215.0,134.05,9714.0,EMA_REVERSAL_SL
110,MIDCPNIFTY24SEP13300CE,CE,SHORT,2024-09-11 14:30:00,2024-09-12 09:30:00,149.15,177.0,-3342.0,EMA_REVERSAL_SL
111,MIDCPNIFTY24SEP13200PE,PE,SHORT,2024-09-12 14:00:00,2024-09-16 12:20:00,179.45,137.0,5094.0,EMA_REVERSAL_SL
112,MIDCPNIFTY24SEP13400CE,CE,SHORT,2024-09-16 14:00:00,2024-09-17 13:45:00,137.95,126.55,1368.0,EMA_REVERSAL_SL
113,MIDCPNIFTY24SEP13200PE,PE,SHORT,2024-09-17 14:00:00,2024-09-18 09:35:00,113.3,140.3,-3240.0,EMA_REVERSAL_SL
114,MIDCPNIFTY24SEP13300CE,CE,SHORT,2024-09-18 14:00:00,2024-09-20 12:10:00,107.5,84.8,2724.0,EMA_REVERSAL_SL
115,MIDCPNIFTY24OCT13200PE,PE,SHORT,2024-09-30 14:00:00,2024-10-03 13:55:00,350.0,243.0,12840.0,EMA_REVERSAL_SL
116,MIDCPNIFTY24OCT13200CE,CE,SHORT,2024-10-03 14:00:00,2024-10-09 10:35:00,202.95,120.0,9954.0,EMA_REVERSAL_SL
117,MIDCPNIFTY24OCT12900PE,PE,SHORT,2024-10-09 15:05:00,2024-10-14 11:45:00,170.0,148.85,2538.0,EMA_REVERSAL_SL
118,MIDCPNIFTY24OCT12900PE,PE,SHORT,2024-10-14 14:00:00,2024-10-17 09:40:00,99.25,82.0,2070.0,EMA_REVERSAL_SL
119,MIDCPNIFTY24OCT13200CE,CE,SHORT,2024-10-17 14:00:00,2024-10-18 12:45:00,68.05,67.7,42.0,EMA_REVERSAL_SL
120,MIDCPNIFTY24OCT12900PE,PE,SHORT,2024-10-18 14:00:00,2024-10-21 12:30:00,72.4,117.7,-5436.0,EMA_REVERSAL_SL
121,MIDCPNIFTY24OCT13100CE,CE,SHORT,2024-10-21 14:00:00,2024-10-22 10:00:00,55.55,28.7,3222.0,TARGET_LTP_30
122,MIDCPNIFTY24OCT12800CE,CE,SHORT,2024-10-22 14:00:00,2024-10-24 09:15:00,53.3,33.6,2364.0,ROLLOVER_EXIT
123,MIDCPNIFTY24NOV12500CE,CE,SHORT,2024-10-31 14:50:00,2024-11-06 10:25:00,172.0,246.95,-8994.0,EMA_REVERSAL_SL
124,MIDCPNIFTY24NOV12700PE,PE,SHORT,2024-11-07 14:00:00,2024-11-18 11:45:00,305.95,590.0,-34086.0,EMA_REVERSAL_SL
125,MIDCPNIFTY24NOV12100PE,PE,SHORT,2024-11-18 14:00:00,2024-11-19 15:10:00,107.95,86.55,2568.0,EMA_REVERSAL_SL
126,MIDCPNIFTY24NOV12200CE,CE,SHORT,2024-11-19 15:15:00,2024-11-21 09:15:00,79.75,71.6,978.0,ROLLOVER_EXIT
127,MIDCPNIFTY24DEC12400PE,PE,SHORT,2024-11-25 14:00:00,2024-11-26 15:15:00,156.7,168.25,-1386.0,EMA_REVERSAL_SL
128,MIDCPNIFTY24DEC12600PE,PE,SHORT,2024-11-27 14:00:00,2024-11-28 11:15:00,214.95,246.0,-3726.0,EMA_REVERSAL_SL
129,MIDCPNIFTY24DEC12700CE,CE,SHORT,2024-11-28 14:00:00,2024-11-29 10:00:00,224.65,245.95,-2556.0,EMA_REVERSAL_SL
130,MIDCPNIFTY24DEC12500PE,PE,SHORT,2024-11-29 14:00:00,2024-12-11 09:55:00,151.0,29.0,14640.0,TARGET_LTP_30
131,MIDCPNIFTY24DEC13000PE,PE,SHORT,2024-12-11 14:00:00,2024-12-12 12:15:00,113.5,132.6,-2292.0,EMA_REVERSAL_SL
132,MIDCPNIFTY24DEC13200CE,CE,SHORT,2024-12-12 14:00:00,2024-12-13 13:05:00,125.85,124.15,204.0,EMA_REVERSAL_SL
133,MIDCPNIFTY24DEC13000PE,PE,SHORT,2024-12-13 14:00:00,2024-12-17 10:35:00,106.95,94.2,1530.0,EMA_REVERSAL_SL
134,MIDCPNIFTY24DEC13300CE,CE,SHORT,2024-12-17 14:00:00,2024-12-19 09:15:00,84.9,28.2,6804.0,TARGET_LTP_30
135,MIDCPNIFTY24DEC12800PE,PE,SHORT,2024-12-19 14:25:00,2024-12-20 10:10:00,66.55,93.9,-3282.0,EMA_REVERSAL_SL
136,MIDCPNIFTY24DEC13100CE,CE,SHORT,2024-12-20 14:00:00,2024-12-23 09:25:00,42.3,29.0,1596.0,TARGET_LTP_30
137,MIDCPNIFTY25JAN12800CE,CE,SHORT,2024-12-23 14:00:00,2024-12-24 11:40:00,295.3,324.0,-3444.0,EMA_REVERSAL_SL
138,MIDCPNIFTY25JAN12800CE,CE,SHORT,2024-12-24 14:00:00,2024-12-26 14:20:00,296.25,299.15,-348.0,EMA_REVERSAL_SL
139,MIDCPNIFTY25JAN12700PE,PE,SHORT,2024-12-26 14:25:00,2024-12-30 09:40:00,211.45,210.8,78.0,EMA_REVERSAL_SL
140,MIDCPNIFTY25JAN12800CE,CE,SHORT,2024-12-30 14:00:00,2024-12-30 15:00:00,283.8,404.7,-14508.0,EMA_REVERSAL_SL
141,MIDCPNIFTY25JAN12800PE,PE,SHORT,2024-12-31 14:00:00,2025-01-01 10:00:00,184.4,240.8,-6768.0,EMA_REVERSAL_SL
142,MIDCPNIFTY25JAN12900PE,PE,SHORT,2025-01-01 14:00:00,2025-01-06 09:35:00,232.3,206.5,3096.0,EMA_REVERSAL_SL
143,MIDCPNIFTY25JAN13100CE,CE,SHORT,2025-01-06 14:00:00,2025-01-09 10:15:00,111.65,74.8,4422.0,EMA_REVERSAL_SL
144,MIDCPNIFTY25JAN12700CE,CE,SHORT,2025-01-09 14:00:00,2025-01-13 13:45:00,164.15,29.6,16146.0,TARGET_LTP_30
145,MIDCPNIFTY25JAN12200CE,CE,SHORT,2025-01-13 14:00:00,2025-01-14 14:25:00,116.95,154.5,-4506.0,EMA_REVERSAL_SL
146,MIDCPNIFTY25JAN11800PE,PE,SHORT,2025-01-14 14:30:00,2025-01-21 10:00:00,128.5,61.05,8094.0,EMA_REVERSAL_SL
147,MIDCPNIFTY25JAN12400CE,CE,SHORT,2025-01-21 14:00:00,2025-01-22 11:15:00,77.45,27.85,5952.0,TARGET_LTP_30
148,MIDCPNIFTY25JAN12100CE,CE,SHORT,2025-01-22 14:00:00,2025-01-23 09:30:00,63.0,114.0,-6120.0,EMA_REVERSAL_SL
149,MIDCPNIFTY25JAN11900PE,PE,SHORT,2025-01-23 14:00:00,2025-01-24 10:05:00,56.55,92.2,-4278.0,EMA_REVERSAL_SL
150,MIDCPNIFTY25JAN12200CE,CE,SHORT,2025-01-24 14:00:00,2025-01-27 09:55:00,113.95,27.75,10344.0,TARGET_LTP_30
151,MIDCPNIFTY25FEB12000CE,CE,SHORT,2025-01-27 14:00:00,2025-01-29 10:00:00,305.0,334.95,-3594.0,EMA_REVERSAL_SL
152,MIDCPNIFTY25FEB11900CE,CE,SHORT,2025-01-30 14:00:00,2025-01-31 09:45:00,379.95,415.15,-4224.0,EMA_REVERSAL_SL
153,MIDCPNIFTY25FEB11800PE,PE,SHORT,2025-01-31 14:00:00,2025-02-01 13:10:00,307.6,361.55,-6474.0,EMA_REVERSAL_SL
154,MIDCPNIFTY25FEB12000CE,CE,SHORT,2025-02-01 14:00:00,2025-02-04 09:15:00,238.95,274.95,-4320.0,EMA_REVERSAL_SL
155,MIDCPNIFTY25FEB11900PE,PE,SHORT,2025-02-04 14:00:00,2025-02-06 09:55:00,237.95,174.4,7626.0,EMA_REVERSAL_SL
156,MIDCPNIFTY25FEB12200CE,CE,SHORT,2025-02-06 14:00:00,2025-02-07 11:20:00,174.3,216.8,-5100.0,EMA_REVERSAL_SL
157,MIDCPNIFTY25FEB12000CE,CE,SHORT,2025-02-07 14:05:00,2025-02-12 13:05:00,241.0,72.35,20238.0,EMA_REVERSAL_SL
158,MIDCPNIFTY25FEB11500CE,CE,SHORT,2025-02-12 14:30:00,2025-02-13 10:00:00,183.55,256.2,-8718.0,EMA_REVERSAL_SL
159,MIDCPNIFTY25FEB11500CE,CE,SHORT,2025-02-13 14:00:00,2025-02-17 13:50:00,190.1,93.0,11652.0,EMA_REVERSAL_SL
160,MIDCPNIFTY25FEB11000PE,PE,SHORT,2025-02-17 14:00:00,2025-02-18 11:10:00,173.6,214.6,-4920.0,EMA_REVERSAL_SL
161,MIDCPNIFTY25FEB11200CE,CE,SHORT,2025-02-18 14:00:00,2025-02-18 15:05:00,150.0,185.6,-4272.0,EMA_REVERSAL_SL
162,MIDCPNIFTY25FEB11100PE,PE,SHORT,2025-02-18 15:10:00,2025-02-21 10:25:00,176.2,96.2,9600.0,EMA_REVERSAL_SL
163,MIDCPNIFTY25FEB11400CE,CE,SHORT,2025-02-21 14:00:00,2025-02-24 09:15:00,56.25,21.55,4164.0,TARGET_LTP_30
164,MIDCPNIFTY25MAR11100CE,CE,SHORT,2025-02-24 14:00:00,2025-03-03 13:10:00,384.5,201.85,21918.0,EMA_REVERSAL_SL
165,MIDCPNIFTY25MAR10800PE,PE,SHORT,2025-03-03 14:00:00,2025-03-06 15:20:00,263.9,129.65,16110.0,EMA_REVERSAL_SL
166,MIDCPNIFTY25MAR11200CE,CE,SHORT,2025-03-07 14:00:00,2025-03-11 14:25:00,220.65,159.3,7362.0,EMA_REVERSAL_SL
167,MIDCPNIFTY25MAR10800PE,PE,SHORT,2025-03-11 14:30:00,2025-03-12 10:50:00,151.75,205.4,-6438.0,EMA_REVERSAL_SL
168,MIDCPNIFTY25MAR11100CE,CE,SHORT,2025-03-12 14:00:00,2025-03-18 09:25:00,121.0,120.0,120.0,EMA_REVERSAL_SL
169,MIDCPNIFTY25MAR10900PE,PE,SHORT,2025-03-18 14:00:00,2025-03-19 12:45:00,75.15,29.15,5520.0,TARGET_LTP_30
170,MIDCPNIFTY25MAR11100PE,PE,SHORT,2025-03-19 14:00:00,2025-03-21 09:25:00,56.95,27.1,3582.0,TARGET_LTP_30
171,MIDCPNIFTY25MAR11300PE,PE,SHORT,2025-03-21 14:00:00,2025-03-24 09:15:00,51.5,19.15,3882.0,TARGET_LTP_30
172,MIDCPNIFTY25APR11500PE,PE,SHORT,2025-03-24 14:00:00,2025-03-25 10:30:00,169.9,220.0,-6012.0,EMA_REVERSAL_SL
173,MIDCPNIFTY25APR11700PE,PE,SHORT,2025-03-25 14:40:00,2025-03-26 13:10:00,281.45,316.0,-4146.0,EMA_REVERSAL_SL
174,MIDCPNIFTY25APR11700CE,CE,SHORT,2025-03-26 14:00:00,2025-03-27 15:05:00,254.8,258.0,-384.0,EMA_REVERSAL_SL
175,MIDCPNIFTY25APR11400PE,PE,SHORT,2025-03-27 15:10:00,2025-03-28 13:15:00,196.5,217.75,-2550.0,EMA_REVERSAL_SL
176,MIDCPNIFTY25APR11700CE,CE,SHORT,2025-03-28 14:00:00,2025-04-02 11:35:00,177.7,159.85,2142.0,EMA_REVERSAL_SL
177,MIDCPNIFTY25APR11400PE,PE,SHORT,2025-04-02 14:00:00,2025-04-03 10:45:00,168.25,204.0,-4290.0,EMA_REVERSAL_SL
178,MIDCPNIFTY25APR11500PE,PE,SHORT,2025-04-03 15:10:00,2025-04-04 09:30:00,221.1,290.2,-8292.0,EMA_REVERSAL_SL
179,MIDCPNIFTY25APR11500CE,CE,SHORT,2025-04-04 14:00:00,2025-04-07 09:15:00,103.2,25.0,9384.0,TARGET_LTP_30
180,MIDCPNIFTY25APR11000PE,PE,SHORT,2025-04-08 14:00:00,2025-04-09 09:55:00,294.8,361.2,-7968.0,EMA_REVERSAL_SL
181,MIDCPNIFTY25APR11000PE,PE,SHORT,2025-04-09 14:00:00,2025-04-16 09:25:00,279.95,28.5,30174.0,TARGET_LTP_30
182,MIDCPNIFTY25APR11600CE,CE,SHORT,2025-04-16 14:00:00,2025-04-17 11:50:00,135.05,142.0,-834.0,EMA_REVERSAL_SL
183,MIDCPNIFTY25APR11500PE,PE,SHORT,2025-04-17 14:00:00,2025-04-21 10:00:00,75.1,29.3,5496.0,TARGET_LTP_30
184,MIDCPNIFTY25MAY11700PE,PE,SHORT,2025-04-21 14:00:00,2025-04-23 10:50:00,223.9,206.7,2064.0,EMA_REVERSAL_SL
185,MIDCPNIFTY25MAY12200PE,PE,SHORT,2025-04-23 14:00:00,2025-04-24 14:20:00,297.1,310.1,-1560.0,EMA_REVERSAL_SL
186,MIDCPNIFTY25MAY12300CE,CE,SHORT,2025-04-24 14:25:00,2025-04-28 11:45:00,329.7,245.95,10050.0,EMA_REVERSAL_SL
187,MIDCPNIFTY25MAY11900PE,PE,SHORT,2025-04-28 14:00:00,2025-04-29 12:25:00,213.45,237.5,-2886.0,EMA_REVERSAL_SL
188,MIDCPNIFTY25MAY12300CE,CE,SHORT,2025-04-29 15:10:00,2025-05-02 10:20:00,295.5,298.9,-408.0,EMA_REVERSAL_SL
189,MIDCPNIFTY25MAY12100CE,CE,SHORT,2025-05-02 14:00:00,2025-05-05 09:55:00,312.05,386.0,-8874.0,EMA_REVERSAL_SL
190,MIDCPNIFTY25MAY12000PE,PE,SHORT,2025-05-05 14:00:00,2025-05-06 11:15:00,225.0,265.95,-4914.0,EMA_REVERSAL_SL
191,MIDCPNIFTY25MAY12300CE,CE,SHORT,2025-05-06 14:00:00,2025-05-07 10:55:00,200.0,240.25,-4830.0,EMA_REVERSAL_SL
192,MIDCPNIFTY25MAY11800PE,PE,SHORT,2025-05-07 14:00:00,2025-05-08 13:20:00,170.2,183.7,-1620.0,EMA_REVERSAL_SL
193,MIDCPNIFTY25MAY12300CE,CE,SHORT,2025-05-08 14:00:00,2025-05-09 15:25:00,223.3,222.95,42.0,EMA_REVERSAL_SL
194,MIDCPNIFTY25MAY12300PE,PE,SHORT,2025-05-12 14:00:00,2025-05-20 13:15:00,187.5,65.6,14628.0,EMA_REVERSAL_SL
195,MIDCPNIFTY25MAY12900CE,CE,SHORT,2025-05-20 14:00:00,2025-05-22 14:20:00,103.45,29.85,8832.0,TARGET_LTP_30
196,MIDCPNIFTY25MAY12600CE,CE,SHORT,2025-05-22 14:25:00,2025-05-23 10:10:00,102.0,150.5,-5820.0,EMA_REVERSAL_SL
197,MIDCPNIFTY25MAY12500PE,PE,SHORT,2025-05-23 14:00:00,2025-05-27 10:05:00,95.35,86.9,1014.0,EMA_REVERSAL_SL
198,MIDCPNIFTY25JUN12700CE,CE,SHORT,2025-05-27 14:00:00,2025-05-28 10:40:00,330.4,360.5,-3612.0,EMA_REVERSAL_SL
199,MIDCPNIFTY25JUN12700CE,CE,SHORT,2025-05-28 14:00:00,2025-05-29 15:00:00,349.0,360.0,-1320.0,EMA_REVERSAL_SL
200,MIDCPNIFTY25JUN12600PE,PE,SHORT,2025-05-29 15:05:00,2025-06-02 09:25:00,244.8,253.4,-1032.0,EMA_REVERSAL_SL
201,MIDCPNIFTY25JUN12600PE,PE,SHORT,2025-06-02 14:00:00,2025-06-03 11:15:00,209.75,231.35,-2592.0,EMA_REVERSAL_SL
202,MIDCPNIFTY25JUN12900CE,CE,SHORT,2025-06-03 14:00:00,2025-06-04 14:15:00,214.35,234.5,-2418.0,EMA_REVERSAL_SL
203,MIDCPNIFTY25JUN12700PE,PE,SHORT,2025-06-04 14:20:00,2025-06-11 14:10:00,206.0,44.8,19344.0,EMA_REVERSAL_SL
204,MIDCPNIFTY25JUN13400CE,CE,SHORT,2025-06-11 14:15:00,2025-06-16 12:35:00,128.35,60.0,8202.0,EMA_REVERSAL_SL
205,MIDCPNIFTY25JUN12900PE,PE,SHORT,2025-06-16 14:00:00,2025-06-17 13:05:00,92.15,103.15,-1320.0,EMA_REVERSAL_SL
206,MIDCPNIFTY25JUN13200CE,CE,SHORT,2025-06-17 14:00:00,2025-06-19 10:05:00,102.15,28.4,8850.0,TARGET_LTP_30
207,MIDCPNIFTY25JUN13000CE,CE,SHORT,2025-06-19 14:00:00,2025-06-20 10:50:00,58.45,88.45,-3600.0,EMA_REVERSAL_SL
208,MIDCPNIFTY25JUN12700PE,PE,SHORT,2025-06-20 14:00:00,2025-06-23 11:25:00,49.3,29.7,2352.0,TARGET_LTP_30
209,MIDCPNIFTY25JUL12800PE,PE,SHORT,2025-06-23 14:00:00,2025-06-27 15:10:00,211.3,84.5,15216.0,EMA_REVERSAL_SL
210,MIDCPNIFTY25JUL13400CE,CE,SHORT,2025-06-27 15:15:00,2025-06-30 12:15:00,284.3,338.3,-6480.0,EMA_REVERSAL_SL
211,MIDCPNIFTY25JUL13400PE,PE,SHORT,2025-06-30 14:00:00,2025-07-01 10:55:00,226.8,259.95,-3978.0,EMA_REVERSAL_SL
212,MIDCPNIFTY25JUL13500CE,CE,SHORT,2025-07-01 14:00:00,2025-07-01 15:05:00,229.95,267.8,-4542.0,EMA_REVERSAL_SL
213,MIDCPNIFTY25JUL13400PE,PE,SHORT,2025-07-01 15:10:00,2025-07-03 15:10:00,234.65,208.0,3198.0,EMA_REVERSAL_SL
214,MIDCPNIFTY25JUL13500CE,CE,SHORT,2025-07-03 15:15:00,2025-07-07 11:05:00,264.45,244.0,2454.0,EMA_REVERSAL_SL
215,MIDCPNIFTY25JUL13500CE,CE,SHORT,2025-07-07 14:00:00,2025-07-09 09:35:00,213.1,198.85,1710.0,EMA_REVERSAL_SL
216,MIDCPNIFTY25JUL13400CE,CE,SHORT,2025-07-09 14:00:00,2025-07-14 10:25:00,213.0,117.35,11478.0,EMA_REVERSAL_SL
217,MIDCPNIFTY25JUL13000PE,PE,SHORT,2025-07-14 14:00:00,2025-07-17 13:15:00,146.25,68.75,9300.0,EMA_REVERSAL_SL
218,MIDCPNIFTY25JUL13400CE,CE,SHORT,2025-07-17 14:00:00,2025-07-21 10:45:00,109.5,93.95,1866.0,EMA_REVERSAL_SL
219,MIDCPNIFTY25JUL13100PE,PE,SHORT,2025-07-21 14:00:00,2025-07-22 10:25:00,57.0,75.95,-2274.0,EMA_REVERSAL_SL
220,MIDCPNIFTY25JUL13400CE,CE,SHORT,2025-07-22 14:00:00,2025-07-23 14:50:00,70.65,67.5,378.0,EMA_REVERSAL_SL
221,MIDCPNIFTY25JUL13200PE,PE,SHORT,2025-07-23 14:55:00,2025-07-24 10:00:00,69.4,126.7,-6876.0,EMA_REVERSAL_SL
222,MIDCPNIFTY25JUL13300CE,CE,SHORT,2025-07-24 14:00:00,2025-07-25 10:05:00,55.2,29.4,3096.0,TARGET_LTP_30
223,MIDCPNIFTY25JUL13100CE,CE,SHORT,2025-07-25 14:00:00,2025-07-28 09:50:00,45.65,114.55,-8268.0,EMA_REVERSAL_SL
224,MIDCPNIFTY25AUG13000CE,CE,SHORT,2025-07-28 14:00:00,2025-07-29 12:25:00,220.9,287.7,-8016.0,EMA_REVERSAL_SL
225,MIDCPNIFTY25AUG13000PE,PE,SHORT,2025-07-30 14:00:00,2025-07-31 09:20:00,223.55,300.45,-9228.0,EMA_REVERSAL_SL
226,MIDCPNIFTY25AUG12800PE,PE,SHORT,2025-07-31 14:00:00,2025-08-01 09:20:00,185.35,258.65,-8796.0,EMA_REVERSAL_SL
227,MIDCPNIFTY25AUG12900CE,CE,SHORT,2025-08-01 14:00:00,2025-08-04 12:30:00,188.25,208.3,-2406.0,EMA_REVERSAL_SL
228,MIDCPNIFTY25AUG12600PE,PE,SHORT,2025-08-04 14:00:00,2025-08-05 10:20:00,141.4,174.35,-3954.0,EMA_REVERSAL_SL
229,MIDCPNIFTY25AUG12900CE,CE,SHORT,2025-08-05 14:00:00,2025-08-07 14:45:00,178.35,136.8,4986.0,EMA_REVERSAL_SL
230,MIDCPNIFTY25AUG12500PE,PE,SHORT,2025-08-07 14:50:00,2025-08-08 14:00:00,113.95,165.55,-6192.0,EMA_REVERSAL_SL
231,MIDCPNIFTY25AUG12800CE,CE,SHORT,2025-08-08 14:05:00,2025-08-11 14:30:00,126.7,135.15,-1014.0,EMA_REVERSAL_SL
232,MIDCPNIFTY25AUG12400PE,PE,SHORT,2025-08-11 14:35:00,2025-08-12 15:25:00,100.1,115.0,-1788.0,EMA_REVERSAL_SL
233,MIDCPNIFTY25AUG12600PE,PE,SHORT,2025-08-13 14:00:00,2025-08-14 10:00:00,113.05,163.7,-6078.0,EMA_REVERSAL_SL
234,MIDCPNIFTY25AUG12800CE,CE,SHORT,2025-08-14 14:00:00,2025-08-18 09:20:00,110.95,171.05,-7212.0,EMA_REVERSAL_SL
235,MIDCPNIFTY25AUG12800PE,PE,SHORT,2025-08-18 14:00:00,2025-08-21 10:25:00,118.9,29.2,10764.0,TARGET_LTP_30
236,MIDCPNIFTY25AUG13100CE,CE,SHORT,2025-08-21 14:00:00,2025-08-22 12:40:00,47.6,29.8,2136.0,TARGET_LTP_30
237,MIDCPNIFTY25AUG12900PE,PE,SHORT,2025-08-22 14:00:00,2025-08-25 09:40:00,56.45,29.6,3222.0,TARGET_LTP_30
238,MIDCPNIFTY25SEP13000PE,PE,SHORT,2025-08-25 14:00:00,2025-08-25 15:00:00,226.65,250.65,-2880.0,EMA_REVERSAL_SL
239,MIDCPNIFTY25SEP12900CE,CE,SHORT,2025-08-26 14:00:00,2025-09-01 10:00:00,215.45,132.95,9900.0,EMA_REVERSAL_SL
240,MIDCPNIFTY25SEP12400PE,PE,SHORT,2025-09-01 14:00:00,2025-09-02 13:55:00,97.45,101.45,-480.0,EMA_REVERSAL_SL
241,MIDCPNIFTY25SEP12800CE,CE,SHORT,2025-09-02 14:00:00,2025-09-03 14:10:00,192.5,215.95,-2814.0,EMA_REVERSAL_SL
242,MIDCPNIFTY25SEP12700PE,PE,SHORT,2025-09-03 14:15:00,2025-09-04 14:10:00,164.6,167.1,-300.0,EMA_REVERSAL_SL
243,MIDCPNIFTY25SEP13000CE,CE,SHORT,2025-09-04 14:15:00,2025-09-05 14:00:00,124.4,145.0,-2472.0,EMA_REVERSAL_SL
244,MIDCPNIFTY25SEP12700PE,PE,SHORT,2025-09-05 14:05:00,2025-09-09 10:50:00,147.0,128.35,2238.0,EMA_REVERSAL_SL
245,MIDCPNIFTY25SEP12800PE,PE,SHORT,2025-09-09 14:00:00,2025-09-11 13:55:00,145.7,92.4,6396.0,EMA_REVERSAL_SL
246,MIDCPNIFTY25SEP13100CE,CE,SHORT,2025-09-11 14:00:00,2025-09-12 09:30:00,146.55,177.0,-3654.0,EMA_REVERSAL_SL
247,MIDCPNIFTY25SEP13000PE,PE,SHORT,2025-09-12 14:00:00,2025-09-22 14:10:00,116.2,44.5,8604.0,EMA_REVERSAL_SL
248,MIDCPNIFTY25OCT13200CE,CE,SHORT,2025-09-22 14:15:00,2025-10-01 12:10:00,285.75,67.9,26142.0,EMA_REVERSAL_SL
249,MIDCPNIFTY25OCT12600PE,PE,SHORT,2025-10-01 14:00:00,2025-10-08 11:00:00,168.55,59.8,13050.0,EMA_REVERSAL_SL
250,MIDCPNIFTY25OCT13000PE,PE,SHORT,2025-10-08 14:00:00,2025-10-08 14:50:00,158.3,189.0,-3684.0,EMA_REVERSAL_SL
251,MIDCPNIFTY25OCT13100CE,CE,SHORT,2025-10-08 14:55:00,2025-10-09 11:05:00,117.95,152.05,-4092.0,EMA_REVERSAL_SL
252,MIDCPNIFTY25OCT12900PE,PE,SHORT,2025-10-09 14:00:00,2025-10-13 09:40:00,99.35,77.1,2670.0,EMA_REVERSAL_SL
253,MIDCPNIFTY25OCT13100PE,PE,SHORT,2025-10-13 14:00:00,2025-10-14 10:55:00,123.0,135.5,-1500.0,EMA_REVERSAL_SL
254,MIDCPNIFTY25OCT13300CE,CE,SHORT,2025-10-14 14:00:00,2025-10-15 09:45:00,67.7,95.75,-3366.0,EMA_REVERSAL_SL
255,MIDCPNIFTY25OCT13000PE,PE,SHORT,2025-10-15 14:00:00,2025-10-17 09:40:00,71.25,54.4,2022.0,EMA_REVERSAL_SL
256,MIDCPNIFTY25OCT13300CE,CE,SHORT,2025-10-17 14:00:00,2025-10-20 10:55:00,79.7,127.05,-5682.0,EMA_REVERSAL_SL
257,MIDCPNIFTY25OCT13200PE,PE,SHORT,2025-10-20 14:00:00,2025-10-23 15:15:00,75.8,72.8,360.0,EMA_REVERSAL_SL
258,MIDCPNIFTY25OCT13400CE,CE,SHORT,2025-10-23 15:20:00,2025-10-23 15:25:00,23.35,21.2,258.0,TARGET_LTP_30
259,MIDCPNIFTY25NOV13200PE,PE,SHORT,2025-10-27 14:00:00,2025-10-28 11:00:00,167.5,186.9,-2328.0,EMA_REVERSAL_SL
260,MIDCPNIFTY25NOV13300PE,PE,SHORT,2025-10-29 14:00:00,2025-10-31 15:10:00,170.0,147.05,2754.0,EMA_REVERSAL_SL
261,MIDCPNIFTY25NOV13500CE,CE,SHORT,2025-10-31 15:15:00,2025-11-03 11:10:00,239.2,283.3,-5292.0,EMA_REVERSAL_SL
262,MIDCPNIFTY25NOV13400PE,PE,SHORT,2025-11-03 14:00:00,2025-11-04 11:20:00,140.8,154.55,-1650.0,EMA_REVERSAL_SL
263,MIDCPNIFTY25NOV13600CE,CE,SHORT,2025-11-04 14:00:00,2025-11-07 13:00:00,188.5,126.7,7416.0,EMA_REVERSAL_SL
264,MIDCPNIFTY25NOV13300PE,PE,SHORT,2025-11-07 14:00:00,2025-11-11 10:45:00,128.0,98.7,3516.0,EMA_REVERSAL_SL
265,MIDCPNIFTY25NOV13500PE,PE,SHORT,2025-11-11 14:00:00,2025-11-13 14:05:00,108.65,51.0,6918.0,EMA_REVERSAL_SL
266,MIDCPNIFTY25NOV13900CE,CE,SHORT,2025-11-13 14:10:00,2025-11-17 09:25:00,156.8,189.45,-3918.0,EMA_REVERSAL_SL
267,MIDCPNIFTY25NOV13900PE,PE,SHORT,2025-11-17 14:00:00,2025-11-18 15:25:00,89.0,116.65,-3318.0,EMA_REVERSAL_SL
268,MIDCPNIFTY25NOV13900PE,PE,SHORT,2025-11-19 14:00:00,2025-11-20 15:15:00,64.85,49.45,1848.0,EMA_REVERSAL_SL
269,MIDCPNIFTY25NOV14100CE,CE,SHORT,2025-11-20 15:20:00,2025-11-21 09:15:00,54.8,32.1,2724.0,ROLLOVER_EXIT
270,MIDCPNIFTY25DEC13900CE,CE,SHORT,2025-11-24 14:00:00,2025-11-26 09:35:00,288.0,308.5,-2460.0,EMA_REVERSAL_SL
271,MIDCPNIFTY25DEC13800PE,PE,SHORT,2025-11-26 14:00:00,2025-11-27 13:35:00,131.45,131.0,54.0,EMA_REVERSAL_SL
272,MIDCPNIFTY25DEC14100CE,CE,SHORT,2025-11-27 14:00:00,2025-11-27 14:40:00,244.4,269.8,-3048.0,EMA_REVERSAL_SL
273,MIDCPNIFTY25DEC14000PE,PE,SHORT,2025-11-27 14:45:00,2025-11-28 13:35:00,175.7,181.25,-666.0,EMA_REVERSAL_SL
274,MIDCPNIFTY25DEC14100CE,CE,SHORT,2025-11-28 14:00:00,2025-12-01 09:35:00,246.85,279.9,-3966.0,EMA_REVERSAL_SL
275,MIDCPNIFTY25DEC14200CE,CE,SHORT,2025-12-01 14:00:00,2025-12-04 10:05:00,194.6,120.1,8940.0,EMA_REVERSAL_SL
276,MIDCPNIFTY25DEC13900CE,CE,SHORT,2025-12-04 14:00:00,2025-12-05 11:30:00,231.0,257.45,-3174.0,EMA_REVERSAL_SL
