Date,Time,Event,Ticker,Price,PnL_INR,Info
2024-09-11,14:30:00,SELL_ENTRY,MIDCPNIFTY24SEP13300CE,149.15,0.0,Signal CE | Short
2024-09-11,14:35:00,HOLD,MIDCPNIFTY24SEP13300CE,149.15,0.0,Monitoring
2024-09-11,14:40:00,HOLD,MIDCPNIFTY24SEP13300CE,149.15,0.0,Monitoring
2024-09-11,14:45:00,HOLD,MIDCPNIFTY24SEP13300CE,149.15,0.0,Monitoring
2024-09-11,14:50:00,HOLD,MIDCPNIFTY24SEP13300CE,149.15,0.0,Monitoring
2024-09-11,14:55:00,HOLD,MIDCPNIFTY24SEP13300CE,149.15,0.0,Monitoring
2024-09-11,15:00:00,HOLD,MIDCPNIFTY24SEP13300CE,149.15,0.0,Monitoring
2024-09-11,15:05:00,HOLD,MIDCPNIFTY24SEP13300CE,149.15,0.0,Monitoring
2024-09-11,15:10:00,HOLD,MIDCPNIFTY24SEP13300CE,149.15,0.0,Monitoring
2024-09-11,15:15:00,HOLD,MIDCPNIFTY24SEP13300CE,149.15,0.0,Monitoring
2024-09-11,15:20:00,HOLD,MIDCPNIFTY24SEP13300CE,149.15,0.0,Monitoring
2024-09-11,15:25:00,HOLD,MIDCPNIFTY24SEP13300CE,149.15,0.0,Monitoring
2024-09-12,09:15:00,HOLD,MIDCPNIFTY24SEP13300CE,149.15,0.0,Monitoring
2024-09-12,09:20:00,HOLD,MIDCPNIFTY24SEP13300CE,149.15,0.0,Monitoring
2024-09-12,09:25:00,HOLD,MIDCPNIFTY24SEP13300CE,177.0,-3342.0,Monitoring
2024-09-12,09:30:00,HOLD,MIDCPNIFTY24SEP13300CE,177.0,-3342.0,Monitoring
2024-09-12,09:30:00,BUY_EXIT,MIDCPNIFTY24SEP13300CE,177.0,-3342.0,EMA_REVERSAL_SL
