Date,Time,Event,Ticker,Price,PnL_INR,Info
2025-01-13,14:00:00,SELL_ENTRY,MIDCPNIFTY25JAN12200CE,116.95,0.0,Signal CE | Short
2025-01-13,14:05:00,HOLD,MIDCPNIFTY25JAN12200CE,116.75,24.0,Monitoring
2025-01-13,14:10:00,HOLD,MIDCPNIFTY25JAN12200CE,109.15,936.0,Monitoring
2025-01-13,14:15:00,HOLD,MIDCPNIFTY25JAN12200CE,110.0,834.0,Monitoring
2025-01-13,14:20:00,HOLD,MIDCPNIFTY25JAN12200CE,105.65,1356.0,Monitoring
2025-01-13,14:25:00,HOLD,MIDCPNIFTY25JAN12200CE,101.5,1854.0,Monitoring
2025-01-13,14:30:00,HOLD,MIDCPNIFTY25JAN12200CE,96.7,2430.0,Monitoring
2025-01-13,14:35:00,HOLD,MIDCPNIFTY25JAN12200CE,94.35,2712.0,Monitoring
2025-01-13,14:40:00,HOLD,MIDCPNIFTY25JAN12200CE,98.8,2178.0,Monitoring
2025-01-13,14:45:00,HOLD,MIDCPNIFTY25JAN12200CE,107.0,1194.0,Monitoring
2025-01-13,14:50:00,HOLD,MIDCPNIFTY25JAN12200CE,104.45,1500.0,Monitoring
2025-01-13,14:55:00,HOLD,MIDCPNIFTY25JAN12200CE,107.1,1182.0,Monitoring
2025-01-13,15:00:00,HOLD,MIDCPNIFTY25JAN12200CE,93.25,2844.0,Monitoring
2025-01-13,15:05:00,HOLD,MIDCPNIFTY25JAN12200CE,92.4,2946.0,Monitoring
2025-01-13,15:10:00,HOLD,MIDCPNIFTY25JAN12200CE,96.3,2478.0,Monitoring
2025-01-13,15:15:00,HOLD,MIDCPNIFTY25JAN12200CE,97.8,2298.0,Monitoring
2025-01-13,15:20:00,HOLD,MIDCPNIFTY25JAN12200CE,99.95,2040.0,Monitoring
2025-01-13,15:25:00,HOLD,MIDCPNIFTY25JAN12200CE,98.0,2274.0,Monitoring
2025-01-14,09:15:00,HOLD,MIDCPNIFTY25JAN12200CE,135.0,-2166.0,Monitoring
2025-01-14,09:20:00,HOLD,MIDCPNIFTY25JAN12200CE,135.1,-2178.0,Monitoring
2025-01-14,09:25:00,HOLD,MIDCPNIFTY25JAN12200CE,139.0,-2646.0,Monitoring
2025-01-14,09:30:00,HOLD,MIDCPNIFTY25JAN12200CE,126.0,-1086.0,Monitoring
2025-01-14,09:35:00,HOLD,MIDCPNIFTY25JAN12200CE,128.0,-1326.0,Monitoring
2025-01-14,09:40:00,HOLD,MIDCPNIFTY25JAN12200CE,128.8,-1422.0,Monitoring
2025-01-14,09:45:00,HOLD,MIDCPNIFTY25JAN12200CE,130.95,-1680.0,Monitoring
2025-01-14,09:50:00,HOLD,MIDCPNIFTY25JAN12200CE,120.4,-414.0,Monitoring
2025-01-14,09:55:00,HOLD,MIDCPNIFTY25JAN12200CE,130.45,-1620.0,Monitoring
2025-01-14,10:00:00,HOLD,MIDCPNIFTY25JAN12200CE,120.25,-396.0,Monitoring
2025-01-14,10:05:00,HOLD,MIDCPNIFTY25JAN12200CE,122.05,-612.0,Monitoring
2025-01-14,10:10:00,HOLD,MIDCPNIFTY25JAN12200CE,122.35,-648.0,Monitoring
2025-01-14,10:15:00,HOLD,MIDCPNIFTY25JAN12200CE,117.0,-6.0,Monitoring
2025-01-14,10:20:00,HOLD,MIDCPNIFTY25JAN12200CE,115.55,168.0,Monitoring
2025-01-14,10:25:00,HOLD,MIDCPNIFTY25JAN12200CE,117.0,-6.0,Monitoring
2025-01-14,10:30:00,HOLD,MIDCPNIFTY25JAN12200CE,118.0,-126.0,Monitoring
2025-01-14,10:35:00,HOLD,MIDCPNIFTY25JAN12200CE,119.1,-258.0,Monitoring
2025-01-14,10:40:00,HOLD,MIDCPNIFTY25JAN12200CE,124.95,-960.0,Monitoring
2025-01-14,10:45:00,HOLD,MIDCPNIFTY25JAN12200CE,125.0,-966.0,Monitoring
2025-01-14,10:50:00,HOLD,MIDCPNIFTY25JAN12200CE,131.8,-1782.0,Monitoring
2025-01-14,10:55:00,HOLD,MIDCPNIFTY25JAN12200CE,139.65,-2724.0,Monitoring
2025-01-14,11:00:00,HOLD,MIDCPNIFTY25JAN12200CE,159.3,-5082.0,Monitoring
2025-01-14,11:05:00,HOLD,MIDCPNIFTY25JAN12200CE,154.8,-4542.0,Monitoring
2025-01-14,11:10:00,HOLD,MIDCPNIFTY25JAN12200CE,162.0,-5406.0,Monitoring
2025-01-14,11:15:00,HOLD,MIDCPNIFTY25JAN12200CE,148.55,-3792.0,Monitoring
2025-01-14,11:20:00,HOLD,MIDCPNIFTY25JAN12200CE,152.0,-4206.0,Monitoring
2025-01-14,11:25:00,HOLD,MIDCPNIFTY25JAN12200CE,144.25,-3276.0,Monitoring
2025-01-14,11:30:00,HOLD,MIDCPNIFTY25JAN12200CE,138.3,-2562.0,Monitoring
2025-01-14,11:35:00,HOLD,MIDCPNIFTY25JAN12200CE,138.8,-2622.0,Monitoring
2025-01-14,11:40:00,HOLD,MIDCPNIFTY25JAN12200CE,134.2,-2070.0,Monitoring
2025-01-14,11:45:00,HOLD,MIDCPNIFTY25JAN12200CE,133.1,-1938.0,Monitoring
2025-01-14,11:50:00,HOLD,MIDCPNIFTY25JAN12200CE,134.25,-2076.0,Monitoring
2025-01-14,11:55:00,HOLD,MIDCPNIFTY25JAN12200CE,132.75,-1896.0,Monitoring
2025-01-14,12:00:00,HOLD,MIDCPNIFTY25JAN12200CE,142.25,-3036.0,Monitoring
2025-01-14,12:05:00,HOLD,MIDCPNIFTY25JAN12200CE,141.95,-3000.0,Monitoring
2025-01-14,12:10:00,HOLD,MIDCPNIFTY25JAN12200CE,134.75,-2136.0,Monitoring
2025-01-14,12:15:00,HOLD,MIDCPNIFTY25JAN12200CE,134.1,-2058.0,Monitoring
2025-01-14,12:20:00,HOLD,MIDCPNIFTY25JAN12200CE,124.0,-846.0,Monitoring
2025-01-14,12:25:00,HOLD,MIDCPNIFTY25JAN12200CE,132.25,-1836.0,Monitoring
2025-01-14,12:30:00,HOLD,MIDCPNIFTY25JAN12200CE,127.0,-1206.0,Monitoring
2025-01-14,12:35:00,HOLD,MIDCPNIFTY25JAN12200CE,128.4,-1374.0,Monitoring
2025-01-14,12:40:00,HOLD,MIDCPNIFTY25JAN12200CE,129.0,-1446.0,Monitoring
2025-01-14,12:45:00,HOLD,MIDCPNIFTY25JAN12200CE,135.8,-2262.0,Monitoring
2025-01-14,12:50:00,HOLD,MIDCPNIFTY25JAN12200CE,130.0,-1566.0,Monitoring
2025-01-14,12:55:00,HOLD,MIDCPNIFTY25JAN12200CE,125.0,-966.0,Monitoring
2025-01-14,13:00:00,HOLD,MIDCPNIFTY25JAN12200CE,124.6,-918.0,Monitoring
2025-01-14,13:05:00,HOLD,MIDCPNIFTY25JAN12200CE,127.1,-1218.0,Monitoring
2025-01-14,13:10:00,HOLD,MIDCPNIFTY25JAN12200CE,130.2,-1590.0,Monitoring
2025-01-14,13:15:00,HOLD,MIDCPNIFTY25JAN12200CE,128.3,-1362.0,Monitoring
2025-01-14,13:20:00,HOLD,MIDCPNIFTY25JAN12200CE,130.0,-1566.0,Monitoring
2025-01-14,13:25:00,HOLD,MIDCPNIFTY25JAN12200CE,129.05,-1452.0,Monitoring
2025-01-14,13:30:00,HOLD,MIDCPNIFTY25JAN12200CE,127.9,-1314.0,Monitoring
2025-01-14,13:35:00,HOLD,MIDCPNIFTY25JAN12200CE,127.0,-1206.0,Monitoring
2025-01-14,13:40:00,HOLD,MIDCPNIFTY25JAN12200CE,129.75,-1536.0,Monitoring
2025-01-14,13:45:00,HOLD,MIDCPNIFTY25JAN12200CE,129.0,-1446.0,Monitoring
2025-01-14,13:50:00,HOLD,MIDCPNIFTY25JAN12200CE,130.3,-1602.0,Monitoring
2025-01-14,13:55:00,HOLD,MIDCPNIFTY25JAN12200CE,133.55,-1992.0,Monitoring
2025-01-14,14:00:00,HOLD,MIDCPNIFTY25JAN12200CE,133.65,-2004.0,Monitoring
2025-01-14,14:05:00,HOLD,MIDCPNIFTY25JAN12200CE,133.35,-1968.0,Monitoring
2025-01-14,14:10:00,HOLD,MIDCPNIFTY25JAN12200CE,147.75,-3696.0,Monitoring
2025-01-14,14:15:00,HOLD,MIDCPNIFTY25JAN12200CE,160.0,-5166.0,Monitoring
2025-01-14,14:20:00,HOLD,MIDCPNIFTY25JAN12200CE,154.45,-4500.0,Monitoring
2025-01-14,14:25:00,HOLD,MIDCPNIFTY25JAN12200CE,154.5,-4506.0,Monitoring
2025-01-14,14:25:00,BUY_EXIT,MIDCPNIFTY25JAN12200CE,154.5,-4506.0,EMA_REVERSAL_SL
