Date,Time,Event,Ticker,Price,PnL_INR,Info
2025-11-13,14:10:00,SELL_ENTRY,MIDCPNIFTY25NOV13900CE,156.8,0.0,Signal CE | Short
2025-11-13,14:15:00,HOLD,MIDCPNIFTY25NOV13900CE,170.0,-1584.0,Monitoring
2025-11-13,14:20:00,HOLD,MIDCPNIFTY25NOV13900CE,169.3,-1500.0,Monitoring
2025-11-13,14:25:00,HOLD,MIDCPNIFTY25NOV13900CE,171.15,-1722.0,Monitoring
2025-11-13,14:30:00,HOLD,MIDCPNIFTY25NOV13900CE,171.0,-1704.0,Monitoring
2025-11-13,14:35:00,HOLD,MIDCPNIFTY25NOV13900CE,169.8,-1560.0,Monitoring
2025-11-13,14:40:00,HOLD,MIDCPNIFTY25NOV13900CE,169.7,-1548.0,Monitoring
2025-11-13,14:45:00,HOLD,MIDCPNIFTY25NOV13900CE,169.2,-1488.0,Monitoring
2025-11-13,14:50:00,HOLD,MIDCPNIFTY25NOV13900CE,162.6,-696.0,Monitoring
2025-11-13,14:55:00,HOLD,MIDCPNIFTY25NOV13900CE,154.5,276.0,Monitoring
2025-11-13,15:00:00,HOLD,MIDCPNIFTY25NOV13900CE,153.0,456.0,Monitoring
2025-11-13,15:05:00,HOLD,MIDCPNIFTY25NOV13900CE,134.5,2676.0,Monitoring
2025-11-13,15:10:00,HOLD,MIDCPNIFTY25NOV13900CE,145.0,1416.0,Monitoring
2025-11-13,15:15:00,HOLD,MIDCPNIFTY25NOV13900CE,146.0,1296.0,Monitoring
2025-11-13,15:20:00,HOLD,MIDCPNIFTY25NOV13900CE,141.55,1830.0,Monitoring
2025-11-13,15:25:00,HOLD,MIDCPNIFTY25NOV13900CE,152.1,564.0,Monitoring
2025-11-14,09:15:00,HOLD,MIDCPNIFTY25NOV13900CE,173.05,-1950.0,Monitoring
2025-11-14,09:20:00,HOLD,MIDCPNIFTY25NOV13900CE,179.5,-2724.0,Monitoring
2025-11-14,09:25:00,HOLD,MIDCPNIFTY25NOV13900CE,183.95,-3258.0,Monitoring
2025-11-14,09:30:00,HOLD,MIDCPNIFTY25NOV13900CE,192.8,-4320.0,Monitoring
2025-11-14,09:35:00,HOLD,MIDCPNIFTY25NOV13900CE,175.05,-2190.0,Monitoring
2025-11-14,09:40:00,HOLD,MIDCPNIFTY25NOV13900CE,184.75,-3354.0,Monitoring
2025-11-14,09:45:00,HOLD,MIDCPNIFTY25NOV13900CE,188.0,-3744.0,Monitoring
2025-11-14,09:50:00,HOLD,MIDCPNIFTY25NOV13900CE,167.65,-1302.0,Monitoring
2025-11-14,09:55:00,HOLD,MIDCPNIFTY25NOV13900CE,175.1,-2196.0,Monitoring
2025-11-14,10:00:00,HOLD,MIDCPNIFTY25NOV13900CE,168.7,-1428.0,Monitoring
2025-11-14,10:05:00,HOLD,MIDCPNIFTY25NOV13900CE,170.6,-1656.0,Monitoring
2025-11-14,10:10:00,HOLD,MIDCPNIFTY25NOV13900CE,161.25,-534.0,Monitoring
2025-11-14,10:15:00,HOLD,MIDCPNIFTY25NOV13900CE,161.6,-576.0,Monitoring
2025-11-14,10:20:00,HOLD,MIDCPNIFTY25NOV13900CE,149.85,834.0,Monitoring
2025-11-14,10:25:00,HOLD,MIDCPNIFTY25NOV13900CE,147.85,1074.0,Monitoring
2025-11-14,10:30:00,HOLD,MIDCPNIFTY25NOV13900CE,142.95,1662.0,Monitoring
2025-11-14,10:35:00,HOLD,MIDCPNIFTY25NOV13900CE,144.0,1536.0,Monitoring
2025-11-14,10:40:00,HOLD,MIDCPNIFTY25NOV13900CE,149.65,858.0,Monitoring
2025-11-14,10:45:00,HOLD,MIDCPNIFTY25NOV13900CE,154.8,240.0,Monitoring
2025-11-14,10:50:00,HOLD,MIDCPNIFTY25NOV13900CE,159.9,-372.0,Monitoring
2025-11-14,10:55:00,HOLD,MIDCPNIFTY25NOV13900CE,168.35,-1386.0,Monitoring
2025-11-14,11:00:00,HOLD,MIDCPNIFTY25NOV13900CE,165.25,-1014.0,Monitoring
2025-11-14,11:05:00,HOLD,MIDCPNIFTY25NOV13900CE,167.65,-1302.0,Monitoring
2025-11-14,11:10:00,HOLD,MIDCPNIFTY25NOV13900CE,169.15,-1482.0,Monitoring
2025-11-14,11:15:00,HOLD,MIDCPNIFTY25NOV13900CE,160.65,-462.0,Monitoring
2025-11-14,11:20:00,HOLD,MIDCPNIFTY25NOV13900CE,160.2,-408.0,Monitoring
2025-11-14,11:25:00,HOLD,MIDCPNIFTY25NOV13900CE,161.55,-570.0,Monitoring
2025-11-14,11:30:00,HOLD,MIDCPNIFTY25NOV13900CE,160.2,-408.0,Monitoring
2025-11-14,11:35:00,HOLD,MIDCPNIFTY25NOV13900CE,162.4,-672.0,Monitoring
2025-11-14,11:40:00,HOLD,MIDCPNIFTY25NOV13900CE,162.4,-672.0,Monitoring
2025-11-14,11:45:00,HOLD,MIDCPNIFTY25NOV13900CE,160.9,-492.0,Monitoring
2025-11-14,11:50:00,HOLD,MIDCPNIFTY25NOV13900CE,164.65,-942.0,Monitoring
2025-11-14,11:55:00,HOLD,MIDCPNIFTY25NOV13900CE,153.35,414.0,Monitoring
2025-11-14,12:00:00,HOLD,MIDCPNIFTY25NOV13900CE,158.0,-144.0,Monitoring
2025-11-14,12:05:00,HOLD,MIDCPNIFTY25NOV13900CE,158.65,-222.0,Monitoring
2025-11-14,12:10:00,HOLD,MIDCPNIFTY25NOV13900CE,162.05,-630.0,Monitoring
2025-11-14,12:15:00,HOLD,MIDCPNIFTY25NOV13900CE,159.0,-264.0,Monitoring
2025-11-14,12:20:00,HOLD,MIDCPNIFTY25NOV13900CE,161.5,-564.0,Monitoring
2025-11-14,12:25:00,HOLD,MIDCPNIFTY25NOV13900CE,164.0,-864.0,Monitoring
2025-11-14,12:30:00,HOLD,MIDCPNIFTY25NOV13900CE,156.4,48.0,Monitoring
2025-11-14,12:35:00,HOLD,MIDCPNIFTY25NOV13900CE,147.0,1176.0,Monitoring
2025-11-14,12:40:00,HOLD,MIDCPNIFTY25NOV13900CE,147.9,1068.0,Monitoring
2025-11-14,12:45:00,HOLD,MIDCPNIFTY25NOV13900CE,149.6,864.0,Monitoring
2025-11-14,12:50:00,HOLD,MIDCPNIFTY25NOV13900CE,146.95,1182.0,Monitoring
2025-11-14,12:55:00,HOLD,MIDCPNIFTY25NOV13900CE,144.0,1536.0,Monitoring
2025-11-14,13:00:00,HOLD,MIDCPNIFTY25NOV13900CE,126.45,3642.0,Monitoring
2025-11-14,13:05:00,HOLD,MIDCPNIFTY25NOV13900CE,123.5,3996.0,Monitoring
2025-11-14,13:10:00,HOLD,MIDCPNIFTY25NOV13900CE,131.45,3042.0,Monitoring
2025-11-14,13:15:00,HOLD,MIDCPNIFTY25NOV13900CE,133.45,2802.0,Monitoring
2025-11-14,13:20:00,HOLD,MIDCPNIFTY25NOV13900CE,137.05,2370.0,Monitoring
2025-11-14,13:25:00,HOLD,MIDCPNIFTY25NOV13900CE,143.05,1650.0,Monitoring
2025-11-14,13:30:00,HOLD,MIDCPNIFTY25NOV13900CE,138.45,2202.0,Monitoring
2025-11-14,13:35:00,HOLD,MIDCPNIFTY25NOV13900CE,126.65,3618.0,Monitoring
2025-11-14,13:40:00,HOLD,MIDCPNIFTY25NOV13900CE,125.4,3768.0,Monitoring
2025-11-14,13:45:00,HOLD,MIDCPNIFTY25NOV13900CE,128.4,3408.0,Monitoring
2025-11-14,13:50:00,HOLD,MIDCPNIFTY25NOV13900CE,123.15,4038.0,Monitoring
2025-11-14,13:55:00,HOLD,MIDCPNIFTY25NOV13900CE,130.0,3216.0,Monitoring
2025-11-14,14:00:00,HOLD,MIDCPNIFTY25NOV13900CE,133.9,2748.0,Monitoring
2025-11-14,14:05:00,HOLD,MIDCPNIFTY25NOV13900CE,132.2,2952.0,Monitoring
2025-11-14,14:10:00,HOLD,MIDCPNIFTY25NOV13900CE,132.75,2886.0,Monitoring
2025-11-14,14:15:00,HOLD,MIDCPNIFTY25NOV13900CE,132.0,2976.0,Monitoring
2025-11-14,14:20:00,HOLD,MIDCPNIFTY25NOV13900CE,128.15,3438.0,Monitoring
2025-11-14,14:25:00,HOLD,MIDCPNIFTY25NOV13900CE,132.05,2970.0,Monitoring
2025-11-14,14:30:00,HOLD,MIDCPNIFTY25NOV13900CE,135.8,2520.0,Monitoring
2025-11-14,14:35:00,HOLD,MIDCPNIFTY25NOV13900CE,140.55,1950.0,Monitoring
2025-11-14,14:40:00,HOLD,MIDCPNIFTY25NOV13900CE,141.0,1896.0,Monitoring
2025-11-14,14:45:00,HOLD,MIDCPNIFTY25NOV13900CE,138.15,2238.0,Monitoring
2025-11-14,14:50:00,HOLD,MIDCPNIFTY25NOV13900CE,133.05,2850.0,Monitoring
2025-11-14,14:55:00,HOLD,MIDCPNIFTY25NOV13900CE,129.0,3336.0,Monitoring
2025-11-14,15:00:00,HOLD,MIDCPNIFTY25NOV13900CE,150.2,792.0,Monitoring
2025-11-14,15:05:00,HOLD,MIDCPNIFTY25NOV13900CE,168.8,-1440.0,Monitoring
2025-11-14,15:10:00,HOLD,MIDCPNIFTY25NOV13900CE,174.6,-2136.0,Monitoring
2025-11-14,15:15:00,HOLD,MIDCPNIFTY25NOV13900CE,166.45,-1158.0,Monitoring
2025-11-14,15:20:00,HOLD,MIDCPNIFTY25NOV13900CE,168.3,-1380.0,Monitoring
2025-11-14,15:25:00,HOLD,MIDCPNIFTY25NOV13900CE,174.0,-2064.0,Monitoring
2025-11-17,09:15:00,HOLD,MIDCPNIFTY25NOV13900CE,178.2,-2568.0,Monitoring
2025-11-17,09:20:00,HOLD,MIDCPNIFTY25NOV13900CE,177.35,-2466.0,Monitoring
2025-11-17,09:25:00,HOLD,MIDCPNIFTY25NOV13900CE,189.45,-3918.0,Monitoring
2025-11-17,09:25:00,BUY_EXIT,MIDCPNIFTY25NOV13900CE,189.45,-3918.0,EMA_REVERSAL_SL
