Date,Time,Event,Ticker,Price,PnL_INR,Info
2025-09-22,14:15:00,SELL_ENTRY,MIDCPNIFTY25OCT13200CE,285.75,0.0,Signal CE | Short
2025-09-22,14:20:00,HOLD,MIDCPNIFTY25OCT13200CE,286.6,-102.0,Monitoring
2025-09-22,14:25:00,HOLD,MIDCPNIFTY25OCT13200CE,276.2,1146.0,Monitoring
2025-09-22,14:30:00,HOLD,MIDCPNIFTY25OCT13200CE,275.0,1290.0,Monitoring
2025-09-22,14:35:00,HOLD,MIDCPNIFTY25OCT13200CE,266.05,2364.0,Monitoring
2025-09-22,14:40:00,HOLD,MIDCPNIFTY25OCT13200CE,259.0,3210.0,Monitoring
2025-09-22,14:45:00,HOLD,MIDCPNIFTY25OCT13200CE,249.1,4398.0,Monitoring
2025-09-22,14:50:00,HOLD,MIDCPNIFTY25OCT13200CE,256.0,3570.0,Monitoring
2025-09-22,14:55:00,HOLD,MIDCPNIFTY25OCT13200CE,259.0,3210.0,Monitoring
2025-09-22,15:00:00,HOLD,MIDCPNIFTY25OCT13200CE,260.0,3090.0,Monitoring
2025-09-22,15:05:00,HOLD,MIDCPNIFTY25OCT13200CE,261.8,2874.0,Monitoring
2025-09-22,15:10:00,HOLD,MIDCPNIFTY25OCT13200CE,260.0,3090.0,Monitoring
2025-09-22,15:15:00,HOLD,MIDCPNIFTY25OCT13200CE,257.0,3450.0,Monitoring
2025-09-22,15:20:00,HOLD,MIDCPNIFTY25OCT13200CE,258.15,3312.0,Monitoring
2025-09-22,15:25:00,HOLD,MIDCPNIFTY25OCT13200CE,250.0,4290.0,Monitoring
2025-09-23,09:15:00,HOLD,MIDCPNIFTY25OCT13200CE,255.0,3690.0,Monitoring
2025-09-23,09:20:00,HOLD,MIDCPNIFTY25OCT13200CE,250.0,4290.0,Monitoring
2025-09-23,09:25:00,HOLD,MIDCPNIFTY25OCT13200CE,250.0,4290.0,Monitoring
2025-09-23,09:30:00,HOLD,MIDCPNIFTY25OCT13200CE,239.45,5556.0,Monitoring
2025-09-23,09:35:00,HOLD,MIDCPNIFTY25OCT13200CE,238.0,5730.0,Monitoring
2025-09-23,09:40:00,HOLD,MIDCPNIFTY25OCT13200CE,230.0,6690.0,Monitoring
2025-09-23,09:45:00,HOLD,MIDCPNIFTY25OCT13200CE,226.0,7170.0,Monitoring
2025-09-23,09:50:00,HOLD,MIDCPNIFTY25OCT13200CE,224.0,7410.0,Monitoring
2025-09-23,09:55:00,HOLD,MIDCPNIFTY25OCT13200CE,220.0,7890.0,Monitoring
2025-09-23,10:00:00,HOLD,MIDCPNIFTY25OCT13200CE,224.8,7314.0,Monitoring
2025-09-23,10:05:00,HOLD,MIDCPNIFTY25OCT13200CE,230.0,6690.0,Monitoring
2025-09-23,10:10:00,HOLD,MIDCPNIFTY25OCT13200CE,230.0,6690.0,Monitoring
2025-09-23,10:15:00,HOLD,MIDCPNIFTY25OCT13200CE,228.25,6900.0,Monitoring
2025-09-23,10:20:00,HOLD,MIDCPNIFTY25OCT13200CE,220.0,7890.0,Monitoring
2025-09-23,10:25:00,HOLD,MIDCPNIFTY25OCT13200CE,227.0,7050.0,Monitoring
2025-09-23,10:30:00,HOLD,MIDCPNIFTY25OCT13200CE,226.0,7170.0,Monitoring
2025-09-23,10:35:00,HOLD,MIDCPNIFTY25OCT13200CE,226.0,7170.0,Monitoring
2025-09-23,10:40:00,HOLD,MIDCPNIFTY25OCT13200CE,226.4,7122.0,Monitoring
2025-09-23,10:45:00,HOLD,MIDCPNIFTY25OCT13200CE,223.1,7518.0,Monitoring
2025-09-23,10:50:00,HOLD,MIDCPNIFTY25OCT13200CE,216.0,8370.0,Monitoring
2025-09-23,10:55:00,HOLD,MIDCPNIFTY25OCT13200CE,222.4,7602.0,Monitoring
2025-09-23,11:00:00,HOLD,MIDCPNIFTY25OCT13200CE,222.5,7590.0,Monitoring
2025-09-23,11:05:00,HOLD,MIDCPNIFTY25OCT13200CE,222.5,7590.0,Monitoring
2025-09-23,11:10:00,HOLD,MIDCPNIFTY25OCT13200CE,217.0,8250.0,Monitoring
2025-09-23,11:15:00,HOLD,MIDCPNIFTY25OCT13200CE,215.35,8448.0,Monitoring
2025-09-23,11:20:00,HOLD,MIDCPNIFTY25OCT13200CE,220.0,7890.0,Monitoring
2025-09-23,11:25:00,HOLD,MIDCPNIFTY25OCT13200CE,215.0,8490.0,Monitoring
2025-09-23,11:30:00,HOLD,MIDCPNIFTY25OCT13200CE,214.35,8568.0,Monitoring
2025-09-23,11:35:00,HOLD,MIDCPNIFTY25OCT13200CE,214.4,8562.0,Monitoring
2025-09-23,11:40:00,HOLD,MIDCPNIFTY25OCT13200CE,218.0,8130.0,Monitoring
2025-09-23,11:45:00,HOLD,MIDCPNIFTY25OCT13200CE,222.5,7590.0,Monitoring
2025-09-23,11:50:00,HOLD,MIDCPNIFTY25OCT13200CE,227.5,6990.0,Monitoring
2025-09-23,11:55:00,HOLD,MIDCPNIFTY25OCT13200CE,230.7,6606.0,Monitoring
2025-09-23,12:00:00,HOLD,MIDCPNIFTY25OCT13200CE,233.1,6318.0,Monitoring
2025-09-23,12:05:00,HOLD,MIDCPNIFTY25OCT13200CE,239.0,5610.0,Monitoring
2025-09-23,12:10:00,HOLD,MIDCPNIFTY25OCT13200CE,236.25,5940.0,Monitoring
2025-09-23,12:15:00,HOLD,MIDCPNIFTY25OCT13200CE,239.9,5502.0,Monitoring
2025-09-23,12:20:00,HOLD,MIDCPNIFTY25OCT13200CE,240.25,5460.0,Monitoring
2025-09-23,12:25:00,HOLD,MIDCPNIFTY25OCT13200CE,243.0,5130.0,Monitoring
2025-09-23,12:30:00,HOLD,MIDCPNIFTY25OCT13200CE,245.0,4890.0,Monitoring
2025-09-23,12:35:00,HOLD,MIDCPNIFTY25OCT13200CE,247.05,4644.0,Monitoring
2025-09-23,12:40:00,HOLD,MIDCPNIFTY25OCT13200CE,247.0,4650.0,Monitoring
2025-09-23,12:45:00,HOLD,MIDCPNIFTY25OCT13200CE,239.0,5610.0,Monitoring
2025-09-23,12:50:00,HOLD,MIDCPNIFTY25OCT13200CE,238.95,5616.0,Monitoring
2025-09-23,12:55:00,HOLD,MIDCPNIFTY25OCT13200CE,235.0,6090.0,Monitoring
2025-09-23,13:00:00,HOLD,MIDCPNIFTY25OCT13200CE,241.0,5370.0,Monitoring
2025-09-23,13:05:00,HOLD,MIDCPNIFTY25OCT13200CE,238.7,5646.0,Monitoring
2025-09-23,13:10:00,HOLD,MIDCPNIFTY25OCT13200CE,238.95,5616.0,Monitoring
2025-09-23,13:15:00,HOLD,MIDCPNIFTY25OCT13200CE,237.05,5844.0,Monitoring
2025-09-23,13:20:00,HOLD,MIDCPNIFTY25OCT13200CE,241.0,5370.0,Monitoring
2025-09-23,13:25:00,HOLD,MIDCPNIFTY25OCT13200CE,241.0,5370.0,Monitoring
2025-09-23,13:30:00,HOLD,MIDCPNIFTY25OCT13200CE,241.0,5370.0,Monitoring
2025-09-23,13:35:00,HOLD,MIDCPNIFTY25OCT13200CE,245.0,4890.0,Monitoring
2025-09-23,13:40:00,HOLD,MIDCPNIFTY25OCT13200CE,250.0,4290.0,Monitoring
2025-09-23,13:45:00,HOLD,MIDCPNIFTY25OCT13200CE,251.5,4110.0,Monitoring
2025-09-23,13:50:00,HOLD,MIDCPNIFTY25OCT13200CE,251.5,4110.0,Monitoring
2025-09-23,13:55:00,HOLD,MIDCPNIFTY25OCT13200CE,251.5,4110.0,Monitoring
2025-09-23,14:00:00,HOLD,MIDCPNIFTY25OCT13200CE,252.35,4008.0,Monitoring
2025-09-23,14:05:00,HOLD,MIDCPNIFTY25OCT13200CE,259.8,3114.0,Monitoring
2025-09-23,14:10:00,HOLD,MIDCPNIFTY25OCT13200CE,255.0,3690.0,Monitoring
2025-09-23,14:15:00,HOLD,MIDCPNIFTY25OCT13200CE,255.0,3690.0,Monitoring
2025-09-23,14:20:00,HOLD,MIDCPNIFTY25OCT13200CE,255.0,3690.0,Monitoring
2025-09-23,14:25:00,HOLD,MIDCPNIFTY25OCT13200CE,250.3,4254.0,Monitoring
2025-09-23,14:30:00,HOLD,MIDCPNIFTY25OCT13200CE,249.05,4404.0,Monitoring
2025-09-23,14:35:00,HOLD,MIDCPNIFTY25OCT13200CE,244.15,4992.0,Monitoring
2025-09-23,14:40:00,HOLD,MIDCPNIFTY25OCT13200CE,252.0,4050.0,Monitoring
2025-09-23,14:45:00,HOLD,MIDCPNIFTY25OCT13200CE,247.0,4650.0,Monitoring
2025-09-23,14:50:00,HOLD,MIDCPNIFTY25OCT13200CE,245.0,4890.0,Monitoring
2025-09-23,14:55:00,HOLD,MIDCPNIFTY25OCT13200CE,244.5,4950.0,Monitoring
2025-09-23,15:00:00,HOLD,MIDCPNIFTY25OCT13200CE,242.0,5250.0,Monitoring
2025-09-23,15:05:00,HOLD,MIDCPNIFTY25OCT13200CE,242.0,5250.0,Monitoring
2025-09-23,15:10:00,HOLD,MIDCPNIFTY25OCT13200CE,241.5,5310.0,Monitoring
2025-09-23,15:15:00,HOLD,MIDCPNIFTY25OCT13200CE,249.0,4410.0,Monitoring
2025-09-23,15:20:00,HOLD,MIDCPNIFTY25OCT13200CE,242.5,5190.0,Monitoring
2025-09-23,15:25:00,HOLD,MIDCPNIFTY25OCT13200CE,243.65,5052.0,Monitoring
2025-09-24,09:15:00,HOLD,MIDCPNIFTY25OCT13200CE,212.0,8850.0,Monitoring
2025-09-24,09:20:00,HOLD,MIDCPNIFTY25OCT13200CE,203.0,9930.0,Monitoring
2025-09-24,09:25:00,HOLD,MIDCPNIFTY25OCT13200CE,200.0,10290.0,Monitoring
2025-09-24,09:30:00,HOLD,MIDCPNIFTY25OCT13200CE,197.0,10650.0,Monitoring
2025-09-24,09:35:00,HOLD,MIDCPNIFTY25OCT13200CE,197.5,10590.0,Monitoring
2025-09-24,09:40:00,HOLD,MIDCPNIFTY25OCT13200CE,185.0,12090.0,Monitoring
2025-09-24,09:45:00,HOLD,MIDCPNIFTY25OCT13200CE,184.35,12168.0,Monitoring
2025-09-24,09:50:00,HOLD,MIDCPNIFTY25OCT13200CE,186.0,11970.0,Monitoring
2025-09-24,09:55:00,HOLD,MIDCPNIFTY25OCT13200CE,190.1,11478.0,Monitoring
2025-09-24,10:00:00,HOLD,MIDCPNIFTY25OCT13200CE,195.0,10890.0,Monitoring
2025-09-24,10:05:00,HOLD,MIDCPNIFTY25OCT13200CE,198.4,10482.0,Monitoring
2025-09-24,10:10:00,HOLD,MIDCPNIFTY25OCT13200CE,195.45,10836.0,Monitoring
2025-09-24,10:15:00,HOLD,MIDCPNIFTY25OCT13200CE,199.0,10410.0,Monitoring
2025-09-24,10:20:00,HOLD,MIDCPNIFTY25OCT13200CE,200.6,10218.0,Monitoring
2025-09-24,10:25:00,HOLD,MIDCPNIFTY25OCT13200CE,198.0,10530.0,Monitoring
2025-09-24,10:30:00,HOLD,MIDCPNIFTY25OCT13200CE,198.0,10530.0,Monitoring
2025-09-24,10:35:00,HOLD,MIDCPNIFTY25OCT13200CE,193.1,11118.0,Monitoring
2025-09-24,10:40:00,HOLD,MIDCPNIFTY25OCT13200CE,189.0,11610.0,Monitoring
2025-09-24,10:45:00,HOLD,MIDCPNIFTY25OCT13200CE,188.2,11706.0,Monitoring
2025-09-24,10:50:00,HOLD,MIDCPNIFTY25OCT13200CE,188.2,11706.0,Monitoring
2025-09-24,10:55:00,HOLD,MIDCPNIFTY25OCT13200CE,189.35,11568.0,Monitoring
2025-09-24,11:00:00,HOLD,MIDCPNIFTY25OCT13200CE,185.0,12090.0,Monitoring
2025-09-24,11:05:00,HOLD,MIDCPNIFTY25OCT13200CE,178.15,12912.0,Monitoring
2025-09-24,11:10:00,HOLD,MIDCPNIFTY25OCT13200CE,184.0,12210.0,Monitoring
2025-09-24,11:15:00,HOLD,MIDCPNIFTY25OCT13200CE,187.0,11850.0,Monitoring
2025-09-24,11:20:00,HOLD,MIDCPNIFTY25OCT13200CE,182.55,12384.0,Monitoring
2025-09-24,11:25:00,HOLD,MIDCPNIFTY25OCT13200CE,182.55,12384.0,Monitoring
2025-09-24,11:30:00,HOLD,MIDCPNIFTY25OCT13200CE,182.55,12384.0,Monitoring
2025-09-24,11:35:00,HOLD,MIDCPNIFTY25OCT13200CE,182.55,12384.0,Monitoring
2025-09-24,11:40:00,HOLD,MIDCPNIFTY25OCT13200CE,183.0,12330.0,Monitoring
2025-09-24,11:45:00,HOLD,MIDCPNIFTY25OCT13200CE,183.0,12330.0,Monitoring
2025-09-24,11:50:00,HOLD,MIDCPNIFTY25OCT13200CE,183.0,12330.0,Monitoring
2025-09-24,11:55:00,HOLD,MIDCPNIFTY25OCT13200CE,182.3,12414.0,Monitoring
2025-09-24,12:00:00,HOLD,MIDCPNIFTY25OCT13200CE,175.8,13194.0,Monitoring
2025-09-24,12:05:00,HOLD,MIDCPNIFTY25OCT13200CE,179.05,12804.0,Monitoring
2025-09-24,12:10:00,HOLD,MIDCPNIFTY25OCT13200CE,186.0,11970.0,Monitoring
2025-09-24,12:15:00,HOLD,MIDCPNIFTY25OCT13200CE,184.6,12138.0,Monitoring
2025-09-24,12:20:00,HOLD,MIDCPNIFTY25OCT13200CE,187.9,11742.0,Monitoring
2025-09-24,12:25:00,HOLD,MIDCPNIFTY25OCT13200CE,185.6,12018.0,Monitoring
2025-09-24,12:30:00,HOLD,MIDCPNIFTY25OCT13200CE,190.95,11376.0,Monitoring
2025-09-24,12:35:00,HOLD,MIDCPNIFTY25OCT13200CE,192.0,11250.0,Monitoring
2025-09-24,12:40:00,HOLD,MIDCPNIFTY25OCT13200CE,188.2,11706.0,Monitoring
2025-09-24,12:45:00,HOLD,MIDCPNIFTY25OCT13200CE,188.2,11706.0,Monitoring
2025-09-24,12:50:00,HOLD,MIDCPNIFTY25OCT13200CE,183.95,12216.0,Monitoring
2025-09-24,12:55:00,HOLD,MIDCPNIFTY25OCT13200CE,183.95,12216.0,Monitoring
2025-09-24,13:00:00,HOLD,MIDCPNIFTY25OCT13200CE,188.2,11706.0,Monitoring
2025-09-24,13:05:00,HOLD,MIDCPNIFTY25OCT13200CE,188.2,11706.0,Monitoring
2025-09-24,13:10:00,HOLD,MIDCPNIFTY25OCT13200CE,188.2,11706.0,Monitoring
2025-09-24,13:15:00,HOLD,MIDCPNIFTY25OCT13200CE,192.3,11214.0,Monitoring
2025-09-24,13:20:00,HOLD,MIDCPNIFTY25OCT13200CE,191.0,11370.0,Monitoring
2025-09-24,13:25:00,HOLD,MIDCPNIFTY25OCT13200CE,186.0,11970.0,Monitoring
2025-09-24,13:30:00,HOLD,MIDCPNIFTY25OCT13200CE,188.7,11646.0,Monitoring
2025-09-24,13:35:00,HOLD,MIDCPNIFTY25OCT13200CE,186.5,11910.0,Monitoring
2025-09-24,13:40:00,HOLD,MIDCPNIFTY25OCT13200CE,182.0,12450.0,Monitoring
2025-09-24,13:45:00,HOLD,MIDCPNIFTY25OCT13200CE,179.0,12810.0,Monitoring
2025-09-24,13:50:00,HOLD,MIDCPNIFTY25OCT13200CE,180.0,12690.0,Monitoring
2025-09-24,13:55:00,HOLD,MIDCPNIFTY25OCT13200CE,184.0,12210.0,Monitoring
2025-09-24,14:00:00,HOLD,MIDCPNIFTY25OCT13200CE,180.6,12618.0,Monitoring
2025-09-24,14:05:00,HOLD,MIDCPNIFTY25OCT13200CE,176.0,13170.0,Monitoring
2025-09-24,14:10:00,HOLD,MIDCPNIFTY25OCT13200CE,178.0,12930.0,Monitoring
2025-09-24,14:15:00,HOLD,MIDCPNIFTY25OCT13200CE,181.0,12570.0,Monitoring
2025-09-24,14:20:00,HOLD,MIDCPNIFTY25OCT13200CE,181.0,12570.0,Monitoring
2025-09-24,14:25:00,HOLD,MIDCPNIFTY25OCT13200CE,176.55,13104.0,Monitoring
2025-09-24,14:30:00,HOLD,MIDCPNIFTY25OCT13200CE,174.0,13410.0,Monitoring
2025-09-24,14:35:00,HOLD,MIDCPNIFTY25OCT13200CE,179.95,12696.0,Monitoring
2025-09-24,14:40:00,HOLD,MIDCPNIFTY25OCT13200CE,176.9,13062.0,Monitoring
2025-09-24,14:45:00,HOLD,MIDCPNIFTY25OCT13200CE,173.0,13530.0,Monitoring
2025-09-24,14:50:00,HOLD,MIDCPNIFTY25OCT13200CE,170.0,13890.0,Monitoring
2025-09-24,14:55:00,HOLD,MIDCPNIFTY25OCT13200CE,165.85,14388.0,Monitoring
2025-09-24,15:00:00,HOLD,MIDCPNIFTY25OCT13200CE,168.5,14070.0,Monitoring
2025-09-24,15:05:00,HOLD,MIDCPNIFTY25OCT13200CE,167.1,14238.0,Monitoring
2025-09-24,15:10:00,HOLD,MIDCPNIFTY25OCT13200CE,162.4,14802.0,Monitoring
2025-09-24,15:15:00,HOLD,MIDCPNIFTY25OCT13200CE,160.0,15090.0,Monitoring
2025-09-24,15:20:00,HOLD,MIDCPNIFTY25OCT13200CE,157.45,15396.0,Monitoring
2025-09-24,15:25:00,HOLD,MIDCPNIFTY25OCT13200CE,155.75,15600.0,Monitoring
2025-09-25,09:15:00,HOLD,MIDCPNIFTY25OCT13200CE,165.0,14490.0,Monitoring
2025-09-25,09:20:00,HOLD,MIDCPNIFTY25OCT13200CE,171.0,13770.0,Monitoring
2025-09-25,09:25:00,HOLD,MIDCPNIFTY25OCT13200CE,171.0,13770.0,Monitoring
2025-09-25,09:30:00,HOLD,MIDCPNIFTY25OCT13200CE,168.5,14070.0,Monitoring
2025-09-25,09:35:00,HOLD,MIDCPNIFTY25OCT13200CE,165.0,14490.0,Monitoring
2025-09-25,09:40:00,HOLD,MIDCPNIFTY25OCT13200CE,165.0,14490.0,Monitoring
2025-09-25,09:45:00,HOLD,MIDCPNIFTY25OCT13200CE,163.0,14730.0,Monitoring
2025-09-25,09:50:00,HOLD,MIDCPNIFTY25OCT13200CE,169.25,13980.0,Monitoring
2025-09-25,09:55:00,HOLD,MIDCPNIFTY25OCT13200CE,170.0,13890.0,Monitoring
2025-09-25,10:00:00,HOLD,MIDCPNIFTY25OCT13200CE,163.9,14622.0,Monitoring
2025-09-25,10:05:00,HOLD,MIDCPNIFTY25OCT13200CE,170.0,13890.0,Monitoring
2025-09-25,10:10:00,HOLD,MIDCPNIFTY25OCT13200CE,165.0,14490.0,Monitoring
2025-09-25,10:15:00,HOLD,MIDCPNIFTY25OCT13200CE,169.55,13944.0,Monitoring
2025-09-25,10:20:00,HOLD,MIDCPNIFTY25OCT13200CE,167.3,14214.0,Monitoring
2025-09-25,10:25:00,HOLD,MIDCPNIFTY25OCT13200CE,165.0,14490.0,Monitoring
2025-09-25,10:30:00,HOLD,MIDCPNIFTY25OCT13200CE,165.95,14376.0,Monitoring
2025-09-25,10:35:00,HOLD,MIDCPNIFTY25OCT13200CE,159.7,15126.0,Monitoring
2025-09-25,10:40:00,HOLD,MIDCPNIFTY25OCT13200CE,158.25,15300.0,Monitoring
2025-09-25,10:45:00,HOLD,MIDCPNIFTY25OCT13200CE,161.35,14928.0,Monitoring
2025-09-25,10:50:00,HOLD,MIDCPNIFTY25OCT13200CE,161.35,14928.0,Monitoring
2025-09-25,10:55:00,HOLD,MIDCPNIFTY25OCT13200CE,160.0,15090.0,Monitoring
2025-09-25,11:00:00,HOLD,MIDCPNIFTY25OCT13200CE,162.0,14850.0,Monitoring
2025-09-25,11:05:00,HOLD,MIDCPNIFTY25OCT13200CE,163.0,14730.0,Monitoring
2025-09-25,11:10:00,HOLD,MIDCPNIFTY25OCT13200CE,167.9,14142.0,Monitoring
2025-09-25,11:15:00,HOLD,MIDCPNIFTY25OCT13200CE,167.9,14142.0,Monitoring
2025-09-25,11:20:00,HOLD,MIDCPNIFTY25OCT13200CE,168.1,14118.0,Monitoring
2025-09-25,11:25:00,HOLD,MIDCPNIFTY25OCT13200CE,168.1,14118.0,Monitoring
2025-09-25,11:30:00,HOLD,MIDCPNIFTY25OCT13200CE,168.1,14118.0,Monitoring
2025-09-25,11:35:00,HOLD,MIDCPNIFTY25OCT13200CE,162.6,14778.0,Monitoring
2025-09-25,11:40:00,HOLD,MIDCPNIFTY25OCT13200CE,160.05,15084.0,Monitoring
2025-09-25,11:45:00,HOLD,MIDCPNIFTY25OCT13200CE,160.25,15060.0,Monitoring
2025-09-25,11:50:00,HOLD,MIDCPNIFTY25OCT13200CE,162.5,14790.0,Monitoring
2025-09-25,11:55:00,HOLD,MIDCPNIFTY25OCT13200CE,161.35,14928.0,Monitoring
2025-09-25,12:00:00,HOLD,MIDCPNIFTY25OCT13200CE,157.2,15426.0,Monitoring
2025-09-25,12:05:00,HOLD,MIDCPNIFTY25OCT13200CE,155.0,15690.0,Monitoring
2025-09-25,12:10:00,HOLD,MIDCPNIFTY25OCT13200CE,156.1,15558.0,Monitoring
2025-09-25,12:15:00,HOLD,MIDCPNIFTY25OCT13200CE,157.0,15450.0,Monitoring
2025-09-25,12:20:00,HOLD,MIDCPNIFTY25OCT13200CE,157.0,15450.0,Monitoring
2025-09-25,12:25:00,HOLD,MIDCPNIFTY25OCT13200CE,158.0,15330.0,Monitoring
2025-09-25,12:30:00,HOLD,MIDCPNIFTY25OCT13200CE,157.5,15390.0,Monitoring
2025-09-25,12:35:00,HOLD,MIDCPNIFTY25OCT13200CE,157.5,15390.0,Monitoring
2025-09-25,12:40:00,HOLD,MIDCPNIFTY25OCT13200CE,160.0,15090.0,Monitoring
2025-09-25,12:45:00,HOLD,MIDCPNIFTY25OCT13200CE,156.2,15546.0,Monitoring
2025-09-25,12:50:00,HOLD,MIDCPNIFTY25OCT13200CE,156.2,15546.0,Monitoring
2025-09-25,12:55:00,HOLD,MIDCPNIFTY25OCT13200CE,156.65,15492.0,Monitoring
2025-09-25,13:00:00,HOLD,MIDCPNIFTY25OCT13200CE,156.65,15492.0,Monitoring
2025-09-25,13:05:00,HOLD,MIDCPNIFTY25OCT13200CE,156.65,15492.0,Monitoring
2025-09-25,13:10:00,HOLD,MIDCPNIFTY25OCT13200CE,155.0,15690.0,Monitoring
2025-09-25,13:15:00,HOLD,MIDCPNIFTY25OCT13200CE,154.0,15810.0,Monitoring
2025-09-25,13:20:00,HOLD,MIDCPNIFTY25OCT13200CE,150.0,16290.0,Monitoring
2025-09-25,13:25:00,HOLD,MIDCPNIFTY25OCT13200CE,150.0,16290.0,Monitoring
2025-09-25,13:30:00,HOLD,MIDCPNIFTY25OCT13200CE,150.0,16290.0,Monitoring
2025-09-25,13:35:00,HOLD,MIDCPNIFTY25OCT13200CE,150.0,16290.0,Monitoring
2025-09-25,13:40:00,HOLD,MIDCPNIFTY25OCT13200CE,150.0,16290.0,Monitoring
2025-09-25,13:45:00,HOLD,MIDCPNIFTY25OCT13200CE,155.0,15690.0,Monitoring
2025-09-25,13:50:00,HOLD,MIDCPNIFTY25OCT13200CE,153.0,15930.0,Monitoring
2025-09-25,13:55:00,HOLD,MIDCPNIFTY25OCT13200CE,153.0,15930.0,Monitoring
2025-09-25,14:00:00,HOLD,MIDCPNIFTY25OCT13200CE,148.0,16530.0,Monitoring
2025-09-25,14:05:00,HOLD,MIDCPNIFTY25OCT13200CE,146.0,16770.0,Monitoring
2025-09-25,14:10:00,HOLD,MIDCPNIFTY25OCT13200CE,143.0,17130.0,Monitoring
2025-09-25,14:15:00,HOLD,MIDCPNIFTY25OCT13200CE,141.35,17328.0,Monitoring
2025-09-25,14:20:00,HOLD,MIDCPNIFTY25OCT13200CE,137.6,17778.0,Monitoring
2025-09-25,14:25:00,HOLD,MIDCPNIFTY25OCT13200CE,138.0,17730.0,Monitoring
2025-09-25,14:30:00,HOLD,MIDCPNIFTY25OCT13200CE,133.95,18216.0,Monitoring
2025-09-25,14:35:00,HOLD,MIDCPNIFTY25OCT13200CE,137.0,17850.0,Monitoring
2025-09-25,14:40:00,HOLD,MIDCPNIFTY25OCT13200CE,135.0,18090.0,Monitoring
2025-09-25,14:45:00,HOLD,MIDCPNIFTY25OCT13200CE,130.5,18630.0,Monitoring
2025-09-25,14:50:00,HOLD,MIDCPNIFTY25OCT13200CE,134.5,18150.0,Monitoring
2025-09-25,14:55:00,HOLD,MIDCPNIFTY25OCT13200CE,132.4,18402.0,Monitoring
2025-09-25,15:00:00,HOLD,MIDCPNIFTY25OCT13200CE,126.7,19086.0,Monitoring
2025-09-25,15:05:00,HOLD,MIDCPNIFTY25OCT13200CE,123.4,19482.0,Monitoring
2025-09-25,15:10:00,HOLD,MIDCPNIFTY25OCT13200CE,120.0,19890.0,Monitoring
2025-09-25,15:15:00,HOLD,MIDCPNIFTY25OCT13200CE,122.0,19650.0,Monitoring
2025-09-25,15:20:00,HOLD,MIDCPNIFTY25OCT13200CE,122.65,19572.0,Monitoring
2025-09-25,15:25:00,HOLD,MIDCPNIFTY25OCT13200CE,121.0,19770.0,Monitoring
2025-09-26,09:15:00,HOLD,MIDCPNIFTY25OCT13200CE,105.0,21690.0,Monitoring
2025-09-26,09:20:00,HOLD,MIDCPNIFTY25OCT13200CE,104.0,21810.0,Monitoring
2025-09-26,09:25:00,HOLD,MIDCPNIFTY25OCT13200CE,101.2,22146.0,Monitoring
2025-09-26,09:30:00,HOLD,MIDCPNIFTY25OCT13200CE,99.55,22344.0,Monitoring
2025-09-26,09:35:00,HOLD,MIDCPNIFTY25OCT13200CE,97.0,22650.0,Monitoring
2025-09-26,09:40:00,HOLD,MIDCPNIFTY25OCT13200CE,96.1,22758.0,Monitoring
2025-09-26,09:45:00,HOLD,MIDCPNIFTY25OCT13200CE,104.25,21780.0,Monitoring
2025-09-26,09:50:00,HOLD,MIDCPNIFTY25OCT13200CE,100.0,22290.0,Monitoring
2025-09-26,09:55:00,HOLD,MIDCPNIFTY25OCT13200CE,103.0,21930.0,Monitoring
2025-09-26,10:00:00,HOLD,MIDCPNIFTY25OCT13200CE,101.2,22146.0,Monitoring
2025-09-26,10:05:00,HOLD,MIDCPNIFTY25OCT13200CE,95.35,22848.0,Monitoring
2025-09-26,10:10:00,HOLD,MIDCPNIFTY25OCT13200CE,98.45,22476.0,Monitoring
2025-09-26,10:15:00,HOLD,MIDCPNIFTY25OCT13200CE,100.0,22290.0,Monitoring
2025-09-26,10:20:00,HOLD,MIDCPNIFTY25OCT13200CE,99.0,22410.0,Monitoring
2025-09-26,10:25:00,HOLD,MIDCPNIFTY25OCT13200CE,97.3,22614.0,Monitoring
2025-09-26,10:30:00,HOLD,MIDCPNIFTY25OCT13200CE,97.3,22614.0,Monitoring
2025-09-26,10:35:00,HOLD,MIDCPNIFTY25OCT13200CE,97.3,22614.0,Monitoring
2025-09-26,10:40:00,HOLD,MIDCPNIFTY25OCT13200CE,99.0,22410.0,Monitoring
2025-09-26,10:45:00,HOLD,MIDCPNIFTY25OCT13200CE,101.45,22116.0,Monitoring
2025-09-26,10:50:00,HOLD,MIDCPNIFTY25OCT13200CE,98.2,22506.0,Monitoring
2025-09-26,10:55:00,HOLD,MIDCPNIFTY25OCT13200CE,99.1,22398.0,Monitoring
2025-09-26,11:00:00,HOLD,MIDCPNIFTY25OCT13200CE,97.5,22590.0,Monitoring
2025-09-26,11:05:00,HOLD,MIDCPNIFTY25OCT13200CE,95.4,22842.0,Monitoring
2025-09-26,11:10:00,HOLD,MIDCPNIFTY25OCT13200CE,95.35,22848.0,Monitoring
2025-09-26,11:15:00,HOLD,MIDCPNIFTY25OCT13200CE,93.05,23124.0,Monitoring
2025-09-26,11:20:00,HOLD,MIDCPNIFTY25OCT13200CE,90.3,23454.0,Monitoring
2025-09-26,11:25:00,HOLD,MIDCPNIFTY25OCT13200CE,92.0,23250.0,Monitoring
2025-09-26,11:30:00,HOLD,MIDCPNIFTY25OCT13200CE,90.3,23454.0,Monitoring
2025-09-26,11:35:00,HOLD,MIDCPNIFTY25OCT13200CE,89.0,23610.0,Monitoring
2025-09-26,11:40:00,HOLD,MIDCPNIFTY25OCT13200CE,87.0,23850.0,Monitoring
2025-09-26,11:45:00,HOLD,MIDCPNIFTY25OCT13200CE,87.0,23850.0,Monitoring
2025-09-26,11:50:00,HOLD,MIDCPNIFTY25OCT13200CE,88.2,23706.0,Monitoring
2025-09-26,11:55:00,HOLD,MIDCPNIFTY25OCT13200CE,88.0,23730.0,Monitoring
2025-09-26,12:00:00,HOLD,MIDCPNIFTY25OCT13200CE,86.8,23874.0,Monitoring
2025-09-26,12:05:00,HOLD,MIDCPNIFTY25OCT13200CE,84.0,24210.0,Monitoring
2025-09-26,12:10:00,HOLD,MIDCPNIFTY25OCT13200CE,84.0,24210.0,Monitoring
2025-09-26,12:15:00,HOLD,MIDCPNIFTY25OCT13200CE,82.0,24450.0,Monitoring
2025-09-26,12:20:00,HOLD,MIDCPNIFTY25OCT13200CE,83.95,24216.0,Monitoring
2025-09-26,12:25:00,HOLD,MIDCPNIFTY25OCT13200CE,83.85,24228.0,Monitoring
2025-09-26,12:30:00,HOLD,MIDCPNIFTY25OCT13200CE,79.0,24810.0,Monitoring
2025-09-26,12:35:00,HOLD,MIDCPNIFTY25OCT13200CE,77.6,24978.0,Monitoring
2025-09-26,12:40:00,HOLD,MIDCPNIFTY25OCT13200CE,79.9,24702.0,Monitoring
2025-09-26,12:45:00,HOLD,MIDCPNIFTY25OCT13200CE,77.9,24942.0,Monitoring
2025-09-26,12:50:00,HOLD,MIDCPNIFTY25OCT13200CE,77.85,24948.0,Monitoring
2025-09-26,12:55:00,HOLD,MIDCPNIFTY25OCT13200CE,78.6,24858.0,Monitoring
2025-09-26,13:00:00,HOLD,MIDCPNIFTY25OCT13200CE,80.0,24690.0,Monitoring
2025-09-26,13:05:00,HOLD,MIDCPNIFTY25OCT13200CE,80.0,24690.0,Monitoring
2025-09-26,13:10:00,HOLD,MIDCPNIFTY25OCT13200CE,75.0,25290.0,Monitoring
2025-09-26,13:15:00,HOLD,MIDCPNIFTY25OCT13200CE,72.5,25590.0,Monitoring
2025-09-26,13:20:00,HOLD,MIDCPNIFTY25OCT13200CE,69.75,25920.0,Monitoring
2025-09-26,13:25:00,HOLD,MIDCPNIFTY25OCT13200CE,66.05,26364.0,Monitoring
2025-09-26,13:30:00,HOLD,MIDCPNIFTY25OCT13200CE,64.55,26544.0,Monitoring
2025-09-26,13:35:00,HOLD,MIDCPNIFTY25OCT13200CE,65.65,26412.0,Monitoring
2025-09-26,13:40:00,HOLD,MIDCPNIFTY25OCT13200CE,65.15,26472.0,Monitoring
2025-09-26,13:45:00,HOLD,MIDCPNIFTY25OCT13200CE,65.4,26442.0,Monitoring
2025-09-26,13:50:00,HOLD,MIDCPNIFTY25OCT13200CE,57.05,27444.0,Monitoring
2025-09-26,13:55:00,HOLD,MIDCPNIFTY25OCT13200CE,59.9,27102.0,Monitoring
2025-09-26,14:00:00,HOLD,MIDCPNIFTY25OCT13200CE,61.3,26934.0,Monitoring
2025-09-26,14:05:00,HOLD,MIDCPNIFTY25OCT13200CE,60.0,27090.0,Monitoring
2025-09-26,14:10:00,HOLD,MIDCPNIFTY25OCT13200CE,64.25,26580.0,Monitoring
2025-09-26,14:15:00,HOLD,MIDCPNIFTY25OCT13200CE,60.0,27090.0,Monitoring
2025-09-26,14:20:00,HOLD,MIDCPNIFTY25OCT13200CE,61.0,26970.0,Monitoring
2025-09-26,14:25:00,HOLD,MIDCPNIFTY25OCT13200CE,61.6,26898.0,Monitoring
2025-09-26,14:30:00,HOLD,MIDCPNIFTY25OCT13200CE,62.45,26796.0,Monitoring
2025-09-26,14:35:00,HOLD,MIDCPNIFTY25OCT13200CE,63.0,26730.0,Monitoring
2025-09-26,14:40:00,HOLD,MIDCPNIFTY25OCT13200CE,64.45,26556.0,Monitoring
2025-09-26,14:45:00,HOLD,MIDCPNIFTY25OCT13200CE,61.95,26856.0,Monitoring
2025-09-26,14:50:00,HOLD,MIDCPNIFTY25OCT13200CE,60.0,27090.0,Monitoring
2025-09-26,14:55:00,HOLD,MIDCPNIFTY25OCT13200CE,60.0,27090.0,Monitoring
2025-09-26,15:00:00,HOLD,MIDCPNIFTY25OCT13200CE,62.35,26808.0,Monitoring
2025-09-26,15:05:00,HOLD,MIDCPNIFTY25OCT13200CE,62.35,26808.0,Monitoring
2025-09-26,15:10:00,HOLD,MIDCPNIFTY25OCT13200CE,59.95,27096.0,Monitoring
2025-09-26,15:15:00,HOLD,MIDCPNIFTY25OCT13200CE,57.25,27420.0,Monitoring
2025-09-26,15:20:00,HOLD,MIDCPNIFTY25OCT13200CE,57.5,27390.0,Monitoring
2025-09-26,15:25:00,HOLD,MIDCPNIFTY25OCT13200CE,58.9,27222.0,Monitoring
2025-09-29,09:15:00,HOLD,MIDCPNIFTY25OCT13200CE,61.9,26862.0,Monitoring
2025-09-29,09:20:00,HOLD,MIDCPNIFTY25OCT13200CE,64.0,26610.0,Monitoring
2025-09-29,09:25:00,HOLD,MIDCPNIFTY25OCT13200CE,68.0,26130.0,Monitoring
2025-09-29,09:30:00,HOLD,MIDCPNIFTY25OCT13200CE,72.05,25644.0,Monitoring
2025-09-29,09:35:00,HOLD,MIDCPNIFTY25OCT13200CE,70.7,25806.0,Monitoring
2025-09-29,09:40:00,HOLD,MIDCPNIFTY25OCT13200CE,70.6,25818.0,Monitoring
2025-09-29,09:45:00,HOLD,MIDCPNIFTY25OCT13200CE,70.0,25890.0,Monitoring
2025-09-29,09:50:00,HOLD,MIDCPNIFTY25OCT13200CE,74.0,25410.0,Monitoring
2025-09-29,09:55:00,HOLD,MIDCPNIFTY25OCT13200CE,71.2,25746.0,Monitoring
2025-09-29,10:00:00,HOLD,MIDCPNIFTY25OCT13200CE,71.6,25698.0,Monitoring
2025-09-29,10:05:00,HOLD,MIDCPNIFTY25OCT13200CE,71.0,25770.0,Monitoring
2025-09-29,10:10:00,HOLD,MIDCPNIFTY25OCT13200CE,69.0,26010.0,Monitoring
2025-09-29,10:15:00,HOLD,MIDCPNIFTY25OCT13200CE,70.0,25890.0,Monitoring
2025-09-29,10:20:00,HOLD,MIDCPNIFTY25OCT13200CE,70.1,25878.0,Monitoring
2025-09-29,10:25:00,HOLD,MIDCPNIFTY25OCT13200CE,70.1,25878.0,Monitoring
2025-09-29,10:30:00,HOLD,MIDCPNIFTY25OCT13200CE,72.0,25650.0,Monitoring
2025-09-29,10:35:00,HOLD,MIDCPNIFTY25OCT13200CE,70.05,25884.0,Monitoring
2025-09-29,10:40:00,HOLD,MIDCPNIFTY25OCT13200CE,69.05,26004.0,Monitoring
2025-09-29,10:45:00,HOLD,MIDCPNIFTY25OCT13200CE,68.0,26130.0,Monitoring
2025-09-29,10:50:00,HOLD,MIDCPNIFTY25OCT13200CE,68.0,26130.0,Monitoring
2025-09-29,10:55:00,HOLD,MIDCPNIFTY25OCT13200CE,66.7,26286.0,Monitoring
2025-09-29,11:00:00,HOLD,MIDCPNIFTY25OCT13200CE,68.35,26088.0,Monitoring
2025-09-29,11:05:00,HOLD,MIDCPNIFTY25OCT13200CE,69.85,25908.0,Monitoring
2025-09-29,11:10:00,HOLD,MIDCPNIFTY25OCT13200CE,69.85,25908.0,Monitoring
2025-09-29,11:15:00,HOLD,MIDCPNIFTY25OCT13200CE,69.85,25908.0,Monitoring
2025-09-29,11:20:00,HOLD,MIDCPNIFTY25OCT13200CE,69.0,26010.0,Monitoring
2025-09-29,11:25:00,HOLD,MIDCPNIFTY25OCT13200CE,65.85,26388.0,Monitoring
2025-09-29,11:30:00,HOLD,MIDCPNIFTY25OCT13200CE,65.0,26490.0,Monitoring
2025-09-29,11:35:00,HOLD,MIDCPNIFTY25OCT13200CE,58.95,27216.0,Monitoring
2025-09-29,11:40:00,HOLD,MIDCPNIFTY25OCT13200CE,58.15,27312.0,Monitoring
2025-09-29,11:45:00,HOLD,MIDCPNIFTY25OCT13200CE,58.7,27246.0,Monitoring
2025-09-29,11:50:00,HOLD,MIDCPNIFTY25OCT13200CE,60.0,27090.0,Monitoring
2025-09-29,11:55:00,HOLD,MIDCPNIFTY25OCT13200CE,60.0,27090.0,Monitoring
2025-09-29,12:00:00,HOLD,MIDCPNIFTY25OCT13200CE,59.1,27198.0,Monitoring
2025-09-29,12:05:00,HOLD,MIDCPNIFTY25OCT13200CE,59.1,27198.0,Monitoring
2025-09-29,12:10:00,HOLD,MIDCPNIFTY25OCT13200CE,59.8,27114.0,Monitoring
2025-09-29,12:15:00,HOLD,MIDCPNIFTY25OCT13200CE,58.5,27270.0,Monitoring
2025-09-29,12:20:00,HOLD,MIDCPNIFTY25OCT13200CE,58.5,27270.0,Monitoring
2025-09-29,12:25:00,HOLD,MIDCPNIFTY25OCT13200CE,60.0,27090.0,Monitoring
2025-09-29,12:30:00,HOLD,MIDCPNIFTY25OCT13200CE,61.0,26970.0,Monitoring
2025-09-29,12:35:00,HOLD,MIDCPNIFTY25OCT13200CE,58.9,27222.0,Monitoring
2025-09-29,12:40:00,HOLD,MIDCPNIFTY25OCT13200CE,56.45,27516.0,Monitoring
2025-09-29,12:45:00,HOLD,MIDCPNIFTY25OCT13200CE,58.35,27288.0,Monitoring
2025-09-29,12:50:00,HOLD,MIDCPNIFTY25OCT13200CE,57.55,27384.0,Monitoring
2025-09-29,12:55:00,HOLD,MIDCPNIFTY25OCT13200CE,61.0,26970.0,Monitoring
2025-09-29,13:00:00,HOLD,MIDCPNIFTY25OCT13200CE,61.0,26970.0,Monitoring
2025-09-29,13:05:00,HOLD,MIDCPNIFTY25OCT13200CE,61.55,26904.0,Monitoring
2025-09-29,13:10:00,HOLD,MIDCPNIFTY25OCT13200CE,62.75,26760.0,Monitoring
2025-09-29,13:15:00,HOLD,MIDCPNIFTY25OCT13200CE,60.5,27030.0,Monitoring
2025-09-29,13:20:00,HOLD,MIDCPNIFTY25OCT13200CE,61.45,26916.0,Monitoring
2025-09-29,13:25:00,HOLD,MIDCPNIFTY25OCT13200CE,62.75,26760.0,Monitoring
2025-09-29,13:30:00,HOLD,MIDCPNIFTY25OCT13200CE,63.0,26730.0,Monitoring
2025-09-29,13:35:00,HOLD,MIDCPNIFTY25OCT13200CE,63.55,26664.0,Monitoring
2025-09-29,13:40:00,HOLD,MIDCPNIFTY25OCT13200CE,60.5,27030.0,Monitoring
2025-09-29,13:45:00,HOLD,MIDCPNIFTY25OCT13200CE,61.35,26928.0,Monitoring
2025-09-29,13:50:00,HOLD,MIDCPNIFTY25OCT13200CE,64.0,26610.0,Monitoring
2025-09-29,13:55:00,HOLD,MIDCPNIFTY25OCT13200CE,64.9,26502.0,Monitoring
2025-09-29,14:00:00,HOLD,MIDCPNIFTY25OCT13200CE,67.0,26250.0,Monitoring
2025-09-29,14:05:00,HOLD,MIDCPNIFTY25OCT13200CE,66.9,26262.0,Monitoring
2025-09-29,14:10:00,HOLD,MIDCPNIFTY25OCT13200CE,67.95,26136.0,Monitoring
2025-09-29,14:15:00,HOLD,MIDCPNIFTY25OCT13200CE,67.95,26136.0,Monitoring
2025-09-29,14:20:00,HOLD,MIDCPNIFTY25OCT13200CE,69.0,26010.0,Monitoring
2025-09-29,14:25:00,HOLD,MIDCPNIFTY25OCT13200CE,69.0,26010.0,Monitoring
2025-09-29,14:30:00,HOLD,MIDCPNIFTY25OCT13200CE,67.3,26214.0,Monitoring
2025-09-29,14:35:00,HOLD,MIDCPNIFTY25OCT13200CE,67.3,26214.0,Monitoring
2025-09-29,14:40:00,HOLD,MIDCPNIFTY25OCT13200CE,63.0,26730.0,Monitoring
2025-09-29,14:45:00,HOLD,MIDCPNIFTY25OCT13200CE,61.0,26970.0,Monitoring
2025-09-29,14:50:00,HOLD,MIDCPNIFTY25OCT13200CE,61.0,26970.0,Monitoring
2025-09-29,14:55:00,HOLD,MIDCPNIFTY25OCT13200CE,61.0,26970.0,Monitoring
2025-09-29,15:00:00,HOLD,MIDCPNIFTY25OCT13200CE,60.0,27090.0,Monitoring
2025-09-29,15:05:00,HOLD,MIDCPNIFTY25OCT13200CE,59.05,27204.0,Monitoring
2025-09-29,15:10:00,HOLD,MIDCPNIFTY25OCT13200CE,58.4,27282.0,Monitoring
2025-09-29,15:15:00,HOLD,MIDCPNIFTY25OCT13200CE,58.7,27246.0,Monitoring
2025-09-29,15:20:00,HOLD,MIDCPNIFTY25OCT13200CE,58.0,27330.0,Monitoring
2025-09-29,15:25:00,HOLD,MIDCPNIFTY25OCT13200CE,62.0,26850.0,Monitoring
2025-09-30,09:15:00,HOLD,MIDCPNIFTY25OCT13200CE,61.95,26856.0,Monitoring
2025-09-30,09:20:00,HOLD,MIDCPNIFTY25OCT13200CE,62.9,26742.0,Monitoring
2025-09-30,09:25:00,HOLD,MIDCPNIFTY25OCT13200CE,59.95,27096.0,Monitoring
2025-09-30,09:30:00,HOLD,MIDCPNIFTY25OCT13200CE,59.0,27210.0,Monitoring
2025-09-30,09:35:00,HOLD,MIDCPNIFTY25OCT13200CE,56.25,27540.0,Monitoring
2025-09-30,09:40:00,HOLD,MIDCPNIFTY25OCT13200CE,57.95,27336.0,Monitoring
2025-09-30,09:45:00,HOLD,MIDCPNIFTY25OCT13200CE,57.4,27402.0,Monitoring
2025-09-30,09:50:00,HOLD,MIDCPNIFTY25OCT13200CE,58.45,27276.0,Monitoring
2025-09-30,09:55:00,HOLD,MIDCPNIFTY25OCT13200CE,59.65,27132.0,Monitoring
2025-09-30,10:00:00,HOLD,MIDCPNIFTY25OCT13200CE,60.2,27066.0,Monitoring
2025-09-30,10:05:00,HOLD,MIDCPNIFTY25OCT13200CE,61.35,26928.0,Monitoring
2025-09-30,10:10:00,HOLD,MIDCPNIFTY25OCT13200CE,56.2,27546.0,Monitoring
2025-09-30,10:15:00,HOLD,MIDCPNIFTY25OCT13200CE,56.0,27570.0,Monitoring
2025-09-30,10:20:00,HOLD,MIDCPNIFTY25OCT13200CE,57.0,27450.0,Monitoring
2025-09-30,10:25:00,HOLD,MIDCPNIFTY25OCT13200CE,55.0,27690.0,Monitoring
2025-09-30,10:30:00,HOLD,MIDCPNIFTY25OCT13200CE,55.0,27690.0,Monitoring
2025-09-30,10:35:00,HOLD,MIDCPNIFTY25OCT13200CE,56.95,27456.0,Monitoring
2025-09-30,10:40:00,HOLD,MIDCPNIFTY25OCT13200CE,56.9,27462.0,Monitoring
2025-09-30,10:45:00,HOLD,MIDCPNIFTY25OCT13200CE,56.1,27558.0,Monitoring
2025-09-30,10:50:00,HOLD,MIDCPNIFTY25OCT13200CE,56.1,27558.0,Monitoring
2025-09-30,10:55:00,HOLD,MIDCPNIFTY25OCT13200CE,58.3,27294.0,Monitoring
2025-09-30,11:00:00,HOLD,MIDCPNIFTY25OCT13200CE,58.95,27216.0,Monitoring
2025-09-30,11:05:00,HOLD,MIDCPNIFTY25OCT13200CE,58.85,27228.0,Monitoring
2025-09-30,11:10:00,HOLD,MIDCPNIFTY25OCT13200CE,59.0,27210.0,Monitoring
2025-09-30,11:15:00,HOLD,MIDCPNIFTY25OCT13200CE,59.95,27096.0,Monitoring
2025-09-30,11:20:00,HOLD,MIDCPNIFTY25OCT13200CE,59.75,27120.0,Monitoring
2025-09-30,11:25:00,HOLD,MIDCPNIFTY25OCT13200CE,57.4,27402.0,Monitoring
2025-09-30,11:30:00,HOLD,MIDCPNIFTY25OCT13200CE,58.8,27234.0,Monitoring
2025-09-30,11:35:00,HOLD,MIDCPNIFTY25OCT13200CE,58.9,27222.0,Monitoring
2025-09-30,11:40:00,HOLD,MIDCPNIFTY25OCT13200CE,58.85,27228.0,Monitoring
2025-09-30,11:45:00,HOLD,MIDCPNIFTY25OCT13200CE,59.65,27132.0,Monitoring
2025-09-30,11:50:00,HOLD,MIDCPNIFTY25OCT13200CE,58.35,27288.0,Monitoring
2025-09-30,11:55:00,HOLD,MIDCPNIFTY25OCT13200CE,57.05,27444.0,Monitoring
2025-09-30,12:00:00,HOLD,MIDCPNIFTY25OCT13200CE,57.05,27444.0,Monitoring
2025-09-30,12:05:00,HOLD,MIDCPNIFTY25OCT13200CE,58.35,27288.0,Monitoring
2025-09-30,12:10:00,HOLD,MIDCPNIFTY25OCT13200CE,58.35,27288.0,Monitoring
2025-09-30,12:15:00,HOLD,MIDCPNIFTY25OCT13200CE,58.2,27306.0,Monitoring
2025-09-30,12:20:00,HOLD,MIDCPNIFTY25OCT13200CE,59.9,27102.0,Monitoring
2025-09-30,12:25:00,HOLD,MIDCPNIFTY25OCT13200CE,58.0,27330.0,Monitoring
2025-09-30,12:30:00,HOLD,MIDCPNIFTY25OCT13200CE,59.8,27114.0,Monitoring
2025-09-30,12:35:00,HOLD,MIDCPNIFTY25OCT13200CE,58.05,27324.0,Monitoring
2025-09-30,12:40:00,HOLD,MIDCPNIFTY25OCT13200CE,58.95,27216.0,Monitoring
2025-09-30,12:45:00,HOLD,MIDCPNIFTY25OCT13200CE,58.95,27216.0,Monitoring
2025-09-30,12:50:00,HOLD,MIDCPNIFTY25OCT13200CE,58.95,27216.0,Monitoring
2025-09-30,12:55:00,HOLD,MIDCPNIFTY25OCT13200CE,56.3,27534.0,Monitoring
2025-09-30,13:00:00,HOLD,MIDCPNIFTY25OCT13200CE,58.0,27330.0,Monitoring
2025-09-30,13:05:00,HOLD,MIDCPNIFTY25OCT13200CE,57.9,27342.0,Monitoring
2025-09-30,13:10:00,HOLD,MIDCPNIFTY25OCT13200CE,57.1,27438.0,Monitoring
2025-09-30,13:15:00,HOLD,MIDCPNIFTY25OCT13200CE,57.05,27444.0,Monitoring
2025-09-30,13:20:00,HOLD,MIDCPNIFTY25OCT13200CE,57.3,27414.0,Monitoring
2025-09-30,13:25:00,HOLD,MIDCPNIFTY25OCT13200CE,55.5,27630.0,Monitoring
2025-09-30,13:30:00,HOLD,MIDCPNIFTY25OCT13200CE,55.0,27690.0,Monitoring
2025-09-30,13:35:00,HOLD,MIDCPNIFTY25OCT13200CE,55.0,27690.0,Monitoring
2025-09-30,13:40:00,HOLD,MIDCPNIFTY25OCT13200CE,53.95,27816.0,Monitoring
2025-09-30,13:45:00,HOLD,MIDCPNIFTY25OCT13200CE,54.0,27810.0,Monitoring
2025-09-30,13:50:00,HOLD,MIDCPNIFTY25OCT13200CE,54.95,27696.0,Monitoring
2025-09-30,13:55:00,HOLD,MIDCPNIFTY25OCT13200CE,54.3,27774.0,Monitoring
2025-09-30,14:00:00,HOLD,MIDCPNIFTY25OCT13200CE,52.55,27984.0,Monitoring
2025-09-30,14:05:00,HOLD,MIDCPNIFTY25OCT13200CE,52.7,27966.0,Monitoring
2025-09-30,14:10:00,HOLD,MIDCPNIFTY25OCT13200CE,52.15,28032.0,Monitoring
2025-09-30,14:15:00,HOLD,MIDCPNIFTY25OCT13200CE,50.3,28254.0,Monitoring
2025-09-30,14:20:00,HOLD,MIDCPNIFTY25OCT13200CE,49.7,28326.0,Monitoring
2025-09-30,14:25:00,HOLD,MIDCPNIFTY25OCT13200CE,53.2,27906.0,Monitoring
2025-09-30,14:30:00,HOLD,MIDCPNIFTY25OCT13200CE,52.0,28050.0,Monitoring
2025-09-30,14:35:00,HOLD,MIDCPNIFTY25OCT13200CE,52.7,27966.0,Monitoring
2025-09-30,14:40:00,HOLD,MIDCPNIFTY25OCT13200CE,54.0,27810.0,Monitoring
2025-09-30,14:45:00,HOLD,MIDCPNIFTY25OCT13200CE,55.45,27636.0,Monitoring
2025-09-30,14:50:00,HOLD,MIDCPNIFTY25OCT13200CE,55.0,27690.0,Monitoring
2025-09-30,14:55:00,HOLD,MIDCPNIFTY25OCT13200CE,58.35,27288.0,Monitoring
2025-09-30,15:00:00,HOLD,MIDCPNIFTY25OCT13200CE,53.35,27888.0,Monitoring
2025-09-30,15:05:00,HOLD,MIDCPNIFTY25OCT13200CE,54.8,27714.0,Monitoring
2025-09-30,15:10:00,HOLD,MIDCPNIFTY25OCT13200CE,52.35,28008.0,Monitoring
2025-09-30,15:15:00,HOLD,MIDCPNIFTY25OCT13200CE,51.45,28116.0,Monitoring
2025-09-30,15:20:00,HOLD,MIDCPNIFTY25OCT13200CE,52.85,27948.0,Monitoring
2025-09-30,15:25:00,HOLD,MIDCPNIFTY25OCT13200CE,54.9,27702.0,Monitoring
2025-10-01,09:15:00,HOLD,MIDCPNIFTY25OCT13200CE,59.25,27180.0,Monitoring
2025-10-01,09:20:00,HOLD,MIDCPNIFTY25OCT13200CE,58.15,27312.0,Monitoring
2025-10-01,09:25:00,HOLD,MIDCPNIFTY25OCT13200CE,59.85,27108.0,Monitoring
2025-10-01,09:30:00,HOLD,MIDCPNIFTY25OCT13200CE,61.65,26892.0,Monitoring
2025-10-01,09:35:00,HOLD,MIDCPNIFTY25OCT13200CE,60.55,27024.0,Monitoring
2025-10-01,09:40:00,HOLD,MIDCPNIFTY25OCT13200CE,60.5,27030.0,Monitoring
2025-10-01,09:45:00,HOLD,MIDCPNIFTY25OCT13200CE,62.75,26760.0,Monitoring
2025-10-01,09:50:00,HOLD,MIDCPNIFTY25OCT13200CE,57.55,27384.0,Monitoring
2025-10-01,09:55:00,HOLD,MIDCPNIFTY25OCT13200CE,56.6,27498.0,Monitoring
2025-10-01,10:00:00,HOLD,MIDCPNIFTY25OCT13200CE,51.0,28170.0,Monitoring
2025-10-01,10:05:00,HOLD,MIDCPNIFTY25OCT13200CE,53.95,27816.0,Monitoring
2025-10-01,10:10:00,HOLD,MIDCPNIFTY25OCT13200CE,55.55,27624.0,Monitoring
2025-10-01,10:15:00,HOLD,MIDCPNIFTY25OCT13200CE,54.6,27738.0,Monitoring
2025-10-01,10:20:00,HOLD,MIDCPNIFTY25OCT13200CE,56.1,27558.0,Monitoring
2025-10-01,10:25:00,HOLD,MIDCPNIFTY25OCT13200CE,55.05,27684.0,Monitoring
2025-10-01,10:30:00,HOLD,MIDCPNIFTY25OCT13200CE,52.45,27996.0,Monitoring
2025-10-01,10:35:00,HOLD,MIDCPNIFTY25OCT13200CE,50.85,28188.0,Monitoring
2025-10-01,10:40:00,HOLD,MIDCPNIFTY25OCT13200CE,48.4,28482.0,Monitoring
2025-10-01,10:45:00,HOLD,MIDCPNIFTY25OCT13200CE,47.05,28644.0,Monitoring
2025-10-01,10:50:00,HOLD,MIDCPNIFTY25OCT13200CE,47.6,28578.0,Monitoring
2025-10-01,10:55:00,HOLD,MIDCPNIFTY25OCT13200CE,47.75,28560.0,Monitoring
2025-10-01,11:00:00,HOLD,MIDCPNIFTY25OCT13200CE,46.65,28692.0,Monitoring
2025-10-01,11:05:00,HOLD,MIDCPNIFTY25OCT13200CE,46.75,28680.0,Monitoring
2025-10-01,11:10:00,HOLD,MIDCPNIFTY25OCT13200CE,49.65,28332.0,Monitoring
2025-10-01,11:15:00,HOLD,MIDCPNIFTY25OCT13200CE,52.5,27990.0,Monitoring
2025-10-01,11:20:00,HOLD,MIDCPNIFTY25OCT13200CE,51.75,28080.0,Monitoring
2025-10-01,11:25:00,HOLD,MIDCPNIFTY25OCT13200CE,51.7,28086.0,Monitoring
2025-10-01,11:30:00,HOLD,MIDCPNIFTY25OCT13200CE,52.95,27936.0,Monitoring
2025-10-01,11:35:00,HOLD,MIDCPNIFTY25OCT13200CE,54.3,27774.0,Monitoring
2025-10-01,11:40:00,HOLD,MIDCPNIFTY25OCT13200CE,55.45,27636.0,Monitoring
2025-10-01,11:45:00,HOLD,MIDCPNIFTY25OCT13200CE,55.35,27648.0,Monitoring
2025-10-01,11:50:00,HOLD,MIDCPNIFTY25OCT13200CE,56.75,27480.0,Monitoring
2025-10-01,11:55:00,HOLD,MIDCPNIFTY25OCT13200CE,59.45,27156.0,Monitoring
2025-10-01,12:00:00,HOLD,MIDCPNIFTY25OCT13200CE,61.45,26916.0,Monitoring
2025-10-01,12:05:00,HOLD,MIDCPNIFTY25OCT13200CE,68.25,26100.0,Monitoring
2025-10-01,12:10:00,HOLD,MIDCPNIFTY25OCT13200CE,67.9,26142.0,Monitoring
2025-10-01,12:10:00,BUY_EXIT,MIDCPNIFTY25OCT13200CE,67.9,26142.0,EMA_REVERSAL_SL
