Date,Time,Event,Ticker,Price,PnL_INR,Info
2025-09-11,14:00:00,SELL_ENTRY,MIDCPNIFTY25SEP13100CE,146.55,0.0,Signal CE | Short
2025-09-11,14:05:00,HOLD,MIDCPNIFTY25SEP13100CE,148.15,-192.0,Monitoring
2025-09-11,14:10:00,HOLD,MIDCPNIFTY25SEP13100CE,150.85,-516.0,Monitoring
2025-09-11,14:15:00,HOLD,MIDCPNIFTY25SEP13100CE,147.25,-84.0,Monitoring
2025-09-11,14:20:00,HOLD,MIDCPNIFTY25SEP13100CE,149.45,-348.0,Monitoring
2025-09-11,14:25:00,HOLD,MIDCPNIFTY25SEP13100CE,149.75,-384.0,Monitoring
2025-09-11,14:30:00,HOLD,MIDCPNIFTY25SEP13100CE,149.45,-348.0,Monitoring
2025-09-11,14:35:00,HOLD,MIDCPNIFTY25SEP13100CE,157.75,-1344.0,Monitoring
2025-09-11,14:40:00,HOLD,MIDCPNIFTY25SEP13100CE,155.7,-1098.0,Monitoring
2025-09-11,14:45:00,HOLD,MIDCPNIFTY25SEP13100CE,152.0,-654.0,Monitoring
2025-09-11,14:50:00,HOLD,MIDCPNIFTY25SEP13100CE,154.15,-912.0,Monitoring
2025-09-11,14:55:00,HOLD,MIDCPNIFTY25SEP13100CE,155.0,-1014.0,Monitoring
2025-09-11,15:00:00,HOLD,MIDCPNIFTY25SEP13100CE,151.9,-642.0,Monitoring
2025-09-11,15:05:00,HOLD,MIDCPNIFTY25SEP13100CE,151.45,-588.0,Monitoring
2025-09-11,15:10:00,HOLD,MIDCPNIFTY25SEP13100CE,152.0,-654.0,Monitoring
2025-09-11,15:15:00,HOLD,MIDCPNIFTY25SEP13100CE,157.05,-1260.0,Monitoring
2025-09-11,15:20:00,HOLD,MIDCPNIFTY25SEP13100CE,157.35,-1296.0,Monitoring
2025-09-11,15:25:00,HOLD,MIDCPNIFTY25SEP13100CE,160.0,-1614.0,Monitoring
2025-09-12,09:15:00,HOLD,MIDCPNIFTY25SEP13100CE,171.3,-2970.0,Monitoring
2025-09-12,09:20:00,HOLD,MIDCPNIFTY25SEP13100CE,175.15,-3432.0,Monitoring
2025-09-12,09:25:00,HOLD,MIDCPNIFTY25SEP13100CE,179.2,-3918.0,Monitoring
2025-09-12,09:30:00,HOLD,MIDCPNIFTY25SEP13100CE,177.0,-3654.0,Monitoring
2025-09-12,09:30:00,BUY_EXIT,MIDCPNIFTY25SEP13100CE,177.0,-3654.0,EMA_REVERSAL_SL
