Date,Time,Event,Ticker,Price,PnL_INR,Info
2024-09-05,14:00:00,SELL_ENTRY,MIDCPNIFTY24SEP13200PE,204.2,0.0,Signal PE | Short
2024-09-05,14:05:00,HOLD,MIDCPNIFTY24SEP13200PE,200.05,498.0,Monitoring
2024-09-05,14:10:00,HOLD,MIDCPNIFTY24SEP13200PE,200.05,498.0,Monitoring
2024-09-05,14:15:00,HOLD,MIDCPNIFTY24SEP13200PE,205.0,-96.0,Monitoring
2024-09-05,14:20:00,HOLD,MIDCPNIFTY24SEP13200PE,205.0,-96.0,Monitoring
2024-09-05,14:25:00,HOLD,MIDCPNIFTY24SEP13200PE,205.0,-96.0,Monitoring
2024-09-05,14:30:00,HOLD,MIDCPNIFTY24SEP13200PE,205.0,-96.0,Monitoring
2024-09-05,14:35:00,HOLD,MIDCPNIFTY24SEP13200PE,205.0,-96.0,Monitoring
2024-09-05,14:40:00,HOLD,MIDCPNIFTY24SEP13200PE,205.0,-96.0,Monitoring
2024-09-05,14:45:00,HOLD,MIDCPNIFTY24SEP13200PE,205.0,-96.0,Monitoring
2024-09-05,14:50:00,HOLD,MIDCPNIFTY24SEP13200PE,206.0,-216.0,Monitoring
2024-09-05,14:55:00,HOLD,MIDCPNIFTY24SEP13200PE,206.0,-216.0,Monitoring
2024-09-05,15:00:00,HOLD,MIDCPNIFTY24SEP13200PE,206.0,-216.0,Monitoring
2024-09-05,15:05:00,HOLD,MIDCPNIFTY24SEP13200PE,206.0,-216.0,Monitoring
2024-09-05,15:10:00,HOLD,MIDCPNIFTY24SEP13200PE,201.05,378.0,Monitoring
2024-09-05,15:15:00,HOLD,MIDCPNIFTY24SEP13200PE,201.05,378.0,Monitoring
2024-09-05,15:20:00,HOLD,MIDCPNIFTY24SEP13200PE,201.0,384.0,Monitoring
2024-09-05,15:25:00,HOLD,MIDCPNIFTY24SEP13200PE,201.0,384.0,Monitoring
2024-09-06,09:15:00,HOLD,MIDCPNIFTY24SEP13200PE,201.0,384.0,Monitoring
2024-09-06,09:20:00,HOLD,MIDCPNIFTY24SEP13200PE,201.0,384.0,Monitoring
2024-09-06,09:25:00,HOLD,MIDCPNIFTY24SEP13200PE,201.0,384.0,Monitoring
2024-09-06,09:30:00,HOLD,MIDCPNIFTY24SEP13200PE,201.0,384.0,Monitoring
2024-09-06,09:35:00,HOLD,MIDCPNIFTY24SEP13200PE,201.0,384.0,Monitoring
2024-09-06,09:40:00,HOLD,MIDCPNIFTY24SEP13200PE,223.9,-2364.0,Monitoring
2024-09-06,09:45:00,HOLD,MIDCPNIFTY24SEP13200PE,225.0,-2496.0,Monitoring
2024-09-06,09:50:00,HOLD,MIDCPNIFTY24SEP13200PE,242.65,-4614.0,Monitoring
2024-09-06,09:55:00,HOLD,MIDCPNIFTY24SEP13200PE,242.65,-4614.0,Monitoring
2024-09-06,10:00:00,HOLD,MIDCPNIFTY24SEP13200PE,243.0,-4656.0,Monitoring
2024-09-06,10:00:00,BUY_EXIT,MIDCPNIFTY24SEP13200PE,243.0,-4656.0,EMA_REVERSAL_SL
