Date,Time,Event,Ticker,Price,PnL_INR,Info
2025-11-04,14:00:00,SELL_ENTRY,MIDCPNIFTY25NOV13600CE,188.5,0.0,Signal CE | Short
2025-11-04,14:05:00,HOLD,MIDCPNIFTY25NOV13600CE,187.7,96.0,Monitoring
2025-11-04,14:10:00,HOLD,MIDCPNIFTY25NOV13600CE,179.2,1116.0,Monitoring
2025-11-04,14:15:00,HOLD,MIDCPNIFTY25NOV13600CE,174.85,1638.0,Monitoring
2025-11-04,14:20:00,HOLD,MIDCPNIFTY25NOV13600CE,179.0,1140.0,Monitoring
2025-11-04,14:25:00,HOLD,MIDCPNIFTY25NOV13600CE,180.65,942.0,Monitoring
2025-11-04,14:30:00,HOLD,MIDCPNIFTY25NOV13600CE,184.7,456.0,Monitoring
2025-11-04,14:35:00,HOLD,MIDCPNIFTY25NOV13600CE,185.45,366.0,Monitoring
2025-11-04,14:40:00,HOLD,MIDCPNIFTY25NOV13600CE,184.45,486.0,Monitoring
2025-11-04,14:45:00,HOLD,MIDCPNIFTY25NOV13600CE,181.2,876.0,Monitoring
2025-11-04,14:50:00,HOLD,MIDCPNIFTY25NOV13600CE,178.2,1236.0,Monitoring
2025-11-04,14:55:00,HOLD,MIDCPNIFTY25NOV13600CE,178.9,1152.0,Monitoring
2025-11-04,15:00:00,HOLD,MIDCPNIFTY25NOV13600CE,181.1,888.0,Monitoring
2025-11-04,15:05:00,HOLD,MIDCPNIFTY25NOV13600CE,174.75,1650.0,Monitoring
2025-11-04,15:10:00,HOLD,MIDCPNIFTY25NOV13600CE,176.0,1500.0,Monitoring
2025-11-04,15:15:00,HOLD,MIDCPNIFTY25NOV13600CE,175.3,1584.0,Monitoring
2025-11-04,15:20:00,HOLD,MIDCPNIFTY25NOV13600CE,176.0,1500.0,Monitoring
2025-11-04,15:25:00,HOLD,MIDCPNIFTY25NOV13600CE,179.0,1140.0,Monitoring
2025-11-06,09:15:00,HOLD,MIDCPNIFTY25NOV13600CE,181.0,900.0,Monitoring
2025-11-06,09:20:00,HOLD,MIDCPNIFTY25NOV13600CE,175.0,1620.0,Monitoring
2025-11-06,09:25:00,HOLD,MIDCPNIFTY25NOV13600CE,175.4,1572.0,Monitoring
2025-11-06,09:30:00,HOLD,MIDCPNIFTY25NOV13600CE,175.0,1620.0,Monitoring
2025-11-06,09:35:00,HOLD,MIDCPNIFTY25NOV13600CE,180.4,972.0,Monitoring
2025-11-06,09:40:00,HOLD,MIDCPNIFTY25NOV13600CE,176.0,1500.0,Monitoring
2025-11-06,09:45:00,HOLD,MIDCPNIFTY25NOV13600CE,165.4,2772.0,Monitoring
2025-11-06,09:50:00,HOLD,MIDCPNIFTY25NOV13600CE,172.35,1938.0,Monitoring
2025-11-06,09:55:00,HOLD,MIDCPNIFTY25NOV13600CE,166.35,2658.0,Monitoring
2025-11-06,10:00:00,HOLD,MIDCPNIFTY25NOV13600CE,169.25,2310.0,Monitoring
2025-11-06,10:05:00,HOLD,MIDCPNIFTY25NOV13600CE,156.45,3846.0,Monitoring
2025-11-06,10:10:00,HOLD,MIDCPNIFTY25NOV13600CE,149.2,4716.0,Monitoring
2025-11-06,10:15:00,HOLD,MIDCPNIFTY25NOV13600CE,139.55,5874.0,Monitoring
2025-11-06,10:20:00,HOLD,MIDCPNIFTY25NOV13600CE,134.2,6516.0,Monitoring
2025-11-06,10:25:00,HOLD,MIDCPNIFTY25NOV13600CE,135.5,6360.0,Monitoring
2025-11-06,10:30:00,HOLD,MIDCPNIFTY25NOV13600CE,135.9,6312.0,Monitoring
2025-11-06,10:35:00,HOLD,MIDCPNIFTY25NOV13600CE,134.45,6486.0,Monitoring
2025-11-06,10:40:00,HOLD,MIDCPNIFTY25NOV13600CE,136.25,6270.0,Monitoring
2025-11-06,10:45:00,HOLD,MIDCPNIFTY25NOV13600CE,137.3,6144.0,Monitoring
2025-11-06,10:50:00,HOLD,MIDCPNIFTY25NOV13600CE,143.1,5448.0,Monitoring
2025-11-06,10:55:00,HOLD,MIDCPNIFTY25NOV13600CE,145.25,5190.0,Monitoring
2025-11-06,11:00:00,HOLD,MIDCPNIFTY25NOV13600CE,145.65,5142.0,Monitoring
2025-11-06,11:05:00,HOLD,MIDCPNIFTY25NOV13600CE,137.0,6180.0,Monitoring
2025-11-06,11:10:00,HOLD,MIDCPNIFTY25NOV13600CE,132.8,6684.0,Monitoring
2025-11-06,11:15:00,HOLD,MIDCPNIFTY25NOV13600CE,128.35,7218.0,Monitoring
2025-11-06,11:20:00,HOLD,MIDCPNIFTY25NOV13600CE,122.2,7956.0,Monitoring
2025-11-06,11:25:00,HOLD,MIDCPNIFTY25NOV13600CE,125.0,7620.0,Monitoring
2025-11-06,11:30:00,HOLD,MIDCPNIFTY25NOV13600CE,120.2,8196.0,Monitoring
2025-11-06,11:35:00,HOLD,MIDCPNIFTY25NOV13600CE,119.55,8274.0,Monitoring
2025-11-06,11:40:00,HOLD,MIDCPNIFTY25NOV13600CE,119.75,8250.0,Monitoring
2025-11-06,11:45:00,HOLD,MIDCPNIFTY25NOV13600CE,126.0,7500.0,Monitoring
2025-11-06,11:50:00,HOLD,MIDCPNIFTY25NOV13600CE,125.0,7620.0,Monitoring
2025-11-06,11:55:00,HOLD,MIDCPNIFTY25NOV13600CE,127.0,7380.0,Monitoring
2025-11-06,12:00:00,HOLD,MIDCPNIFTY25NOV13600CE,126.1,7488.0,Monitoring
2025-11-06,12:05:00,HOLD,MIDCPNIFTY25NOV13600CE,122.55,7914.0,Monitoring
2025-11-06,12:10:00,HOLD,MIDCPNIFTY25NOV13600CE,119.1,8328.0,Monitoring
2025-11-06,12:15:00,HOLD,MIDCPNIFTY25NOV13600CE,117.8,8484.0,Monitoring
2025-11-06,12:20:00,HOLD,MIDCPNIFTY25NOV13600CE,119.1,8328.0,Monitoring
2025-11-06,12:25:00,HOLD,MIDCPNIFTY25NOV13600CE,116.0,8700.0,Monitoring
2025-11-06,12:30:00,HOLD,MIDCPNIFTY25NOV13600CE,120.5,8160.0,Monitoring
2025-11-06,12:35:00,HOLD,MIDCPNIFTY25NOV13600CE,124.0,7740.0,Monitoring
2025-11-06,12:40:00,HOLD,MIDCPNIFTY25NOV13600CE,128.0,7260.0,Monitoring
2025-11-06,12:45:00,HOLD,MIDCPNIFTY25NOV13600CE,132.1,6768.0,Monitoring
2025-11-06,12:50:00,HOLD,MIDCPNIFTY25NOV13600CE,139.45,5886.0,Monitoring
2025-11-06,12:55:00,HOLD,MIDCPNIFTY25NOV13600CE,137.65,6102.0,Monitoring
2025-11-06,13:00:00,HOLD,MIDCPNIFTY25NOV13600CE,138.75,5970.0,Monitoring
2025-11-06,13:05:00,HOLD,MIDCPNIFTY25NOV13600CE,133.55,6594.0,Monitoring
2025-11-06,13:10:00,HOLD,MIDCPNIFTY25NOV13600CE,131.05,6894.0,Monitoring
2025-11-06,13:15:00,HOLD,MIDCPNIFTY25NOV13600CE,129.05,7134.0,Monitoring
2025-11-06,13:20:00,HOLD,MIDCPNIFTY25NOV13600CE,133.15,6642.0,Monitoring
2025-11-06,13:25:00,HOLD,MIDCPNIFTY25NOV13600CE,128.5,7200.0,Monitoring
2025-11-06,13:30:00,HOLD,MIDCPNIFTY25NOV13600CE,124.6,7668.0,Monitoring
2025-11-06,13:35:00,HOLD,MIDCPNIFTY25NOV13600CE,123.1,7848.0,Monitoring
2025-11-06,13:40:00,HOLD,MIDCPNIFTY25NOV13600CE,121.55,8034.0,Monitoring
2025-11-06,13:45:00,HOLD,MIDCPNIFTY25NOV13600CE,118.6,8388.0,Monitoring
2025-11-06,13:50:00,HOLD,MIDCPNIFTY25NOV13600CE,117.0,8580.0,Monitoring
2025-11-06,13:55:00,HOLD,MIDCPNIFTY25NOV13600CE,119.05,8334.0,Monitoring
2025-11-06,14:00:00,HOLD,MIDCPNIFTY25NOV13600CE,123.1,7848.0,Monitoring
2025-11-06,14:05:00,HOLD,MIDCPNIFTY25NOV13600CE,125.0,7620.0,Monitoring
2025-11-06,14:10:00,HOLD,MIDCPNIFTY25NOV13600CE,127.55,7314.0,Monitoring
2025-11-06,14:15:00,HOLD,MIDCPNIFTY25NOV13600CE,125.3,7584.0,Monitoring
2025-11-06,14:20:00,HOLD,MIDCPNIFTY25NOV13600CE,126.6,7428.0,Monitoring
2025-11-06,14:25:00,HOLD,MIDCPNIFTY25NOV13600CE,127.1,7368.0,Monitoring
2025-11-06,14:30:00,HOLD,MIDCPNIFTY25NOV13600CE,131.25,6870.0,Monitoring
2025-11-06,14:35:00,HOLD,MIDCPNIFTY25NOV13600CE,130.2,6996.0,Monitoring
2025-11-06,14:40:00,HOLD,MIDCPNIFTY25NOV13600CE,133.2,6636.0,Monitoring
2025-11-06,14:45:00,HOLD,MIDCPNIFTY25NOV13600CE,133.25,6630.0,Monitoring
2025-11-06,14:50:00,HOLD,MIDCPNIFTY25NOV13600CE,129.1,7128.0,Monitoring
2025-11-06,14:55:00,HOLD,MIDCPNIFTY25NOV13600CE,127.75,7290.0,Monitoring
2025-11-06,15:00:00,HOLD,MIDCPNIFTY25NOV13600CE,118.45,8406.0,Monitoring
2025-11-06,15:05:00,HOLD,MIDCPNIFTY25NOV13600CE,117.4,8532.0,Monitoring
2025-11-06,15:10:00,HOLD,MIDCPNIFTY25NOV13600CE,117.45,8526.0,Monitoring
2025-11-06,15:15:00,HOLD,MIDCPNIFTY25NOV13600CE,119.5,8280.0,Monitoring
2025-11-06,15:20:00,HOLD,MIDCPNIFTY25NOV13600CE,115.6,8748.0,Monitoring
2025-11-06,15:25:00,HOLD,MIDCPNIFTY25NOV13600CE,110.35,9378.0,Monitoring
2025-11-07,09:15:00,HOLD,MIDCPNIFTY25NOV13600CE,93.0,11460.0,Monitoring
2025-11-07,09:20:00,HOLD,MIDCPNIFTY25NOV13600CE,77.95,13266.0,Monitoring
2025-11-07,09:25:00,HOLD,MIDCPNIFTY25NOV13600CE,80.45,12966.0,Monitoring
2025-11-07,09:30:00,HOLD,MIDCPNIFTY25NOV13600CE,74.55,13674.0,Monitoring
2025-11-07,09:35:00,HOLD,MIDCPNIFTY25NOV13600CE,79.65,13062.0,Monitoring
2025-11-07,09:40:00,HOLD,MIDCPNIFTY25NOV13600CE,87.95,12066.0,Monitoring
2025-11-07,09:45:00,HOLD,MIDCPNIFTY25NOV13600CE,95.4,11172.0,Monitoring
2025-11-07,09:50:00,HOLD,MIDCPNIFTY25NOV13600CE,90.0,11820.0,Monitoring
2025-11-07,09:55:00,HOLD,MIDCPNIFTY25NOV13600CE,85.0,12420.0,Monitoring
2025-11-07,10:00:00,HOLD,MIDCPNIFTY25NOV13600CE,86.7,12216.0,Monitoring
2025-11-07,10:05:00,HOLD,MIDCPNIFTY25NOV13600CE,89.95,11826.0,Monitoring
2025-11-07,10:10:00,HOLD,MIDCPNIFTY25NOV13600CE,90.25,11790.0,Monitoring
2025-11-07,10:15:00,HOLD,MIDCPNIFTY25NOV13600CE,93.0,11460.0,Monitoring
2025-11-07,10:20:00,HOLD,MIDCPNIFTY25NOV13600CE,105.25,9990.0,Monitoring
2025-11-07,10:25:00,HOLD,MIDCPNIFTY25NOV13600CE,100.4,10572.0,Monitoring
2025-11-07,10:30:00,HOLD,MIDCPNIFTY25NOV13600CE,104.6,10068.0,Monitoring
2025-11-07,10:35:00,HOLD,MIDCPNIFTY25NOV13600CE,112.9,9072.0,Monitoring
2025-11-07,10:40:00,HOLD,MIDCPNIFTY25NOV13600CE,113.4,9012.0,Monitoring
2025-11-07,10:45:00,HOLD,MIDCPNIFTY25NOV13600CE,116.0,8700.0,Monitoring
2025-11-07,10:50:00,HOLD,MIDCPNIFTY25NOV13600CE,108.5,9600.0,Monitoring
2025-11-07,10:55:00,HOLD,MIDCPNIFTY25NOV13600CE,103.7,10176.0,Monitoring
2025-11-07,11:00:00,HOLD,MIDCPNIFTY25NOV13600CE,104.95,10026.0,Monitoring
2025-11-07,11:05:00,HOLD,MIDCPNIFTY25NOV13600CE,97.2,10956.0,Monitoring
2025-11-07,11:10:00,HOLD,MIDCPNIFTY25NOV13600CE,106.35,9858.0,Monitoring
2025-11-07,11:15:00,HOLD,MIDCPNIFTY25NOV13600CE,109.7,9456.0,Monitoring
2025-11-07,11:20:00,HOLD,MIDCPNIFTY25NOV13600CE,111.2,9276.0,Monitoring
2025-11-07,11:25:00,HOLD,MIDCPNIFTY25NOV13600CE,110.3,9384.0,Monitoring
2025-11-07,11:30:00,HOLD,MIDCPNIFTY25NOV13600CE,115.0,8820.0,Monitoring
2025-11-07,11:35:00,HOLD,MIDCPNIFTY25NOV13600CE,112.25,9150.0,Monitoring
2025-11-07,11:40:00,HOLD,MIDCPNIFTY25NOV13600CE,112.3,9144.0,Monitoring
2025-11-07,11:45:00,HOLD,MIDCPNIFTY25NOV13600CE,105.3,9984.0,Monitoring
2025-11-07,11:50:00,HOLD,MIDCPNIFTY25NOV13600CE,103.5,10200.0,Monitoring
2025-11-07,11:55:00,HOLD,MIDCPNIFTY25NOV13600CE,105.0,10020.0,Monitoring
2025-11-07,12:00:00,HOLD,MIDCPNIFTY25NOV13600CE,107.2,9756.0,Monitoring
2025-11-07,12:05:00,HOLD,MIDCPNIFTY25NOV13600CE,102.8,10284.0,Monitoring
2025-11-07,12:10:00,HOLD,MIDCPNIFTY25NOV13600CE,106.0,9900.0,Monitoring
2025-11-07,12:15:00,HOLD,MIDCPNIFTY25NOV13600CE,109.15,9522.0,Monitoring
2025-11-07,12:20:00,HOLD,MIDCPNIFTY25NOV13600CE,105.55,9954.0,Monitoring
2025-11-07,12:25:00,HOLD,MIDCPNIFTY25NOV13600CE,107.5,9720.0,Monitoring
2025-11-07,12:30:00,HOLD,MIDCPNIFTY25NOV13600CE,114.3,8904.0,Monitoring
2025-11-07,12:35:00,HOLD,MIDCPNIFTY25NOV13600CE,116.65,8622.0,Monitoring
2025-11-07,12:40:00,HOLD,MIDCPNIFTY25NOV13600CE,126.55,7434.0,Monitoring
2025-11-07,12:45:00,HOLD,MIDCPNIFTY25NOV13600CE,128.35,7218.0,Monitoring
2025-11-07,12:50:00,HOLD,MIDCPNIFTY25NOV13600CE,128.5,7200.0,Monitoring
2025-11-07,12:55:00,HOLD,MIDCPNIFTY25NOV13600CE,130.25,6990.0,Monitoring
2025-11-07,13:00:00,HOLD,MIDCPNIFTY25NOV13600CE,126.7,7416.0,Monitoring
2025-11-07,13:00:00,BUY_EXIT,MIDCPNIFTY25NOV13600CE,126.7,7416.0,EMA_REVERSAL_SL
