Date,Time,Event,Ticker,Price,PnL_INR,Info
2024-12-19,14:25:00,SELL_ENTRY,MIDCPNIFTY24DEC12800PE,66.55,0.0,Signal PE | Short
2024-12-19,14:30:00,HOLD,MIDCPNIFTY24DEC12800PE,64.5,246.0,Monitoring
2024-12-19,14:35:00,HOLD,MIDCPNIFTY24DEC12800PE,65.8,90.0,Monitoring
2024-12-19,14:40:00,HOLD,MIDCPNIFTY24DEC12800PE,66.3,30.0,Monitoring
2024-12-19,14:45:00,HOLD,MIDCPNIFTY24DEC12800PE,65.65,108.0,Monitoring
2024-12-19,14:50:00,HOLD,MIDCPNIFTY24DEC12800PE,65.55,120.0,Monitoring
2024-12-19,14:55:00,HOLD,MIDCPNIFTY24DEC12800PE,67.2,-78.0,Monitoring
2024-12-19,15:00:00,HOLD,MIDCPNIFTY24DEC12800PE,62.1,534.0,Monitoring
2024-12-19,15:05:00,HOLD,MIDCPNIFTY24DEC12800PE,62.6,474.0,Monitoring
2024-12-19,15:10:00,HOLD,MIDCPNIFTY24DEC12800PE,64.6,234.0,Monitoring
2024-12-19,15:15:00,HOLD,MIDCPNIFTY24DEC12800PE,65.05,180.0,Monitoring
2024-12-19,15:20:00,HOLD,MIDCPNIFTY24DEC12800PE,64.4,258.0,Monitoring
2024-12-19,15:25:00,HOLD,MIDCPNIFTY24DEC12800PE,61.9,558.0,Monitoring
2024-12-20,09:15:00,HOLD,MIDCPNIFTY24DEC12800PE,57.05,1140.0,Monitoring
2024-12-20,09:20:00,HOLD,MIDCPNIFTY24DEC12800PE,58.5,966.0,Monitoring
2024-12-20,09:25:00,HOLD,MIDCPNIFTY24DEC12800PE,66.95,-48.0,Monitoring
2024-12-20,09:30:00,HOLD,MIDCPNIFTY24DEC12800PE,68.4,-222.0,Monitoring
2024-12-20,09:35:00,HOLD,MIDCPNIFTY24DEC12800PE,57.8,1050.0,Monitoring
2024-12-20,09:40:00,HOLD,MIDCPNIFTY24DEC12800PE,57.2,1122.0,Monitoring
2024-12-20,09:45:00,HOLD,MIDCPNIFTY24DEC12800PE,73.0,-774.0,Monitoring
2024-12-20,09:50:00,HOLD,MIDCPNIFTY24DEC12800PE,71.65,-612.0,Monitoring
2024-12-20,09:55:00,HOLD,MIDCPNIFTY24DEC12800PE,82.0,-1854.0,Monitoring
2024-12-20,10:00:00,HOLD,MIDCPNIFTY24DEC12800PE,89.1,-2706.0,Monitoring
2024-12-20,10:05:00,HOLD,MIDCPNIFTY24DEC12800PE,98.25,-3804.0,Monitoring
2024-12-20,10:10:00,HOLD,MIDCPNIFTY24DEC12800PE,93.9,-3282.0,Monitoring
2024-12-20,10:10:00,BUY_EXIT,MIDCPNIFTY24DEC12800PE,93.9,-3282.0,EMA_REVERSAL_SL
