Date,Time,Event,Ticker,Price,PnL_INR,Info
2025-11-17,14:00:00,SELL_ENTRY,MIDCPNIFTY25NOV13900PE,89.0,0.0,Signal PE | Short
2025-11-17,14:05:00,HOLD,MIDCPNIFTY25NOV13900PE,90.35,-162.0,Monitoring
2025-11-17,14:10:00,HOLD,MIDCPNIFTY25NOV13900PE,91.85,-342.0,Monitoring
2025-11-17,14:15:00,HOLD,MIDCPNIFTY25NOV13900PE,93.4,-528.0,Monitoring
2025-11-17,14:20:00,HOLD,MIDCPNIFTY25NOV13900PE,91.85,-342.0,Monitoring
2025-11-17,14:25:00,HOLD,MIDCPNIFTY25NOV13900PE,92.1,-372.0,Monitoring
2025-11-17,14:30:00,HOLD,MIDCPNIFTY25NOV13900PE,93.55,-546.0,Monitoring
2025-11-17,14:35:00,HOLD,MIDCPNIFTY25NOV13900PE,92.75,-450.0,Monitoring
2025-11-17,14:40:00,HOLD,MIDCPNIFTY25NOV13900PE,94.85,-702.0,Monitoring
2025-11-17,14:45:00,HOLD,MIDCPNIFTY25NOV13900PE,91.95,-354.0,Monitoring
2025-11-17,14:50:00,HOLD,MIDCPNIFTY25NOV13900PE,91.7,-324.0,Monitoring
2025-11-17,14:55:00,HOLD,MIDCPNIFTY25NOV13900PE,91.2,-264.0,Monitoring
2025-11-17,15:00:00,HOLD,MIDCPNIFTY25NOV13900PE,89.95,-114.0,Monitoring
2025-11-17,15:05:00,HOLD,MIDCPNIFTY25NOV13900PE,81.25,930.0,Monitoring
2025-11-17,15:10:00,HOLD,MIDCPNIFTY25NOV13900PE,83.9,612.0,Monitoring
2025-11-17,15:15:00,HOLD,MIDCPNIFTY25NOV13900PE,86.0,360.0,Monitoring
2025-11-17,15:20:00,HOLD,MIDCPNIFTY25NOV13900PE,85.35,438.0,Monitoring
2025-11-17,15:25:00,HOLD,MIDCPNIFTY25NOV13900PE,81.05,954.0,Monitoring
2025-11-18,09:15:00,HOLD,MIDCPNIFTY25NOV13900PE,96.85,-942.0,Monitoring
2025-11-18,09:20:00,HOLD,MIDCPNIFTY25NOV13900PE,90.95,-234.0,Monitoring
2025-11-18,09:25:00,HOLD,MIDCPNIFTY25NOV13900PE,89.8,-96.0,Monitoring
2025-11-18,09:30:00,HOLD,MIDCPNIFTY25NOV13900PE,89.2,-24.0,Monitoring
2025-11-18,09:35:00,HOLD,MIDCPNIFTY25NOV13900PE,96.05,-846.0,Monitoring
2025-11-18,09:40:00,HOLD,MIDCPNIFTY25NOV13900PE,93.85,-582.0,Monitoring
2025-11-18,09:45:00,HOLD,MIDCPNIFTY25NOV13900PE,95.35,-762.0,Monitoring
2025-11-18,09:50:00,HOLD,MIDCPNIFTY25NOV13900PE,99.0,-1200.0,Monitoring
2025-11-18,09:55:00,HOLD,MIDCPNIFTY25NOV13900PE,105.5,-1980.0,Monitoring
2025-11-18,10:00:00,HOLD,MIDCPNIFTY25NOV13900PE,100.75,-1410.0,Monitoring
2025-11-18,10:05:00,HOLD,MIDCPNIFTY25NOV13900PE,103.5,-1740.0,Monitoring
2025-11-18,10:10:00,HOLD,MIDCPNIFTY25NOV13900PE,106.8,-2136.0,Monitoring
2025-11-18,10:15:00,HOLD,MIDCPNIFTY25NOV13900PE,104.2,-1824.0,Monitoring
2025-11-18,10:20:00,HOLD,MIDCPNIFTY25NOV13900PE,104.05,-1806.0,Monitoring
2025-11-18,10:25:00,HOLD,MIDCPNIFTY25NOV13900PE,110.45,-2574.0,Monitoring
2025-11-18,10:30:00,HOLD,MIDCPNIFTY25NOV13900PE,113.0,-2880.0,Monitoring
2025-11-18,10:35:00,HOLD,MIDCPNIFTY25NOV13900PE,107.85,-2262.0,Monitoring
2025-11-18,10:40:00,HOLD,MIDCPNIFTY25NOV13900PE,103.55,-1746.0,Monitoring
2025-11-18,10:45:00,HOLD,MIDCPNIFTY25NOV13900PE,101.0,-1440.0,Monitoring
2025-11-18,10:50:00,HOLD,MIDCPNIFTY25NOV13900PE,98.9,-1188.0,Monitoring
2025-11-18,10:55:00,HOLD,MIDCPNIFTY25NOV13900PE,100.5,-1380.0,Monitoring
2025-11-18,11:00:00,HOLD,MIDCPNIFTY25NOV13900PE,101.7,-1524.0,Monitoring
2025-11-18,11:05:00,HOLD,MIDCPNIFTY25NOV13900PE,102.65,-1638.0,Monitoring
2025-11-18,11:10:00,HOLD,MIDCPNIFTY25NOV13900PE,103.2,-1704.0,Monitoring
2025-11-18,11:15:00,HOLD,MIDCPNIFTY25NOV13900PE,99.5,-1260.0,Monitoring
2025-11-18,11:20:00,HOLD,MIDCPNIFTY25NOV13900PE,97.7,-1044.0,Monitoring
2025-11-18,11:25:00,HOLD,MIDCPNIFTY25NOV13900PE,104.4,-1848.0,Monitoring
2025-11-18,11:30:00,HOLD,MIDCPNIFTY25NOV13900PE,100.5,-1380.0,Monitoring
2025-11-18,11:35:00,HOLD,MIDCPNIFTY25NOV13900PE,101.25,-1470.0,Monitoring
2025-11-18,11:40:00,HOLD,MIDCPNIFTY25NOV13900PE,96.0,-840.0,Monitoring
2025-11-18,11:45:00,HOLD,MIDCPNIFTY25NOV13900PE,92.75,-450.0,Monitoring
2025-11-18,11:50:00,HOLD,MIDCPNIFTY25NOV13900PE,91.45,-294.0,Monitoring
2025-11-18,11:55:00,HOLD,MIDCPNIFTY25NOV13900PE,90.0,-120.0,Monitoring
2025-11-18,12:00:00,HOLD,MIDCPNIFTY25NOV13900PE,89.85,-102.0,Monitoring
2025-11-18,12:05:00,HOLD,MIDCPNIFTY25NOV13900PE,91.9,-348.0,Monitoring
2025-11-18,12:10:00,HOLD,MIDCPNIFTY25NOV13900PE,97.0,-960.0,Monitoring
2025-11-18,12:15:00,HOLD,MIDCPNIFTY25NOV13900PE,100.95,-1434.0,Monitoring
2025-11-18,12:20:00,HOLD,MIDCPNIFTY25NOV13900PE,104.75,-1890.0,Monitoring
2025-11-18,12:25:00,HOLD,MIDCPNIFTY25NOV13900PE,99.65,-1278.0,Monitoring
2025-11-18,12:30:00,HOLD,MIDCPNIFTY25NOV13900PE,105.0,-1920.0,Monitoring
2025-11-18,12:35:00,HOLD,MIDCPNIFTY25NOV13900PE,105.0,-1920.0,Monitoring
2025-11-18,12:40:00,HOLD,MIDCPNIFTY25NOV13900PE,104.0,-1800.0,Monitoring
2025-11-18,12:45:00,HOLD,MIDCPNIFTY25NOV13900PE,108.65,-2358.0,Monitoring
2025-11-18,12:50:00,HOLD,MIDCPNIFTY25NOV13900PE,103.9,-1788.0,Monitoring
2025-11-18,12:55:00,HOLD,MIDCPNIFTY25NOV13900PE,105.45,-1974.0,Monitoring
2025-11-18,13:00:00,HOLD,MIDCPNIFTY25NOV13900PE,100.0,-1320.0,Monitoring
2025-11-18,13:05:00,HOLD,MIDCPNIFTY25NOV13900PE,98.95,-1194.0,Monitoring
2025-11-18,13:10:00,HOLD,MIDCPNIFTY25NOV13900PE,99.6,-1272.0,Monitoring
2025-11-18,13:15:00,HOLD,MIDCPNIFTY25NOV13900PE,95.9,-828.0,Monitoring
2025-11-18,13:20:00,HOLD,MIDCPNIFTY25NOV13900PE,93.25,-510.0,Monitoring
2025-11-18,13:25:00,HOLD,MIDCPNIFTY25NOV13900PE,91.7,-324.0,Monitoring
2025-11-18,13:30:00,HOLD,MIDCPNIFTY25NOV13900PE,90.9,-228.0,Monitoring
2025-11-18,13:35:00,HOLD,MIDCPNIFTY25NOV13900PE,90.75,-210.0,Monitoring
2025-11-18,13:40:00,HOLD,MIDCPNIFTY25NOV13900PE,91.35,-282.0,Monitoring
2025-11-18,13:45:00,HOLD,MIDCPNIFTY25NOV13900PE,95.8,-816.0,Monitoring
2025-11-18,13:50:00,HOLD,MIDCPNIFTY25NOV13900PE,93.5,-540.0,Monitoring
2025-11-18,13:55:00,HOLD,MIDCPNIFTY25NOV13900PE,91.75,-330.0,Monitoring
2025-11-18,14:00:00,HOLD,MIDCPNIFTY25NOV13900PE,89.0,0.0,Monitoring
2025-11-18,14:05:00,HOLD,MIDCPNIFTY25NOV13900PE,88.4,72.0,Monitoring
2025-11-18,14:10:00,HOLD,MIDCPNIFTY25NOV13900PE,85.45,426.0,Monitoring
2025-11-18,14:15:00,HOLD,MIDCPNIFTY25NOV13900PE,87.8,144.0,Monitoring
2025-11-18,14:20:00,HOLD,MIDCPNIFTY25NOV13900PE,87.1,228.0,Monitoring
2025-11-18,14:25:00,HOLD,MIDCPNIFTY25NOV13900PE,87.0,240.0,Monitoring
2025-11-18,14:30:00,HOLD,MIDCPNIFTY25NOV13900PE,89.4,-48.0,Monitoring
2025-11-18,14:35:00,HOLD,MIDCPNIFTY25NOV13900PE,92.3,-396.0,Monitoring
2025-11-18,14:40:00,HOLD,MIDCPNIFTY25NOV13900PE,92.0,-360.0,Monitoring
2025-11-18,14:45:00,HOLD,MIDCPNIFTY25NOV13900PE,99.3,-1236.0,Monitoring
2025-11-18,14:50:00,HOLD,MIDCPNIFTY25NOV13900PE,105.45,-1974.0,Monitoring
2025-11-18,14:55:00,HOLD,MIDCPNIFTY25NOV13900PE,102.65,-1638.0,Monitoring
2025-11-18,15:00:00,HOLD,MIDCPNIFTY25NOV13900PE,106.5,-2100.0,Monitoring
2025-11-18,15:05:00,HOLD,MIDCPNIFTY25NOV13900PE,107.85,-2262.0,Monitoring
2025-11-18,15:10:00,HOLD,MIDCPNIFTY25NOV13900PE,106.8,-2136.0,Monitoring
2025-11-18,15:15:00,HOLD,MIDCPNIFTY25NOV13900PE,106.1,-2052.0,Monitoring
2025-11-18,15:20:00,HOLD,MIDCPNIFTY25NOV13900PE,112.0,-2760.0,Monitoring
2025-11-18,15:25:00,HOLD,MIDCPNIFTY25NOV13900PE,116.65,-3318.0,Monitoring
2025-11-18,15:25:00,BUY_EXIT,MIDCPNIFTY25NOV13900PE,116.65,-3318.0,EMA_REVERSAL_SL
