Date,Time,Event,Ticker,Price,PnL_INR,Info
2025-03-28,14:00:00,SELL_ENTRY,MIDCPNIFTY25APR11700CE,177.7,0.0,Signal CE | Short
2025-03-28,14:05:00,HOLD,MIDCPNIFTY25APR11700CE,173.25,534.0,Monitoring
2025-03-28,14:10:00,HOLD,MIDCPNIFTY25APR11700CE,182.5,-576.0,Monitoring
2025-03-28,14:15:00,HOLD,MIDCPNIFTY25APR11700CE,187.25,-1146.0,Monitoring
2025-03-28,14:20:00,HOLD,MIDCPNIFTY25APR11700CE,199.25,-2586.0,Monitoring
2025-03-28,14:25:00,HOLD,MIDCPNIFTY25APR11700CE,207.5,-3576.0,Monitoring
2025-03-28,14:30:00,HOLD,MIDCPNIFTY25APR11700CE,195.65,-2154.0,Monitoring
2025-03-28,14:35:00,HOLD,MIDCPNIFTY25APR11700CE,209.5,-3816.0,Monitoring
2025-03-28,14:40:00,HOLD,MIDCPNIFTY25APR11700CE,214.4,-4404.0,Monitoring
2025-03-28,14:45:00,HOLD,MIDCPNIFTY25APR11700CE,209.0,-3756.0,Monitoring
2025-03-28,14:50:00,HOLD,MIDCPNIFTY25APR11700CE,212.7,-4200.0,Monitoring
2025-03-28,14:55:00,HOLD,MIDCPNIFTY25APR11700CE,216.2,-4620.0,Monitoring
2025-03-28,15:00:00,HOLD,MIDCPNIFTY25APR11700CE,194.5,-2016.0,Monitoring
2025-03-28,15:05:00,HOLD,MIDCPNIFTY25APR11700CE,199.75,-2646.0,Monitoring
2025-03-28,15:10:00,HOLD,MIDCPNIFTY25APR11700CE,201.1,-2808.0,Monitoring
2025-03-28,15:15:00,HOLD,MIDCPNIFTY25APR11700CE,192.5,-1776.0,Monitoring
2025-03-28,15:20:00,HOLD,MIDCPNIFTY25APR11700CE,182.0,-516.0,Monitoring
2025-03-28,15:25:00,HOLD,MIDCPNIFTY25APR11700CE,183.85,-738.0,Monitoring
2025-04-01,09:15:00,HOLD,MIDCPNIFTY25APR11700CE,181.4,-444.0,Monitoring
2025-04-01,09:20:00,HOLD,MIDCPNIFTY25APR11700CE,192.6,-1788.0,Monitoring
2025-04-01,09:25:00,HOLD,MIDCPNIFTY25APR11700CE,194.75,-2046.0,Monitoring
2025-04-01,09:30:00,HOLD,MIDCPNIFTY25APR11700CE,215.0,-4476.0,Monitoring
2025-04-01,09:35:00,HOLD,MIDCPNIFTY25APR11700CE,224.65,-5634.0,Monitoring
2025-04-01,09:40:00,HOLD,MIDCPNIFTY25APR11700CE,225.0,-5676.0,Monitoring
2025-04-01,09:45:00,HOLD,MIDCPNIFTY25APR11700CE,217.7,-4800.0,Monitoring
2025-04-01,09:50:00,HOLD,MIDCPNIFTY25APR11700CE,206.25,-3426.0,Monitoring
2025-04-01,09:55:00,HOLD,MIDCPNIFTY25APR11700CE,201.95,-2910.0,Monitoring
2025-04-01,10:00:00,HOLD,MIDCPNIFTY25APR11700CE,197.05,-2322.0,Monitoring
2025-04-01,10:05:00,HOLD,MIDCPNIFTY25APR11700CE,190.0,-1476.0,Monitoring
2025-04-01,10:10:00,HOLD,MIDCPNIFTY25APR11700CE,187.6,-1188.0,Monitoring
2025-04-01,10:15:00,HOLD,MIDCPNIFTY25APR11700CE,202.0,-2916.0,Monitoring
2025-04-01,10:20:00,HOLD,MIDCPNIFTY25APR11700CE,190.0,-1476.0,Monitoring
2025-04-01,10:25:00,HOLD,MIDCPNIFTY25APR11700CE,177.0,84.0,Monitoring
2025-04-01,10:30:00,HOLD,MIDCPNIFTY25APR11700CE,165.55,1458.0,Monitoring
2025-04-01,10:35:00,HOLD,MIDCPNIFTY25APR11700CE,175.9,216.0,Monitoring
2025-04-01,10:40:00,HOLD,MIDCPNIFTY25APR11700CE,179.8,-252.0,Monitoring
2025-04-01,10:45:00,HOLD,MIDCPNIFTY25APR11700CE,179.45,-210.0,Monitoring
2025-04-01,10:50:00,HOLD,MIDCPNIFTY25APR11700CE,178.45,-90.0,Monitoring
2025-04-01,10:55:00,HOLD,MIDCPNIFTY25APR11700CE,152.2,3060.0,Monitoring
2025-04-01,11:00:00,HOLD,MIDCPNIFTY25APR11700CE,150.0,3324.0,Monitoring
2025-04-01,11:05:00,HOLD,MIDCPNIFTY25APR11700CE,152.4,3036.0,Monitoring
2025-04-01,11:10:00,HOLD,MIDCPNIFTY25APR11700CE,151.05,3198.0,Monitoring
2025-04-01,11:15:00,HOLD,MIDCPNIFTY25APR11700CE,155.4,2676.0,Monitoring
2025-04-01,11:20:00,HOLD,MIDCPNIFTY25APR11700CE,158.25,2334.0,Monitoring
2025-04-01,11:25:00,HOLD,MIDCPNIFTY25APR11700CE,154.5,2784.0,Monitoring
2025-04-01,11:30:00,HOLD,MIDCPNIFTY25APR11700CE,142.05,4278.0,Monitoring
2025-04-01,11:35:00,HOLD,MIDCPNIFTY25APR11700CE,143.45,4110.0,Monitoring
2025-04-01,11:40:00,HOLD,MIDCPNIFTY25APR11700CE,142.9,4176.0,Monitoring
2025-04-01,11:45:00,HOLD,MIDCPNIFTY25APR11700CE,147.6,3612.0,Monitoring
2025-04-01,11:50:00,HOLD,MIDCPNIFTY25APR11700CE,147.85,3582.0,Monitoring
2025-04-01,11:55:00,HOLD,MIDCPNIFTY25APR11700CE,144.15,4026.0,Monitoring
2025-04-01,12:00:00,HOLD,MIDCPNIFTY25APR11700CE,136.5,4944.0,Monitoring
2025-04-01,12:05:00,HOLD,MIDCPNIFTY25APR11700CE,141.0,4404.0,Monitoring
2025-04-01,12:10:00,HOLD,MIDCPNIFTY25APR11700CE,150.6,3252.0,Monitoring
2025-04-01,12:15:00,HOLD,MIDCPNIFTY25APR11700CE,159.2,2220.0,Monitoring
2025-04-01,12:20:00,HOLD,MIDCPNIFTY25APR11700CE,145.9,3816.0,Monitoring
2025-04-01,12:25:00,HOLD,MIDCPNIFTY25APR11700CE,148.0,3564.0,Monitoring
2025-04-01,12:30:00,HOLD,MIDCPNIFTY25APR11700CE,150.0,3324.0,Monitoring
2025-04-01,12:35:00,HOLD,MIDCPNIFTY25APR11700CE,154.95,2730.0,Monitoring
2025-04-01,12:40:00,HOLD,MIDCPNIFTY25APR11700CE,157.05,2478.0,Monitoring
2025-04-01,12:45:00,HOLD,MIDCPNIFTY25APR11700CE,147.15,3666.0,Monitoring
2025-04-01,12:50:00,HOLD,MIDCPNIFTY25APR11700CE,143.05,4158.0,Monitoring
2025-04-01,12:55:00,HOLD,MIDCPNIFTY25APR11700CE,137.45,4830.0,Monitoring
2025-04-01,13:00:00,HOLD,MIDCPNIFTY25APR11700CE,133.6,5292.0,Monitoring
2025-04-01,13:05:00,HOLD,MIDCPNIFTY25APR11700CE,134.9,5136.0,Monitoring
2025-04-01,13:10:00,HOLD,MIDCPNIFTY25APR11700CE,138.5,4704.0,Monitoring
2025-04-01,13:15:00,HOLD,MIDCPNIFTY25APR11700CE,129.7,5760.0,Monitoring
2025-04-01,13:20:00,HOLD,MIDCPNIFTY25APR11700CE,128.35,5922.0,Monitoring
2025-04-01,13:25:00,HOLD,MIDCPNIFTY25APR11700CE,127.35,6042.0,Monitoring
2025-04-01,13:30:00,HOLD,MIDCPNIFTY25APR11700CE,131.85,5502.0,Monitoring
2025-04-01,13:35:00,HOLD,MIDCPNIFTY25APR11700CE,130.3,5688.0,Monitoring
2025-04-01,13:40:00,HOLD,MIDCPNIFTY25APR11700CE,131.65,5526.0,Monitoring
2025-04-01,13:45:00,HOLD,MIDCPNIFTY25APR11700CE,135.45,5070.0,Monitoring
2025-04-01,13:50:00,HOLD,MIDCPNIFTY25APR11700CE,138.7,4680.0,Monitoring
2025-04-01,13:55:00,HOLD,MIDCPNIFTY25APR11700CE,131.65,5526.0,Monitoring
2025-04-01,14:00:00,HOLD,MIDCPNIFTY25APR11700CE,140.0,4524.0,Monitoring
2025-04-01,14:05:00,HOLD,MIDCPNIFTY25APR11700CE,136.05,4998.0,Monitoring
2025-04-01,14:10:00,HOLD,MIDCPNIFTY25APR11700CE,135.1,5112.0,Monitoring
2025-04-01,14:15:00,HOLD,MIDCPNIFTY25APR11700CE,131.0,5604.0,Monitoring
2025-04-01,14:20:00,HOLD,MIDCPNIFTY25APR11700CE,130.05,5718.0,Monitoring
2025-04-01,14:25:00,HOLD,MIDCPNIFTY25APR11700CE,134.4,5196.0,Monitoring
2025-04-01,14:30:00,HOLD,MIDCPNIFTY25APR11700CE,134.55,5178.0,Monitoring
2025-04-01,14:35:00,HOLD,MIDCPNIFTY25APR11700CE,133.55,5298.0,Monitoring
2025-04-01,14:40:00,HOLD,MIDCPNIFTY25APR11700CE,131.85,5502.0,Monitoring
2025-04-01,14:45:00,HOLD,MIDCPNIFTY25APR11700CE,133.5,5304.0,Monitoring
2025-04-01,14:50:00,HOLD,MIDCPNIFTY25APR11700CE,132.95,5370.0,Monitoring
2025-04-01,14:55:00,HOLD,MIDCPNIFTY25APR11700CE,135.15,5106.0,Monitoring
2025-04-01,15:00:00,HOLD,MIDCPNIFTY25APR11700CE,128.45,5910.0,Monitoring
2025-04-01,15:05:00,HOLD,MIDCPNIFTY25APR11700CE,131.5,5544.0,Monitoring
2025-04-01,15:10:00,HOLD,MIDCPNIFTY25APR11700CE,125.25,6294.0,Monitoring
2025-04-01,15:15:00,HOLD,MIDCPNIFTY25APR11700CE,127.2,6060.0,Monitoring
2025-04-01,15:20:00,HOLD,MIDCPNIFTY25APR11700CE,124.5,6384.0,Monitoring
2025-04-01,15:25:00,HOLD,MIDCPNIFTY25APR11700CE,126.45,6150.0,Monitoring
2025-04-02,09:15:00,HOLD,MIDCPNIFTY25APR11700CE,125.4,6276.0,Monitoring
2025-04-02,09:20:00,HOLD,MIDCPNIFTY25APR11700CE,115.7,7440.0,Monitoring
2025-04-02,09:25:00,HOLD,MIDCPNIFTY25APR11700CE,137.75,4794.0,Monitoring
2025-04-02,09:30:00,HOLD,MIDCPNIFTY25APR11700CE,151.5,3144.0,Monitoring
2025-04-02,09:35:00,HOLD,MIDCPNIFTY25APR11700CE,145.55,3858.0,Monitoring
2025-04-02,09:40:00,HOLD,MIDCPNIFTY25APR11700CE,138.45,4710.0,Monitoring
2025-04-02,09:45:00,HOLD,MIDCPNIFTY25APR11700CE,131.0,5604.0,Monitoring
2025-04-02,09:50:00,HOLD,MIDCPNIFTY25APR11700CE,125.8,6228.0,Monitoring
2025-04-02,09:55:00,HOLD,MIDCPNIFTY25APR11700CE,132.3,5448.0,Monitoring
2025-04-02,10:00:00,HOLD,MIDCPNIFTY25APR11700CE,130.0,5724.0,Monitoring
2025-04-02,10:05:00,HOLD,MIDCPNIFTY25APR11700CE,128.0,5964.0,Monitoring
2025-04-02,10:10:00,HOLD,MIDCPNIFTY25APR11700CE,122.85,6582.0,Monitoring
2025-04-02,10:15:00,HOLD,MIDCPNIFTY25APR11700CE,126.6,6132.0,Monitoring
2025-04-02,10:20:00,HOLD,MIDCPNIFTY25APR11700CE,125.45,6270.0,Monitoring
2025-04-02,10:25:00,HOLD,MIDCPNIFTY25APR11700CE,131.6,5532.0,Monitoring
2025-04-02,10:30:00,HOLD,MIDCPNIFTY25APR11700CE,134.65,5166.0,Monitoring
2025-04-02,10:35:00,HOLD,MIDCPNIFTY25APR11700CE,129.55,5778.0,Monitoring
2025-04-02,10:40:00,HOLD,MIDCPNIFTY25APR11700CE,134.95,5130.0,Monitoring
2025-04-02,10:45:00,HOLD,MIDCPNIFTY25APR11700CE,142.0,4284.0,Monitoring
2025-04-02,10:50:00,HOLD,MIDCPNIFTY25APR11700CE,146.45,3750.0,Monitoring
2025-04-02,10:55:00,HOLD,MIDCPNIFTY25APR11700CE,152.3,3048.0,Monitoring
2025-04-02,11:00:00,HOLD,MIDCPNIFTY25APR11700CE,160.9,2016.0,Monitoring
2025-04-02,11:05:00,HOLD,MIDCPNIFTY25APR11700CE,156.0,2604.0,Monitoring
2025-04-02,11:10:00,HOLD,MIDCPNIFTY25APR11700CE,154.45,2790.0,Monitoring
2025-04-02,11:15:00,HOLD,MIDCPNIFTY25APR11700CE,153.65,2886.0,Monitoring
2025-04-02,11:20:00,HOLD,MIDCPNIFTY25APR11700CE,156.45,2550.0,Monitoring
2025-04-02,11:25:00,HOLD,MIDCPNIFTY25APR11700CE,152.55,3018.0,Monitoring
2025-04-02,11:30:00,HOLD,MIDCPNIFTY25APR11700CE,158.6,2292.0,Monitoring
2025-04-02,11:35:00,HOLD,MIDCPNIFTY25APR11700CE,159.85,2142.0,Monitoring
2025-04-02,11:35:00,BUY_EXIT,MIDCPNIFTY25APR11700CE,159.85,2142.0,EMA_REVERSAL_SL
