Date,Time,Event,Ticker,Price,PnL_INR,Info
2025-04-02,14:00:00,SELL_ENTRY,MIDCPNIFTY25APR11400PE,168.25,0.0,Signal PE | Short
2025-04-02,14:05:00,HOLD,MIDCPNIFTY25APR11400PE,164.55,444.0,Monitoring
2025-04-02,14:10:00,HOLD,MIDCPNIFTY25APR11400PE,164.65,432.0,Monitoring
2025-04-02,14:15:00,HOLD,MIDCPNIFTY25APR11400PE,156.8,1374.0,Monitoring
2025-04-02,14:20:00,HOLD,MIDCPNIFTY25APR11400PE,155.35,1548.0,Monitoring
2025-04-02,14:25:00,HOLD,MIDCPNIFTY25APR11400PE,155.7,1506.0,Monitoring
2025-04-02,14:30:00,HOLD,MIDCPNIFTY25APR11400PE,154.5,1650.0,Monitoring
2025-04-02,14:35:00,HOLD,MIDCPNIFTY25APR11400PE,152.55,1884.0,Monitoring
2025-04-02,14:40:00,HOLD,MIDCPNIFTY25APR11400PE,154.3,1674.0,Monitoring
2025-04-02,14:45:00,HOLD,MIDCPNIFTY25APR11400PE,155.45,1536.0,Monitoring
2025-04-02,14:50:00,HOLD,MIDCPNIFTY25APR11400PE,160.45,936.0,Monitoring
2025-04-02,14:55:00,HOLD,MIDCPNIFTY25APR11400PE,155.65,1512.0,Monitoring
2025-04-02,15:00:00,HOLD,MIDCPNIFTY25APR11400PE,147.45,2496.0,Monitoring
2025-04-02,15:05:00,HOLD,MIDCPNIFTY25APR11400PE,149.0,2310.0,Monitoring
2025-04-02,15:10:00,HOLD,MIDCPNIFTY25APR11400PE,148.75,2340.0,Monitoring
2025-04-02,15:15:00,HOLD,MIDCPNIFTY25APR11400PE,149.55,2244.0,Monitoring
2025-04-02,15:20:00,HOLD,MIDCPNIFTY25APR11400PE,153.6,1758.0,Monitoring
2025-04-02,15:25:00,HOLD,MIDCPNIFTY25APR11400PE,148.05,2424.0,Monitoring
2025-04-03,09:15:00,HOLD,MIDCPNIFTY25APR11400PE,169.35,-132.0,Monitoring
2025-04-03,09:20:00,HOLD,MIDCPNIFTY25APR11400PE,164.3,474.0,Monitoring
2025-04-03,09:25:00,HOLD,MIDCPNIFTY25APR11400PE,160.3,954.0,Monitoring
2025-04-03,09:30:00,HOLD,MIDCPNIFTY25APR11400PE,171.7,-414.0,Monitoring
2025-04-03,09:35:00,HOLD,MIDCPNIFTY25APR11400PE,176.15,-948.0,Monitoring
2025-04-03,09:40:00,HOLD,MIDCPNIFTY25APR11400PE,180.35,-1452.0,Monitoring
2025-04-03,09:45:00,HOLD,MIDCPNIFTY25APR11400PE,203.4,-4218.0,Monitoring
2025-04-03,09:50:00,HOLD,MIDCPNIFTY25APR11400PE,222.0,-6450.0,Monitoring
2025-04-03,09:55:00,HOLD,MIDCPNIFTY25APR11400PE,228.25,-7200.0,Monitoring
2025-04-03,10:00:00,HOLD,MIDCPNIFTY25APR11400PE,215.85,-5712.0,Monitoring
2025-04-03,10:05:00,HOLD,MIDCPNIFTY25APR11400PE,205.0,-4410.0,Monitoring
2025-04-03,10:10:00,HOLD,MIDCPNIFTY25APR11400PE,194.1,-3102.0,Monitoring
2025-04-03,10:15:00,HOLD,MIDCPNIFTY25APR11400PE,205.3,-4446.0,Monitoring
2025-04-03,10:20:00,HOLD,MIDCPNIFTY25APR11400PE,197.0,-3450.0,Monitoring
2025-04-03,10:25:00,HOLD,MIDCPNIFTY25APR11400PE,195.35,-3252.0,Monitoring
2025-04-03,10:30:00,HOLD,MIDCPNIFTY25APR11400PE,195.35,-3252.0,Monitoring
2025-04-03,10:35:00,HOLD,MIDCPNIFTY25APR11400PE,199.0,-3690.0,Monitoring
2025-04-03,10:40:00,HOLD,MIDCPNIFTY25APR11400PE,193.4,-3018.0,Monitoring
2025-04-03,10:45:00,HOLD,MIDCPNIFTY25APR11400PE,204.0,-4290.0,Monitoring
2025-04-03,10:45:00,BUY_EXIT,MIDCPNIFTY25APR11400PE,204.0,-4290.0,EMA_REVERSAL_SL
