Date,Time,Event,Ticker,Price,PnL_INR,Info
2024-08-08,14:00:00,SELL_ENTRY,MIDCPNIFTY24AUG12500PE,205.0,0.0,Signal PE | Short
2024-08-08,14:05:00,HOLD,MIDCPNIFTY24AUG12500PE,205.0,0.0,Monitoring
2024-08-08,14:10:00,HOLD,MIDCPNIFTY24AUG12500PE,205.0,0.0,Monitoring
2024-08-08,14:15:00,HOLD,MIDCPNIFTY24AUG12500PE,205.0,0.0,Monitoring
2024-08-08,14:20:00,HOLD,MIDCPNIFTY24AUG12500PE,205.0,0.0,Monitoring
2024-08-08,14:25:00,HOLD,MIDCPNIFTY24AUG12500PE,195.1,1188.0,Monitoring
2024-08-08,14:30:00,HOLD,MIDCPNIFTY24AUG12500PE,195.1,1188.0,Monitoring
2024-08-08,14:35:00,HOLD,MIDCPNIFTY24AUG12500PE,195.1,1188.0,Monitoring
2024-08-08,14:40:00,HOLD,MIDCPNIFTY24AUG12500PE,195.1,1188.0,Monitoring
2024-08-08,14:45:00,HOLD,MIDCPNIFTY24AUG12500PE,195.1,1188.0,Monitoring
2024-08-08,14:50:00,HOLD,MIDCPNIFTY24AUG12500PE,195.1,1188.0,Monitoring
2024-08-08,14:55:00,HOLD,MIDCPNIFTY24AUG12500PE,215.0,-1200.0,Monitoring
2024-08-08,15:00:00,HOLD,MIDCPNIFTY24AUG12500PE,215.0,-1200.0,Monitoring
2024-08-08,15:05:00,HOLD,MIDCPNIFTY24AUG12500PE,229.0,-2880.0,Monitoring
2024-08-08,15:10:00,HOLD,MIDCPNIFTY24AUG12500PE,230.4,-3048.0,Monitoring
2024-08-08,15:15:00,HOLD,MIDCPNIFTY24AUG12500PE,230.15,-3018.0,Monitoring
2024-08-08,15:20:00,HOLD,MIDCPNIFTY24AUG12500PE,240.4,-4248.0,Monitoring
2024-08-08,15:25:00,HOLD,MIDCPNIFTY24AUG12500PE,235.0,-3600.0,Monitoring
2024-08-08,15:25:00,BUY_EXIT,MIDCPNIFTY24AUG12500PE,235.0,-3600.0,EMA_REVERSAL_SL
