Date,Time,Event,Ticker,Price,PnL_INR,Info
2025-09-02,14:00:00,SELL_ENTRY,MIDCPNIFTY25SEP12800CE,192.5,0.0,Signal CE | Short
2025-09-02,14:05:00,HOLD,MIDCPNIFTY25SEP12800CE,202.0,-1140.0,Monitoring
2025-09-02,14:10:00,HOLD,MIDCPNIFTY25SEP12800CE,199.95,-894.0,Monitoring
2025-09-02,14:15:00,HOLD,MIDCPNIFTY25SEP12800CE,204.95,-1494.0,Monitoring
2025-09-02,14:20:00,HOLD,MIDCPNIFTY25SEP12800CE,199.75,-870.0,Monitoring
2025-09-02,14:25:00,HOLD,MIDCPNIFTY25SEP12800CE,194.95,-294.0,Monitoring
2025-09-02,14:30:00,HOLD,MIDCPNIFTY25SEP12800CE,198.05,-666.0,Monitoring
2025-09-02,14:35:00,HOLD,MIDCPNIFTY25SEP12800CE,201.95,-1134.0,Monitoring
2025-09-02,14:40:00,HOLD,MIDCPNIFTY25SEP12800CE,206.8,-1716.0,Monitoring
2025-09-02,14:45:00,HOLD,MIDCPNIFTY25SEP12800CE,202.7,-1224.0,Monitoring
2025-09-02,14:50:00,HOLD,MIDCPNIFTY25SEP12800CE,198.4,-708.0,Monitoring
2025-09-02,14:55:00,HOLD,MIDCPNIFTY25SEP12800CE,196.05,-426.0,Monitoring
2025-09-02,15:00:00,HOLD,MIDCPNIFTY25SEP12800CE,200.9,-1008.0,Monitoring
2025-09-02,15:05:00,HOLD,MIDCPNIFTY25SEP12800CE,201.5,-1080.0,Monitoring
2025-09-02,15:10:00,HOLD,MIDCPNIFTY25SEP12800CE,198.5,-720.0,Monitoring
2025-09-02,15:15:00,HOLD,MIDCPNIFTY25SEP12800CE,193.25,-90.0,Monitoring
2025-09-02,15:20:00,HOLD,MIDCPNIFTY25SEP12800CE,196.5,-480.0,Monitoring
2025-09-02,15:25:00,HOLD,MIDCPNIFTY25SEP12800CE,198.0,-660.0,Monitoring
2025-09-03,09:15:00,HOLD,MIDCPNIFTY25SEP12800CE,182.15,1242.0,Monitoring
2025-09-03,09:20:00,HOLD,MIDCPNIFTY25SEP12800CE,194.85,-282.0,Monitoring
2025-09-03,09:25:00,HOLD,MIDCPNIFTY25SEP12800CE,206.5,-1680.0,Monitoring
2025-09-03,09:30:00,HOLD,MIDCPNIFTY25SEP12800CE,201.0,-1020.0,Monitoring
2025-09-03,09:35:00,HOLD,MIDCPNIFTY25SEP12800CE,185.25,870.0,Monitoring
2025-09-03,09:40:00,HOLD,MIDCPNIFTY25SEP12800CE,188.1,528.0,Monitoring
2025-09-03,09:45:00,HOLD,MIDCPNIFTY25SEP12800CE,195.0,-300.0,Monitoring
2025-09-03,09:50:00,HOLD,MIDCPNIFTY25SEP12800CE,199.45,-834.0,Monitoring
2025-09-03,09:55:00,HOLD,MIDCPNIFTY25SEP12800CE,199.75,-870.0,Monitoring
2025-09-03,10:00:00,HOLD,MIDCPNIFTY25SEP12800CE,210.3,-2136.0,Monitoring
2025-09-03,10:05:00,HOLD,MIDCPNIFTY25SEP12800CE,212.85,-2442.0,Monitoring
2025-09-03,10:10:00,HOLD,MIDCPNIFTY25SEP12800CE,211.0,-2220.0,Monitoring
2025-09-03,10:15:00,HOLD,MIDCPNIFTY25SEP12800CE,203.0,-1260.0,Monitoring
2025-09-03,10:20:00,HOLD,MIDCPNIFTY25SEP12800CE,201.85,-1122.0,Monitoring
2025-09-03,10:25:00,HOLD,MIDCPNIFTY25SEP12800CE,204.4,-1428.0,Monitoring
2025-09-03,10:30:00,HOLD,MIDCPNIFTY25SEP12800CE,201.2,-1044.0,Monitoring
2025-09-03,10:35:00,HOLD,MIDCPNIFTY25SEP12800CE,189.05,414.0,Monitoring
2025-09-03,10:40:00,HOLD,MIDCPNIFTY25SEP12800CE,187.2,636.0,Monitoring
2025-09-03,10:45:00,HOLD,MIDCPNIFTY25SEP12800CE,186.95,666.0,Monitoring
2025-09-03,10:50:00,HOLD,MIDCPNIFTY25SEP12800CE,183.0,1140.0,Monitoring
2025-09-03,10:55:00,HOLD,MIDCPNIFTY25SEP12800CE,186.0,780.0,Monitoring
2025-09-03,11:00:00,HOLD,MIDCPNIFTY25SEP12800CE,181.95,1266.0,Monitoring
2025-09-03,11:05:00,HOLD,MIDCPNIFTY25SEP12800CE,180.0,1500.0,Monitoring
2025-09-03,11:10:00,HOLD,MIDCPNIFTY25SEP12800CE,182.0,1260.0,Monitoring
2025-09-03,11:15:00,HOLD,MIDCPNIFTY25SEP12800CE,184.95,906.0,Monitoring
2025-09-03,11:20:00,HOLD,MIDCPNIFTY25SEP12800CE,181.5,1320.0,Monitoring
2025-09-03,11:25:00,HOLD,MIDCPNIFTY25SEP12800CE,185.9,792.0,Monitoring
2025-09-03,11:30:00,HOLD,MIDCPNIFTY25SEP12800CE,183.8,1044.0,Monitoring
2025-09-03,11:35:00,HOLD,MIDCPNIFTY25SEP12800CE,190.05,294.0,Monitoring
2025-09-03,11:40:00,HOLD,MIDCPNIFTY25SEP12800CE,193.2,-84.0,Monitoring
2025-09-03,11:45:00,HOLD,MIDCPNIFTY25SEP12800CE,193.55,-126.0,Monitoring
2025-09-03,11:50:00,HOLD,MIDCPNIFTY25SEP12800CE,194.5,-240.0,Monitoring
2025-09-03,11:55:00,HOLD,MIDCPNIFTY25SEP12800CE,201.2,-1044.0,Monitoring
2025-09-03,12:00:00,HOLD,MIDCPNIFTY25SEP12800CE,197.05,-546.0,Monitoring
2025-09-03,12:05:00,HOLD,MIDCPNIFTY25SEP12800CE,198.8,-756.0,Monitoring
2025-09-03,12:10:00,HOLD,MIDCPNIFTY25SEP12800CE,201.85,-1122.0,Monitoring
2025-09-03,12:15:00,HOLD,MIDCPNIFTY25SEP12800CE,201.45,-1074.0,Monitoring
2025-09-03,12:20:00,HOLD,MIDCPNIFTY25SEP12800CE,203.0,-1260.0,Monitoring
2025-09-03,12:25:00,HOLD,MIDCPNIFTY25SEP12800CE,199.0,-780.0,Monitoring
2025-09-03,12:30:00,HOLD,MIDCPNIFTY25SEP12800CE,202.0,-1140.0,Monitoring
2025-09-03,12:35:00,HOLD,MIDCPNIFTY25SEP12800CE,211.6,-2292.0,Monitoring
2025-09-03,12:40:00,HOLD,MIDCPNIFTY25SEP12800CE,200.2,-924.0,Monitoring
2025-09-03,12:45:00,HOLD,MIDCPNIFTY25SEP12800CE,194.85,-282.0,Monitoring
2025-09-03,12:50:00,HOLD,MIDCPNIFTY25SEP12800CE,191.55,114.0,Monitoring
2025-09-03,12:55:00,HOLD,MIDCPNIFTY25SEP12800CE,190.5,240.0,Monitoring
2025-09-03,13:00:00,HOLD,MIDCPNIFTY25SEP12800CE,191.0,180.0,Monitoring
2025-09-03,13:05:00,HOLD,MIDCPNIFTY25SEP12800CE,199.85,-882.0,Monitoring
2025-09-03,13:10:00,HOLD,MIDCPNIFTY25SEP12800CE,200.0,-900.0,Monitoring
2025-09-03,13:15:00,HOLD,MIDCPNIFTY25SEP12800CE,206.35,-1662.0,Monitoring
2025-09-03,13:20:00,HOLD,MIDCPNIFTY25SEP12800CE,205.25,-1530.0,Monitoring
2025-09-03,13:25:00,HOLD,MIDCPNIFTY25SEP12800CE,205.35,-1542.0,Monitoring
2025-09-03,13:30:00,HOLD,MIDCPNIFTY25SEP12800CE,198.65,-738.0,Monitoring
2025-09-03,13:35:00,HOLD,MIDCPNIFTY25SEP12800CE,197.15,-558.0,Monitoring
2025-09-03,13:40:00,HOLD,MIDCPNIFTY25SEP12800CE,202.1,-1152.0,Monitoring
2025-09-03,13:45:00,HOLD,MIDCPNIFTY25SEP12800CE,203.15,-1278.0,Monitoring
2025-09-03,13:50:00,HOLD,MIDCPNIFTY25SEP12800CE,206.7,-1704.0,Monitoring
2025-09-03,13:55:00,HOLD,MIDCPNIFTY25SEP12800CE,207.85,-1842.0,Monitoring
2025-09-03,14:00:00,HOLD,MIDCPNIFTY25SEP12800CE,207.0,-1740.0,Monitoring
2025-09-03,14:05:00,HOLD,MIDCPNIFTY25SEP12800CE,217.0,-2940.0,Monitoring
2025-09-03,14:10:00,HOLD,MIDCPNIFTY25SEP12800CE,215.95,-2814.0,Monitoring
2025-09-03,14:10:00,BUY_EXIT,MIDCPNIFTY25SEP12800CE,215.95,-2814.0,EMA_REVERSAL_SL
