Date,Time,Event,Ticker,Price,PnL_INR,Info
2024-07-23,14:25:00,SELL_ENTRY,MIDCPNIFTY24AUG12500CE,310.0,0.0,Signal CE | Short
2024-07-23,14:30:00,HOLD,MIDCPNIFTY24AUG12500CE,310.0,0.0,Monitoring
2024-07-23,14:35:00,HOLD,MIDCPNIFTY24AUG12500CE,310.0,0.0,Monitoring
2024-07-23,14:40:00,HOLD,MIDCPNIFTY24AUG12500CE,310.0,0.0,Monitoring
2024-07-23,14:45:00,HOLD,MIDCPNIFTY24AUG12500CE,310.0,0.0,Monitoring
2024-07-23,15:15:00,HOLD,MIDCPNIFTY24AUG12500CE,310.0,0.0,Monitoring
2024-07-23,15:20:00,HOLD,MIDCPNIFTY24AUG12500CE,310.0,0.0,Monitoring
2024-07-23,15:25:00,HOLD,MIDCPNIFTY24AUG12500CE,310.0,0.0,Monitoring
2024-07-24,11:15:00,HOLD,MIDCPNIFTY24AUG12500CE,310.0,0.0,Monitoring
2024-07-24,11:20:00,HOLD,MIDCPNIFTY24AUG12500CE,310.0,0.0,Monitoring
2024-07-24,11:25:00,HOLD,MIDCPNIFTY24AUG12500CE,310.0,0.0,Monitoring
2024-07-24,11:30:00,HOLD,MIDCPNIFTY24AUG12500CE,310.0,0.0,Monitoring
2024-07-24,14:45:00,HOLD,MIDCPNIFTY24AUG12500CE,310.0,0.0,Monitoring
2024-07-24,14:50:00,HOLD,MIDCPNIFTY24AUG12500CE,310.0,0.0,Monitoring
2024-07-24,14:55:00,HOLD,MIDCPNIFTY24AUG12500CE,310.0,0.0,Monitoring
2024-07-24,15:00:00,HOLD,MIDCPNIFTY24AUG12500CE,310.0,0.0,Monitoring
2024-07-25,09:25:00,HOLD,MIDCPNIFTY24AUG12500CE,310.0,0.0,Monitoring
2024-07-25,09:30:00,HOLD,MIDCPNIFTY24AUG12500CE,310.0,0.0,Monitoring
2024-07-25,09:35:00,HOLD,MIDCPNIFTY24AUG12500CE,310.0,0.0,Monitoring
2024-07-25,09:40:00,HOLD,MIDCPNIFTY24AUG12500CE,310.0,0.0,Monitoring
2024-07-26,09:15:00,HOLD,MIDCPNIFTY24AUG12500CE,293.85,1938.0,Monitoring
2024-07-26,09:20:00,HOLD,MIDCPNIFTY24AUG12500CE,293.85,1938.0,Monitoring
2024-07-26,09:25:00,HOLD,MIDCPNIFTY24AUG12500CE,308.3,204.0,Monitoring
2024-07-26,09:30:00,HOLD,MIDCPNIFTY24AUG12500CE,308.3,204.0,Monitoring
2024-07-26,09:35:00,HOLD,MIDCPNIFTY24AUG12500CE,308.3,204.0,Monitoring
2024-07-26,09:40:00,HOLD,MIDCPNIFTY24AUG12500CE,308.3,204.0,Monitoring
2024-07-26,09:45:00,HOLD,MIDCPNIFTY24AUG12500CE,308.3,204.0,Monitoring
2024-07-26,09:50:00,HOLD,MIDCPNIFTY24AUG12500CE,308.3,204.0,Monitoring
2024-07-26,09:55:00,HOLD,MIDCPNIFTY24AUG12500CE,308.3,204.0,Monitoring
2024-07-26,10:00:00,HOLD,MIDCPNIFTY24AUG12500CE,308.3,204.0,Monitoring
2024-07-26,10:05:00,HOLD,MIDCPNIFTY24AUG12500CE,308.3,204.0,Monitoring
2024-07-26,10:10:00,HOLD,MIDCPNIFTY24AUG12500CE,308.3,204.0,Monitoring
2024-07-26,10:15:00,HOLD,MIDCPNIFTY24AUG12500CE,308.3,204.0,Monitoring
2024-07-26,10:20:00,HOLD,MIDCPNIFTY24AUG12500CE,308.3,204.0,Monitoring
2024-07-26,10:25:00,HOLD,MIDCPNIFTY24AUG12500CE,308.3,204.0,Monitoring
2024-07-26,10:30:00,HOLD,MIDCPNIFTY24AUG12500CE,308.3,204.0,Monitoring
2024-07-26,10:35:00,HOLD,MIDCPNIFTY24AUG12500CE,308.3,204.0,Monitoring
2024-07-26,10:40:00,HOLD,MIDCPNIFTY24AUG12500CE,308.3,204.0,Monitoring
2024-07-26,10:45:00,HOLD,MIDCPNIFTY24AUG12500CE,308.3,204.0,Monitoring
2024-07-26,10:50:00,HOLD,MIDCPNIFTY24AUG12500CE,308.3,204.0,Monitoring
2024-07-26,10:55:00,HOLD,MIDCPNIFTY24AUG12500CE,308.3,204.0,Monitoring
2024-07-26,11:00:00,HOLD,MIDCPNIFTY24AUG12500CE,308.3,204.0,Monitoring
2024-07-26,11:05:00,HOLD,MIDCPNIFTY24AUG12500CE,308.3,204.0,Monitoring
2024-07-26,11:10:00,HOLD,MIDCPNIFTY24AUG12500CE,308.3,204.0,Monitoring
2024-07-26,11:15:00,HOLD,MIDCPNIFTY24AUG12500CE,308.3,204.0,Monitoring
2024-07-26,11:20:00,HOLD,MIDCPNIFTY24AUG12500CE,308.3,204.0,Monitoring
2024-07-26,11:25:00,HOLD,MIDCPNIFTY24AUG12500CE,308.3,204.0,Monitoring
2024-07-26,12:05:00,HOLD,MIDCPNIFTY24AUG12500CE,308.3,204.0,Monitoring
2024-07-26,12:10:00,HOLD,MIDCPNIFTY24AUG12500CE,308.3,204.0,Monitoring
2024-07-26,12:15:00,HOLD,MIDCPNIFTY24AUG12500CE,308.3,204.0,Monitoring
2024-07-26,12:20:00,HOLD,MIDCPNIFTY24AUG12500CE,308.3,204.0,Monitoring
2024-07-26,13:20:00,HOLD,MIDCPNIFTY24AUG12500CE,308.3,204.0,Monitoring
2024-07-26,13:25:00,HOLD,MIDCPNIFTY24AUG12500CE,308.3,204.0,Monitoring
2024-07-26,13:30:00,HOLD,MIDCPNIFTY24AUG12500CE,308.3,204.0,Monitoring
2024-07-26,13:35:00,HOLD,MIDCPNIFTY24AUG12500CE,308.3,204.0,Monitoring
2024-07-26,13:40:00,HOLD,MIDCPNIFTY24AUG12500CE,308.3,204.0,Monitoring
2024-07-26,13:45:00,HOLD,MIDCPNIFTY24AUG12500CE,308.3,204.0,Monitoring
2024-07-26,15:05:00,HOLD,MIDCPNIFTY24AUG12500CE,308.3,204.0,Monitoring
2024-07-26,15:10:00,HOLD,MIDCPNIFTY24AUG12500CE,308.3,204.0,Monitoring
2024-07-26,15:15:00,HOLD,MIDCPNIFTY24AUG12500CE,308.3,204.0,Monitoring
2024-07-26,15:20:00,HOLD,MIDCPNIFTY24AUG12500CE,308.3,204.0,Monitoring
2024-07-29,09:15:00,HOLD,MIDCPNIFTY24AUG12500CE,500.65,-22878.0,Monitoring
2024-07-29,09:15:00,BUY_EXIT,MIDCPNIFTY24AUG12500CE,500.65,-22878.0,EMA_REVERSAL_SL
