Date,Time,Event,Ticker,Price,PnL_INR,Info
2025-07-09,14:00:00,SELL_ENTRY,MIDCPNIFTY25JUL13400CE,213.0,0.0,Signal CE | Short
2025-07-09,14:05:00,HOLD,MIDCPNIFTY25JUL13400CE,210.7,276.0,Monitoring
2025-07-09,14:10:00,HOLD,MIDCPNIFTY25JUL13400CE,210.45,306.0,Monitoring
2025-07-09,14:15:00,HOLD,MIDCPNIFTY25JUL13400CE,203.0,1200.0,Monitoring
2025-07-09,14:20:00,HOLD,MIDCPNIFTY25JUL13400CE,201.3,1404.0,Monitoring
2025-07-09,14:25:00,HOLD,MIDCPNIFTY25JUL13400CE,199.95,1566.0,Monitoring
2025-07-09,14:30:00,HOLD,MIDCPNIFTY25JUL13400CE,192.25,2490.0,Monitoring
2025-07-09,14:35:00,HOLD,MIDCPNIFTY25JUL13400CE,200.85,1458.0,Monitoring
2025-07-09,14:40:00,HOLD,MIDCPNIFTY25JUL13400CE,203.15,1182.0,Monitoring
2025-07-09,14:45:00,HOLD,MIDCPNIFTY25JUL13400CE,191.95,2526.0,Monitoring
2025-07-09,14:50:00,HOLD,MIDCPNIFTY25JUL13400CE,193.05,2394.0,Monitoring
2025-07-09,14:55:00,HOLD,MIDCPNIFTY25JUL13400CE,197.85,1818.0,Monitoring
2025-07-09,15:00:00,HOLD,MIDCPNIFTY25JUL13400CE,201.0,1440.0,Monitoring
2025-07-09,15:05:00,HOLD,MIDCPNIFTY25JUL13400CE,200.0,1560.0,Monitoring
2025-07-09,15:10:00,HOLD,MIDCPNIFTY25JUL13400CE,201.15,1422.0,Monitoring
2025-07-09,15:15:00,HOLD,MIDCPNIFTY25JUL13400CE,199.7,1596.0,Monitoring
2025-07-09,15:20:00,HOLD,MIDCPNIFTY25JUL13400CE,197.4,1872.0,Monitoring
2025-07-09,15:25:00,HOLD,MIDCPNIFTY25JUL13400CE,196.0,2040.0,Monitoring
2025-07-10,09:15:00,HOLD,MIDCPNIFTY25JUL13400CE,199.15,1662.0,Monitoring
2025-07-10,09:20:00,HOLD,MIDCPNIFTY25JUL13400CE,196.95,1926.0,Monitoring
2025-07-10,09:25:00,HOLD,MIDCPNIFTY25JUL13400CE,192.1,2508.0,Monitoring
2025-07-10,09:30:00,HOLD,MIDCPNIFTY25JUL13400CE,186.75,3150.0,Monitoring
2025-07-10,09:35:00,HOLD,MIDCPNIFTY25JUL13400CE,185.65,3282.0,Monitoring
2025-07-10,09:40:00,HOLD,MIDCPNIFTY25JUL13400CE,189.0,2880.0,Monitoring
2025-07-10,09:45:00,HOLD,MIDCPNIFTY25JUL13400CE,193.45,2346.0,Monitoring
2025-07-10,09:50:00,HOLD,MIDCPNIFTY25JUL13400CE,179.95,3966.0,Monitoring
2025-07-10,09:55:00,HOLD,MIDCPNIFTY25JUL13400CE,179.0,4080.0,Monitoring
2025-07-10,10:00:00,HOLD,MIDCPNIFTY25JUL13400CE,178.0,4200.0,Monitoring
2025-07-10,10:05:00,HOLD,MIDCPNIFTY25JUL13400CE,180.0,3960.0,Monitoring
2025-07-10,10:10:00,HOLD,MIDCPNIFTY25JUL13400CE,185.2,3336.0,Monitoring
2025-07-10,10:15:00,HOLD,MIDCPNIFTY25JUL13400CE,180.55,3894.0,Monitoring
2025-07-10,10:20:00,HOLD,MIDCPNIFTY25JUL13400CE,182.55,3654.0,Monitoring
2025-07-10,10:25:00,HOLD,MIDCPNIFTY25JUL13400CE,180.35,3918.0,Monitoring
2025-07-10,10:30:00,HOLD,MIDCPNIFTY25JUL13400CE,183.15,3582.0,Monitoring
2025-07-10,10:35:00,HOLD,MIDCPNIFTY25JUL13400CE,183.55,3534.0,Monitoring
2025-07-10,10:40:00,HOLD,MIDCPNIFTY25JUL13400CE,183.0,3600.0,Monitoring
2025-07-10,10:45:00,HOLD,MIDCPNIFTY25JUL13400CE,176.1,4428.0,Monitoring
2025-07-10,10:50:00,HOLD,MIDCPNIFTY25JUL13400CE,172.65,4842.0,Monitoring
2025-07-10,10:55:00,HOLD,MIDCPNIFTY25JUL13400CE,171.2,5016.0,Monitoring
2025-07-10,11:00:00,HOLD,MIDCPNIFTY25JUL13400CE,169.55,5214.0,Monitoring
2025-07-10,11:05:00,HOLD,MIDCPNIFTY25JUL13400CE,165.85,5658.0,Monitoring
2025-07-10,11:10:00,HOLD,MIDCPNIFTY25JUL13400CE,170.3,5124.0,Monitoring
2025-07-10,11:15:00,HOLD,MIDCPNIFTY25JUL13400CE,168.15,5382.0,Monitoring
2025-07-10,11:20:00,HOLD,MIDCPNIFTY25JUL13400CE,163.1,5988.0,Monitoring
2025-07-10,11:25:00,HOLD,MIDCPNIFTY25JUL13400CE,168.95,5286.0,Monitoring
2025-07-10,11:30:00,HOLD,MIDCPNIFTY25JUL13400CE,165.65,5682.0,Monitoring
2025-07-10,11:35:00,HOLD,MIDCPNIFTY25JUL13400CE,164.25,5850.0,Monitoring
2025-07-10,11:40:00,HOLD,MIDCPNIFTY25JUL13400CE,165.5,5700.0,Monitoring
2025-07-10,11:45:00,HOLD,MIDCPNIFTY25JUL13400CE,162.4,6072.0,Monitoring
2025-07-10,11:50:00,HOLD,MIDCPNIFTY25JUL13400CE,164.0,5880.0,Monitoring
2025-07-10,11:55:00,HOLD,MIDCPNIFTY25JUL13400CE,159.75,6390.0,Monitoring
2025-07-10,12:00:00,HOLD,MIDCPNIFTY25JUL13400CE,158.3,6564.0,Monitoring
2025-07-10,12:05:00,HOLD,MIDCPNIFTY25JUL13400CE,156.1,6828.0,Monitoring
2025-07-10,12:10:00,HOLD,MIDCPNIFTY25JUL13400CE,159.4,6432.0,Monitoring
2025-07-10,12:15:00,HOLD,MIDCPNIFTY25JUL13400CE,159.35,6438.0,Monitoring
2025-07-10,12:20:00,HOLD,MIDCPNIFTY25JUL13400CE,165.55,5694.0,Monitoring
2025-07-10,12:25:00,HOLD,MIDCPNIFTY25JUL13400CE,166.7,5556.0,Monitoring
2025-07-10,12:30:00,HOLD,MIDCPNIFTY25JUL13400CE,163.2,5976.0,Monitoring
2025-07-10,12:35:00,HOLD,MIDCPNIFTY25JUL13400CE,166.3,5604.0,Monitoring
2025-07-10,12:40:00,HOLD,MIDCPNIFTY25JUL13400CE,161.0,6240.0,Monitoring
2025-07-10,12:45:00,HOLD,MIDCPNIFTY25JUL13400CE,158.25,6570.0,Monitoring
2025-07-10,12:50:00,HOLD,MIDCPNIFTY25JUL13400CE,156.6,6768.0,Monitoring
2025-07-10,12:55:00,HOLD,MIDCPNIFTY25JUL13400CE,156.4,6792.0,Monitoring
2025-07-10,13:00:00,HOLD,MIDCPNIFTY25JUL13400CE,152.55,7254.0,Monitoring
2025-07-10,13:05:00,HOLD,MIDCPNIFTY25JUL13400CE,152.0,7320.0,Monitoring
2025-07-10,13:10:00,HOLD,MIDCPNIFTY25JUL13400CE,151.9,7332.0,Monitoring
2025-07-10,13:15:00,HOLD,MIDCPNIFTY25JUL13400CE,154.0,7080.0,Monitoring
2025-07-10,13:20:00,HOLD,MIDCPNIFTY25JUL13400CE,148.6,7728.0,Monitoring
2025-07-10,13:25:00,HOLD,MIDCPNIFTY25JUL13400CE,149.35,7638.0,Monitoring
2025-07-10,13:30:00,HOLD,MIDCPNIFTY25JUL13400CE,151.2,7416.0,Monitoring
2025-07-10,13:35:00,HOLD,MIDCPNIFTY25JUL13400CE,150.0,7560.0,Monitoring
2025-07-10,13:40:00,HOLD,MIDCPNIFTY25JUL13400CE,144.45,8226.0,Monitoring
2025-07-10,13:45:00,HOLD,MIDCPNIFTY25JUL13400CE,145.55,8094.0,Monitoring
2025-07-10,13:50:00,HOLD,MIDCPNIFTY25JUL13400CE,149.05,7674.0,Monitoring
2025-07-10,13:55:00,HOLD,MIDCPNIFTY25JUL13400CE,149.35,7638.0,Monitoring
2025-07-10,14:00:00,HOLD,MIDCPNIFTY25JUL13400CE,152.25,7290.0,Monitoring
2025-07-10,14:05:00,HOLD,MIDCPNIFTY25JUL13400CE,155.15,6942.0,Monitoring
2025-07-10,14:10:00,HOLD,MIDCPNIFTY25JUL13400CE,151.0,7440.0,Monitoring
2025-07-10,14:15:00,HOLD,MIDCPNIFTY25JUL13400CE,152.9,7212.0,Monitoring
2025-07-10,14:20:00,HOLD,MIDCPNIFTY25JUL13400CE,152.2,7296.0,Monitoring
2025-07-10,14:25:00,HOLD,MIDCPNIFTY25JUL13400CE,154.0,7080.0,Monitoring
2025-07-10,14:30:00,HOLD,MIDCPNIFTY25JUL13400CE,153.95,7086.0,Monitoring
2025-07-10,14:35:00,HOLD,MIDCPNIFTY25JUL13400CE,153.35,7158.0,Monitoring
2025-07-10,14:40:00,HOLD,MIDCPNIFTY25JUL13400CE,158.5,6540.0,Monitoring
2025-07-10,14:45:00,HOLD,MIDCPNIFTY25JUL13400CE,156.25,6810.0,Monitoring
2025-07-10,14:50:00,HOLD,MIDCPNIFTY25JUL13400CE,154.7,6996.0,Monitoring
2025-07-10,14:55:00,HOLD,MIDCPNIFTY25JUL13400CE,154.0,7080.0,Monitoring
2025-07-10,15:00:00,HOLD,MIDCPNIFTY25JUL13400CE,156.35,6798.0,Monitoring
2025-07-10,15:05:00,HOLD,MIDCPNIFTY25JUL13400CE,156.0,6840.0,Monitoring
2025-07-10,15:10:00,HOLD,MIDCPNIFTY25JUL13400CE,152.0,7320.0,Monitoring
2025-07-10,15:15:00,HOLD,MIDCPNIFTY25JUL13400CE,152.5,7260.0,Monitoring
2025-07-10,15:20:00,HOLD,MIDCPNIFTY25JUL13400CE,151.0,7440.0,Monitoring
2025-07-10,15:25:00,HOLD,MIDCPNIFTY25JUL13400CE,153.45,7146.0,Monitoring
2025-07-11,09:15:00,HOLD,MIDCPNIFTY25JUL13400CE,136.95,9126.0,Monitoring
2025-07-11,09:20:00,HOLD,MIDCPNIFTY25JUL13400CE,138.45,8946.0,Monitoring
2025-07-11,09:25:00,HOLD,MIDCPNIFTY25JUL13400CE,143.0,8400.0,Monitoring
2025-07-11,09:30:00,HOLD,MIDCPNIFTY25JUL13400CE,133.0,9600.0,Monitoring
2025-07-11,09:35:00,HOLD,MIDCPNIFTY25JUL13400CE,131.1,9828.0,Monitoring
2025-07-11,09:40:00,HOLD,MIDCPNIFTY25JUL13400CE,140.0,8760.0,Monitoring
2025-07-11,09:45:00,HOLD,MIDCPNIFTY25JUL13400CE,131.45,9786.0,Monitoring
2025-07-11,09:50:00,HOLD,MIDCPNIFTY25JUL13400CE,130.45,9906.0,Monitoring
2025-07-11,09:55:00,HOLD,MIDCPNIFTY25JUL13400CE,122.5,10860.0,Monitoring
2025-07-11,10:00:00,HOLD,MIDCPNIFTY25JUL13400CE,108.05,12594.0,Monitoring
2025-07-11,10:05:00,HOLD,MIDCPNIFTY25JUL13400CE,112.8,12024.0,Monitoring
2025-07-11,10:10:00,HOLD,MIDCPNIFTY25JUL13400CE,111.0,12240.0,Monitoring
2025-07-11,10:15:00,HOLD,MIDCPNIFTY25JUL13400CE,106.25,12810.0,Monitoring
2025-07-11,10:20:00,HOLD,MIDCPNIFTY25JUL13400CE,108.5,12540.0,Monitoring
2025-07-11,10:25:00,HOLD,MIDCPNIFTY25JUL13400CE,106.05,12834.0,Monitoring
2025-07-11,10:30:00,HOLD,MIDCPNIFTY25JUL13400CE,99.95,13566.0,Monitoring
2025-07-11,10:35:00,HOLD,MIDCPNIFTY25JUL13400CE,103.0,13200.0,Monitoring
2025-07-11,10:40:00,HOLD,MIDCPNIFTY25JUL13400CE,98.4,13752.0,Monitoring
2025-07-11,10:45:00,HOLD,MIDCPNIFTY25JUL13400CE,95.7,14076.0,Monitoring
2025-07-11,10:50:00,HOLD,MIDCPNIFTY25JUL13400CE,97.25,13890.0,Monitoring
2025-07-11,10:55:00,HOLD,MIDCPNIFTY25JUL13400CE,91.0,14640.0,Monitoring
2025-07-11,11:00:00,HOLD,MIDCPNIFTY25JUL13400CE,87.5,15060.0,Monitoring
2025-07-11,11:05:00,HOLD,MIDCPNIFTY25JUL13400CE,85.75,15270.0,Monitoring
2025-07-11,11:10:00,HOLD,MIDCPNIFTY25JUL13400CE,95.45,14106.0,Monitoring
2025-07-11,11:15:00,HOLD,MIDCPNIFTY25JUL13400CE,98.0,13800.0,Monitoring
2025-07-11,11:20:00,HOLD,MIDCPNIFTY25JUL13400CE,93.95,14286.0,Monitoring
2025-07-11,11:25:00,HOLD,MIDCPNIFTY25JUL13400CE,96.0,14040.0,Monitoring
2025-07-11,11:30:00,HOLD,MIDCPNIFTY25JUL13400CE,102.25,13290.0,Monitoring
2025-07-11,11:35:00,HOLD,MIDCPNIFTY25JUL13400CE,104.65,13002.0,Monitoring
2025-07-11,11:40:00,HOLD,MIDCPNIFTY25JUL13400CE,103.0,13200.0,Monitoring
2025-07-11,11:45:00,HOLD,MIDCPNIFTY25JUL13400CE,102.45,13266.0,Monitoring
2025-07-11,11:50:00,HOLD,MIDCPNIFTY25JUL13400CE,104.1,13068.0,Monitoring
2025-07-11,11:55:00,HOLD,MIDCPNIFTY25JUL13400CE,99.85,13578.0,Monitoring
2025-07-11,12:00:00,HOLD,MIDCPNIFTY25JUL13400CE,94.95,14166.0,Monitoring
2025-07-11,12:05:00,HOLD,MIDCPNIFTY25JUL13400CE,95.95,14046.0,Monitoring
2025-07-11,12:10:00,HOLD,MIDCPNIFTY25JUL13400CE,98.15,13782.0,Monitoring
2025-07-11,12:15:00,HOLD,MIDCPNIFTY25JUL13400CE,99.85,13578.0,Monitoring
2025-07-11,12:20:00,HOLD,MIDCPNIFTY25JUL13400CE,96.6,13968.0,Monitoring
2025-07-11,12:25:00,HOLD,MIDCPNIFTY25JUL13400CE,94.15,14262.0,Monitoring
2025-07-11,12:30:00,HOLD,MIDCPNIFTY25JUL13400CE,100.05,13554.0,Monitoring
2025-07-11,12:35:00,HOLD,MIDCPNIFTY25JUL13400CE,100.1,13548.0,Monitoring
2025-07-11,12:40:00,HOLD,MIDCPNIFTY25JUL13400CE,99.3,13644.0,Monitoring
2025-07-11,12:45:00,HOLD,MIDCPNIFTY25JUL13400CE,98.25,13770.0,Monitoring
2025-07-11,12:50:00,HOLD,MIDCPNIFTY25JUL13400CE,96.0,14040.0,Monitoring
2025-07-11,12:55:00,HOLD,MIDCPNIFTY25JUL13400CE,95.4,14112.0,Monitoring
2025-07-11,13:00:00,HOLD,MIDCPNIFTY25JUL13400CE,94.9,14172.0,Monitoring
2025-07-11,13:05:00,HOLD,MIDCPNIFTY25JUL13400CE,90.6,14688.0,Monitoring
2025-07-11,13:10:00,HOLD,MIDCPNIFTY25JUL13400CE,93.6,14328.0,Monitoring
2025-07-11,13:15:00,HOLD,MIDCPNIFTY25JUL13400CE,93.75,14310.0,Monitoring
2025-07-11,13:20:00,HOLD,MIDCPNIFTY25JUL13400CE,93.05,14394.0,Monitoring
2025-07-11,13:25:00,HOLD,MIDCPNIFTY25JUL13400CE,93.0,14400.0,Monitoring
2025-07-11,13:30:00,HOLD,MIDCPNIFTY25JUL13400CE,89.8,14784.0,Monitoring
2025-07-11,13:35:00,HOLD,MIDCPNIFTY25JUL13400CE,90.2,14736.0,Monitoring
2025-07-11,13:40:00,HOLD,MIDCPNIFTY25JUL13400CE,88.2,14976.0,Monitoring
2025-07-11,13:45:00,HOLD,MIDCPNIFTY25JUL13400CE,92.35,14478.0,Monitoring
2025-07-11,13:50:00,HOLD,MIDCPNIFTY25JUL13400CE,94.55,14214.0,Monitoring
2025-07-11,13:55:00,HOLD,MIDCPNIFTY25JUL13400CE,93.7,14316.0,Monitoring
2025-07-11,14:00:00,HOLD,MIDCPNIFTY25JUL13400CE,95.25,14130.0,Monitoring
2025-07-11,14:05:00,HOLD,MIDCPNIFTY25JUL13400CE,92.05,14514.0,Monitoring
2025-07-11,14:10:00,HOLD,MIDCPNIFTY25JUL13400CE,93.05,14394.0,Monitoring
2025-07-11,14:15:00,HOLD,MIDCPNIFTY25JUL13400CE,93.0,14400.0,Monitoring
2025-07-11,14:20:00,HOLD,MIDCPNIFTY25JUL13400CE,90.1,14748.0,Monitoring
2025-07-11,14:25:00,HOLD,MIDCPNIFTY25JUL13400CE,91.2,14616.0,Monitoring
2025-07-11,14:30:00,HOLD,MIDCPNIFTY25JUL13400CE,92.15,14502.0,Monitoring
2025-07-11,14:35:00,HOLD,MIDCPNIFTY25JUL13400CE,92.9,14412.0,Monitoring
2025-07-11,14:40:00,HOLD,MIDCPNIFTY25JUL13400CE,93.3,14364.0,Monitoring
2025-07-11,14:45:00,HOLD,MIDCPNIFTY25JUL13400CE,92.0,14520.0,Monitoring
2025-07-11,14:50:00,HOLD,MIDCPNIFTY25JUL13400CE,90.1,14748.0,Monitoring
2025-07-11,14:55:00,HOLD,MIDCPNIFTY25JUL13400CE,90.4,14712.0,Monitoring
2025-07-11,15:00:00,HOLD,MIDCPNIFTY25JUL13400CE,89.5,14820.0,Monitoring
2025-07-11,15:05:00,HOLD,MIDCPNIFTY25JUL13400CE,88.75,14910.0,Monitoring
2025-07-11,15:10:00,HOLD,MIDCPNIFTY25JUL13400CE,83.8,15504.0,Monitoring
2025-07-11,15:15:00,HOLD,MIDCPNIFTY25JUL13400CE,81.0,15840.0,Monitoring
2025-07-11,15:20:00,HOLD,MIDCPNIFTY25JUL13400CE,79.95,15966.0,Monitoring
2025-07-11,15:25:00,HOLD,MIDCPNIFTY25JUL13400CE,80.75,15870.0,Monitoring
2025-07-14,09:15:00,HOLD,MIDCPNIFTY25JUL13400CE,83.0,15600.0,Monitoring
2025-07-14,09:20:00,HOLD,MIDCPNIFTY25JUL13400CE,73.6,16728.0,Monitoring
2025-07-14,09:25:00,HOLD,MIDCPNIFTY25JUL13400CE,82.65,15642.0,Monitoring
2025-07-14,09:30:00,HOLD,MIDCPNIFTY25JUL13400CE,84.55,15414.0,Monitoring
2025-07-14,09:35:00,HOLD,MIDCPNIFTY25JUL13400CE,89.1,14868.0,Monitoring
2025-07-14,09:40:00,HOLD,MIDCPNIFTY25JUL13400CE,102.1,13308.0,Monitoring
2025-07-14,09:45:00,HOLD,MIDCPNIFTY25JUL13400CE,98.9,13692.0,Monitoring
2025-07-14,09:50:00,HOLD,MIDCPNIFTY25JUL13400CE,105.0,12960.0,Monitoring
2025-07-14,09:55:00,HOLD,MIDCPNIFTY25JUL13400CE,103.1,13188.0,Monitoring
2025-07-14,10:00:00,HOLD,MIDCPNIFTY25JUL13400CE,103.15,13182.0,Monitoring
2025-07-14,10:05:00,HOLD,MIDCPNIFTY25JUL13400CE,101.8,13344.0,Monitoring
2025-07-14,10:10:00,HOLD,MIDCPNIFTY25JUL13400CE,112.1,12108.0,Monitoring
2025-07-14,10:15:00,HOLD,MIDCPNIFTY25JUL13400CE,114.3,11844.0,Monitoring
2025-07-14,10:20:00,HOLD,MIDCPNIFTY25JUL13400CE,119.35,11238.0,Monitoring
2025-07-14,10:25:00,HOLD,MIDCPNIFTY25JUL13400CE,117.35,11478.0,Monitoring
2025-07-14,10:25:00,BUY_EXIT,MIDCPNIFTY25JUL13400CE,117.35,11478.0,EMA_REVERSAL_SL
