Date,Time,Event,Ticker,Price,PnL_INR,Info
2025-01-31,14:00:00,SELL_ENTRY,MIDCPNIFTY25FEB11800PE,307.6,0.0,Signal PE | Short
2025-01-31,14:05:00,HOLD,MIDCPNIFTY25FEB11800PE,313.5,-708.0,Monitoring
2025-01-31,14:10:00,HOLD,MIDCPNIFTY25FEB11800PE,308.3,-84.0,Monitoring
2025-01-31,14:15:00,HOLD,MIDCPNIFTY25FEB11800PE,314.0,-768.0,Monitoring
2025-01-31,14:20:00,HOLD,MIDCPNIFTY25FEB11800PE,306.6,120.0,Monitoring
2025-01-31,14:25:00,HOLD,MIDCPNIFTY25FEB11800PE,298.5,1092.0,Monitoring
2025-01-31,14:30:00,HOLD,MIDCPNIFTY25FEB11800PE,293.95,1638.0,Monitoring
2025-01-31,14:35:00,HOLD,MIDCPNIFTY25FEB11800PE,286.8,2496.0,Monitoring
2025-01-31,14:40:00,HOLD,MIDCPNIFTY25FEB11800PE,277.3,3636.0,Monitoring
2025-01-31,14:45:00,HOLD,MIDCPNIFTY25FEB11800PE,279.1,3420.0,Monitoring
2025-01-31,14:50:00,HOLD,MIDCPNIFTY25FEB11800PE,278.15,3534.0,Monitoring
2025-01-31,14:55:00,HOLD,MIDCPNIFTY25FEB11800PE,282.0,3072.0,Monitoring
2025-01-31,15:00:00,HOLD,MIDCPNIFTY25FEB11800PE,278.0,3552.0,Monitoring
2025-01-31,15:05:00,HOLD,MIDCPNIFTY25FEB11800PE,277.6,3600.0,Monitoring
2025-01-31,15:10:00,HOLD,MIDCPNIFTY25FEB11800PE,283.7,2868.0,Monitoring
2025-01-31,15:15:00,HOLD,MIDCPNIFTY25FEB11800PE,282.7,2988.0,Monitoring
2025-01-31,15:20:00,HOLD,MIDCPNIFTY25FEB11800PE,286.6,2520.0,Monitoring
2025-01-31,15:25:00,HOLD,MIDCPNIFTY25FEB11800PE,268.05,4746.0,Monitoring
2025-02-01,09:15:00,HOLD,MIDCPNIFTY25FEB11800PE,276.0,3792.0,Monitoring
2025-02-01,09:20:00,HOLD,MIDCPNIFTY25FEB11800PE,258.1,5940.0,Monitoring
2025-02-01,09:25:00,HOLD,MIDCPNIFTY25FEB11800PE,267.85,4770.0,Monitoring
2025-02-01,09:30:00,HOLD,MIDCPNIFTY25FEB11800PE,257.05,6066.0,Monitoring
2025-02-01,09:35:00,HOLD,MIDCPNIFTY25FEB11800PE,256.75,6102.0,Monitoring
2025-02-01,09:40:00,HOLD,MIDCPNIFTY25FEB11800PE,257.3,6036.0,Monitoring
2025-02-01,09:45:00,HOLD,MIDCPNIFTY25FEB11800PE,259.7,5748.0,Monitoring
2025-02-01,09:50:00,HOLD,MIDCPNIFTY25FEB11800PE,258.7,5868.0,Monitoring
2025-02-01,09:55:00,HOLD,MIDCPNIFTY25FEB11800PE,258.05,5946.0,Monitoring
2025-02-01,10:00:00,HOLD,MIDCPNIFTY25FEB11800PE,260.7,5628.0,Monitoring
2025-02-01,10:05:00,HOLD,MIDCPNIFTY25FEB11800PE,257.05,6066.0,Monitoring
2025-02-01,10:10:00,HOLD,MIDCPNIFTY25FEB11800PE,260.0,5712.0,Monitoring
2025-02-01,10:15:00,HOLD,MIDCPNIFTY25FEB11800PE,255.4,6264.0,Monitoring
2025-02-01,10:20:00,HOLD,MIDCPNIFTY25FEB11800PE,256.35,6150.0,Monitoring
2025-02-01,10:25:00,HOLD,MIDCPNIFTY25FEB11800PE,256.4,6144.0,Monitoring
2025-02-01,10:30:00,HOLD,MIDCPNIFTY25FEB11800PE,257.15,6054.0,Monitoring
2025-02-01,10:35:00,HOLD,MIDCPNIFTY25FEB11800PE,258.3,5916.0,Monitoring
2025-02-01,10:40:00,HOLD,MIDCPNIFTY25FEB11800PE,245.7,7428.0,Monitoring
2025-02-01,10:45:00,HOLD,MIDCPNIFTY25FEB11800PE,244.55,7566.0,Monitoring
2025-02-01,10:50:00,HOLD,MIDCPNIFTY25FEB11800PE,245.85,7410.0,Monitoring
2025-02-01,10:55:00,HOLD,MIDCPNIFTY25FEB11800PE,245.0,7512.0,Monitoring
2025-02-01,11:00:00,HOLD,MIDCPNIFTY25FEB11800PE,264.85,5130.0,Monitoring
2025-02-01,11:05:00,HOLD,MIDCPNIFTY25FEB11800PE,271.05,4386.0,Monitoring
2025-02-01,11:10:00,HOLD,MIDCPNIFTY25FEB11800PE,248.65,7074.0,Monitoring
2025-02-01,11:15:00,HOLD,MIDCPNIFTY25FEB11800PE,248.25,7122.0,Monitoring
2025-02-01,11:20:00,HOLD,MIDCPNIFTY25FEB11800PE,240.0,8112.0,Monitoring
2025-02-01,11:25:00,HOLD,MIDCPNIFTY25FEB11800PE,243.45,7698.0,Monitoring
2025-02-01,11:30:00,HOLD,MIDCPNIFTY25FEB11800PE,225.2,9888.0,Monitoring
2025-02-01,11:35:00,HOLD,MIDCPNIFTY25FEB11800PE,236.5,8532.0,Monitoring
2025-02-01,11:40:00,HOLD,MIDCPNIFTY25FEB11800PE,232.35,9030.0,Monitoring
2025-02-01,11:45:00,HOLD,MIDCPNIFTY25FEB11800PE,307.85,-30.0,Monitoring
2025-02-01,11:50:00,HOLD,MIDCPNIFTY25FEB11800PE,333.95,-3162.0,Monitoring
2025-02-01,11:55:00,HOLD,MIDCPNIFTY25FEB11800PE,302.25,642.0,Monitoring
2025-02-01,12:00:00,HOLD,MIDCPNIFTY25FEB11800PE,269.9,4524.0,Monitoring
2025-02-01,12:05:00,HOLD,MIDCPNIFTY25FEB11800PE,287.5,2412.0,Monitoring
2025-02-01,12:10:00,HOLD,MIDCPNIFTY25FEB11800PE,283.25,2922.0,Monitoring
2025-02-01,12:15:00,HOLD,MIDCPNIFTY25FEB11800PE,234.4,8784.0,Monitoring
2025-02-01,12:20:00,HOLD,MIDCPNIFTY25FEB11800PE,234.25,8802.0,Monitoring
2025-02-01,12:25:00,HOLD,MIDCPNIFTY25FEB11800PE,265.95,4998.0,Monitoring
2025-02-01,12:30:00,HOLD,MIDCPNIFTY25FEB11800PE,321.75,-1698.0,Monitoring
2025-02-01,12:35:00,HOLD,MIDCPNIFTY25FEB11800PE,331.4,-2856.0,Monitoring
2025-02-01,12:40:00,HOLD,MIDCPNIFTY25FEB11800PE,327.0,-2328.0,Monitoring
2025-02-01,12:45:00,HOLD,MIDCPNIFTY25FEB11800PE,329.45,-2622.0,Monitoring
2025-02-01,12:50:00,HOLD,MIDCPNIFTY25FEB11800PE,301.5,732.0,Monitoring
2025-02-01,12:55:00,HOLD,MIDCPNIFTY25FEB11800PE,308.05,-54.0,Monitoring
2025-02-01,13:00:00,HOLD,MIDCPNIFTY25FEB11800PE,303.4,504.0,Monitoring
2025-02-01,13:05:00,HOLD,MIDCPNIFTY25FEB11800PE,331.2,-2832.0,Monitoring
2025-02-01,13:10:00,HOLD,MIDCPNIFTY25FEB11800PE,361.55,-6474.0,Monitoring
2025-02-01,13:10:00,BUY_EXIT,MIDCPNIFTY25FEB11800PE,361.55,-6474.0,EMA_REVERSAL_SL
