Date,Time,Event,Ticker,Price,PnL_INR,Info
2025-07-25,14:00:00,SELL_ENTRY,MIDCPNIFTY25JUL13100CE,45.65,0.0,Signal CE | Short
2025-07-25,14:05:00,HOLD,MIDCPNIFTY25JUL13100CE,44.65,120.0,Monitoring
2025-07-25,14:10:00,HOLD,MIDCPNIFTY25JUL13100CE,44.4,150.0,Monitoring
2025-07-25,14:15:00,HOLD,MIDCPNIFTY25JUL13100CE,44.65,120.0,Monitoring
2025-07-25,14:20:00,HOLD,MIDCPNIFTY25JUL13100CE,44.65,120.0,Monitoring
2025-07-25,14:25:00,HOLD,MIDCPNIFTY25JUL13100CE,43.0,318.0,Monitoring
2025-07-25,14:30:00,HOLD,MIDCPNIFTY25JUL13100CE,41.0,558.0,Monitoring
2025-07-25,14:35:00,HOLD,MIDCPNIFTY25JUL13100CE,44.75,108.0,Monitoring
2025-07-25,14:40:00,HOLD,MIDCPNIFTY25JUL13100CE,39.9,690.0,Monitoring
2025-07-25,14:45:00,HOLD,MIDCPNIFTY25JUL13100CE,35.15,1260.0,Monitoring
2025-07-25,14:50:00,HOLD,MIDCPNIFTY25JUL13100CE,35.95,1164.0,Monitoring
2025-07-25,14:55:00,HOLD,MIDCPNIFTY25JUL13100CE,37.5,978.0,Monitoring
2025-07-25,15:00:00,HOLD,MIDCPNIFTY25JUL13100CE,36.65,1080.0,Monitoring
2025-07-25,15:05:00,HOLD,MIDCPNIFTY25JUL13100CE,40.2,654.0,Monitoring
2025-07-25,15:10:00,HOLD,MIDCPNIFTY25JUL13100CE,42.3,402.0,Monitoring
2025-07-25,15:15:00,HOLD,MIDCPNIFTY25JUL13100CE,41.9,450.0,Monitoring
2025-07-25,15:20:00,HOLD,MIDCPNIFTY25JUL13100CE,44.2,174.0,Monitoring
2025-07-25,15:25:00,HOLD,MIDCPNIFTY25JUL13100CE,41.2,534.0,Monitoring
2025-07-28,09:15:00,HOLD,MIDCPNIFTY25JUL13100CE,40.4,630.0,Monitoring
2025-07-28,09:20:00,HOLD,MIDCPNIFTY25JUL13100CE,48.7,-366.0,Monitoring
2025-07-28,09:25:00,HOLD,MIDCPNIFTY25JUL13100CE,65.2,-2346.0,Monitoring
2025-07-28,09:30:00,HOLD,MIDCPNIFTY25JUL13100CE,87.75,-5052.0,Monitoring
2025-07-28,09:35:00,HOLD,MIDCPNIFTY25JUL13100CE,84.05,-4608.0,Monitoring
2025-07-28,09:40:00,HOLD,MIDCPNIFTY25JUL13100CE,75.1,-3534.0,Monitoring
2025-07-28,09:45:00,HOLD,MIDCPNIFTY25JUL13100CE,96.0,-6042.0,Monitoring
2025-07-28,09:50:00,HOLD,MIDCPNIFTY25JUL13100CE,114.55,-8268.0,Monitoring
2025-07-28,09:50:00,BUY_EXIT,MIDCPNIFTY25JUL13100CE,114.55,-8268.0,EMA_REVERSAL_SL
