Date,Time,Event,Ticker,Price,PnL_INR,Info
2024-02-01,14:20:00,SELL_ENTRY,MIDCPNIFTY24FEB10800CE,164.8,0.0,Signal CE | Short
2024-02-01,14:25:00,HOLD,MIDCPNIFTY24FEB10800CE,164.8,0.0,Monitoring
2024-02-01,14:30:00,HOLD,MIDCPNIFTY24FEB10800CE,164.8,0.0,Monitoring
2024-02-01,14:35:00,HOLD,MIDCPNIFTY24FEB10800CE,164.8,0.0,Monitoring
2024-02-01,15:05:00,HOLD,MIDCPNIFTY24FEB10800CE,164.8,0.0,Monitoring
2024-02-01,15:10:00,HOLD,MIDCPNIFTY24FEB10800CE,164.8,0.0,Monitoring
2024-02-01,15:15:00,HOLD,MIDCPNIFTY24FEB10800CE,164.8,0.0,Monitoring
2024-02-01,15:20:00,HOLD,MIDCPNIFTY24FEB10800CE,164.8,0.0,Monitoring
2024-02-01,15:25:00,HOLD,MIDCPNIFTY24FEB10800CE,164.8,0.0,Monitoring
2024-02-02,09:15:00,HOLD,MIDCPNIFTY24FEB10800CE,164.8,0.0,Monitoring
2024-02-02,09:20:00,HOLD,MIDCPNIFTY24FEB10800CE,164.8,0.0,Monitoring
2024-02-02,09:25:00,HOLD,MIDCPNIFTY24FEB10800CE,164.8,0.0,Monitoring
2024-02-02,09:30:00,HOLD,MIDCPNIFTY24FEB10800CE,164.8,0.0,Monitoring
2024-02-02,09:35:00,HOLD,MIDCPNIFTY24FEB10800CE,164.8,0.0,Monitoring
2024-02-02,09:40:00,HOLD,MIDCPNIFTY24FEB10800CE,164.8,0.0,Monitoring
2024-02-02,09:45:00,HOLD,MIDCPNIFTY24FEB10800CE,164.8,0.0,Monitoring
2024-02-02,09:50:00,HOLD,MIDCPNIFTY24FEB10800CE,164.8,0.0,Monitoring
2024-02-02,09:55:00,HOLD,MIDCPNIFTY24FEB10800CE,160.0,576.0,Monitoring
2024-02-02,10:00:00,HOLD,MIDCPNIFTY24FEB10800CE,160.0,576.0,Monitoring
2024-02-02,10:05:00,HOLD,MIDCPNIFTY24FEB10800CE,160.0,576.0,Monitoring
2024-02-02,10:10:00,HOLD,MIDCPNIFTY24FEB10800CE,160.0,576.0,Monitoring
2024-02-02,10:15:00,HOLD,MIDCPNIFTY24FEB10800CE,160.0,576.0,Monitoring
2024-02-02,10:20:00,HOLD,MIDCPNIFTY24FEB10800CE,160.0,576.0,Monitoring
2024-02-02,10:25:00,HOLD,MIDCPNIFTY24FEB10800CE,160.0,576.0,Monitoring
2024-02-02,10:30:00,HOLD,MIDCPNIFTY24FEB10800CE,160.0,576.0,Monitoring
2024-02-02,10:35:00,HOLD,MIDCPNIFTY24FEB10800CE,160.0,576.0,Monitoring
2024-02-02,10:40:00,HOLD,MIDCPNIFTY24FEB10800CE,160.0,576.0,Monitoring
2024-02-02,10:45:00,HOLD,MIDCPNIFTY24FEB10800CE,160.0,576.0,Monitoring
2024-02-02,10:50:00,HOLD,MIDCPNIFTY24FEB10800CE,160.0,576.0,Monitoring
2024-02-02,10:55:00,HOLD,MIDCPNIFTY24FEB10800CE,160.0,576.0,Monitoring
2024-02-02,11:20:00,HOLD,MIDCPNIFTY24FEB10800CE,160.0,576.0,Monitoring
2024-02-02,11:25:00,HOLD,MIDCPNIFTY24FEB10800CE,160.0,576.0,Monitoring
2024-02-02,11:30:00,HOLD,MIDCPNIFTY24FEB10800CE,160.0,576.0,Monitoring
2024-02-02,11:35:00,HOLD,MIDCPNIFTY24FEB10800CE,160.0,576.0,Monitoring
2024-02-02,11:40:00,HOLD,MIDCPNIFTY24FEB10800CE,160.0,576.0,Monitoring
2024-02-02,11:45:00,HOLD,MIDCPNIFTY24FEB10800CE,160.0,576.0,Monitoring
2024-02-02,11:50:00,HOLD,MIDCPNIFTY24FEB10800CE,160.0,576.0,Monitoring
2024-02-02,11:55:00,HOLD,MIDCPNIFTY24FEB10800CE,160.0,576.0,Monitoring
2024-02-02,12:00:00,HOLD,MIDCPNIFTY24FEB10800CE,160.0,576.0,Monitoring
2024-02-02,12:05:00,HOLD,MIDCPNIFTY24FEB10800CE,160.0,576.0,Monitoring
2024-02-02,12:10:00,HOLD,MIDCPNIFTY24FEB10800CE,160.0,576.0,Monitoring
2024-02-02,12:15:00,HOLD,MIDCPNIFTY24FEB10800CE,160.0,576.0,Monitoring
2024-02-02,12:25:00,HOLD,MIDCPNIFTY24FEB10800CE,160.0,576.0,Monitoring
2024-02-02,12:30:00,HOLD,MIDCPNIFTY24FEB10800CE,160.0,576.0,Monitoring
2024-02-02,12:35:00,HOLD,MIDCPNIFTY24FEB10800CE,160.0,576.0,Monitoring
2024-02-02,12:40:00,HOLD,MIDCPNIFTY24FEB10800CE,160.0,576.0,Monitoring
2024-02-02,12:45:00,HOLD,MIDCPNIFTY24FEB10800CE,180.0,-1824.0,Monitoring
2024-02-02,12:50:00,HOLD,MIDCPNIFTY24FEB10800CE,180.0,-1824.0,Monitoring
2024-02-02,12:55:00,HOLD,MIDCPNIFTY24FEB10800CE,180.0,-1824.0,Monitoring
2024-02-02,13:00:00,HOLD,MIDCPNIFTY24FEB10800CE,180.0,-1824.0,Monitoring
2024-02-02,13:05:00,HOLD,MIDCPNIFTY24FEB10800CE,180.0,-1824.0,Monitoring
2024-02-02,13:10:00,HOLD,MIDCPNIFTY24FEB10800CE,180.0,-1824.0,Monitoring
2024-02-02,13:15:00,HOLD,MIDCPNIFTY24FEB10800CE,180.0,-1824.0,Monitoring
2024-02-02,13:20:00,HOLD,MIDCPNIFTY24FEB10800CE,190.0,-3024.0,Monitoring
2024-02-02,13:25:00,HOLD,MIDCPNIFTY24FEB10800CE,205.0,-4824.0,Monitoring
2024-02-02,13:30:00,HOLD,MIDCPNIFTY24FEB10800CE,205.0,-4824.0,Monitoring
2024-02-02,13:35:00,HOLD,MIDCPNIFTY24FEB10800CE,205.0,-4824.0,Monitoring
2024-02-02,13:40:00,HOLD,MIDCPNIFTY24FEB10800CE,205.0,-4824.0,Monitoring
2024-02-02,13:45:00,HOLD,MIDCPNIFTY24FEB10800CE,205.0,-4824.0,Monitoring
2024-02-02,13:50:00,HOLD,MIDCPNIFTY24FEB10800CE,205.0,-4824.0,Monitoring
2024-02-02,13:50:00,BUY_EXIT,MIDCPNIFTY24FEB10800CE,205.0,-4824.0,EMA_REVERSAL_SL
