Date,Time,Event,Ticker,Price,PnL_INR,Info
2024-06-19,14:10:00,SELL_ENTRY,MIDCPNIFTY24JUN12200CE,30.55,0.0,Signal CE | Short
2024-06-19,14:15:00,HOLD,MIDCPNIFTY24JUN12200CE,31.2,-78.0,Monitoring
2024-06-19,14:20:00,HOLD,MIDCPNIFTY24JUN12200CE,33.7,-378.0,Monitoring
2024-06-19,14:25:00,HOLD,MIDCPNIFTY24JUN12200CE,30.65,-12.0,Monitoring
2024-06-19,14:30:00,HOLD,MIDCPNIFTY24JUN12200CE,31.95,-168.0,Monitoring
2024-06-19,14:35:00,HOLD,MIDCPNIFTY24JUN12200CE,34.55,-480.0,Monitoring
2024-06-19,14:40:00,HOLD,MIDCPNIFTY24JUN12200CE,31.0,-54.0,Monitoring
2024-06-19,14:45:00,HOLD,MIDCPNIFTY24JUN12200CE,32.6,-246.0,Monitoring
2024-06-19,14:50:00,HOLD,MIDCPNIFTY24JUN12200CE,30.3,30.0,Monitoring
2024-06-19,14:55:00,HOLD,MIDCPNIFTY24JUN12200CE,29.2,162.0,Monitoring
2024-06-19,14:55:00,BUY_EXIT,MIDCPNIFTY24JUN12200CE,29.2,162.0,TARGET_LTP_30
