Date,Time,Event,Ticker,Price,PnL_INR,Info
2025-02-24,14:00:00,SELL_ENTRY,MIDCPNIFTY25MAR11100CE,384.5,0.0,Signal CE | Short
2025-02-24,14:05:00,HOLD,MIDCPNIFTY25MAR11100CE,370.0,1740.0,Monitoring
2025-02-24,14:10:00,HOLD,MIDCPNIFTY25MAR11100CE,370.0,1740.0,Monitoring
2025-02-24,14:15:00,HOLD,MIDCPNIFTY25MAR11100CE,370.0,1740.0,Monitoring
2025-02-24,14:20:00,HOLD,MIDCPNIFTY25MAR11100CE,366.85,2118.0,Monitoring
2025-02-24,14:25:00,HOLD,MIDCPNIFTY25MAR11100CE,359.5,3000.0,Monitoring
2025-02-24,14:30:00,HOLD,MIDCPNIFTY25MAR11100CE,368.75,1890.0,Monitoring
2025-02-24,14:35:00,HOLD,MIDCPNIFTY25MAR11100CE,383.05,174.0,Monitoring
2025-02-24,14:40:00,HOLD,MIDCPNIFTY25MAR11100CE,384.3,24.0,Monitoring
2025-02-24,14:45:00,HOLD,MIDCPNIFTY25MAR11100CE,386.4,-228.0,Monitoring
2025-02-24,14:50:00,HOLD,MIDCPNIFTY25MAR11100CE,390.0,-660.0,Monitoring
2025-02-24,14:55:00,HOLD,MIDCPNIFTY25MAR11100CE,390.0,-660.0,Monitoring
2025-02-24,15:00:00,HOLD,MIDCPNIFTY25MAR11100CE,383.7,96.0,Monitoring
2025-02-24,15:05:00,HOLD,MIDCPNIFTY25MAR11100CE,377.5,840.0,Monitoring
2025-02-24,15:10:00,HOLD,MIDCPNIFTY25MAR11100CE,375.1,1128.0,Monitoring
2025-02-24,15:15:00,HOLD,MIDCPNIFTY25MAR11100CE,374.9,1152.0,Monitoring
2025-02-24,15:20:00,HOLD,MIDCPNIFTY25MAR11100CE,366.7,2136.0,Monitoring
2025-02-24,15:25:00,HOLD,MIDCPNIFTY25MAR11100CE,366.0,2220.0,Monitoring
2025-02-25,09:15:00,HOLD,MIDCPNIFTY25MAR11100CE,359.75,2970.0,Monitoring
2025-02-25,09:20:00,HOLD,MIDCPNIFTY25MAR11100CE,335.0,5940.0,Monitoring
2025-02-25,09:25:00,HOLD,MIDCPNIFTY25MAR11100CE,349.65,4182.0,Monitoring
2025-02-25,09:30:00,HOLD,MIDCPNIFTY25MAR11100CE,358.0,3180.0,Monitoring
2025-02-25,09:35:00,HOLD,MIDCPNIFTY25MAR11100CE,370.95,1626.0,Monitoring
2025-02-25,09:40:00,HOLD,MIDCPNIFTY25MAR11100CE,372.35,1458.0,Monitoring
2025-02-25,09:45:00,HOLD,MIDCPNIFTY25MAR11100CE,399.0,-1740.0,Monitoring
2025-02-25,09:50:00,HOLD,MIDCPNIFTY25MAR11100CE,399.45,-1794.0,Monitoring
2025-02-25,09:55:00,HOLD,MIDCPNIFTY25MAR11100CE,391.95,-894.0,Monitoring
2025-02-25,10:00:00,HOLD,MIDCPNIFTY25MAR11100CE,384.7,-24.0,Monitoring
2025-02-25,10:05:00,HOLD,MIDCPNIFTY25MAR11100CE,381.3,384.0,Monitoring
2025-02-25,10:10:00,HOLD,MIDCPNIFTY25MAR11100CE,390.0,-660.0,Monitoring
2025-02-25,10:15:00,HOLD,MIDCPNIFTY25MAR11100CE,365.2,2316.0,Monitoring
2025-02-25,10:20:00,HOLD,MIDCPNIFTY25MAR11100CE,363.1,2568.0,Monitoring
2025-02-25,10:25:00,HOLD,MIDCPNIFTY25MAR11100CE,365.0,2340.0,Monitoring
2025-02-25,10:30:00,HOLD,MIDCPNIFTY25MAR11100CE,364.1,2448.0,Monitoring
2025-02-25,10:35:00,HOLD,MIDCPNIFTY25MAR11100CE,357.5,3240.0,Monitoring
2025-02-25,10:40:00,HOLD,MIDCPNIFTY25MAR11100CE,357.5,3240.0,Monitoring
2025-02-25,10:45:00,HOLD,MIDCPNIFTY25MAR11100CE,349.65,4182.0,Monitoring
2025-02-25,10:50:00,HOLD,MIDCPNIFTY25MAR11100CE,339.45,5406.0,Monitoring
2025-02-25,10:55:00,HOLD,MIDCPNIFTY25MAR11100CE,351.4,3972.0,Monitoring
2025-02-25,11:00:00,HOLD,MIDCPNIFTY25MAR11100CE,344.1,4848.0,Monitoring
2025-02-25,11:05:00,HOLD,MIDCPNIFTY25MAR11100CE,336.05,5814.0,Monitoring
2025-02-25,11:10:00,HOLD,MIDCPNIFTY25MAR11100CE,336.05,5814.0,Monitoring
2025-02-25,11:15:00,HOLD,MIDCPNIFTY25MAR11100CE,336.05,5814.0,Monitoring
2025-02-25,11:20:00,HOLD,MIDCPNIFTY25MAR11100CE,336.05,5814.0,Monitoring
2025-02-25,11:25:00,HOLD,MIDCPNIFTY25MAR11100CE,340.0,5340.0,Monitoring
2025-02-25,11:30:00,HOLD,MIDCPNIFTY25MAR11100CE,335.0,5940.0,Monitoring
2025-02-25,11:35:00,HOLD,MIDCPNIFTY25MAR11100CE,344.4,4812.0,Monitoring
2025-02-25,11:40:00,HOLD,MIDCPNIFTY25MAR11100CE,344.4,4812.0,Monitoring
2025-02-25,11:45:00,HOLD,MIDCPNIFTY25MAR11100CE,344.4,4812.0,Monitoring
2025-02-25,11:50:00,HOLD,MIDCPNIFTY25MAR11100CE,336.4,5772.0,Monitoring
2025-02-25,11:55:00,HOLD,MIDCPNIFTY25MAR11100CE,343.9,4872.0,Monitoring
2025-02-25,12:00:00,HOLD,MIDCPNIFTY25MAR11100CE,330.1,6528.0,Monitoring
2025-02-25,12:05:00,HOLD,MIDCPNIFTY25MAR11100CE,330.1,6528.0,Monitoring
2025-02-25,12:10:00,HOLD,MIDCPNIFTY25MAR11100CE,330.1,6528.0,Monitoring
2025-02-25,12:15:00,HOLD,MIDCPNIFTY25MAR11100CE,330.1,6528.0,Monitoring
2025-02-25,12:20:00,HOLD,MIDCPNIFTY25MAR11100CE,339.65,5382.0,Monitoring
2025-02-25,12:25:00,HOLD,MIDCPNIFTY25MAR11100CE,343.85,4878.0,Monitoring
2025-02-25,12:30:00,HOLD,MIDCPNIFTY25MAR11100CE,343.85,4878.0,Monitoring
2025-02-25,12:35:00,HOLD,MIDCPNIFTY25MAR11100CE,335.0,5940.0,Monitoring
2025-02-25,12:40:00,HOLD,MIDCPNIFTY25MAR11100CE,336.5,5760.0,Monitoring
2025-02-25,12:45:00,HOLD,MIDCPNIFTY25MAR11100CE,335.0,5940.0,Monitoring
2025-02-25,12:50:00,HOLD,MIDCPNIFTY25MAR11100CE,332.0,6300.0,Monitoring
2025-02-25,12:55:00,HOLD,MIDCPNIFTY25MAR11100CE,331.0,6420.0,Monitoring
2025-02-25,13:00:00,HOLD,MIDCPNIFTY25MAR11100CE,331.0,6420.0,Monitoring
2025-02-25,13:05:00,HOLD,MIDCPNIFTY25MAR11100CE,331.0,6420.0,Monitoring
2025-02-25,13:10:00,HOLD,MIDCPNIFTY25MAR11100CE,331.0,6420.0,Monitoring
2025-02-25,13:15:00,HOLD,MIDCPNIFTY25MAR11100CE,331.0,6420.0,Monitoring
2025-02-25,13:20:00,HOLD,MIDCPNIFTY25MAR11100CE,335.35,5898.0,Monitoring
2025-02-25,13:25:00,HOLD,MIDCPNIFTY25MAR11100CE,335.0,5940.0,Monitoring
2025-02-25,13:30:00,HOLD,MIDCPNIFTY25MAR11100CE,336.0,5820.0,Monitoring
2025-02-25,13:35:00,HOLD,MIDCPNIFTY25MAR11100CE,331.05,6414.0,Monitoring
2025-02-25,13:40:00,HOLD,MIDCPNIFTY25MAR11100CE,342.0,5100.0,Monitoring
2025-02-25,13:45:00,HOLD,MIDCPNIFTY25MAR11100CE,343.25,4950.0,Monitoring
2025-02-25,13:50:00,HOLD,MIDCPNIFTY25MAR11100CE,343.3,4944.0,Monitoring
2025-02-25,13:55:00,HOLD,MIDCPNIFTY25MAR11100CE,338.95,5466.0,Monitoring
2025-02-25,14:00:00,HOLD,MIDCPNIFTY25MAR11100CE,338.95,5466.0,Monitoring
2025-02-25,14:05:00,HOLD,MIDCPNIFTY25MAR11100CE,340.7,5256.0,Monitoring
2025-02-25,14:10:00,HOLD,MIDCPNIFTY25MAR11100CE,342.85,4998.0,Monitoring
2025-02-25,14:15:00,HOLD,MIDCPNIFTY25MAR11100CE,338.55,5514.0,Monitoring
2025-02-25,14:20:00,HOLD,MIDCPNIFTY25MAR11100CE,340.8,5244.0,Monitoring
2025-02-25,14:25:00,HOLD,MIDCPNIFTY25MAR11100CE,336.4,5772.0,Monitoring
2025-02-25,14:30:00,HOLD,MIDCPNIFTY25MAR11100CE,339.85,5358.0,Monitoring
2025-02-25,14:35:00,HOLD,MIDCPNIFTY25MAR11100CE,340.85,5238.0,Monitoring
2025-02-25,14:40:00,HOLD,MIDCPNIFTY25MAR11100CE,340.85,5238.0,Monitoring
2025-02-25,14:45:00,HOLD,MIDCPNIFTY25MAR11100CE,338.35,5538.0,Monitoring
2025-02-25,14:50:00,HOLD,MIDCPNIFTY25MAR11100CE,338.1,5568.0,Monitoring
2025-02-25,14:55:00,HOLD,MIDCPNIFTY25MAR11100CE,336.0,5820.0,Monitoring
2025-02-25,15:00:00,HOLD,MIDCPNIFTY25MAR11100CE,331.1,6408.0,Monitoring
2025-02-25,15:05:00,HOLD,MIDCPNIFTY25MAR11100CE,325.0,7140.0,Monitoring
2025-02-25,15:10:00,HOLD,MIDCPNIFTY25MAR11100CE,330.2,6516.0,Monitoring
2025-02-25,15:15:00,HOLD,MIDCPNIFTY25MAR11100CE,325.05,7134.0,Monitoring
2025-02-25,15:20:00,HOLD,MIDCPNIFTY25MAR11100CE,326.7,6936.0,Monitoring
2025-02-25,15:25:00,HOLD,MIDCPNIFTY25MAR11100CE,315.0,8340.0,Monitoring
2025-02-27,09:15:00,HOLD,MIDCPNIFTY25MAR11100CE,324.8,7164.0,Monitoring
2025-02-27,09:20:00,HOLD,MIDCPNIFTY25MAR11100CE,327.0,6900.0,Monitoring
2025-02-27,09:25:00,HOLD,MIDCPNIFTY25MAR11100CE,321.95,7506.0,Monitoring
2025-02-27,09:30:00,HOLD,MIDCPNIFTY25MAR11100CE,327.95,6786.0,Monitoring
2025-02-27,09:35:00,HOLD,MIDCPNIFTY25MAR11100CE,319.2,7836.0,Monitoring
2025-02-27,09:40:00,HOLD,MIDCPNIFTY25MAR11100CE,323.2,7356.0,Monitoring
2025-02-27,09:45:00,HOLD,MIDCPNIFTY25MAR11100CE,317.0,8100.0,Monitoring
2025-02-27,09:50:00,HOLD,MIDCPNIFTY25MAR11100CE,317.85,7998.0,Monitoring
2025-02-27,09:55:00,HOLD,MIDCPNIFTY25MAR11100CE,315.0,8340.0,Monitoring
2025-02-27,10:00:00,HOLD,MIDCPNIFTY25MAR11100CE,308.0,9180.0,Monitoring
2025-02-27,10:05:00,HOLD,MIDCPNIFTY25MAR11100CE,315.0,8340.0,Monitoring
2025-02-27,10:10:00,HOLD,MIDCPNIFTY25MAR11100CE,308.3,9144.0,Monitoring
2025-02-27,10:15:00,HOLD,MIDCPNIFTY25MAR11100CE,305.5,9480.0,Monitoring
2025-02-27,10:20:00,HOLD,MIDCPNIFTY25MAR11100CE,298.8,10284.0,Monitoring
2025-02-27,10:25:00,HOLD,MIDCPNIFTY25MAR11100CE,302.95,9786.0,Monitoring
2025-02-27,10:30:00,HOLD,MIDCPNIFTY25MAR11100CE,300.35,10098.0,Monitoring
2025-02-27,10:35:00,HOLD,MIDCPNIFTY25MAR11100CE,302.15,9882.0,Monitoring
2025-02-27,10:40:00,HOLD,MIDCPNIFTY25MAR11100CE,304.5,9600.0,Monitoring
2025-02-27,10:45:00,HOLD,MIDCPNIFTY25MAR11100CE,302.6,9828.0,Monitoring
2025-02-27,10:50:00,HOLD,MIDCPNIFTY25MAR11100CE,306.15,9402.0,Monitoring
2025-02-27,10:55:00,HOLD,MIDCPNIFTY25MAR11100CE,304.6,9588.0,Monitoring
2025-02-27,11:00:00,HOLD,MIDCPNIFTY25MAR11100CE,296.65,10542.0,Monitoring
2025-02-27,11:05:00,HOLD,MIDCPNIFTY25MAR11100CE,291.45,11166.0,Monitoring
2025-02-27,11:10:00,HOLD,MIDCPNIFTY25MAR11100CE,283.1,12168.0,Monitoring
2025-02-27,11:15:00,HOLD,MIDCPNIFTY25MAR11100CE,283.1,12168.0,Monitoring
2025-02-27,11:20:00,HOLD,MIDCPNIFTY25MAR11100CE,285.0,11940.0,Monitoring
2025-02-27,11:25:00,HOLD,MIDCPNIFTY25MAR11100CE,286.9,11712.0,Monitoring
2025-02-27,11:30:00,HOLD,MIDCPNIFTY25MAR11100CE,285.5,11880.0,Monitoring
2025-02-27,11:35:00,HOLD,MIDCPNIFTY25MAR11100CE,282.0,12300.0,Monitoring
2025-02-27,11:40:00,HOLD,MIDCPNIFTY25MAR11100CE,283.25,12150.0,Monitoring
2025-02-27,11:45:00,HOLD,MIDCPNIFTY25MAR11100CE,285.0,11940.0,Monitoring
2025-02-27,11:50:00,HOLD,MIDCPNIFTY25MAR11100CE,285.0,11940.0,Monitoring
2025-02-27,11:55:00,HOLD,MIDCPNIFTY25MAR11100CE,272.5,13440.0,Monitoring
2025-02-27,12:00:00,HOLD,MIDCPNIFTY25MAR11100CE,269.3,13824.0,Monitoring
2025-02-27,12:05:00,HOLD,MIDCPNIFTY25MAR11100CE,260.55,14874.0,Monitoring
2025-02-27,12:10:00,HOLD,MIDCPNIFTY25MAR11100CE,258.25,15150.0,Monitoring
2025-02-27,12:15:00,HOLD,MIDCPNIFTY25MAR11100CE,263.7,14496.0,Monitoring
2025-02-27,12:20:00,HOLD,MIDCPNIFTY25MAR11100CE,261.25,14790.0,Monitoring
2025-02-27,12:25:00,HOLD,MIDCPNIFTY25MAR11100CE,266.8,14124.0,Monitoring
2025-02-27,12:30:00,HOLD,MIDCPNIFTY25MAR11100CE,264.75,14370.0,Monitoring
2025-02-27,12:35:00,HOLD,MIDCPNIFTY25MAR11100CE,263.9,14472.0,Monitoring
2025-02-27,12:40:00,HOLD,MIDCPNIFTY25MAR11100CE,275.7,13056.0,Monitoring
2025-02-27,12:45:00,HOLD,MIDCPNIFTY25MAR11100CE,275.7,13056.0,Monitoring
2025-02-27,12:50:00,HOLD,MIDCPNIFTY25MAR11100CE,268.0,13980.0,Monitoring
2025-02-27,12:55:00,HOLD,MIDCPNIFTY25MAR11100CE,270.0,13740.0,Monitoring
2025-02-27,13:00:00,HOLD,MIDCPNIFTY25MAR11100CE,274.4,13212.0,Monitoring
2025-02-27,13:05:00,HOLD,MIDCPNIFTY25MAR11100CE,270.0,13740.0,Monitoring
2025-02-27,13:10:00,HOLD,MIDCPNIFTY25MAR11100CE,270.0,13740.0,Monitoring
2025-02-27,13:15:00,HOLD,MIDCPNIFTY25MAR11100CE,274.0,13260.0,Monitoring
2025-02-27,13:20:00,HOLD,MIDCPNIFTY25MAR11100CE,274.2,13236.0,Monitoring
2025-02-27,13:25:00,HOLD,MIDCPNIFTY25MAR11100CE,280.0,12540.0,Monitoring
2025-02-27,13:30:00,HOLD,MIDCPNIFTY25MAR11100CE,279.45,12606.0,Monitoring
2025-02-27,13:35:00,HOLD,MIDCPNIFTY25MAR11100CE,272.5,13440.0,Monitoring
2025-02-27,13:40:00,HOLD,MIDCPNIFTY25MAR11100CE,271.85,13518.0,Monitoring
2025-02-27,13:45:00,HOLD,MIDCPNIFTY25MAR11100CE,271.85,13518.0,Monitoring
2025-02-27,13:50:00,HOLD,MIDCPNIFTY25MAR11100CE,279.2,12636.0,Monitoring
2025-02-27,13:55:00,HOLD,MIDCPNIFTY25MAR11100CE,273.6,13308.0,Monitoring
2025-02-27,14:00:00,HOLD,MIDCPNIFTY25MAR11100CE,267.9,13992.0,Monitoring
2025-02-27,14:05:00,HOLD,MIDCPNIFTY25MAR11100CE,270.9,13632.0,Monitoring
2025-02-27,14:10:00,HOLD,MIDCPNIFTY25MAR11100CE,269.1,13848.0,Monitoring
2025-02-27,14:15:00,HOLD,MIDCPNIFTY25MAR11100CE,270.0,13740.0,Monitoring
2025-02-27,14:20:00,HOLD,MIDCPNIFTY25MAR11100CE,271.2,13596.0,Monitoring
2025-02-27,14:25:00,HOLD,MIDCPNIFTY25MAR11100CE,268.95,13866.0,Monitoring
2025-02-27,14:30:00,HOLD,MIDCPNIFTY25MAR11100CE,271.5,13560.0,Monitoring
2025-02-27,14:35:00,HOLD,MIDCPNIFTY25MAR11100CE,264.2,14436.0,Monitoring
2025-02-27,14:40:00,HOLD,MIDCPNIFTY25MAR11100CE,267.2,14076.0,Monitoring
2025-02-27,14:45:00,HOLD,MIDCPNIFTY25MAR11100CE,267.7,14016.0,Monitoring
2025-02-27,14:50:00,HOLD,MIDCPNIFTY25MAR11100CE,278.0,12780.0,Monitoring
2025-02-27,14:55:00,HOLD,MIDCPNIFTY25MAR11100CE,279.95,12546.0,Monitoring
2025-02-27,15:00:00,HOLD,MIDCPNIFTY25MAR11100CE,286.0,11820.0,Monitoring
2025-02-27,15:05:00,HOLD,MIDCPNIFTY25MAR11100CE,293.55,10914.0,Monitoring
2025-02-27,15:10:00,HOLD,MIDCPNIFTY25MAR11100CE,295.0,10740.0,Monitoring
2025-02-27,15:15:00,HOLD,MIDCPNIFTY25MAR11100CE,271.85,13518.0,Monitoring
2025-02-27,15:20:00,HOLD,MIDCPNIFTY25MAR11100CE,260.25,14910.0,Monitoring
2025-02-27,15:25:00,HOLD,MIDCPNIFTY25MAR11100CE,251.45,15966.0,Monitoring
2025-02-28,09:15:00,HOLD,MIDCPNIFTY25MAR11100CE,190.9,23232.0,Monitoring
2025-02-28,09:20:00,HOLD,MIDCPNIFTY25MAR11100CE,206.1,21408.0,Monitoring
2025-02-28,09:25:00,HOLD,MIDCPNIFTY25MAR11100CE,197.95,22386.0,Monitoring
2025-02-28,09:30:00,HOLD,MIDCPNIFTY25MAR11100CE,176.1,25008.0,Monitoring
2025-02-28,09:35:00,HOLD,MIDCPNIFTY25MAR11100CE,177.65,24822.0,Monitoring
2025-02-28,09:40:00,HOLD,MIDCPNIFTY25MAR11100CE,183.75,24090.0,Monitoring
2025-02-28,09:45:00,HOLD,MIDCPNIFTY25MAR11100CE,183.9,24072.0,Monitoring
2025-02-28,09:50:00,HOLD,MIDCPNIFTY25MAR11100CE,189.0,23460.0,Monitoring
2025-02-28,09:55:00,HOLD,MIDCPNIFTY25MAR11100CE,180.95,24426.0,Monitoring
2025-02-28,10:00:00,HOLD,MIDCPNIFTY25MAR11100CE,172.0,25500.0,Monitoring
2025-02-28,10:05:00,HOLD,MIDCPNIFTY25MAR11100CE,173.7,25296.0,Monitoring
2025-02-28,10:10:00,HOLD,MIDCPNIFTY25MAR11100CE,182.9,24192.0,Monitoring
2025-02-28,10:15:00,HOLD,MIDCPNIFTY25MAR11100CE,187.65,23622.0,Monitoring
2025-02-28,10:20:00,HOLD,MIDCPNIFTY25MAR11100CE,191.45,23166.0,Monitoring
2025-02-28,10:25:00,HOLD,MIDCPNIFTY25MAR11100CE,184.65,23982.0,Monitoring
2025-02-28,10:30:00,HOLD,MIDCPNIFTY25MAR11100CE,185.85,23838.0,Monitoring
2025-02-28,10:35:00,HOLD,MIDCPNIFTY25MAR11100CE,188.2,23556.0,Monitoring
2025-02-28,10:40:00,HOLD,MIDCPNIFTY25MAR11100CE,188.05,23574.0,Monitoring
2025-02-28,10:45:00,HOLD,MIDCPNIFTY25MAR11100CE,183.25,24150.0,Monitoring
2025-02-28,10:50:00,HOLD,MIDCPNIFTY25MAR11100CE,175.25,25110.0,Monitoring
2025-02-28,10:55:00,HOLD,MIDCPNIFTY25MAR11100CE,174.85,25158.0,Monitoring
2025-02-28,11:00:00,HOLD,MIDCPNIFTY25MAR11100CE,183.3,24144.0,Monitoring
2025-02-28,11:05:00,HOLD,MIDCPNIFTY25MAR11100CE,181.35,24378.0,Monitoring
2025-02-28,11:10:00,HOLD,MIDCPNIFTY25MAR11100CE,175.95,25026.0,Monitoring
2025-02-28,11:15:00,HOLD,MIDCPNIFTY25MAR11100CE,176.05,25014.0,Monitoring
2025-02-28,11:20:00,HOLD,MIDCPNIFTY25MAR11100CE,172.4,25452.0,Monitoring
2025-02-28,11:25:00,HOLD,MIDCPNIFTY25MAR11100CE,176.25,24990.0,Monitoring
2025-02-28,11:30:00,HOLD,MIDCPNIFTY25MAR11100CE,174.55,25194.0,Monitoring
2025-02-28,11:35:00,HOLD,MIDCPNIFTY25MAR11100CE,177.05,24894.0,Monitoring
2025-02-28,11:40:00,HOLD,MIDCPNIFTY25MAR11100CE,170.0,25740.0,Monitoring
2025-02-28,11:45:00,HOLD,MIDCPNIFTY25MAR11100CE,162.8,26604.0,Monitoring
2025-02-28,11:50:00,HOLD,MIDCPNIFTY25MAR11100CE,163.65,26502.0,Monitoring
2025-02-28,11:55:00,HOLD,MIDCPNIFTY25MAR11100CE,168.45,25926.0,Monitoring
2025-02-28,12:00:00,HOLD,MIDCPNIFTY25MAR11100CE,163.15,26562.0,Monitoring
2025-02-28,12:05:00,HOLD,MIDCPNIFTY25MAR11100CE,161.9,26712.0,Monitoring
2025-02-28,12:10:00,HOLD,MIDCPNIFTY25MAR11100CE,164.75,26370.0,Monitoring
2025-02-28,12:15:00,HOLD,MIDCPNIFTY25MAR11100CE,165.85,26238.0,Monitoring
2025-02-28,12:20:00,HOLD,MIDCPNIFTY25MAR11100CE,161.55,26754.0,Monitoring
2025-02-28,12:25:00,HOLD,MIDCPNIFTY25MAR11100CE,169.05,25854.0,Monitoring
2025-02-28,12:30:00,HOLD,MIDCPNIFTY25MAR11100CE,162.0,26700.0,Monitoring
2025-02-28,12:35:00,HOLD,MIDCPNIFTY25MAR11100CE,155.3,27504.0,Monitoring
2025-02-28,12:40:00,HOLD,MIDCPNIFTY25MAR11100CE,155.0,27540.0,Monitoring
2025-02-28,12:45:00,HOLD,MIDCPNIFTY25MAR11100CE,156.8,27324.0,Monitoring
2025-02-28,12:50:00,HOLD,MIDCPNIFTY25MAR11100CE,157.0,27300.0,Monitoring
2025-02-28,12:55:00,HOLD,MIDCPNIFTY25MAR11100CE,154.0,27660.0,Monitoring
2025-02-28,13:00:00,HOLD,MIDCPNIFTY25MAR11100CE,161.9,26712.0,Monitoring
2025-02-28,13:05:00,HOLD,MIDCPNIFTY25MAR11100CE,165.8,26244.0,Monitoring
2025-02-28,13:10:00,HOLD,MIDCPNIFTY25MAR11100CE,164.0,26460.0,Monitoring
2025-02-28,13:15:00,HOLD,MIDCPNIFTY25MAR11100CE,166.05,26214.0,Monitoring
2025-02-28,13:20:00,HOLD,MIDCPNIFTY25MAR11100CE,164.8,26364.0,Monitoring
2025-02-28,13:25:00,HOLD,MIDCPNIFTY25MAR11100CE,170.3,25704.0,Monitoring
2025-02-28,13:30:00,HOLD,MIDCPNIFTY25MAR11100CE,169.0,25860.0,Monitoring
2025-02-28,13:35:00,HOLD,MIDCPNIFTY25MAR11100CE,163.35,26538.0,Monitoring
2025-02-28,13:40:00,HOLD,MIDCPNIFTY25MAR11100CE,164.65,26382.0,Monitoring
2025-02-28,13:45:00,HOLD,MIDCPNIFTY25MAR11100CE,166.95,26106.0,Monitoring
2025-02-28,13:50:00,HOLD,MIDCPNIFTY25MAR11100CE,162.55,26634.0,Monitoring
2025-02-28,13:55:00,HOLD,MIDCPNIFTY25MAR11100CE,164.0,26460.0,Monitoring
2025-02-28,14:00:00,HOLD,MIDCPNIFTY25MAR11100CE,162.35,26658.0,Monitoring
2025-02-28,14:05:00,HOLD,MIDCPNIFTY25MAR11100CE,164.0,26460.0,Monitoring
2025-02-28,14:10:00,HOLD,MIDCPNIFTY25MAR11100CE,165.3,26304.0,Monitoring
2025-02-28,14:15:00,HOLD,MIDCPNIFTY25MAR11100CE,164.0,26460.0,Monitoring
2025-02-28,14:20:00,HOLD,MIDCPNIFTY25MAR11100CE,168.75,25890.0,Monitoring
2025-02-28,14:25:00,HOLD,MIDCPNIFTY25MAR11100CE,168.75,25890.0,Monitoring
2025-02-28,14:30:00,HOLD,MIDCPNIFTY25MAR11100CE,163.2,26556.0,Monitoring
2025-02-28,14:35:00,HOLD,MIDCPNIFTY25MAR11100CE,165.1,26328.0,Monitoring
2025-02-28,14:40:00,HOLD,MIDCPNIFTY25MAR11100CE,175.9,25032.0,Monitoring
2025-02-28,14:45:00,HOLD,MIDCPNIFTY25MAR11100CE,172.5,25440.0,Monitoring
2025-02-28,14:50:00,HOLD,MIDCPNIFTY25MAR11100CE,176.9,24912.0,Monitoring
2025-02-28,14:55:00,HOLD,MIDCPNIFTY25MAR11100CE,172.55,25434.0,Monitoring
2025-02-28,15:00:00,HOLD,MIDCPNIFTY25MAR11100CE,172.3,25464.0,Monitoring
2025-02-28,15:05:00,HOLD,MIDCPNIFTY25MAR11100CE,177.9,24792.0,Monitoring
2025-02-28,15:10:00,HOLD,MIDCPNIFTY25MAR11100CE,174.0,25260.0,Monitoring
2025-02-28,15:15:00,HOLD,MIDCPNIFTY25MAR11100CE,174.0,25260.0,Monitoring
2025-02-28,15:20:00,HOLD,MIDCPNIFTY25MAR11100CE,171.2,25596.0,Monitoring
2025-02-28,15:25:00,HOLD,MIDCPNIFTY25MAR11100CE,178.15,24762.0,Monitoring
2025-03-03,09:15:00,HOLD,MIDCPNIFTY25MAR11100CE,199.0,22260.0,Monitoring
2025-03-03,09:20:00,HOLD,MIDCPNIFTY25MAR11100CE,180.7,24456.0,Monitoring
2025-03-03,09:25:00,HOLD,MIDCPNIFTY25MAR11100CE,169.05,25854.0,Monitoring
2025-03-03,09:30:00,HOLD,MIDCPNIFTY25MAR11100CE,167.1,26088.0,Monitoring
2025-03-03,09:35:00,HOLD,MIDCPNIFTY25MAR11100CE,169.35,25818.0,Monitoring
2025-03-03,09:40:00,HOLD,MIDCPNIFTY25MAR11100CE,164.25,26430.0,Monitoring
2025-03-03,09:45:00,HOLD,MIDCPNIFTY25MAR11100CE,157.25,27270.0,Monitoring
2025-03-03,09:50:00,HOLD,MIDCPNIFTY25MAR11100CE,157.95,27186.0,Monitoring
2025-03-03,09:55:00,HOLD,MIDCPNIFTY25MAR11100CE,152.5,27840.0,Monitoring
2025-03-03,10:00:00,HOLD,MIDCPNIFTY25MAR11100CE,139.65,29382.0,Monitoring
2025-03-03,10:05:00,HOLD,MIDCPNIFTY25MAR11100CE,129.9,30552.0,Monitoring
2025-03-03,10:10:00,HOLD,MIDCPNIFTY25MAR11100CE,129.25,30630.0,Monitoring
2025-03-03,10:15:00,HOLD,MIDCPNIFTY25MAR11100CE,135.45,29886.0,Monitoring
2025-03-03,10:20:00,HOLD,MIDCPNIFTY25MAR11100CE,133.1,30168.0,Monitoring
2025-03-03,10:25:00,HOLD,MIDCPNIFTY25MAR11100CE,157.9,27192.0,Monitoring
2025-03-03,10:30:00,HOLD,MIDCPNIFTY25MAR11100CE,140.0,29340.0,Monitoring
2025-03-03,10:35:00,HOLD,MIDCPNIFTY25MAR11100CE,141.45,29166.0,Monitoring
2025-03-03,10:40:00,HOLD,MIDCPNIFTY25MAR11100CE,138.25,29550.0,Monitoring
2025-03-03,10:45:00,HOLD,MIDCPNIFTY25MAR11100CE,141.0,29220.0,Monitoring
2025-03-03,10:50:00,HOLD,MIDCPNIFTY25MAR11100CE,133.5,30120.0,Monitoring
2025-03-03,10:55:00,HOLD,MIDCPNIFTY25MAR11100CE,140.0,29340.0,Monitoring
2025-03-03,11:00:00,HOLD,MIDCPNIFTY25MAR11100CE,134.4,30012.0,Monitoring
2025-03-03,11:05:00,HOLD,MIDCPNIFTY25MAR11100CE,132.3,30264.0,Monitoring
2025-03-03,11:10:00,HOLD,MIDCPNIFTY25MAR11100CE,132.0,30300.0,Monitoring
2025-03-03,11:15:00,HOLD,MIDCPNIFTY25MAR11100CE,127.0,30900.0,Monitoring
2025-03-03,11:20:00,HOLD,MIDCPNIFTY25MAR11100CE,129.2,30636.0,Monitoring
2025-03-03,11:25:00,HOLD,MIDCPNIFTY25MAR11100CE,125.0,31140.0,Monitoring
2025-03-03,11:30:00,HOLD,MIDCPNIFTY25MAR11100CE,133.4,30132.0,Monitoring
2025-03-03,11:35:00,HOLD,MIDCPNIFTY25MAR11100CE,125.95,31026.0,Monitoring
2025-03-03,11:40:00,HOLD,MIDCPNIFTY25MAR11100CE,123.85,31278.0,Monitoring
2025-03-03,11:45:00,HOLD,MIDCPNIFTY25MAR11100CE,127.25,30870.0,Monitoring
2025-03-03,11:50:00,HOLD,MIDCPNIFTY25MAR11100CE,126.85,30918.0,Monitoring
2025-03-03,11:55:00,HOLD,MIDCPNIFTY25MAR11100CE,125.0,31140.0,Monitoring
2025-03-03,12:00:00,HOLD,MIDCPNIFTY25MAR11100CE,123.75,31290.0,Monitoring
2025-03-03,12:05:00,HOLD,MIDCPNIFTY25MAR11100CE,127.7,30816.0,Monitoring
2025-03-03,12:10:00,HOLD,MIDCPNIFTY25MAR11100CE,135.35,29898.0,Monitoring
2025-03-03,12:15:00,HOLD,MIDCPNIFTY25MAR11100CE,138.1,29568.0,Monitoring
2025-03-03,12:20:00,HOLD,MIDCPNIFTY25MAR11100CE,150.45,28086.0,Monitoring
2025-03-03,12:25:00,HOLD,MIDCPNIFTY25MAR11100CE,148.2,28356.0,Monitoring
2025-03-03,12:30:00,HOLD,MIDCPNIFTY25MAR11100CE,158.6,27108.0,Monitoring
2025-03-03,12:35:00,HOLD,MIDCPNIFTY25MAR11100CE,158.0,27180.0,Monitoring
2025-03-03,12:40:00,HOLD,MIDCPNIFTY25MAR11100CE,166.7,26136.0,Monitoring
2025-03-03,12:45:00,HOLD,MIDCPNIFTY25MAR11100CE,182.2,24276.0,Monitoring
2025-03-03,12:50:00,HOLD,MIDCPNIFTY25MAR11100CE,173.4,25332.0,Monitoring
2025-03-03,12:55:00,HOLD,MIDCPNIFTY25MAR11100CE,171.15,25602.0,Monitoring
2025-03-03,13:00:00,HOLD,MIDCPNIFTY25MAR11100CE,173.45,25326.0,Monitoring
2025-03-03,13:05:00,HOLD,MIDCPNIFTY25MAR11100CE,181.2,24396.0,Monitoring
2025-03-03,13:10:00,HOLD,MIDCPNIFTY25MAR11100CE,201.85,21918.0,Monitoring
2025-03-03,13:10:00,BUY_EXIT,MIDCPNIFTY25MAR11100CE,201.85,21918.0,EMA_REVERSAL_SL
