Date,Time,Event,Ticker,Price,PnL_INR,Info
2024-12-31,14:00:00,SELL_ENTRY,MIDCPNIFTY25JAN12800PE,184.4,0.0,Signal PE | Short
2024-12-31,14:05:00,HOLD,MIDCPNIFTY25JAN12800PE,181.05,402.0,Monitoring
2024-12-31,14:10:00,HOLD,MIDCPNIFTY25JAN12800PE,180.45,474.0,Monitoring
2024-12-31,14:15:00,HOLD,MIDCPNIFTY25JAN12800PE,186.05,-198.0,Monitoring
2024-12-31,14:20:00,HOLD,MIDCPNIFTY25JAN12800PE,190.0,-672.0,Monitoring
2024-12-31,14:25:00,HOLD,MIDCPNIFTY25JAN12800PE,191.9,-900.0,Monitoring
2024-12-31,14:30:00,HOLD,MIDCPNIFTY25JAN12800PE,192.45,-966.0,Monitoring
2024-12-31,14:35:00,HOLD,MIDCPNIFTY25JAN12800PE,188.0,-432.0,Monitoring
2024-12-31,14:40:00,HOLD,MIDCPNIFTY25JAN12800PE,190.2,-696.0,Monitoring
2024-12-31,14:45:00,HOLD,MIDCPNIFTY25JAN12800PE,189.7,-636.0,Monitoring
2024-12-31,14:50:00,HOLD,MIDCPNIFTY25JAN12800PE,196.45,-1446.0,Monitoring
2024-12-31,14:55:00,HOLD,MIDCPNIFTY25JAN12800PE,193.8,-1128.0,Monitoring
2024-12-31,15:00:00,HOLD,MIDCPNIFTY25JAN12800PE,208.0,-2832.0,Monitoring
2024-12-31,15:05:00,HOLD,MIDCPNIFTY25JAN12800PE,198.65,-1710.0,Monitoring
2024-12-31,15:10:00,HOLD,MIDCPNIFTY25JAN12800PE,202.45,-2166.0,Monitoring
2024-12-31,15:15:00,HOLD,MIDCPNIFTY25JAN12800PE,208.15,-2850.0,Monitoring
2024-12-31,15:20:00,HOLD,MIDCPNIFTY25JAN12800PE,211.0,-3192.0,Monitoring
2024-12-31,15:25:00,HOLD,MIDCPNIFTY25JAN12800PE,200.15,-1890.0,Monitoring
2025-01-01,09:15:00,HOLD,MIDCPNIFTY25JAN12800PE,198.0,-1632.0,Monitoring
2025-01-01,09:20:00,HOLD,MIDCPNIFTY25JAN12800PE,214.15,-3570.0,Monitoring
2025-01-01,09:25:00,HOLD,MIDCPNIFTY25JAN12800PE,210.45,-3126.0,Monitoring
2025-01-01,09:30:00,HOLD,MIDCPNIFTY25JAN12800PE,229.35,-5394.0,Monitoring
2025-01-01,09:35:00,HOLD,MIDCPNIFTY25JAN12800PE,223.3,-4668.0,Monitoring
2025-01-01,09:40:00,HOLD,MIDCPNIFTY25JAN12800PE,227.55,-5178.0,Monitoring
2025-01-01,09:45:00,HOLD,MIDCPNIFTY25JAN12800PE,240.1,-6684.0,Monitoring
2025-01-01,09:50:00,HOLD,MIDCPNIFTY25JAN12800PE,242.45,-6966.0,Monitoring
2025-01-01,09:55:00,HOLD,MIDCPNIFTY25JAN12800PE,232.75,-5802.0,Monitoring
2025-01-01,10:00:00,HOLD,MIDCPNIFTY25JAN12800PE,240.8,-6768.0,Monitoring
2025-01-01,10:00:00,BUY_EXIT,MIDCPNIFTY25JAN12800PE,240.8,-6768.0,EMA_REVERSAL_SL
