Date,Time,Event,Ticker,Price,PnL_INR,Info
2025-07-07,14:00:00,SELL_ENTRY,MIDCPNIFTY25JUL13500CE,213.1,0.0,Signal CE | Short
2025-07-07,14:05:00,HOLD,MIDCPNIFTY25JUL13500CE,213.95,-102.0,Monitoring
2025-07-07,14:10:00,HOLD,MIDCPNIFTY25JUL13500CE,212.5,72.0,Monitoring
2025-07-07,14:15:00,HOLD,MIDCPNIFTY25JUL13500CE,212.5,72.0,Monitoring
2025-07-07,14:20:00,HOLD,MIDCPNIFTY25JUL13500CE,212.55,66.0,Monitoring
2025-07-07,14:25:00,HOLD,MIDCPNIFTY25JUL13500CE,207.0,732.0,Monitoring
2025-07-07,14:30:00,HOLD,MIDCPNIFTY25JUL13500CE,207.95,618.0,Monitoring
2025-07-07,14:35:00,HOLD,MIDCPNIFTY25JUL13500CE,207.0,732.0,Monitoring
2025-07-07,14:40:00,HOLD,MIDCPNIFTY25JUL13500CE,209.85,390.0,Monitoring
2025-07-07,14:45:00,HOLD,MIDCPNIFTY25JUL13500CE,204.8,996.0,Monitoring
2025-07-07,14:50:00,HOLD,MIDCPNIFTY25JUL13500CE,203.5,1152.0,Monitoring
2025-07-07,14:55:00,HOLD,MIDCPNIFTY25JUL13500CE,210.5,312.0,Monitoring
2025-07-07,15:00:00,HOLD,MIDCPNIFTY25JUL13500CE,213.25,-18.0,Monitoring
2025-07-07,15:05:00,HOLD,MIDCPNIFTY25JUL13500CE,218.75,-678.0,Monitoring
2025-07-07,15:10:00,HOLD,MIDCPNIFTY25JUL13500CE,212.25,102.0,Monitoring
2025-07-07,15:15:00,HOLD,MIDCPNIFTY25JUL13500CE,213.35,-30.0,Monitoring
2025-07-07,15:20:00,HOLD,MIDCPNIFTY25JUL13500CE,214.75,-198.0,Monitoring
2025-07-07,15:25:00,HOLD,MIDCPNIFTY25JUL13500CE,210.85,270.0,Monitoring
2025-07-08,09:15:00,HOLD,MIDCPNIFTY25JUL13500CE,212.9,24.0,Monitoring
2025-07-08,09:20:00,HOLD,MIDCPNIFTY25JUL13500CE,217.3,-504.0,Monitoring
2025-07-08,09:25:00,HOLD,MIDCPNIFTY25JUL13500CE,194.75,2202.0,Monitoring
2025-07-08,09:30:00,HOLD,MIDCPNIFTY25JUL13500CE,186.05,3246.0,Monitoring
2025-07-08,09:35:00,HOLD,MIDCPNIFTY25JUL13500CE,184.0,3492.0,Monitoring
2025-07-08,09:40:00,HOLD,MIDCPNIFTY25JUL13500CE,185.0,3372.0,Monitoring
2025-07-08,09:45:00,HOLD,MIDCPNIFTY25JUL13500CE,190.65,2694.0,Monitoring
2025-07-08,09:50:00,HOLD,MIDCPNIFTY25JUL13500CE,183.3,3576.0,Monitoring
2025-07-08,09:55:00,HOLD,MIDCPNIFTY25JUL13500CE,170.1,5160.0,Monitoring
2025-07-08,10:00:00,HOLD,MIDCPNIFTY25JUL13500CE,172.75,4842.0,Monitoring
2025-07-08,10:05:00,HOLD,MIDCPNIFTY25JUL13500CE,167.0,5532.0,Monitoring
2025-07-08,10:10:00,HOLD,MIDCPNIFTY25JUL13500CE,174.75,4602.0,Monitoring
2025-07-08,10:15:00,HOLD,MIDCPNIFTY25JUL13500CE,175.85,4470.0,Monitoring
2025-07-08,10:20:00,HOLD,MIDCPNIFTY25JUL13500CE,171.0,5052.0,Monitoring
2025-07-08,10:25:00,HOLD,MIDCPNIFTY25JUL13500CE,172.95,4818.0,Monitoring
2025-07-08,10:30:00,HOLD,MIDCPNIFTY25JUL13500CE,169.8,5196.0,Monitoring
2025-07-08,10:35:00,HOLD,MIDCPNIFTY25JUL13500CE,168.75,5322.0,Monitoring
2025-07-08,10:40:00,HOLD,MIDCPNIFTY25JUL13500CE,168.85,5310.0,Monitoring
2025-07-08,10:45:00,HOLD,MIDCPNIFTY25JUL13500CE,159.9,6384.0,Monitoring
2025-07-08,10:50:00,HOLD,MIDCPNIFTY25JUL13500CE,162.0,6132.0,Monitoring
2025-07-08,10:55:00,HOLD,MIDCPNIFTY25JUL13500CE,167.8,5436.0,Monitoring
2025-07-08,11:00:00,HOLD,MIDCPNIFTY25JUL13500CE,156.4,6804.0,Monitoring
2025-07-08,11:05:00,HOLD,MIDCPNIFTY25JUL13500CE,150.35,7530.0,Monitoring
2025-07-08,11:10:00,HOLD,MIDCPNIFTY25JUL13500CE,151.45,7398.0,Monitoring
2025-07-08,11:15:00,HOLD,MIDCPNIFTY25JUL13500CE,152.6,7260.0,Monitoring
2025-07-08,11:20:00,HOLD,MIDCPNIFTY25JUL13500CE,146.65,7974.0,Monitoring
2025-07-08,11:25:00,HOLD,MIDCPNIFTY25JUL13500CE,151.95,7338.0,Monitoring
2025-07-08,11:30:00,HOLD,MIDCPNIFTY25JUL13500CE,155.1,6960.0,Monitoring
2025-07-08,11:35:00,HOLD,MIDCPNIFTY25JUL13500CE,153.85,7110.0,Monitoring
2025-07-08,11:40:00,HOLD,MIDCPNIFTY25JUL13500CE,152.5,7272.0,Monitoring
2025-07-08,11:45:00,HOLD,MIDCPNIFTY25JUL13500CE,149.6,7620.0,Monitoring
2025-07-08,11:50:00,HOLD,MIDCPNIFTY25JUL13500CE,153.25,7182.0,Monitoring
2025-07-08,11:55:00,HOLD,MIDCPNIFTY25JUL13500CE,155.5,6912.0,Monitoring
2025-07-08,12:00:00,HOLD,MIDCPNIFTY25JUL13500CE,152.6,7260.0,Monitoring
2025-07-08,12:05:00,HOLD,MIDCPNIFTY25JUL13500CE,152.95,7218.0,Monitoring
2025-07-08,12:10:00,HOLD,MIDCPNIFTY25JUL13500CE,147.25,7902.0,Monitoring
2025-07-08,12:15:00,HOLD,MIDCPNIFTY25JUL13500CE,147.05,7926.0,Monitoring
2025-07-08,12:20:00,HOLD,MIDCPNIFTY25JUL13500CE,145.0,8172.0,Monitoring
2025-07-08,12:25:00,HOLD,MIDCPNIFTY25JUL13500CE,160.0,6372.0,Monitoring
2025-07-08,12:30:00,HOLD,MIDCPNIFTY25JUL13500CE,166.1,5640.0,Monitoring
2025-07-08,12:35:00,HOLD,MIDCPNIFTY25JUL13500CE,168.6,5340.0,Monitoring
2025-07-08,12:40:00,HOLD,MIDCPNIFTY25JUL13500CE,177.75,4242.0,Monitoring
2025-07-08,12:45:00,HOLD,MIDCPNIFTY25JUL13500CE,177.0,4332.0,Monitoring
2025-07-08,12:50:00,HOLD,MIDCPNIFTY25JUL13500CE,184.3,3456.0,Monitoring
2025-07-08,12:55:00,HOLD,MIDCPNIFTY25JUL13500CE,185.6,3300.0,Monitoring
2025-07-08,13:00:00,HOLD,MIDCPNIFTY25JUL13500CE,186.45,3198.0,Monitoring
2025-07-08,13:05:00,HOLD,MIDCPNIFTY25JUL13500CE,186.45,3198.0,Monitoring
2025-07-08,13:10:00,HOLD,MIDCPNIFTY25JUL13500CE,191.2,2628.0,Monitoring
2025-07-08,13:15:00,HOLD,MIDCPNIFTY25JUL13500CE,196.2,2028.0,Monitoring
2025-07-08,13:20:00,HOLD,MIDCPNIFTY25JUL13500CE,186.35,3210.0,Monitoring
2025-07-08,13:25:00,HOLD,MIDCPNIFTY25JUL13500CE,184.6,3420.0,Monitoring
2025-07-08,13:30:00,HOLD,MIDCPNIFTY25JUL13500CE,180.15,3954.0,Monitoring
2025-07-08,13:35:00,HOLD,MIDCPNIFTY25JUL13500CE,181.65,3774.0,Monitoring
2025-07-08,13:40:00,HOLD,MIDCPNIFTY25JUL13500CE,190.6,2700.0,Monitoring
2025-07-08,13:45:00,HOLD,MIDCPNIFTY25JUL13500CE,185.0,3372.0,Monitoring
2025-07-08,13:50:00,HOLD,MIDCPNIFTY25JUL13500CE,182.9,3624.0,Monitoring
2025-07-08,13:55:00,HOLD,MIDCPNIFTY25JUL13500CE,175.8,4476.0,Monitoring
2025-07-08,14:00:00,HOLD,MIDCPNIFTY25JUL13500CE,170.75,5082.0,Monitoring
2025-07-08,14:05:00,HOLD,MIDCPNIFTY25JUL13500CE,170.1,5160.0,Monitoring
2025-07-08,14:10:00,HOLD,MIDCPNIFTY25JUL13500CE,165.4,5724.0,Monitoring
2025-07-08,14:15:00,HOLD,MIDCPNIFTY25JUL13500CE,162.0,6132.0,Monitoring
2025-07-08,14:20:00,HOLD,MIDCPNIFTY25JUL13500CE,158.0,6612.0,Monitoring
2025-07-08,14:25:00,HOLD,MIDCPNIFTY25JUL13500CE,161.75,6162.0,Monitoring
2025-07-08,14:30:00,HOLD,MIDCPNIFTY25JUL13500CE,165.05,5766.0,Monitoring
2025-07-08,14:35:00,HOLD,MIDCPNIFTY25JUL13500CE,165.25,5742.0,Monitoring
2025-07-08,14:40:00,HOLD,MIDCPNIFTY25JUL13500CE,165.0,5772.0,Monitoring
2025-07-08,14:45:00,HOLD,MIDCPNIFTY25JUL13500CE,167.0,5532.0,Monitoring
2025-07-08,14:50:00,HOLD,MIDCPNIFTY25JUL13500CE,166.85,5550.0,Monitoring
2025-07-08,14:55:00,HOLD,MIDCPNIFTY25JUL13500CE,171.2,5028.0,Monitoring
2025-07-08,15:00:00,HOLD,MIDCPNIFTY25JUL13500CE,173.95,4698.0,Monitoring
2025-07-08,15:05:00,HOLD,MIDCPNIFTY25JUL13500CE,182.4,3684.0,Monitoring
2025-07-08,15:10:00,HOLD,MIDCPNIFTY25JUL13500CE,183.0,3612.0,Monitoring
2025-07-08,15:15:00,HOLD,MIDCPNIFTY25JUL13500CE,184.1,3480.0,Monitoring
2025-07-08,15:20:00,HOLD,MIDCPNIFTY25JUL13500CE,184.05,3486.0,Monitoring
2025-07-08,15:25:00,HOLD,MIDCPNIFTY25JUL13500CE,188.0,3012.0,Monitoring
2025-07-09,09:15:00,HOLD,MIDCPNIFTY25JUL13500CE,174.55,4626.0,Monitoring
2025-07-09,09:20:00,HOLD,MIDCPNIFTY25JUL13500CE,175.0,4572.0,Monitoring
2025-07-09,09:25:00,HOLD,MIDCPNIFTY25JUL13500CE,191.5,2592.0,Monitoring
2025-07-09,09:30:00,HOLD,MIDCPNIFTY25JUL13500CE,202.75,1242.0,Monitoring
2025-07-09,09:35:00,HOLD,MIDCPNIFTY25JUL13500CE,198.85,1710.0,Monitoring
2025-07-09,09:35:00,BUY_EXIT,MIDCPNIFTY25JUL13500CE,198.85,1710.0,EMA_REVERSAL_SL
