Date,Time,Event,Ticker,Price,PnL_INR,Info
2023-07-12,14:20:00,SELL_ENTRY,MIDCPNIFTY23JUL8200PE,82.6,0.0,Signal PE | Short
2023-07-12,14:25:00,HOLD,MIDCPNIFTY23JUL8200PE,82.6,0.0,Monitoring
2023-07-12,14:30:00,HOLD,MIDCPNIFTY23JUL8200PE,82.6,0.0,Monitoring
2023-07-12,14:35:00,HOLD,MIDCPNIFTY23JUL8200PE,82.6,0.0,Monitoring
2023-07-12,14:40:00,HOLD,MIDCPNIFTY23JUL8200PE,70.0,1512.0,Monitoring
2023-07-12,14:45:00,HOLD,MIDCPNIFTY23JUL8200PE,70.0,1512.0,Monitoring
2023-07-12,14:50:00,HOLD,MIDCPNIFTY23JUL8200PE,70.0,1512.0,Monitoring
2023-07-12,14:55:00,HOLD,MIDCPNIFTY23JUL8200PE,70.0,1512.0,Monitoring
2023-07-12,15:00:00,HOLD,MIDCPNIFTY23JUL8200PE,70.0,1512.0,Monitoring
2023-07-12,15:05:00,HOLD,MIDCPNIFTY23JUL8200PE,70.0,1512.0,Monitoring
2023-07-12,15:10:00,HOLD,MIDCPNIFTY23JUL8200PE,70.0,1512.0,Monitoring
2023-07-12,15:15:00,HOLD,MIDCPNIFTY23JUL8200PE,70.0,1512.0,Monitoring
2023-07-12,15:20:00,HOLD,MIDCPNIFTY23JUL8200PE,70.0,1512.0,Monitoring
2023-07-12,15:25:00,HOLD,MIDCPNIFTY23JUL8200PE,70.0,1512.0,Monitoring
2023-07-13,09:15:00,HOLD,MIDCPNIFTY23JUL8200PE,70.0,1512.0,Monitoring
2023-07-13,09:20:00,HOLD,MIDCPNIFTY23JUL8200PE,70.0,1512.0,Monitoring
2023-07-13,09:25:00,HOLD,MIDCPNIFTY23JUL8200PE,70.0,1512.0,Monitoring
2023-07-13,09:30:00,HOLD,MIDCPNIFTY23JUL8200PE,70.0,1512.0,Monitoring
2023-07-13,09:35:00,HOLD,MIDCPNIFTY23JUL8200PE,70.0,1512.0,Monitoring
2023-07-13,09:40:00,HOLD,MIDCPNIFTY23JUL8200PE,70.0,1512.0,Monitoring
2023-07-13,10:00:00,HOLD,MIDCPNIFTY23JUL8200PE,70.0,1512.0,Monitoring
2023-07-13,10:05:00,HOLD,MIDCPNIFTY23JUL8200PE,70.0,1512.0,Monitoring
2023-07-13,10:10:00,HOLD,MIDCPNIFTY23JUL8200PE,70.0,1512.0,Monitoring
2023-07-13,10:15:00,HOLD,MIDCPNIFTY23JUL8200PE,70.0,1512.0,Monitoring
2023-07-13,11:55:00,HOLD,MIDCPNIFTY23JUL8200PE,70.0,1512.0,Monitoring
2023-07-13,12:00:00,HOLD,MIDCPNIFTY23JUL8200PE,70.0,1512.0,Monitoring
2023-07-13,12:05:00,HOLD,MIDCPNIFTY23JUL8200PE,70.0,1512.0,Monitoring
2023-07-13,12:10:00,HOLD,MIDCPNIFTY23JUL8200PE,70.0,1512.0,Monitoring
2023-07-13,13:30:00,HOLD,MIDCPNIFTY23JUL8200PE,70.0,1512.0,Monitoring
2023-07-13,13:35:00,HOLD,MIDCPNIFTY23JUL8200PE,70.0,1512.0,Monitoring
2023-07-13,13:40:00,HOLD,MIDCPNIFTY23JUL8200PE,70.0,1512.0,Monitoring
2023-07-13,13:45:00,HOLD,MIDCPNIFTY23JUL8200PE,70.0,1512.0,Monitoring
2023-07-13,13:50:00,HOLD,MIDCPNIFTY23JUL8200PE,70.0,1512.0,Monitoring
2023-07-13,13:55:00,HOLD,MIDCPNIFTY23JUL8200PE,70.0,1512.0,Monitoring
2023-07-13,14:00:00,HOLD,MIDCPNIFTY23JUL8200PE,70.0,1512.0,Monitoring
2023-07-13,14:05:00,HOLD,MIDCPNIFTY23JUL8200PE,70.0,1512.0,Monitoring
2023-07-13,14:10:00,HOLD,MIDCPNIFTY23JUL8200PE,70.0,1512.0,Monitoring
2023-07-13,14:15:00,HOLD,MIDCPNIFTY23JUL8200PE,70.0,1512.0,Monitoring
2023-07-13,14:20:00,HOLD,MIDCPNIFTY23JUL8200PE,70.0,1512.0,Monitoring
2023-07-13,14:25:00,HOLD,MIDCPNIFTY23JUL8200PE,70.0,1512.0,Monitoring
2023-07-13,14:30:00,HOLD,MIDCPNIFTY23JUL8200PE,70.0,1512.0,Monitoring
2023-07-13,14:35:00,HOLD,MIDCPNIFTY23JUL8200PE,70.0,1512.0,Monitoring
2023-07-13,14:40:00,HOLD,MIDCPNIFTY23JUL8200PE,70.0,1512.0,Monitoring
2023-07-13,14:45:00,HOLD,MIDCPNIFTY23JUL8200PE,70.0,1512.0,Monitoring
2023-07-13,15:25:00,HOLD,MIDCPNIFTY23JUL8200PE,70.0,1512.0,Monitoring
2023-07-14,10:45:00,HOLD,MIDCPNIFTY23JUL8200PE,70.0,1512.0,Monitoring
2023-07-14,10:50:00,HOLD,MIDCPNIFTY23JUL8200PE,70.0,1512.0,Monitoring
2023-07-14,10:55:00,HOLD,MIDCPNIFTY23JUL8200PE,70.0,1512.0,Monitoring
2023-07-14,11:00:00,HOLD,MIDCPNIFTY23JUL8200PE,70.0,1512.0,Monitoring
2023-07-14,11:05:00,HOLD,MIDCPNIFTY23JUL8200PE,70.0,1512.0,Monitoring
2023-07-14,11:55:00,HOLD,MIDCPNIFTY23JUL8200PE,70.0,1512.0,Monitoring
2023-07-14,12:00:00,HOLD,MIDCPNIFTY23JUL8200PE,70.0,1512.0,Monitoring
2023-07-14,12:05:00,HOLD,MIDCPNIFTY23JUL8200PE,70.0,1512.0,Monitoring
2023-07-14,12:10:00,HOLD,MIDCPNIFTY23JUL8200PE,70.0,1512.0,Monitoring
2023-07-14,12:15:00,HOLD,MIDCPNIFTY23JUL8200PE,70.0,1512.0,Monitoring
2023-07-14,12:20:00,HOLD,MIDCPNIFTY23JUL8200PE,70.0,1512.0,Monitoring
2023-07-14,12:25:00,HOLD,MIDCPNIFTY23JUL8200PE,70.0,1512.0,Monitoring
2023-07-14,12:35:00,HOLD,MIDCPNIFTY23JUL8200PE,70.0,1512.0,Monitoring
2023-07-14,12:40:00,HOLD,MIDCPNIFTY23JUL8200PE,70.0,1512.0,Monitoring
2023-07-14,12:45:00,HOLD,MIDCPNIFTY23JUL8200PE,70.0,1512.0,Monitoring
2023-07-14,12:50:00,HOLD,MIDCPNIFTY23JUL8200PE,70.0,1512.0,Monitoring
2023-07-14,12:55:00,HOLD,MIDCPNIFTY23JUL8200PE,70.0,1512.0,Monitoring
2023-07-14,13:00:00,HOLD,MIDCPNIFTY23JUL8200PE,70.0,1512.0,Monitoring
2023-07-14,13:05:00,HOLD,MIDCPNIFTY23JUL8200PE,70.0,1512.0,Monitoring
2023-07-14,13:10:00,HOLD,MIDCPNIFTY23JUL8200PE,70.0,1512.0,Monitoring
2023-07-14,13:30:00,HOLD,MIDCPNIFTY23JUL8200PE,70.0,1512.0,Monitoring
2023-07-14,13:35:00,HOLD,MIDCPNIFTY23JUL8200PE,70.0,1512.0,Monitoring
2023-07-14,13:40:00,HOLD,MIDCPNIFTY23JUL8200PE,70.0,1512.0,Monitoring
2023-07-14,13:45:00,HOLD,MIDCPNIFTY23JUL8200PE,70.0,1512.0,Monitoring
2023-07-14,13:50:00,HOLD,MIDCPNIFTY23JUL8200PE,70.0,1512.0,Monitoring
2023-07-14,13:55:00,HOLD,MIDCPNIFTY23JUL8200PE,70.0,1512.0,Monitoring
2023-07-14,14:00:00,HOLD,MIDCPNIFTY23JUL8200PE,70.0,1512.0,Monitoring
2023-07-14,15:15:00,HOLD,MIDCPNIFTY23JUL8200PE,70.0,1512.0,Monitoring
2023-07-14,15:20:00,HOLD,MIDCPNIFTY23JUL8200PE,70.0,1512.0,Monitoring
2023-07-14,15:25:00,HOLD,MIDCPNIFTY23JUL8200PE,70.0,1512.0,Monitoring
2023-07-17,09:35:00,HOLD,MIDCPNIFTY23JUL8200PE,70.0,1512.0,Monitoring
2023-07-17,09:40:00,HOLD,MIDCPNIFTY23JUL8200PE,70.0,1512.0,Monitoring
2023-07-17,09:45:00,HOLD,MIDCPNIFTY23JUL8200PE,70.0,1512.0,Monitoring
2023-07-17,09:50:00,HOLD,MIDCPNIFTY23JUL8200PE,70.0,1512.0,Monitoring
2023-07-17,09:55:00,HOLD,MIDCPNIFTY23JUL8200PE,70.0,1512.0,Monitoring
2023-07-17,10:00:00,HOLD,MIDCPNIFTY23JUL8200PE,70.0,1512.0,Monitoring
2023-07-17,10:05:00,HOLD,MIDCPNIFTY23JUL8200PE,70.0,1512.0,Monitoring
2023-07-17,10:10:00,HOLD,MIDCPNIFTY23JUL8200PE,70.0,1512.0,Monitoring
2023-07-17,10:15:00,HOLD,MIDCPNIFTY23JUL8200PE,70.0,1512.0,Monitoring
2023-07-17,10:20:00,HOLD,MIDCPNIFTY23JUL8200PE,70.0,1512.0,Monitoring
2023-07-17,10:25:00,HOLD,MIDCPNIFTY23JUL8200PE,70.0,1512.0,Monitoring
2023-07-17,10:30:00,HOLD,MIDCPNIFTY23JUL8200PE,70.0,1512.0,Monitoring
2023-07-17,10:35:00,HOLD,MIDCPNIFTY23JUL8200PE,70.0,1512.0,Monitoring
2023-07-17,10:40:00,HOLD,MIDCPNIFTY23JUL8200PE,70.0,1512.0,Monitoring
2023-07-17,10:55:00,HOLD,MIDCPNIFTY23JUL8200PE,70.0,1512.0,Monitoring
2023-07-17,11:00:00,HOLD,MIDCPNIFTY23JUL8200PE,70.0,1512.0,Monitoring
2023-07-17,11:05:00,HOLD,MIDCPNIFTY23JUL8200PE,70.0,1512.0,Monitoring
2023-07-17,11:10:00,HOLD,MIDCPNIFTY23JUL8200PE,70.0,1512.0,Monitoring
2023-07-17,11:15:00,HOLD,MIDCPNIFTY23JUL8200PE,70.0,1512.0,Monitoring
2023-07-17,11:20:00,HOLD,MIDCPNIFTY23JUL8200PE,70.0,1512.0,Monitoring
2023-07-17,11:25:00,HOLD,MIDCPNIFTY23JUL8200PE,70.0,1512.0,Monitoring
2023-07-17,11:30:00,HOLD,MIDCPNIFTY23JUL8200PE,70.0,1512.0,Monitoring
2023-07-17,11:35:00,HOLD,MIDCPNIFTY23JUL8200PE,70.0,1512.0,Monitoring
2023-07-17,11:40:00,HOLD,MIDCPNIFTY23JUL8200PE,70.0,1512.0,Monitoring
2023-07-17,11:50:00,HOLD,MIDCPNIFTY23JUL8200PE,70.0,1512.0,Monitoring
2023-07-17,11:55:00,HOLD,MIDCPNIFTY23JUL8200PE,70.0,1512.0,Monitoring
2023-07-17,12:00:00,HOLD,MIDCPNIFTY23JUL8200PE,70.0,1512.0,Monitoring
2023-07-17,12:05:00,HOLD,MIDCPNIFTY23JUL8200PE,70.0,1512.0,Monitoring
2023-07-17,12:15:00,HOLD,MIDCPNIFTY23JUL8200PE,70.0,1512.0,Monitoring
2023-07-17,12:20:00,HOLD,MIDCPNIFTY23JUL8200PE,70.0,1512.0,Monitoring
2023-07-17,12:25:00,HOLD,MIDCPNIFTY23JUL8200PE,70.0,1512.0,Monitoring
2023-07-17,12:30:00,HOLD,MIDCPNIFTY23JUL8200PE,70.0,1512.0,Monitoring
2023-07-17,12:35:00,HOLD,MIDCPNIFTY23JUL8200PE,70.0,1512.0,Monitoring
2023-07-17,12:40:00,HOLD,MIDCPNIFTY23JUL8200PE,70.0,1512.0,Monitoring
2023-07-17,12:45:00,HOLD,MIDCPNIFTY23JUL8200PE,70.0,1512.0,Monitoring
2023-07-17,12:50:00,HOLD,MIDCPNIFTY23JUL8200PE,70.0,1512.0,Monitoring
2023-07-17,12:55:00,HOLD,MIDCPNIFTY23JUL8200PE,70.0,1512.0,Monitoring
2023-07-17,13:00:00,HOLD,MIDCPNIFTY23JUL8200PE,70.0,1512.0,Monitoring
2023-07-17,13:05:00,HOLD,MIDCPNIFTY23JUL8200PE,70.0,1512.0,Monitoring
2023-07-17,13:10:00,HOLD,MIDCPNIFTY23JUL8200PE,70.0,1512.0,Monitoring
2023-07-17,13:15:00,HOLD,MIDCPNIFTY23JUL8200PE,70.0,1512.0,Monitoring
2023-07-17,13:20:00,HOLD,MIDCPNIFTY23JUL8200PE,70.0,1512.0,Monitoring
2023-07-17,13:25:00,HOLD,MIDCPNIFTY23JUL8200PE,70.0,1512.0,Monitoring
2023-07-17,13:30:00,HOLD,MIDCPNIFTY23JUL8200PE,70.0,1512.0,Monitoring
2023-07-17,13:35:00,HOLD,MIDCPNIFTY23JUL8200PE,70.0,1512.0,Monitoring
2023-07-17,13:40:00,HOLD,MIDCPNIFTY23JUL8200PE,70.0,1512.0,Monitoring
2023-07-17,14:10:00,HOLD,MIDCPNIFTY23JUL8200PE,70.0,1512.0,Monitoring
2023-07-17,14:15:00,HOLD,MIDCPNIFTY23JUL8200PE,70.0,1512.0,Monitoring
2023-07-17,14:20:00,HOLD,MIDCPNIFTY23JUL8200PE,70.0,1512.0,Monitoring
2023-07-17,14:25:00,HOLD,MIDCPNIFTY23JUL8200PE,70.0,1512.0,Monitoring
2023-07-17,14:35:00,HOLD,MIDCPNIFTY23JUL8200PE,70.0,1512.0,Monitoring
2023-07-17,14:40:00,HOLD,MIDCPNIFTY23JUL8200PE,70.0,1512.0,Monitoring
2023-07-17,14:45:00,HOLD,MIDCPNIFTY23JUL8200PE,70.0,1512.0,Monitoring
2023-07-17,14:50:00,HOLD,MIDCPNIFTY23JUL8200PE,70.0,1512.0,Monitoring
2023-07-17,14:55:00,HOLD,MIDCPNIFTY23JUL8200PE,70.0,1512.0,Monitoring
2023-07-17,15:00:00,HOLD,MIDCPNIFTY23JUL8200PE,70.0,1512.0,Monitoring
2023-07-17,15:05:00,HOLD,MIDCPNIFTY23JUL8200PE,70.0,1512.0,Monitoring
2023-07-17,15:10:00,HOLD,MIDCPNIFTY23JUL8200PE,70.0,1512.0,Monitoring
2023-07-17,15:15:00,HOLD,MIDCPNIFTY23JUL8200PE,70.0,1512.0,Monitoring
2023-07-17,15:20:00,HOLD,MIDCPNIFTY23JUL8200PE,70.0,1512.0,Monitoring
2023-07-17,15:25:00,HOLD,MIDCPNIFTY23JUL8200PE,70.0,1512.0,Monitoring
2023-07-18,09:35:00,HOLD,MIDCPNIFTY23JUL8200PE,70.0,1512.0,Monitoring
2023-07-18,09:40:00,HOLD,MIDCPNIFTY23JUL8200PE,70.0,1512.0,Monitoring
2023-07-18,09:45:00,HOLD,MIDCPNIFTY23JUL8200PE,70.0,1512.0,Monitoring
2023-07-18,09:50:00,HOLD,MIDCPNIFTY23JUL8200PE,70.0,1512.0,Monitoring
2023-07-18,09:55:00,HOLD,MIDCPNIFTY23JUL8200PE,70.0,1512.0,Monitoring
2023-07-18,10:00:00,HOLD,MIDCPNIFTY23JUL8200PE,70.0,1512.0,Monitoring
2023-07-18,10:05:00,HOLD,MIDCPNIFTY23JUL8200PE,70.0,1512.0,Monitoring
2023-07-18,10:10:00,HOLD,MIDCPNIFTY23JUL8200PE,70.0,1512.0,Monitoring
2023-07-18,10:15:00,HOLD,MIDCPNIFTY23JUL8200PE,70.0,1512.0,Monitoring
2023-07-18,10:20:00,HOLD,MIDCPNIFTY23JUL8200PE,70.0,1512.0,Monitoring
2023-07-18,10:25:00,HOLD,MIDCPNIFTY23JUL8200PE,70.0,1512.0,Monitoring
2023-07-18,10:30:00,HOLD,MIDCPNIFTY23JUL8200PE,70.0,1512.0,Monitoring
2023-07-18,10:35:00,HOLD,MIDCPNIFTY23JUL8200PE,70.0,1512.0,Monitoring
2023-07-18,10:40:00,HOLD,MIDCPNIFTY23JUL8200PE,70.0,1512.0,Monitoring
2023-07-18,10:45:00,HOLD,MIDCPNIFTY23JUL8200PE,70.0,1512.0,Monitoring
2023-07-18,10:50:00,HOLD,MIDCPNIFTY23JUL8200PE,70.0,1512.0,Monitoring
2023-07-18,10:55:00,HOLD,MIDCPNIFTY23JUL8200PE,70.0,1512.0,Monitoring
2023-07-18,11:00:00,HOLD,MIDCPNIFTY23JUL8200PE,70.0,1512.0,Monitoring
2023-07-18,11:05:00,HOLD,MIDCPNIFTY23JUL8200PE,70.0,1512.0,Monitoring
2023-07-18,11:10:00,HOLD,MIDCPNIFTY23JUL8200PE,70.0,1512.0,Monitoring
2023-07-18,11:15:00,HOLD,MIDCPNIFTY23JUL8200PE,70.0,1512.0,Monitoring
2023-07-18,11:20:00,HOLD,MIDCPNIFTY23JUL8200PE,70.0,1512.0,Monitoring
2023-07-18,11:25:00,HOLD,MIDCPNIFTY23JUL8200PE,70.0,1512.0,Monitoring
2023-07-18,11:30:00,HOLD,MIDCPNIFTY23JUL8200PE,70.0,1512.0,Monitoring
2023-07-18,11:35:00,HOLD,MIDCPNIFTY23JUL8200PE,70.0,1512.0,Monitoring
2023-07-18,11:40:00,HOLD,MIDCPNIFTY23JUL8200PE,70.0,1512.0,Monitoring
2023-07-18,11:45:00,HOLD,MIDCPNIFTY23JUL8200PE,70.0,1512.0,Monitoring
2023-07-18,11:50:00,HOLD,MIDCPNIFTY23JUL8200PE,70.0,1512.0,Monitoring
2023-07-18,11:55:00,HOLD,MIDCPNIFTY23JUL8200PE,63.0,2352.0,Monitoring
2023-07-18,12:00:00,HOLD,MIDCPNIFTY23JUL8200PE,63.0,2352.0,Monitoring
2023-07-18,12:05:00,HOLD,MIDCPNIFTY23JUL8200PE,63.0,2352.0,Monitoring
2023-07-18,12:10:00,HOLD,MIDCPNIFTY23JUL8200PE,63.0,2352.0,Monitoring
2023-07-18,12:15:00,HOLD,MIDCPNIFTY23JUL8200PE,63.0,2352.0,Monitoring
2023-07-18,12:20:00,HOLD,MIDCPNIFTY23JUL8200PE,63.0,2352.0,Monitoring
2023-07-18,12:25:00,HOLD,MIDCPNIFTY23JUL8200PE,63.0,2352.0,Monitoring
2023-07-18,12:30:00,HOLD,MIDCPNIFTY23JUL8200PE,63.0,2352.0,Monitoring
2023-07-18,12:35:00,HOLD,MIDCPNIFTY23JUL8200PE,63.0,2352.0,Monitoring
2023-07-18,12:40:00,HOLD,MIDCPNIFTY23JUL8200PE,63.0,2352.0,Monitoring
2023-07-18,12:45:00,HOLD,MIDCPNIFTY23JUL8200PE,63.0,2352.0,Monitoring
2023-07-18,12:50:00,HOLD,MIDCPNIFTY23JUL8200PE,63.0,2352.0,Monitoring
2023-07-18,12:55:00,HOLD,MIDCPNIFTY23JUL8200PE,63.0,2352.0,Monitoring
2023-07-18,13:00:00,HOLD,MIDCPNIFTY23JUL8200PE,63.0,2352.0,Monitoring
2023-07-18,13:05:00,HOLD,MIDCPNIFTY23JUL8200PE,63.0,2352.0,Monitoring
2023-07-18,13:10:00,HOLD,MIDCPNIFTY23JUL8200PE,63.0,2352.0,Monitoring
2023-07-18,13:15:00,HOLD,MIDCPNIFTY23JUL8200PE,63.0,2352.0,Monitoring
2023-07-18,13:20:00,HOLD,MIDCPNIFTY23JUL8200PE,63.0,2352.0,Monitoring
2023-07-18,13:25:00,HOLD,MIDCPNIFTY23JUL8200PE,63.0,2352.0,Monitoring
2023-07-18,13:40:00,HOLD,MIDCPNIFTY23JUL8200PE,63.0,2352.0,Monitoring
2023-07-18,13:45:00,HOLD,MIDCPNIFTY23JUL8200PE,63.0,2352.0,Monitoring
2023-07-18,13:50:00,HOLD,MIDCPNIFTY23JUL8200PE,63.0,2352.0,Monitoring
2023-07-18,13:55:00,HOLD,MIDCPNIFTY23JUL8200PE,63.0,2352.0,Monitoring
2023-07-18,14:00:00,HOLD,MIDCPNIFTY23JUL8200PE,63.0,2352.0,Monitoring
2023-07-18,14:05:00,HOLD,MIDCPNIFTY23JUL8200PE,63.0,2352.0,Monitoring
2023-07-18,14:10:00,HOLD,MIDCPNIFTY23JUL8200PE,63.0,2352.0,Monitoring
2023-07-18,14:15:00,HOLD,MIDCPNIFTY23JUL8200PE,63.0,2352.0,Monitoring
2023-07-18,14:20:00,HOLD,MIDCPNIFTY23JUL8200PE,63.0,2352.0,Monitoring
2023-07-18,14:25:00,HOLD,MIDCPNIFTY23JUL8200PE,63.0,2352.0,Monitoring
2023-07-18,14:30:00,HOLD,MIDCPNIFTY23JUL8200PE,63.0,2352.0,Monitoring
2023-07-18,14:35:00,HOLD,MIDCPNIFTY23JUL8200PE,63.0,2352.0,Monitoring
2023-07-18,14:40:00,HOLD,MIDCPNIFTY23JUL8200PE,63.0,2352.0,Monitoring
2023-07-18,14:45:00,HOLD,MIDCPNIFTY23JUL8200PE,63.0,2352.0,Monitoring
2023-07-18,14:50:00,HOLD,MIDCPNIFTY23JUL8200PE,63.0,2352.0,Monitoring
2023-07-18,14:55:00,HOLD,MIDCPNIFTY23JUL8200PE,63.0,2352.0,Monitoring
2023-07-18,15:00:00,HOLD,MIDCPNIFTY23JUL8200PE,63.0,2352.0,Monitoring
2023-07-18,15:05:00,HOLD,MIDCPNIFTY23JUL8200PE,63.0,2352.0,Monitoring
2023-07-18,15:10:00,HOLD,MIDCPNIFTY23JUL8200PE,63.0,2352.0,Monitoring
2023-07-18,15:15:00,HOLD,MIDCPNIFTY23JUL8200PE,63.0,2352.0,Monitoring
2023-07-18,15:20:00,HOLD,MIDCPNIFTY23JUL8200PE,63.0,2352.0,Monitoring
2023-07-18,15:25:00,HOLD,MIDCPNIFTY23JUL8200PE,63.0,2352.0,Monitoring
2023-07-19,09:15:00,HOLD,MIDCPNIFTY23JUL8200PE,30.2,6288.0,Monitoring
2023-07-19,09:20:00,HOLD,MIDCPNIFTY23JUL8200PE,29.8,6336.0,Monitoring
2023-07-19,09:20:00,BUY_EXIT,MIDCPNIFTY23JUL8200PE,29.8,6336.0,TARGET_LTP_30
