Date,Time,Event,Ticker,Price,PnL_INR,Info
2025-04-28,14:00:00,SELL_ENTRY,MIDCPNIFTY25MAY11900PE,213.45,0.0,Signal PE | Short
2025-04-28,14:05:00,HOLD,MIDCPNIFTY25MAY11900PE,216.95,-420.0,Monitoring
2025-04-28,14:10:00,HOLD,MIDCPNIFTY25MAY11900PE,216.95,-420.0,Monitoring
2025-04-28,14:15:00,HOLD,MIDCPNIFTY25MAY11900PE,218.7,-630.0,Monitoring
2025-04-28,14:20:00,HOLD,MIDCPNIFTY25MAY11900PE,225.0,-1386.0,Monitoring
2025-04-28,14:25:00,HOLD,MIDCPNIFTY25MAY11900PE,229.35,-1908.0,Monitoring
2025-04-28,14:30:00,HOLD,MIDCPNIFTY25MAY11900PE,223.0,-1146.0,Monitoring
2025-04-28,14:35:00,HOLD,MIDCPNIFTY25MAY11900PE,229.85,-1968.0,Monitoring
2025-04-28,14:40:00,HOLD,MIDCPNIFTY25MAY11900PE,227.95,-1740.0,Monitoring
2025-04-28,14:45:00,HOLD,MIDCPNIFTY25MAY11900PE,220.0,-786.0,Monitoring
2025-04-28,14:50:00,HOLD,MIDCPNIFTY25MAY11900PE,212.95,60.0,Monitoring
2025-04-28,14:55:00,HOLD,MIDCPNIFTY25MAY11900PE,210.0,414.0,Monitoring
2025-04-28,15:00:00,HOLD,MIDCPNIFTY25MAY11900PE,208.55,588.0,Monitoring
2025-04-28,15:05:00,HOLD,MIDCPNIFTY25MAY11900PE,212.0,174.0,Monitoring
2025-04-28,15:10:00,HOLD,MIDCPNIFTY25MAY11900PE,212.0,174.0,Monitoring
2025-04-28,15:15:00,HOLD,MIDCPNIFTY25MAY11900PE,210.15,396.0,Monitoring
2025-04-28,15:20:00,HOLD,MIDCPNIFTY25MAY11900PE,208.95,540.0,Monitoring
2025-04-28,15:25:00,HOLD,MIDCPNIFTY25MAY11900PE,207.05,768.0,Monitoring
2025-04-29,09:15:00,HOLD,MIDCPNIFTY25MAY11900PE,179.55,4068.0,Monitoring
2025-04-29,09:20:00,HOLD,MIDCPNIFTY25MAY11900PE,179.0,4134.0,Monitoring
2025-04-29,09:25:00,HOLD,MIDCPNIFTY25MAY11900PE,181.65,3816.0,Monitoring
2025-04-29,09:30:00,HOLD,MIDCPNIFTY25MAY11900PE,175.85,4512.0,Monitoring
2025-04-29,09:35:00,HOLD,MIDCPNIFTY25MAY11900PE,188.3,3018.0,Monitoring
2025-04-29,09:40:00,HOLD,MIDCPNIFTY25MAY11900PE,200.3,1578.0,Monitoring
2025-04-29,09:45:00,HOLD,MIDCPNIFTY25MAY11900PE,205.15,996.0,Monitoring
2025-04-29,09:50:00,HOLD,MIDCPNIFTY25MAY11900PE,209.15,516.0,Monitoring
2025-04-29,09:55:00,HOLD,MIDCPNIFTY25MAY11900PE,196.0,2094.0,Monitoring
2025-04-29,10:00:00,HOLD,MIDCPNIFTY25MAY11900PE,197.95,1860.0,Monitoring
2025-04-29,10:05:00,HOLD,MIDCPNIFTY25MAY11900PE,203.3,1218.0,Monitoring
2025-04-29,10:10:00,HOLD,MIDCPNIFTY25MAY11900PE,200.7,1530.0,Monitoring
2025-04-29,10:15:00,HOLD,MIDCPNIFTY25MAY11900PE,210.4,366.0,Monitoring
2025-04-29,10:20:00,HOLD,MIDCPNIFTY25MAY11900PE,218.65,-624.0,Monitoring
2025-04-29,10:25:00,HOLD,MIDCPNIFTY25MAY11900PE,227.35,-1668.0,Monitoring
2025-04-29,10:30:00,HOLD,MIDCPNIFTY25MAY11900PE,236.5,-2766.0,Monitoring
2025-04-29,10:35:00,HOLD,MIDCPNIFTY25MAY11900PE,225.8,-1482.0,Monitoring
2025-04-29,10:40:00,HOLD,MIDCPNIFTY25MAY11900PE,231.0,-2106.0,Monitoring
2025-04-29,10:45:00,HOLD,MIDCPNIFTY25MAY11900PE,218.35,-588.0,Monitoring
2025-04-29,10:50:00,HOLD,MIDCPNIFTY25MAY11900PE,222.45,-1080.0,Monitoring
2025-04-29,10:55:00,HOLD,MIDCPNIFTY25MAY11900PE,215.25,-216.0,Monitoring
2025-04-29,11:00:00,HOLD,MIDCPNIFTY25MAY11900PE,213.7,-30.0,Monitoring
2025-04-29,11:05:00,HOLD,MIDCPNIFTY25MAY11900PE,205.1,1002.0,Monitoring
2025-04-29,11:10:00,HOLD,MIDCPNIFTY25MAY11900PE,211.65,216.0,Monitoring
2025-04-29,11:15:00,HOLD,MIDCPNIFTY25MAY11900PE,219.8,-762.0,Monitoring
2025-04-29,11:20:00,HOLD,MIDCPNIFTY25MAY11900PE,214.65,-144.0,Monitoring
2025-04-29,11:25:00,HOLD,MIDCPNIFTY25MAY11900PE,216.6,-378.0,Monitoring
2025-04-29,11:30:00,HOLD,MIDCPNIFTY25MAY11900PE,221.1,-918.0,Monitoring
2025-04-29,11:35:00,HOLD,MIDCPNIFTY25MAY11900PE,214.5,-126.0,Monitoring
2025-04-29,11:40:00,HOLD,MIDCPNIFTY25MAY11900PE,214.15,-84.0,Monitoring
2025-04-29,11:45:00,HOLD,MIDCPNIFTY25MAY11900PE,222.55,-1092.0,Monitoring
2025-04-29,11:50:00,HOLD,MIDCPNIFTY25MAY11900PE,224.45,-1320.0,Monitoring
2025-04-29,11:55:00,HOLD,MIDCPNIFTY25MAY11900PE,222.3,-1062.0,Monitoring
2025-04-29,12:00:00,HOLD,MIDCPNIFTY25MAY11900PE,227.0,-1626.0,Monitoring
2025-04-29,12:05:00,HOLD,MIDCPNIFTY25MAY11900PE,225.3,-1422.0,Monitoring
2025-04-29,12:10:00,HOLD,MIDCPNIFTY25MAY11900PE,227.65,-1704.0,Monitoring
2025-04-29,12:15:00,HOLD,MIDCPNIFTY25MAY11900PE,226.4,-1554.0,Monitoring
2025-04-29,12:20:00,HOLD,MIDCPNIFTY25MAY11900PE,230.0,-1986.0,Monitoring
2025-04-29,12:25:00,HOLD,MIDCPNIFTY25MAY11900PE,237.5,-2886.0,Monitoring
2025-04-29,12:25:00,BUY_EXIT,MIDCPNIFTY25MAY11900PE,237.5,-2886.0,EMA_REVERSAL_SL
