Date,Time,Event,Ticker,Price,PnL_INR,Info
2024-12-20,14:00:00,SELL_ENTRY,MIDCPNIFTY24DEC13100CE,42.3,0.0,Signal CE | Short
2024-12-20,14:05:00,HOLD,MIDCPNIFTY24DEC13100CE,38.6,444.0,Monitoring
2024-12-20,14:10:00,HOLD,MIDCPNIFTY24DEC13100CE,38.4,468.0,Monitoring
2024-12-20,14:15:00,HOLD,MIDCPNIFTY24DEC13100CE,43.5,-144.0,Monitoring
2024-12-20,14:20:00,HOLD,MIDCPNIFTY24DEC13100CE,44.15,-222.0,Monitoring
2024-12-20,14:25:00,HOLD,MIDCPNIFTY24DEC13100CE,43.45,-138.0,Monitoring
2024-12-20,14:30:00,HOLD,MIDCPNIFTY24DEC13100CE,40.8,180.0,Monitoring
2024-12-20,14:35:00,HOLD,MIDCPNIFTY24DEC13100CE,41.75,66.0,Monitoring
2024-12-20,14:40:00,HOLD,MIDCPNIFTY24DEC13100CE,45.3,-360.0,Monitoring
2024-12-20,14:45:00,HOLD,MIDCPNIFTY24DEC13100CE,44.7,-288.0,Monitoring
2024-12-20,14:50:00,HOLD,MIDCPNIFTY24DEC13100CE,41.5,96.0,Monitoring
2024-12-20,14:55:00,HOLD,MIDCPNIFTY24DEC13100CE,40.75,186.0,Monitoring
2024-12-20,15:00:00,HOLD,MIDCPNIFTY24DEC13100CE,35.95,762.0,Monitoring
2024-12-20,15:05:00,HOLD,MIDCPNIFTY24DEC13100CE,34.45,942.0,Monitoring
2024-12-20,15:10:00,HOLD,MIDCPNIFTY24DEC13100CE,32.85,1134.0,Monitoring
2024-12-20,15:15:00,HOLD,MIDCPNIFTY24DEC13100CE,31.7,1272.0,Monitoring
2024-12-20,15:20:00,HOLD,MIDCPNIFTY24DEC13100CE,31.6,1284.0,Monitoring
2024-12-20,15:25:00,HOLD,MIDCPNIFTY24DEC13100CE,31.9,1248.0,Monitoring
2024-12-23,09:15:00,HOLD,MIDCPNIFTY24DEC13100CE,35.05,870.0,Monitoring
2024-12-23,09:20:00,HOLD,MIDCPNIFTY24DEC13100CE,37.55,570.0,Monitoring
2024-12-23,09:25:00,HOLD,MIDCPNIFTY24DEC13100CE,29.0,1596.0,Monitoring
2024-12-23,09:25:00,BUY_EXIT,MIDCPNIFTY24DEC13100CE,29.0,1596.0,TARGET_LTP_30
