Date,Time,Event,Ticker,Price,PnL_INR,Info
2025-04-23,14:00:00,SELL_ENTRY,MIDCPNIFTY25MAY12200PE,297.1,0.0,Signal PE | Short
2025-04-23,14:05:00,HOLD,MIDCPNIFTY25MAY12200PE,297.5,-48.0,Monitoring
2025-04-23,14:10:00,HOLD,MIDCPNIFTY25MAY12200PE,301.9,-576.0,Monitoring
2025-04-23,14:15:00,HOLD,MIDCPNIFTY25MAY12200PE,301.55,-534.0,Monitoring
2025-04-23,14:20:00,HOLD,MIDCPNIFTY25MAY12200PE,299.45,-282.0,Monitoring
2025-04-23,14:25:00,HOLD,MIDCPNIFTY25MAY12200PE,298.5,-168.0,Monitoring
2025-04-23,14:30:00,HOLD,MIDCPNIFTY25MAY12200PE,301.0,-468.0,Monitoring
2025-04-23,14:35:00,HOLD,MIDCPNIFTY25MAY12200PE,296.5,72.0,Monitoring
2025-04-23,14:40:00,HOLD,MIDCPNIFTY25MAY12200PE,303.0,-708.0,Monitoring
2025-04-23,14:45:00,HOLD,MIDCPNIFTY25MAY12200PE,301.25,-498.0,Monitoring
2025-04-23,14:50:00,HOLD,MIDCPNIFTY25MAY12200PE,296.8,36.0,Monitoring
2025-04-23,14:55:00,HOLD,MIDCPNIFTY25MAY12200PE,293.65,414.0,Monitoring
2025-04-23,15:00:00,HOLD,MIDCPNIFTY25MAY12200PE,286.4,1284.0,Monitoring
2025-04-23,15:05:00,HOLD,MIDCPNIFTY25MAY12200PE,286.0,1332.0,Monitoring
2025-04-23,15:10:00,HOLD,MIDCPNIFTY25MAY12200PE,286.7,1248.0,Monitoring
2025-04-23,15:15:00,HOLD,MIDCPNIFTY25MAY12200PE,283.3,1656.0,Monitoring
2025-04-23,15:20:00,HOLD,MIDCPNIFTY25MAY12200PE,283.55,1626.0,Monitoring
2025-04-23,15:25:00,HOLD,MIDCPNIFTY25MAY12200PE,283.0,1692.0,Monitoring
2025-04-24,09:15:00,HOLD,MIDCPNIFTY25MAY12200PE,295.0,252.0,Monitoring
2025-04-24,09:20:00,HOLD,MIDCPNIFTY25MAY12200PE,288.85,990.0,Monitoring
2025-04-24,09:25:00,HOLD,MIDCPNIFTY25MAY12200PE,283.85,1590.0,Monitoring
2025-04-24,09:30:00,HOLD,MIDCPNIFTY25MAY12200PE,290.0,852.0,Monitoring
2025-04-24,09:35:00,HOLD,MIDCPNIFTY25MAY12200PE,276.2,2508.0,Monitoring
2025-04-24,09:40:00,HOLD,MIDCPNIFTY25MAY12200PE,285.6,1380.0,Monitoring
2025-04-24,09:45:00,HOLD,MIDCPNIFTY25MAY12200PE,295.0,252.0,Monitoring
2025-04-24,09:50:00,HOLD,MIDCPNIFTY25MAY12200PE,292.0,612.0,Monitoring
2025-04-24,09:55:00,HOLD,MIDCPNIFTY25MAY12200PE,294.0,372.0,Monitoring
2025-04-24,10:00:00,HOLD,MIDCPNIFTY25MAY12200PE,294.2,348.0,Monitoring
2025-04-24,10:05:00,HOLD,MIDCPNIFTY25MAY12200PE,294.95,258.0,Monitoring
2025-04-24,10:10:00,HOLD,MIDCPNIFTY25MAY12200PE,290.0,852.0,Monitoring
2025-04-24,10:15:00,HOLD,MIDCPNIFTY25MAY12200PE,286.85,1230.0,Monitoring
2025-04-24,10:20:00,HOLD,MIDCPNIFTY25MAY12200PE,287.05,1206.0,Monitoring
2025-04-24,10:25:00,HOLD,MIDCPNIFTY25MAY12200PE,286.6,1260.0,Monitoring
2025-04-24,10:30:00,HOLD,MIDCPNIFTY25MAY12200PE,295.0,252.0,Monitoring
2025-04-24,10:35:00,HOLD,MIDCPNIFTY25MAY12200PE,290.5,792.0,Monitoring
2025-04-24,10:40:00,HOLD,MIDCPNIFTY25MAY12200PE,297.0,12.0,Monitoring
2025-04-24,10:45:00,HOLD,MIDCPNIFTY25MAY12200PE,294.0,372.0,Monitoring
2025-04-24,10:50:00,HOLD,MIDCPNIFTY25MAY12200PE,294.0,372.0,Monitoring
2025-04-24,10:55:00,HOLD,MIDCPNIFTY25MAY12200PE,300.0,-348.0,Monitoring
2025-04-24,11:00:00,HOLD,MIDCPNIFTY25MAY12200PE,302.0,-588.0,Monitoring
2025-04-24,11:05:00,HOLD,MIDCPNIFTY25MAY12200PE,299.0,-228.0,Monitoring
2025-04-24,11:10:00,HOLD,MIDCPNIFTY25MAY12200PE,303.0,-708.0,Monitoring
2025-04-24,11:15:00,HOLD,MIDCPNIFTY25MAY12200PE,300.0,-348.0,Monitoring
2025-04-24,11:20:00,HOLD,MIDCPNIFTY25MAY12200PE,309.5,-1488.0,Monitoring
2025-04-24,11:25:00,HOLD,MIDCPNIFTY25MAY12200PE,316.2,-2292.0,Monitoring
2025-04-24,11:30:00,HOLD,MIDCPNIFTY25MAY12200PE,307.25,-1218.0,Monitoring
2025-04-24,11:35:00,HOLD,MIDCPNIFTY25MAY12200PE,310.0,-1548.0,Monitoring
2025-04-24,11:40:00,HOLD,MIDCPNIFTY25MAY12200PE,300.0,-348.0,Monitoring
2025-04-24,11:45:00,HOLD,MIDCPNIFTY25MAY12200PE,296.1,120.0,Monitoring
2025-04-24,11:50:00,HOLD,MIDCPNIFTY25MAY12200PE,298.0,-108.0,Monitoring
2025-04-24,11:55:00,HOLD,MIDCPNIFTY25MAY12200PE,298.0,-108.0,Monitoring
2025-04-24,12:00:00,HOLD,MIDCPNIFTY25MAY12200PE,300.25,-378.0,Monitoring
2025-04-24,12:05:00,HOLD,MIDCPNIFTY25MAY12200PE,300.0,-348.0,Monitoring
2025-04-24,12:10:00,HOLD,MIDCPNIFTY25MAY12200PE,300.0,-348.0,Monitoring
2025-04-24,12:15:00,HOLD,MIDCPNIFTY25MAY12200PE,301.5,-528.0,Monitoring
2025-04-24,12:20:00,HOLD,MIDCPNIFTY25MAY12200PE,301.5,-528.0,Monitoring
2025-04-24,12:25:00,HOLD,MIDCPNIFTY25MAY12200PE,304.55,-894.0,Monitoring
2025-04-24,12:30:00,HOLD,MIDCPNIFTY25MAY12200PE,304.55,-894.0,Monitoring
2025-04-24,12:35:00,HOLD,MIDCPNIFTY25MAY12200PE,304.55,-894.0,Monitoring
2025-04-24,12:40:00,HOLD,MIDCPNIFTY25MAY12200PE,301.65,-546.0,Monitoring
2025-04-24,12:45:00,HOLD,MIDCPNIFTY25MAY12200PE,299.9,-336.0,Monitoring
2025-04-24,12:50:00,HOLD,MIDCPNIFTY25MAY12200PE,300.0,-348.0,Monitoring
2025-04-24,12:55:00,HOLD,MIDCPNIFTY25MAY12200PE,300.0,-348.0,Monitoring
2025-04-24,13:00:00,HOLD,MIDCPNIFTY25MAY12200PE,296.0,132.0,Monitoring
2025-04-24,13:05:00,HOLD,MIDCPNIFTY25MAY12200PE,298.0,-108.0,Monitoring
2025-04-24,13:10:00,HOLD,MIDCPNIFTY25MAY12200PE,298.0,-108.0,Monitoring
2025-04-24,13:15:00,HOLD,MIDCPNIFTY25MAY12200PE,300.0,-348.0,Monitoring
2025-04-24,13:20:00,HOLD,MIDCPNIFTY25MAY12200PE,302.25,-618.0,Monitoring
2025-04-24,13:25:00,HOLD,MIDCPNIFTY25MAY12200PE,297.85,-90.0,Monitoring
2025-04-24,13:30:00,HOLD,MIDCPNIFTY25MAY12200PE,297.0,12.0,Monitoring
2025-04-24,13:35:00,HOLD,MIDCPNIFTY25MAY12200PE,300.3,-384.0,Monitoring
2025-04-24,13:40:00,HOLD,MIDCPNIFTY25MAY12200PE,301.7,-552.0,Monitoring
2025-04-24,13:45:00,HOLD,MIDCPNIFTY25MAY12200PE,301.7,-552.0,Monitoring
2025-04-24,13:50:00,HOLD,MIDCPNIFTY25MAY12200PE,306.0,-1068.0,Monitoring
2025-04-24,13:55:00,HOLD,MIDCPNIFTY25MAY12200PE,311.0,-1668.0,Monitoring
2025-04-24,14:00:00,HOLD,MIDCPNIFTY25MAY12200PE,309.6,-1500.0,Monitoring
2025-04-24,14:05:00,HOLD,MIDCPNIFTY25MAY12200PE,311.0,-1668.0,Monitoring
2025-04-24,14:10:00,HOLD,MIDCPNIFTY25MAY12200PE,309.7,-1512.0,Monitoring
2025-04-24,14:15:00,HOLD,MIDCPNIFTY25MAY12200PE,314.0,-2028.0,Monitoring
2025-04-24,14:20:00,HOLD,MIDCPNIFTY25MAY12200PE,310.1,-1560.0,Monitoring
2025-04-24,14:20:00,BUY_EXIT,MIDCPNIFTY25MAY12200PE,310.1,-1560.0,EMA_REVERSAL_SL
