Date,Time,Event,Ticker,Price,PnL_INR,Info
2025-03-07,14:00:00,SELL_ENTRY,MIDCPNIFTY25MAR11200CE,220.65,0.0,Signal CE | Short
2025-03-07,14:05:00,HOLD,MIDCPNIFTY25MAR11200CE,226.8,-738.0,Monitoring
2025-03-07,14:10:00,HOLD,MIDCPNIFTY25MAR11200CE,225.7,-606.0,Monitoring
2025-03-07,14:15:00,HOLD,MIDCPNIFTY25MAR11200CE,229.85,-1104.0,Monitoring
2025-03-07,14:20:00,HOLD,MIDCPNIFTY25MAR11200CE,233.85,-1584.0,Monitoring
2025-03-07,14:25:00,HOLD,MIDCPNIFTY25MAR11200CE,238.6,-2154.0,Monitoring
2025-03-07,14:30:00,HOLD,MIDCPNIFTY25MAR11200CE,249.6,-3474.0,Monitoring
2025-03-07,14:35:00,HOLD,MIDCPNIFTY25MAR11200CE,245.45,-2976.0,Monitoring
2025-03-07,14:40:00,HOLD,MIDCPNIFTY25MAR11200CE,247.75,-3252.0,Monitoring
2025-03-07,14:45:00,HOLD,MIDCPNIFTY25MAR11200CE,250.4,-3570.0,Monitoring
2025-03-07,14:50:00,HOLD,MIDCPNIFTY25MAR11200CE,246.7,-3126.0,Monitoring
2025-03-07,14:55:00,HOLD,MIDCPNIFTY25MAR11200CE,248.5,-3342.0,Monitoring
2025-03-07,15:00:00,HOLD,MIDCPNIFTY25MAR11200CE,238.65,-2160.0,Monitoring
2025-03-07,15:05:00,HOLD,MIDCPNIFTY25MAR11200CE,240.95,-2436.0,Monitoring
2025-03-07,15:10:00,HOLD,MIDCPNIFTY25MAR11200CE,232.15,-1380.0,Monitoring
2025-03-07,15:15:00,HOLD,MIDCPNIFTY25MAR11200CE,233.25,-1512.0,Monitoring
2025-03-07,15:20:00,HOLD,MIDCPNIFTY25MAR11200CE,229.0,-1002.0,Monitoring
2025-03-07,15:25:00,HOLD,MIDCPNIFTY25MAR11200CE,226.75,-732.0,Monitoring
2025-03-10,09:15:00,HOLD,MIDCPNIFTY25MAR11200CE,231.3,-1278.0,Monitoring
2025-03-10,09:20:00,HOLD,MIDCPNIFTY25MAR11200CE,224.45,-456.0,Monitoring
2025-03-10,09:25:00,HOLD,MIDCPNIFTY25MAR11200CE,222.0,-162.0,Monitoring
2025-03-10,09:30:00,HOLD,MIDCPNIFTY25MAR11200CE,219.65,120.0,Monitoring
2025-03-10,09:35:00,HOLD,MIDCPNIFTY25MAR11200CE,232.55,-1428.0,Monitoring
2025-03-10,09:40:00,HOLD,MIDCPNIFTY25MAR11200CE,242.6,-2634.0,Monitoring
2025-03-10,09:45:00,HOLD,MIDCPNIFTY25MAR11200CE,242.95,-2676.0,Monitoring
2025-03-10,09:50:00,HOLD,MIDCPNIFTY25MAR11200CE,251.5,-3702.0,Monitoring
2025-03-10,09:55:00,HOLD,MIDCPNIFTY25MAR11200CE,242.15,-2580.0,Monitoring
2025-03-10,10:00:00,HOLD,MIDCPNIFTY25MAR11200CE,231.95,-1356.0,Monitoring
2025-03-10,10:05:00,HOLD,MIDCPNIFTY25MAR11200CE,240.45,-2376.0,Monitoring
2025-03-10,10:10:00,HOLD,MIDCPNIFTY25MAR11200CE,239.0,-2202.0,Monitoring
2025-03-10,10:15:00,HOLD,MIDCPNIFTY25MAR11200CE,226.45,-696.0,Monitoring
2025-03-10,10:20:00,HOLD,MIDCPNIFTY25MAR11200CE,231.0,-1242.0,Monitoring
2025-03-10,10:25:00,HOLD,MIDCPNIFTY25MAR11200CE,223.0,-282.0,Monitoring
2025-03-10,10:30:00,HOLD,MIDCPNIFTY25MAR11200CE,224.45,-456.0,Monitoring
2025-03-10,10:35:00,HOLD,MIDCPNIFTY25MAR11200CE,230.0,-1122.0,Monitoring
2025-03-10,10:40:00,HOLD,MIDCPNIFTY25MAR11200CE,227.2,-786.0,Monitoring
2025-03-10,10:45:00,HOLD,MIDCPNIFTY25MAR11200CE,226.6,-714.0,Monitoring
2025-03-10,10:50:00,HOLD,MIDCPNIFTY25MAR11200CE,226.75,-732.0,Monitoring
2025-03-10,10:55:00,HOLD,MIDCPNIFTY25MAR11200CE,225.1,-534.0,Monitoring
2025-03-10,11:00:00,HOLD,MIDCPNIFTY25MAR11200CE,214.25,768.0,Monitoring
2025-03-10,11:05:00,HOLD,MIDCPNIFTY25MAR11200CE,207.35,1596.0,Monitoring
2025-03-10,11:10:00,HOLD,MIDCPNIFTY25MAR11200CE,204.3,1962.0,Monitoring
2025-03-10,11:15:00,HOLD,MIDCPNIFTY25MAR11200CE,204.4,1950.0,Monitoring
2025-03-10,11:20:00,HOLD,MIDCPNIFTY25MAR11200CE,203.4,2070.0,Monitoring
2025-03-10,11:25:00,HOLD,MIDCPNIFTY25MAR11200CE,205.7,1794.0,Monitoring
2025-03-10,11:30:00,HOLD,MIDCPNIFTY25MAR11200CE,209.7,1314.0,Monitoring
2025-03-10,11:35:00,HOLD,MIDCPNIFTY25MAR11200CE,212.6,966.0,Monitoring
2025-03-10,11:40:00,HOLD,MIDCPNIFTY25MAR11200CE,212.9,930.0,Monitoring
2025-03-10,11:45:00,HOLD,MIDCPNIFTY25MAR11200CE,207.5,1578.0,Monitoring
2025-03-10,11:50:00,HOLD,MIDCPNIFTY25MAR11200CE,204.4,1950.0,Monitoring
2025-03-10,11:55:00,HOLD,MIDCPNIFTY25MAR11200CE,202.25,2208.0,Monitoring
2025-03-10,12:00:00,HOLD,MIDCPNIFTY25MAR11200CE,193.75,3228.0,Monitoring
2025-03-10,12:05:00,HOLD,MIDCPNIFTY25MAR11200CE,189.4,3750.0,Monitoring
2025-03-10,12:10:00,HOLD,MIDCPNIFTY25MAR11200CE,191.75,3468.0,Monitoring
2025-03-10,12:15:00,HOLD,MIDCPNIFTY25MAR11200CE,184.45,4344.0,Monitoring
2025-03-10,12:20:00,HOLD,MIDCPNIFTY25MAR11200CE,181.8,4662.0,Monitoring
2025-03-10,12:25:00,HOLD,MIDCPNIFTY25MAR11200CE,180.0,4878.0,Monitoring
2025-03-10,12:30:00,HOLD,MIDCPNIFTY25MAR11200CE,187.25,4008.0,Monitoring
2025-03-10,12:35:00,HOLD,MIDCPNIFTY25MAR11200CE,186.8,4062.0,Monitoring
2025-03-10,12:40:00,HOLD,MIDCPNIFTY25MAR11200CE,184.75,4308.0,Monitoring
2025-03-10,12:45:00,HOLD,MIDCPNIFTY25MAR11200CE,184.7,4314.0,Monitoring
2025-03-10,12:50:00,HOLD,MIDCPNIFTY25MAR11200CE,185.9,4170.0,Monitoring
2025-03-10,12:55:00,HOLD,MIDCPNIFTY25MAR11200CE,189.85,3696.0,Monitoring
2025-03-10,13:00:00,HOLD,MIDCPNIFTY25MAR11200CE,189.7,3714.0,Monitoring
2025-03-10,13:05:00,HOLD,MIDCPNIFTY25MAR11200CE,194.55,3132.0,Monitoring
2025-03-10,13:10:00,HOLD,MIDCPNIFTY25MAR11200CE,186.5,4098.0,Monitoring
2025-03-10,13:15:00,HOLD,MIDCPNIFTY25MAR11200CE,177.2,5214.0,Monitoring
2025-03-10,13:20:00,HOLD,MIDCPNIFTY25MAR11200CE,180.55,4812.0,Monitoring
2025-03-10,13:25:00,HOLD,MIDCPNIFTY25MAR11200CE,178.35,5076.0,Monitoring
2025-03-10,13:30:00,HOLD,MIDCPNIFTY25MAR11200CE,177.45,5184.0,Monitoring
2025-03-10,13:35:00,HOLD,MIDCPNIFTY25MAR11200CE,175.4,5430.0,Monitoring
2025-03-10,13:40:00,HOLD,MIDCPNIFTY25MAR11200CE,170.0,6078.0,Monitoring
2025-03-10,13:45:00,HOLD,MIDCPNIFTY25MAR11200CE,163.3,6882.0,Monitoring
2025-03-10,13:50:00,HOLD,MIDCPNIFTY25MAR11200CE,169.25,6168.0,Monitoring
2025-03-10,13:55:00,HOLD,MIDCPNIFTY25MAR11200CE,165.9,6570.0,Monitoring
2025-03-10,14:00:00,HOLD,MIDCPNIFTY25MAR11200CE,158.4,7470.0,Monitoring
2025-03-10,14:05:00,HOLD,MIDCPNIFTY25MAR11200CE,159.0,7398.0,Monitoring
2025-03-10,14:10:00,HOLD,MIDCPNIFTY25MAR11200CE,157.6,7566.0,Monitoring
2025-03-10,14:15:00,HOLD,MIDCPNIFTY25MAR11200CE,147.0,8838.0,Monitoring
2025-03-10,14:20:00,HOLD,MIDCPNIFTY25MAR11200CE,142.55,9372.0,Monitoring
2025-03-10,14:25:00,HOLD,MIDCPNIFTY25MAR11200CE,135.1,10266.0,Monitoring
2025-03-10,14:30:00,HOLD,MIDCPNIFTY25MAR11200CE,141.6,9486.0,Monitoring
2025-03-10,14:35:00,HOLD,MIDCPNIFTY25MAR11200CE,140.25,9648.0,Monitoring
2025-03-10,14:40:00,HOLD,MIDCPNIFTY25MAR11200CE,138.0,9918.0,Monitoring
2025-03-10,14:45:00,HOLD,MIDCPNIFTY25MAR11200CE,146.0,8958.0,Monitoring
2025-03-10,14:50:00,HOLD,MIDCPNIFTY25MAR11200CE,145.65,9000.0,Monitoring
2025-03-10,14:55:00,HOLD,MIDCPNIFTY25MAR11200CE,142.85,9336.0,Monitoring
2025-03-10,15:00:00,HOLD,MIDCPNIFTY25MAR11200CE,145.5,9018.0,Monitoring
2025-03-10,15:05:00,HOLD,MIDCPNIFTY25MAR11200CE,143.65,9240.0,Monitoring
2025-03-10,15:10:00,HOLD,MIDCPNIFTY25MAR11200CE,140.85,9576.0,Monitoring
2025-03-10,15:15:00,HOLD,MIDCPNIFTY25MAR11200CE,137.0,10038.0,Monitoring
2025-03-10,15:20:00,HOLD,MIDCPNIFTY25MAR11200CE,136.0,10158.0,Monitoring
2025-03-10,15:25:00,HOLD,MIDCPNIFTY25MAR11200CE,130.1,10866.0,Monitoring
2025-03-11,09:15:00,HOLD,MIDCPNIFTY25MAR11200CE,109.85,13296.0,Monitoring
2025-03-11,09:20:00,HOLD,MIDCPNIFTY25MAR11200CE,119.75,12108.0,Monitoring
2025-03-11,09:25:00,HOLD,MIDCPNIFTY25MAR11200CE,106.75,13668.0,Monitoring
2025-03-11,09:30:00,HOLD,MIDCPNIFTY25MAR11200CE,109.2,13374.0,Monitoring
2025-03-11,09:35:00,HOLD,MIDCPNIFTY25MAR11200CE,103.45,14064.0,Monitoring
2025-03-11,09:40:00,HOLD,MIDCPNIFTY25MAR11200CE,103.15,14100.0,Monitoring
2025-03-11,09:45:00,HOLD,MIDCPNIFTY25MAR11200CE,109.8,13302.0,Monitoring
2025-03-11,09:50:00,HOLD,MIDCPNIFTY25MAR11200CE,110.0,13278.0,Monitoring
2025-03-11,09:55:00,HOLD,MIDCPNIFTY25MAR11200CE,116.0,12558.0,Monitoring
2025-03-11,10:00:00,HOLD,MIDCPNIFTY25MAR11200CE,120.5,12018.0,Monitoring
2025-03-11,10:05:00,HOLD,MIDCPNIFTY25MAR11200CE,120.25,12048.0,Monitoring
2025-03-11,10:10:00,HOLD,MIDCPNIFTY25MAR11200CE,120.2,12054.0,Monitoring
2025-03-11,10:15:00,HOLD,MIDCPNIFTY25MAR11200CE,120.5,12018.0,Monitoring
2025-03-11,10:20:00,HOLD,MIDCPNIFTY25MAR11200CE,121.7,11874.0,Monitoring
2025-03-11,10:25:00,HOLD,MIDCPNIFTY25MAR11200CE,116.05,12552.0,Monitoring
2025-03-11,10:30:00,HOLD,MIDCPNIFTY25MAR11200CE,109.8,13302.0,Monitoring
2025-03-11,10:35:00,HOLD,MIDCPNIFTY25MAR11200CE,114.1,12786.0,Monitoring
2025-03-11,10:40:00,HOLD,MIDCPNIFTY25MAR11200CE,124.55,11532.0,Monitoring
2025-03-11,10:45:00,HOLD,MIDCPNIFTY25MAR11200CE,132.45,10584.0,Monitoring
2025-03-11,10:50:00,HOLD,MIDCPNIFTY25MAR11200CE,135.75,10188.0,Monitoring
2025-03-11,10:55:00,HOLD,MIDCPNIFTY25MAR11200CE,139.0,9798.0,Monitoring
2025-03-11,11:00:00,HOLD,MIDCPNIFTY25MAR11200CE,154.0,7998.0,Monitoring
2025-03-11,11:05:00,HOLD,MIDCPNIFTY25MAR11200CE,143.45,9264.0,Monitoring
2025-03-11,11:10:00,HOLD,MIDCPNIFTY25MAR11200CE,137.25,10008.0,Monitoring
2025-03-11,11:15:00,HOLD,MIDCPNIFTY25MAR11200CE,130.15,10860.0,Monitoring
2025-03-11,11:20:00,HOLD,MIDCPNIFTY25MAR11200CE,129.45,10944.0,Monitoring
2025-03-11,11:25:00,HOLD,MIDCPNIFTY25MAR11200CE,126.25,11328.0,Monitoring
2025-03-11,11:30:00,HOLD,MIDCPNIFTY25MAR11200CE,125.15,11460.0,Monitoring
2025-03-11,11:35:00,HOLD,MIDCPNIFTY25MAR11200CE,131.4,10710.0,Monitoring
2025-03-11,11:40:00,HOLD,MIDCPNIFTY25MAR11200CE,129.95,10884.0,Monitoring
2025-03-11,11:45:00,HOLD,MIDCPNIFTY25MAR11200CE,129.75,10908.0,Monitoring
2025-03-11,11:50:00,HOLD,MIDCPNIFTY25MAR11200CE,136.7,10074.0,Monitoring
2025-03-11,11:55:00,HOLD,MIDCPNIFTY25MAR11200CE,139.85,9696.0,Monitoring
2025-03-11,12:00:00,HOLD,MIDCPNIFTY25MAR11200CE,135.9,10170.0,Monitoring
2025-03-11,12:05:00,HOLD,MIDCPNIFTY25MAR11200CE,132.7,10554.0,Monitoring
2025-03-11,12:10:00,HOLD,MIDCPNIFTY25MAR11200CE,136.95,10044.0,Monitoring
2025-03-11,12:15:00,HOLD,MIDCPNIFTY25MAR11200CE,137.55,9972.0,Monitoring
2025-03-11,12:20:00,HOLD,MIDCPNIFTY25MAR11200CE,136.3,10122.0,Monitoring
2025-03-11,12:25:00,HOLD,MIDCPNIFTY25MAR11200CE,134.8,10302.0,Monitoring
2025-03-11,12:30:00,HOLD,MIDCPNIFTY25MAR11200CE,132.5,10578.0,Monitoring
2025-03-11,12:35:00,HOLD,MIDCPNIFTY25MAR11200CE,137.0,10038.0,Monitoring
2025-03-11,12:40:00,HOLD,MIDCPNIFTY25MAR11200CE,137.0,10038.0,Monitoring
2025-03-11,12:45:00,HOLD,MIDCPNIFTY25MAR11200CE,132.2,10614.0,Monitoring
2025-03-11,12:50:00,HOLD,MIDCPNIFTY25MAR11200CE,131.4,10710.0,Monitoring
2025-03-11,12:55:00,HOLD,MIDCPNIFTY25MAR11200CE,127.75,11148.0,Monitoring
2025-03-11,13:00:00,HOLD,MIDCPNIFTY25MAR11200CE,124.15,11580.0,Monitoring
2025-03-11,13:05:00,HOLD,MIDCPNIFTY25MAR11200CE,126.0,11358.0,Monitoring
2025-03-11,13:10:00,HOLD,MIDCPNIFTY25MAR11200CE,121.15,11940.0,Monitoring
2025-03-11,13:15:00,HOLD,MIDCPNIFTY25MAR11200CE,126.8,11262.0,Monitoring
2025-03-11,13:20:00,HOLD,MIDCPNIFTY25MAR11200CE,132.1,10626.0,Monitoring
2025-03-11,13:25:00,HOLD,MIDCPNIFTY25MAR11200CE,132.65,10560.0,Monitoring
2025-03-11,13:30:00,HOLD,MIDCPNIFTY25MAR11200CE,130.8,10782.0,Monitoring
2025-03-11,13:35:00,HOLD,MIDCPNIFTY25MAR11200CE,134.1,10386.0,Monitoring
2025-03-11,13:40:00,HOLD,MIDCPNIFTY25MAR11200CE,137.0,10038.0,Monitoring
2025-03-11,13:45:00,HOLD,MIDCPNIFTY25MAR11200CE,136.85,10056.0,Monitoring
2025-03-11,13:50:00,HOLD,MIDCPNIFTY25MAR11200CE,140.75,9588.0,Monitoring
2025-03-11,13:55:00,HOLD,MIDCPNIFTY25MAR11200CE,142.25,9408.0,Monitoring
2025-03-11,14:00:00,HOLD,MIDCPNIFTY25MAR11200CE,142.6,9366.0,Monitoring
2025-03-11,14:05:00,HOLD,MIDCPNIFTY25MAR11200CE,141.4,9510.0,Monitoring
2025-03-11,14:10:00,HOLD,MIDCPNIFTY25MAR11200CE,145.0,9078.0,Monitoring
2025-03-11,14:15:00,HOLD,MIDCPNIFTY25MAR11200CE,148.0,8718.0,Monitoring
2025-03-11,14:20:00,HOLD,MIDCPNIFTY25MAR11200CE,154.05,7992.0,Monitoring
2025-03-11,14:25:00,HOLD,MIDCPNIFTY25MAR11200CE,159.3,7362.0,Monitoring
2025-03-11,14:25:00,BUY_EXIT,MIDCPNIFTY25MAR11200CE,159.3,7362.0,EMA_REVERSAL_SL
