Date,Time,Event,Ticker,Price,PnL_INR,Info
2024-11-18,14:00:00,SELL_ENTRY,MIDCPNIFTY24NOV12100PE,107.95,0.0,Signal PE | Short
2024-11-18,14:05:00,HOLD,MIDCPNIFTY24NOV12100PE,108.9,-114.0,Monitoring
2024-11-18,14:10:00,HOLD,MIDCPNIFTY24NOV12100PE,114.0,-726.0,Monitoring
2024-11-18,14:15:00,HOLD,MIDCPNIFTY24NOV12100PE,114.4,-774.0,Monitoring
2024-11-18,14:20:00,HOLD,MIDCPNIFTY24NOV12100PE,113.6,-678.0,Monitoring
2024-11-18,14:25:00,HOLD,MIDCPNIFTY24NOV12100PE,115.4,-894.0,Monitoring
2024-11-18,14:30:00,HOLD,MIDCPNIFTY24NOV12100PE,116.2,-990.0,Monitoring
2024-11-18,14:35:00,HOLD,MIDCPNIFTY24NOV12100PE,112.6,-558.0,Monitoring
2024-11-18,14:40:00,HOLD,MIDCPNIFTY24NOV12100PE,115.15,-864.0,Monitoring
2024-11-18,14:45:00,HOLD,MIDCPNIFTY24NOV12100PE,115.25,-876.0,Monitoring
2024-11-18,14:50:00,HOLD,MIDCPNIFTY24NOV12100PE,116.75,-1056.0,Monitoring
2024-11-18,14:55:00,HOLD,MIDCPNIFTY24NOV12100PE,117.65,-1164.0,Monitoring
2024-11-18,15:00:00,HOLD,MIDCPNIFTY24NOV12100PE,119.95,-1440.0,Monitoring
2024-11-18,15:05:00,HOLD,MIDCPNIFTY24NOV12100PE,134.3,-3162.0,Monitoring
2024-11-18,15:10:00,HOLD,MIDCPNIFTY24NOV12100PE,126.05,-2172.0,Monitoring
2024-11-18,15:15:00,HOLD,MIDCPNIFTY24NOV12100PE,125.05,-2052.0,Monitoring
2024-11-18,15:20:00,HOLD,MIDCPNIFTY24NOV12100PE,126.05,-2172.0,Monitoring
2024-11-18,15:25:00,HOLD,MIDCPNIFTY24NOV12100PE,127.0,-2286.0,Monitoring
2024-11-19,09:15:00,HOLD,MIDCPNIFTY24NOV12100PE,86.75,2544.0,Monitoring
2024-11-19,09:20:00,HOLD,MIDCPNIFTY24NOV12100PE,73.1,4182.0,Monitoring
2024-11-19,09:25:00,HOLD,MIDCPNIFTY24NOV12100PE,70.25,4524.0,Monitoring
2024-11-19,09:30:00,HOLD,MIDCPNIFTY24NOV12100PE,65.25,5124.0,Monitoring
2024-11-19,09:35:00,HOLD,MIDCPNIFTY24NOV12100PE,54.05,6468.0,Monitoring
2024-11-19,09:40:00,HOLD,MIDCPNIFTY24NOV12100PE,53.0,6594.0,Monitoring
2024-11-19,09:45:00,HOLD,MIDCPNIFTY24NOV12100PE,54.35,6432.0,Monitoring
2024-11-19,09:50:00,HOLD,MIDCPNIFTY24NOV12100PE,53.45,6540.0,Monitoring
2024-11-19,09:55:00,HOLD,MIDCPNIFTY24NOV12100PE,50.5,6894.0,Monitoring
2024-11-19,10:00:00,HOLD,MIDCPNIFTY24NOV12100PE,49.2,7050.0,Monitoring
2024-11-19,10:05:00,HOLD,MIDCPNIFTY24NOV12100PE,46.15,7416.0,Monitoring
2024-11-19,10:10:00,HOLD,MIDCPNIFTY24NOV12100PE,47.4,7266.0,Monitoring
2024-11-19,10:15:00,HOLD,MIDCPNIFTY24NOV12100PE,47.05,7308.0,Monitoring
2024-11-19,10:20:00,HOLD,MIDCPNIFTY24NOV12100PE,43.05,7788.0,Monitoring
2024-11-19,10:25:00,HOLD,MIDCPNIFTY24NOV12100PE,41.55,7968.0,Monitoring
2024-11-19,10:30:00,HOLD,MIDCPNIFTY24NOV12100PE,43.45,7740.0,Monitoring
2024-11-19,10:35:00,HOLD,MIDCPNIFTY24NOV12100PE,43.9,7686.0,Monitoring
2024-11-19,10:40:00,HOLD,MIDCPNIFTY24NOV12100PE,44.55,7608.0,Monitoring
2024-11-19,10:45:00,HOLD,MIDCPNIFTY24NOV12100PE,46.1,7422.0,Monitoring
2024-11-19,10:50:00,HOLD,MIDCPNIFTY24NOV12100PE,43.05,7788.0,Monitoring
2024-11-19,10:55:00,HOLD,MIDCPNIFTY24NOV12100PE,40.9,8046.0,Monitoring
2024-11-19,11:00:00,HOLD,MIDCPNIFTY24NOV12100PE,38.25,8364.0,Monitoring
2024-11-19,11:05:00,HOLD,MIDCPNIFTY24NOV12100PE,39.0,8274.0,Monitoring
2024-11-19,11:10:00,HOLD,MIDCPNIFTY24NOV12100PE,38.2,8370.0,Monitoring
2024-11-19,11:15:00,HOLD,MIDCPNIFTY24NOV12100PE,37.95,8400.0,Monitoring
2024-11-19,11:20:00,HOLD,MIDCPNIFTY24NOV12100PE,37.1,8502.0,Monitoring
2024-11-19,11:25:00,HOLD,MIDCPNIFTY24NOV12100PE,34.95,8760.0,Monitoring
2024-11-19,11:30:00,HOLD,MIDCPNIFTY24NOV12100PE,35.25,8724.0,Monitoring
2024-11-19,11:35:00,HOLD,MIDCPNIFTY24NOV12100PE,34.0,8874.0,Monitoring
2024-11-19,11:40:00,HOLD,MIDCPNIFTY24NOV12100PE,34.05,8868.0,Monitoring
2024-11-19,11:45:00,HOLD,MIDCPNIFTY24NOV12100PE,32.1,9102.0,Monitoring
2024-11-19,11:50:00,HOLD,MIDCPNIFTY24NOV12100PE,33.35,8952.0,Monitoring
2024-11-19,11:55:00,HOLD,MIDCPNIFTY24NOV12100PE,35.0,8754.0,Monitoring
2024-11-19,12:00:00,HOLD,MIDCPNIFTY24NOV12100PE,33.4,8946.0,Monitoring
2024-11-19,12:05:00,HOLD,MIDCPNIFTY24NOV12100PE,36.8,8538.0,Monitoring
2024-11-19,12:10:00,HOLD,MIDCPNIFTY24NOV12100PE,34.5,8814.0,Monitoring
2024-11-19,12:15:00,HOLD,MIDCPNIFTY24NOV12100PE,33.6,8922.0,Monitoring
2024-11-19,12:20:00,HOLD,MIDCPNIFTY24NOV12100PE,35.25,8724.0,Monitoring
2024-11-19,12:25:00,HOLD,MIDCPNIFTY24NOV12100PE,36.8,8538.0,Monitoring
2024-11-19,12:30:00,HOLD,MIDCPNIFTY24NOV12100PE,37.9,8406.0,Monitoring
2024-11-19,12:35:00,HOLD,MIDCPNIFTY24NOV12100PE,38.75,8304.0,Monitoring
2024-11-19,12:40:00,HOLD,MIDCPNIFTY24NOV12100PE,41.85,7932.0,Monitoring
2024-11-19,12:45:00,HOLD,MIDCPNIFTY24NOV12100PE,37.8,8418.0,Monitoring
2024-11-19,12:50:00,HOLD,MIDCPNIFTY24NOV12100PE,36.7,8550.0,Monitoring
2024-11-19,12:55:00,HOLD,MIDCPNIFTY24NOV12100PE,35.25,8724.0,Monitoring
2024-11-19,13:00:00,HOLD,MIDCPNIFTY24NOV12100PE,35.25,8724.0,Monitoring
2024-11-19,13:05:00,HOLD,MIDCPNIFTY24NOV12100PE,34.25,8844.0,Monitoring
2024-11-19,13:10:00,HOLD,MIDCPNIFTY24NOV12100PE,33.5,8934.0,Monitoring
2024-11-19,13:15:00,HOLD,MIDCPNIFTY24NOV12100PE,33.1,8982.0,Monitoring
2024-11-19,13:20:00,HOLD,MIDCPNIFTY24NOV12100PE,34.45,8820.0,Monitoring
2024-11-19,13:25:00,HOLD,MIDCPNIFTY24NOV12100PE,34.15,8856.0,Monitoring
2024-11-19,13:30:00,HOLD,MIDCPNIFTY24NOV12100PE,32.5,9054.0,Monitoring
2024-11-19,13:35:00,HOLD,MIDCPNIFTY24NOV12100PE,31.45,9180.0,Monitoring
2024-11-19,13:40:00,HOLD,MIDCPNIFTY24NOV12100PE,32.4,9066.0,Monitoring
2024-11-19,13:45:00,HOLD,MIDCPNIFTY24NOV12100PE,32.4,9066.0,Monitoring
2024-11-19,13:50:00,HOLD,MIDCPNIFTY24NOV12100PE,31.5,9174.0,Monitoring
2024-11-19,13:55:00,HOLD,MIDCPNIFTY24NOV12100PE,31.2,9210.0,Monitoring
2024-11-19,14:00:00,HOLD,MIDCPNIFTY24NOV12100PE,32.85,9012.0,Monitoring
2024-11-19,14:05:00,HOLD,MIDCPNIFTY24NOV12100PE,35.35,8712.0,Monitoring
2024-11-19,14:10:00,HOLD,MIDCPNIFTY24NOV12100PE,37.1,8502.0,Monitoring
2024-11-19,14:15:00,HOLD,MIDCPNIFTY24NOV12100PE,33.4,8946.0,Monitoring
2024-11-19,14:20:00,HOLD,MIDCPNIFTY24NOV12100PE,38.0,8394.0,Monitoring
2024-11-19,14:25:00,HOLD,MIDCPNIFTY24NOV12100PE,45.85,7452.0,Monitoring
2024-11-19,14:30:00,HOLD,MIDCPNIFTY24NOV12100PE,46.45,7380.0,Monitoring
2024-11-19,14:35:00,HOLD,MIDCPNIFTY24NOV12100PE,43.65,7716.0,Monitoring
2024-11-19,14:40:00,HOLD,MIDCPNIFTY24NOV12100PE,43.05,7788.0,Monitoring
2024-11-19,14:45:00,HOLD,MIDCPNIFTY24NOV12100PE,44.0,7674.0,Monitoring
2024-11-19,14:50:00,HOLD,MIDCPNIFTY24NOV12100PE,52.7,6630.0,Monitoring
2024-11-19,14:55:00,HOLD,MIDCPNIFTY24NOV12100PE,63.65,5316.0,Monitoring
2024-11-19,15:00:00,HOLD,MIDCPNIFTY24NOV12100PE,67.3,4878.0,Monitoring
2024-11-19,15:05:00,HOLD,MIDCPNIFTY24NOV12100PE,67.75,4824.0,Monitoring
2024-11-19,15:10:00,HOLD,MIDCPNIFTY24NOV12100PE,86.55,2568.0,Monitoring
2024-11-19,15:10:00,BUY_EXIT,MIDCPNIFTY24NOV12100PE,86.55,2568.0,EMA_REVERSAL_SL
