Date,Time,Event,Ticker,Price,PnL_INR,Info
2025-03-11,14:30:00,SELL_ENTRY,MIDCPNIFTY25MAR10800PE,151.75,0.0,Signal PE | Short
2025-03-11,14:35:00,HOLD,MIDCPNIFTY25MAR10800PE,151.05,84.0,Monitoring
2025-03-11,14:40:00,HOLD,MIDCPNIFTY25MAR10800PE,158.05,-756.0,Monitoring
2025-03-11,14:45:00,HOLD,MIDCPNIFTY25MAR10800PE,154.5,-330.0,Monitoring
2025-03-11,14:50:00,HOLD,MIDCPNIFTY25MAR10800PE,159.65,-948.0,Monitoring
2025-03-11,14:55:00,HOLD,MIDCPNIFTY25MAR10800PE,152.3,-66.0,Monitoring
2025-03-11,15:00:00,HOLD,MIDCPNIFTY25MAR10800PE,151.6,18.0,Monitoring
2025-03-11,15:05:00,HOLD,MIDCPNIFTY25MAR10800PE,158.55,-816.0,Monitoring
2025-03-11,15:10:00,HOLD,MIDCPNIFTY25MAR10800PE,153.0,-150.0,Monitoring
2025-03-11,15:15:00,HOLD,MIDCPNIFTY25MAR10800PE,148.75,360.0,Monitoring
2025-03-11,15:20:00,HOLD,MIDCPNIFTY25MAR10800PE,149.55,264.0,Monitoring
2025-03-11,15:25:00,HOLD,MIDCPNIFTY25MAR10800PE,139.0,1530.0,Monitoring
2025-03-12,09:15:00,HOLD,MIDCPNIFTY25MAR10800PE,141.45,1236.0,Monitoring
2025-03-12,09:20:00,HOLD,MIDCPNIFTY25MAR10800PE,143.5,990.0,Monitoring
2025-03-12,09:25:00,HOLD,MIDCPNIFTY25MAR10800PE,159.0,-870.0,Monitoring
2025-03-12,09:30:00,HOLD,MIDCPNIFTY25MAR10800PE,153.7,-234.0,Monitoring
2025-03-12,09:35:00,HOLD,MIDCPNIFTY25MAR10800PE,147.3,534.0,Monitoring
2025-03-12,09:40:00,HOLD,MIDCPNIFTY25MAR10800PE,151.6,18.0,Monitoring
2025-03-12,09:45:00,HOLD,MIDCPNIFTY25MAR10800PE,147.05,564.0,Monitoring
2025-03-12,09:50:00,HOLD,MIDCPNIFTY25MAR10800PE,150.0,210.0,Monitoring
2025-03-12,09:55:00,HOLD,MIDCPNIFTY25MAR10800PE,159.15,-888.0,Monitoring
2025-03-12,10:00:00,HOLD,MIDCPNIFTY25MAR10800PE,174.8,-2766.0,Monitoring
2025-03-12,10:05:00,HOLD,MIDCPNIFTY25MAR10800PE,177.45,-3084.0,Monitoring
2025-03-12,10:10:00,HOLD,MIDCPNIFTY25MAR10800PE,185.45,-4044.0,Monitoring
2025-03-12,10:15:00,HOLD,MIDCPNIFTY25MAR10800PE,190.8,-4686.0,Monitoring
2025-03-12,10:20:00,HOLD,MIDCPNIFTY25MAR10800PE,196.0,-5310.0,Monitoring
2025-03-12,10:25:00,HOLD,MIDCPNIFTY25MAR10800PE,195.95,-5304.0,Monitoring
2025-03-12,10:30:00,HOLD,MIDCPNIFTY25MAR10800PE,189.0,-4470.0,Monitoring
2025-03-12,10:35:00,HOLD,MIDCPNIFTY25MAR10800PE,190.0,-4590.0,Monitoring
2025-03-12,10:40:00,HOLD,MIDCPNIFTY25MAR10800PE,186.2,-4134.0,Monitoring
2025-03-12,10:45:00,HOLD,MIDCPNIFTY25MAR10800PE,201.5,-5970.0,Monitoring
2025-03-12,10:50:00,HOLD,MIDCPNIFTY25MAR10800PE,205.4,-6438.0,Monitoring
2025-03-12,10:50:00,BUY_EXIT,MIDCPNIFTY25MAR10800PE,205.4,-6438.0,EMA_REVERSAL_SL
