Date,Time,Event,Ticker,Price,PnL_INR,Info
2024-10-31,14:50:00,SELL_ENTRY,MIDCPNIFTY24NOV12500CE,172.0,0.0,Signal CE | Short
2024-10-31,14:55:00,HOLD,MIDCPNIFTY24NOV12500CE,172.0,0.0,Monitoring
2024-10-31,15:00:00,HOLD,MIDCPNIFTY24NOV12500CE,172.0,0.0,Monitoring
2024-10-31,15:05:00,HOLD,MIDCPNIFTY24NOV12500CE,172.0,0.0,Monitoring
2024-11-01,18:00:00,HOLD,MIDCPNIFTY24NOV12500CE,172.0,0.0,Monitoring
2024-11-01,18:05:00,HOLD,MIDCPNIFTY24NOV12500CE,172.0,0.0,Monitoring
2024-11-01,18:10:00,HOLD,MIDCPNIFTY24NOV12500CE,240.0,-8160.0,Monitoring
2024-11-01,18:15:00,HOLD,MIDCPNIFTY24NOV12500CE,240.0,-8160.0,Monitoring
2024-11-01,18:20:00,HOLD,MIDCPNIFTY24NOV12500CE,240.0,-8160.0,Monitoring
2024-11-01,18:25:00,HOLD,MIDCPNIFTY24NOV12500CE,240.0,-8160.0,Monitoring
2024-11-01,18:50:00,HOLD,MIDCPNIFTY24NOV12500CE,240.0,-8160.0,Monitoring
2024-11-01,18:55:00,HOLD,MIDCPNIFTY24NOV12500CE,240.0,-8160.0,Monitoring
2024-11-04,09:25:00,HOLD,MIDCPNIFTY24NOV12500CE,240.0,-8160.0,Monitoring
2024-11-04,09:30:00,HOLD,MIDCPNIFTY24NOV12500CE,240.0,-8160.0,Monitoring
2024-11-04,09:35:00,HOLD,MIDCPNIFTY24NOV12500CE,240.0,-8160.0,Monitoring
2024-11-04,09:40:00,HOLD,MIDCPNIFTY24NOV12500CE,240.0,-8160.0,Monitoring
2024-11-04,09:45:00,HOLD,MIDCPNIFTY24NOV12500CE,240.0,-8160.0,Monitoring
2024-11-04,09:50:00,HOLD,MIDCPNIFTY24NOV12500CE,240.0,-8160.0,Monitoring
2024-11-04,09:55:00,HOLD,MIDCPNIFTY24NOV12500CE,240.0,-8160.0,Monitoring
2024-11-04,10:00:00,HOLD,MIDCPNIFTY24NOV12500CE,240.0,-8160.0,Monitoring
2024-11-04,10:05:00,HOLD,MIDCPNIFTY24NOV12500CE,240.0,-8160.0,Monitoring
2024-11-04,10:10:00,HOLD,MIDCPNIFTY24NOV12500CE,240.0,-8160.0,Monitoring
2024-11-04,10:15:00,HOLD,MIDCPNIFTY24NOV12500CE,240.0,-8160.0,Monitoring
2024-11-04,10:20:00,HOLD,MIDCPNIFTY24NOV12500CE,240.0,-8160.0,Monitoring
2024-11-04,10:40:00,HOLD,MIDCPNIFTY24NOV12500CE,240.0,-8160.0,Monitoring
2024-11-04,10:45:00,HOLD,MIDCPNIFTY24NOV12500CE,240.0,-8160.0,Monitoring
2024-11-04,10:50:00,HOLD,MIDCPNIFTY24NOV12500CE,240.0,-8160.0,Monitoring
2024-11-04,10:55:00,HOLD,MIDCPNIFTY24NOV12500CE,240.0,-8160.0,Monitoring
2024-11-04,11:00:00,HOLD,MIDCPNIFTY24NOV12500CE,240.0,-8160.0,Monitoring
2024-11-04,11:05:00,HOLD,MIDCPNIFTY24NOV12500CE,240.0,-8160.0,Monitoring
2024-11-04,11:10:00,HOLD,MIDCPNIFTY24NOV12500CE,240.0,-8160.0,Monitoring
2024-11-04,12:25:00,HOLD,MIDCPNIFTY24NOV12500CE,240.0,-8160.0,Monitoring
2024-11-04,12:30:00,HOLD,MIDCPNIFTY24NOV12500CE,240.0,-8160.0,Monitoring
2024-11-04,12:35:00,HOLD,MIDCPNIFTY24NOV12500CE,240.0,-8160.0,Monitoring
2024-11-04,12:40:00,HOLD,MIDCPNIFTY24NOV12500CE,240.0,-8160.0,Monitoring
2024-11-04,14:20:00,HOLD,MIDCPNIFTY24NOV12500CE,240.0,-8160.0,Monitoring
2024-11-04,14:25:00,HOLD,MIDCPNIFTY24NOV12500CE,240.0,-8160.0,Monitoring
2024-11-04,14:30:00,HOLD,MIDCPNIFTY24NOV12500CE,240.0,-8160.0,Monitoring
2024-11-04,14:35:00,HOLD,MIDCPNIFTY24NOV12500CE,240.0,-8160.0,Monitoring
2024-11-05,09:20:00,HOLD,MIDCPNIFTY24NOV12500CE,240.0,-8160.0,Monitoring
2024-11-05,09:25:00,HOLD,MIDCPNIFTY24NOV12500CE,240.0,-8160.0,Monitoring
2024-11-05,09:30:00,HOLD,MIDCPNIFTY24NOV12500CE,240.0,-8160.0,Monitoring
2024-11-05,09:35:00,HOLD,MIDCPNIFTY24NOV12500CE,240.0,-8160.0,Monitoring
2024-11-05,10:45:00,HOLD,MIDCPNIFTY24NOV12500CE,147.0,3000.0,Monitoring
2024-11-05,10:50:00,HOLD,MIDCPNIFTY24NOV12500CE,147.0,3000.0,Monitoring
2024-11-05,10:55:00,HOLD,MIDCPNIFTY24NOV12500CE,147.0,3000.0,Monitoring
2024-11-05,11:00:00,HOLD,MIDCPNIFTY24NOV12500CE,147.0,3000.0,Monitoring
2024-11-05,11:50:00,HOLD,MIDCPNIFTY24NOV12500CE,147.0,3000.0,Monitoring
2024-11-05,11:55:00,HOLD,MIDCPNIFTY24NOV12500CE,147.0,3000.0,Monitoring
2024-11-05,12:00:00,HOLD,MIDCPNIFTY24NOV12500CE,147.0,3000.0,Monitoring
2024-11-05,12:05:00,HOLD,MIDCPNIFTY24NOV12500CE,147.0,3000.0,Monitoring
2024-11-05,13:30:00,HOLD,MIDCPNIFTY24NOV12500CE,147.0,3000.0,Monitoring
2024-11-05,13:35:00,HOLD,MIDCPNIFTY24NOV12500CE,147.0,3000.0,Monitoring
2024-11-05,13:40:00,HOLD,MIDCPNIFTY24NOV12500CE,147.0,3000.0,Monitoring
2024-11-05,13:45:00,HOLD,MIDCPNIFTY24NOV12500CE,147.0,3000.0,Monitoring
2024-11-05,13:50:00,HOLD,MIDCPNIFTY24NOV12500CE,147.0,3000.0,Monitoring
2024-11-05,13:55:00,HOLD,MIDCPNIFTY24NOV12500CE,147.0,3000.0,Monitoring
2024-11-05,14:00:00,HOLD,MIDCPNIFTY24NOV12500CE,147.0,3000.0,Monitoring
2024-11-05,14:05:00,HOLD,MIDCPNIFTY24NOV12500CE,147.0,3000.0,Monitoring
2024-11-05,14:10:00,HOLD,MIDCPNIFTY24NOV12500CE,147.0,3000.0,Monitoring
2024-11-05,14:15:00,HOLD,MIDCPNIFTY24NOV12500CE,147.0,3000.0,Monitoring
2024-11-05,14:20:00,HOLD,MIDCPNIFTY24NOV12500CE,147.0,3000.0,Monitoring
2024-11-05,14:25:00,HOLD,MIDCPNIFTY24NOV12500CE,147.0,3000.0,Monitoring
2024-11-05,14:30:00,HOLD,MIDCPNIFTY24NOV12500CE,147.0,3000.0,Monitoring
2024-11-05,14:35:00,HOLD,MIDCPNIFTY24NOV12500CE,147.0,3000.0,Monitoring
2024-11-05,14:40:00,HOLD,MIDCPNIFTY24NOV12500CE,147.0,3000.0,Monitoring
2024-11-05,14:45:00,HOLD,MIDCPNIFTY24NOV12500CE,147.0,3000.0,Monitoring
2024-11-05,14:50:00,HOLD,MIDCPNIFTY24NOV12500CE,147.0,3000.0,Monitoring
2024-11-05,14:55:00,HOLD,MIDCPNIFTY24NOV12500CE,147.0,3000.0,Monitoring
2024-11-05,15:00:00,HOLD,MIDCPNIFTY24NOV12500CE,147.0,3000.0,Monitoring
2024-11-05,15:05:00,HOLD,MIDCPNIFTY24NOV12500CE,147.0,3000.0,Monitoring
2024-11-05,15:10:00,HOLD,MIDCPNIFTY24NOV12500CE,147.0,3000.0,Monitoring
2024-11-05,15:15:00,HOLD,MIDCPNIFTY24NOV12500CE,147.0,3000.0,Monitoring
2024-11-05,15:20:00,HOLD,MIDCPNIFTY24NOV12500CE,147.0,3000.0,Monitoring
2024-11-05,15:25:00,HOLD,MIDCPNIFTY24NOV12500CE,147.0,3000.0,Monitoring
2024-11-06,09:20:00,HOLD,MIDCPNIFTY24NOV12500CE,147.0,3000.0,Monitoring
2024-11-06,09:25:00,HOLD,MIDCPNIFTY24NOV12500CE,147.0,3000.0,Monitoring
2024-11-06,09:30:00,HOLD,MIDCPNIFTY24NOV12500CE,240.0,-8160.0,Monitoring
2024-11-06,09:35:00,HOLD,MIDCPNIFTY24NOV12500CE,240.0,-8160.0,Monitoring
2024-11-06,09:40:00,HOLD,MIDCPNIFTY24NOV12500CE,240.0,-8160.0,Monitoring
2024-11-06,09:45:00,HOLD,MIDCPNIFTY24NOV12500CE,240.0,-8160.0,Monitoring
2024-11-06,09:50:00,HOLD,MIDCPNIFTY24NOV12500CE,240.0,-8160.0,Monitoring
2024-11-06,09:55:00,HOLD,MIDCPNIFTY24NOV12500CE,250.0,-9360.0,Monitoring
2024-11-06,10:00:00,HOLD,MIDCPNIFTY24NOV12500CE,250.0,-9360.0,Monitoring
2024-11-06,10:05:00,HOLD,MIDCPNIFTY24NOV12500CE,250.0,-9360.0,Monitoring
2024-11-06,10:10:00,HOLD,MIDCPNIFTY24NOV12500CE,250.0,-9360.0,Monitoring
2024-11-06,10:15:00,HOLD,MIDCPNIFTY24NOV12500CE,250.0,-9360.0,Monitoring
2024-11-06,10:20:00,HOLD,MIDCPNIFTY24NOV12500CE,250.0,-9360.0,Monitoring
2024-11-06,10:25:00,HOLD,MIDCPNIFTY24NOV12500CE,246.95,-8994.0,Monitoring
2024-11-06,10:25:00,BUY_EXIT,MIDCPNIFTY24NOV12500CE,246.95,-8994.0,EMA_REVERSAL_SL
