Date,Time,Event,Ticker,Price,PnL_INR,Info
2025-03-03,14:00:00,SELL_ENTRY,MIDCPNIFTY25MAR10800PE,263.9,0.0,Signal PE | Short
2025-03-03,14:05:00,HOLD,MIDCPNIFTY25MAR10800PE,272.0,-972.0,Monitoring
2025-03-03,14:10:00,HOLD,MIDCPNIFTY25MAR10800PE,258.65,630.0,Monitoring
2025-03-03,14:15:00,HOLD,MIDCPNIFTY25MAR10800PE,260.0,468.0,Monitoring
2025-03-03,14:20:00,HOLD,MIDCPNIFTY25MAR10800PE,257.1,816.0,Monitoring
2025-03-03,14:25:00,HOLD,MIDCPNIFTY25MAR10800PE,247.6,1956.0,Monitoring
2025-03-03,14:30:00,HOLD,MIDCPNIFTY25MAR10800PE,251.0,1548.0,Monitoring
2025-03-03,14:35:00,HOLD,MIDCPNIFTY25MAR10800PE,248.0,1908.0,Monitoring
2025-03-03,14:40:00,HOLD,MIDCPNIFTY25MAR10800PE,242.15,2610.0,Monitoring
2025-03-03,14:45:00,HOLD,MIDCPNIFTY25MAR10800PE,248.4,1860.0,Monitoring
2025-03-03,14:50:00,HOLD,MIDCPNIFTY25MAR10800PE,245.0,2268.0,Monitoring
2025-03-03,14:55:00,HOLD,MIDCPNIFTY25MAR10800PE,246.75,2058.0,Monitoring
2025-03-03,15:00:00,HOLD,MIDCPNIFTY25MAR10800PE,248.8,1812.0,Monitoring
2025-03-03,15:05:00,HOLD,MIDCPNIFTY25MAR10800PE,244.05,2382.0,Monitoring
2025-03-03,15:10:00,HOLD,MIDCPNIFTY25MAR10800PE,244.85,2286.0,Monitoring
2025-03-03,15:15:00,HOLD,MIDCPNIFTY25MAR10800PE,248.35,1866.0,Monitoring
2025-03-03,15:20:00,HOLD,MIDCPNIFTY25MAR10800PE,244.2,2364.0,Monitoring
2025-03-03,15:25:00,HOLD,MIDCPNIFTY25MAR10800PE,244.65,2310.0,Monitoring
2025-03-04,09:15:00,HOLD,MIDCPNIFTY25MAR10800PE,333.2,-8316.0,Monitoring
2025-03-04,09:20:00,HOLD,MIDCPNIFTY25MAR10800PE,286.7,-2736.0,Monitoring
2025-03-04,09:25:00,HOLD,MIDCPNIFTY25MAR10800PE,295.65,-3810.0,Monitoring
2025-03-04,09:30:00,HOLD,MIDCPNIFTY25MAR10800PE,279.95,-1926.0,Monitoring
2025-03-04,09:35:00,HOLD,MIDCPNIFTY25MAR10800PE,269.1,-624.0,Monitoring
2025-03-04,09:40:00,HOLD,MIDCPNIFTY25MAR10800PE,265.0,-132.0,Monitoring
2025-03-04,09:45:00,HOLD,MIDCPNIFTY25MAR10800PE,256.4,900.0,Monitoring
2025-03-04,09:50:00,HOLD,MIDCPNIFTY25MAR10800PE,244.0,2388.0,Monitoring
2025-03-04,09:55:00,HOLD,MIDCPNIFTY25MAR10800PE,240.7,2784.0,Monitoring
2025-03-04,10:00:00,HOLD,MIDCPNIFTY25MAR10800PE,234.65,3510.0,Monitoring
2025-03-04,10:05:00,HOLD,MIDCPNIFTY25MAR10800PE,265.5,-192.0,Monitoring
2025-03-04,10:10:00,HOLD,MIDCPNIFTY25MAR10800PE,254.45,1134.0,Monitoring
2025-03-04,10:15:00,HOLD,MIDCPNIFTY25MAR10800PE,249.0,1788.0,Monitoring
2025-03-04,10:20:00,HOLD,MIDCPNIFTY25MAR10800PE,243.5,2448.0,Monitoring
2025-03-04,10:25:00,HOLD,MIDCPNIFTY25MAR10800PE,256.0,948.0,Monitoring
2025-03-04,10:30:00,HOLD,MIDCPNIFTY25MAR10800PE,247.0,2028.0,Monitoring
2025-03-04,10:35:00,HOLD,MIDCPNIFTY25MAR10800PE,248.85,1806.0,Monitoring
2025-03-04,10:40:00,HOLD,MIDCPNIFTY25MAR10800PE,251.0,1548.0,Monitoring
2025-03-04,10:45:00,HOLD,MIDCPNIFTY25MAR10800PE,245.9,2160.0,Monitoring
2025-03-04,10:50:00,HOLD,MIDCPNIFTY25MAR10800PE,240.1,2856.0,Monitoring
2025-03-04,10:55:00,HOLD,MIDCPNIFTY25MAR10800PE,234.95,3474.0,Monitoring
2025-03-04,11:00:00,HOLD,MIDCPNIFTY25MAR10800PE,223.0,4908.0,Monitoring
2025-03-04,11:05:00,HOLD,MIDCPNIFTY25MAR10800PE,222.15,5010.0,Monitoring
2025-03-04,11:10:00,HOLD,MIDCPNIFTY25MAR10800PE,228.1,4296.0,Monitoring
2025-03-04,11:15:00,HOLD,MIDCPNIFTY25MAR10800PE,232.8,3732.0,Monitoring
2025-03-04,11:20:00,HOLD,MIDCPNIFTY25MAR10800PE,230.95,3954.0,Monitoring
2025-03-04,11:25:00,HOLD,MIDCPNIFTY25MAR10800PE,229.0,4188.0,Monitoring
2025-03-04,11:30:00,HOLD,MIDCPNIFTY25MAR10800PE,223.3,4872.0,Monitoring
2025-03-04,11:35:00,HOLD,MIDCPNIFTY25MAR10800PE,229.45,4134.0,Monitoring
2025-03-04,11:40:00,HOLD,MIDCPNIFTY25MAR10800PE,239.15,2970.0,Monitoring
2025-03-04,11:45:00,HOLD,MIDCPNIFTY25MAR10800PE,245.55,2202.0,Monitoring
2025-03-04,11:50:00,HOLD,MIDCPNIFTY25MAR10800PE,239.0,2988.0,Monitoring
2025-03-04,11:55:00,HOLD,MIDCPNIFTY25MAR10800PE,234.55,3522.0,Monitoring
2025-03-04,12:00:00,HOLD,MIDCPNIFTY25MAR10800PE,245.8,2172.0,Monitoring
2025-03-04,12:05:00,HOLD,MIDCPNIFTY25MAR10800PE,247.2,2004.0,Monitoring
2025-03-04,12:10:00,HOLD,MIDCPNIFTY25MAR10800PE,248.0,1908.0,Monitoring
2025-03-04,12:15:00,HOLD,MIDCPNIFTY25MAR10800PE,250.85,1566.0,Monitoring
2025-03-04,12:20:00,HOLD,MIDCPNIFTY25MAR10800PE,243.35,2466.0,Monitoring
2025-03-04,12:25:00,HOLD,MIDCPNIFTY25MAR10800PE,238.0,3108.0,Monitoring
2025-03-04,12:30:00,HOLD,MIDCPNIFTY25MAR10800PE,239.0,2988.0,Monitoring
2025-03-04,12:35:00,HOLD,MIDCPNIFTY25MAR10800PE,239.5,2928.0,Monitoring
2025-03-04,12:40:00,HOLD,MIDCPNIFTY25MAR10800PE,243.85,2406.0,Monitoring
2025-03-04,12:45:00,HOLD,MIDCPNIFTY25MAR10800PE,244.95,2274.0,Monitoring
2025-03-04,12:50:00,HOLD,MIDCPNIFTY25MAR10800PE,245.0,2268.0,Monitoring
2025-03-04,12:55:00,HOLD,MIDCPNIFTY25MAR10800PE,257.55,762.0,Monitoring
2025-03-04,13:00:00,HOLD,MIDCPNIFTY25MAR10800PE,266.55,-318.0,Monitoring
2025-03-04,13:05:00,HOLD,MIDCPNIFTY25MAR10800PE,267.2,-396.0,Monitoring
2025-03-04,13:10:00,HOLD,MIDCPNIFTY25MAR10800PE,259.55,522.0,Monitoring
2025-03-04,13:15:00,HOLD,MIDCPNIFTY25MAR10800PE,256.05,942.0,Monitoring
2025-03-04,13:20:00,HOLD,MIDCPNIFTY25MAR10800PE,255.0,1068.0,Monitoring
2025-03-04,13:25:00,HOLD,MIDCPNIFTY25MAR10800PE,257.55,762.0,Monitoring
2025-03-04,13:30:00,HOLD,MIDCPNIFTY25MAR10800PE,262.25,198.0,Monitoring
2025-03-04,13:35:00,HOLD,MIDCPNIFTY25MAR10800PE,271.95,-966.0,Monitoring
2025-03-04,13:40:00,HOLD,MIDCPNIFTY25MAR10800PE,270.0,-732.0,Monitoring
2025-03-04,13:45:00,HOLD,MIDCPNIFTY25MAR10800PE,262.7,144.0,Monitoring
2025-03-04,13:50:00,HOLD,MIDCPNIFTY25MAR10800PE,251.8,1452.0,Monitoring
2025-03-04,13:55:00,HOLD,MIDCPNIFTY25MAR10800PE,252.8,1332.0,Monitoring
2025-03-04,14:00:00,HOLD,MIDCPNIFTY25MAR10800PE,248.05,1902.0,Monitoring
2025-03-04,14:05:00,HOLD,MIDCPNIFTY25MAR10800PE,242.45,2574.0,Monitoring
2025-03-04,14:10:00,HOLD,MIDCPNIFTY25MAR10800PE,237.5,3168.0,Monitoring
2025-03-04,14:15:00,HOLD,MIDCPNIFTY25MAR10800PE,237.6,3156.0,Monitoring
2025-03-04,14:20:00,HOLD,MIDCPNIFTY25MAR10800PE,238.75,3018.0,Monitoring
2025-03-04,14:25:00,HOLD,MIDCPNIFTY25MAR10800PE,241.15,2730.0,Monitoring
2025-03-04,14:30:00,HOLD,MIDCPNIFTY25MAR10800PE,252.0,1428.0,Monitoring
2025-03-04,14:35:00,HOLD,MIDCPNIFTY25MAR10800PE,250.8,1572.0,Monitoring
2025-03-04,14:40:00,HOLD,MIDCPNIFTY25MAR10800PE,252.6,1356.0,Monitoring
2025-03-04,14:45:00,HOLD,MIDCPNIFTY25MAR10800PE,259.95,474.0,Monitoring
2025-03-04,14:50:00,HOLD,MIDCPNIFTY25MAR10800PE,248.8,1812.0,Monitoring
2025-03-04,14:55:00,HOLD,MIDCPNIFTY25MAR10800PE,244.05,2382.0,Monitoring
2025-03-04,15:00:00,HOLD,MIDCPNIFTY25MAR10800PE,256.9,840.0,Monitoring
2025-03-04,15:05:00,HOLD,MIDCPNIFTY25MAR10800PE,251.8,1452.0,Monitoring
2025-03-04,15:10:00,HOLD,MIDCPNIFTY25MAR10800PE,258.9,600.0,Monitoring
2025-03-04,15:15:00,HOLD,MIDCPNIFTY25MAR10800PE,261.4,300.0,Monitoring
2025-03-04,15:20:00,HOLD,MIDCPNIFTY25MAR10800PE,267.0,-372.0,Monitoring
2025-03-04,15:25:00,HOLD,MIDCPNIFTY25MAR10800PE,264.0,-12.0,Monitoring
2025-03-05,09:15:00,HOLD,MIDCPNIFTY25MAR10800PE,203.25,7278.0,Monitoring
2025-03-05,09:20:00,HOLD,MIDCPNIFTY25MAR10800PE,190.1,8856.0,Monitoring
2025-03-05,09:25:00,HOLD,MIDCPNIFTY25MAR10800PE,175.0,10668.0,Monitoring
2025-03-05,09:30:00,HOLD,MIDCPNIFTY25MAR10800PE,183.5,9648.0,Monitoring
2025-03-05,09:35:00,HOLD,MIDCPNIFTY25MAR10800PE,168.5,11448.0,Monitoring
2025-03-05,09:40:00,HOLD,MIDCPNIFTY25MAR10800PE,159.3,12552.0,Monitoring
2025-03-05,09:45:00,HOLD,MIDCPNIFTY25MAR10800PE,157.0,12828.0,Monitoring
2025-03-05,09:50:00,HOLD,MIDCPNIFTY25MAR10800PE,160.0,12468.0,Monitoring
2025-03-05,09:55:00,HOLD,MIDCPNIFTY25MAR10800PE,165.35,11826.0,Monitoring
2025-03-05,10:00:00,HOLD,MIDCPNIFTY25MAR10800PE,169.45,11334.0,Monitoring
2025-03-05,10:05:00,HOLD,MIDCPNIFTY25MAR10800PE,165.75,11778.0,Monitoring
2025-03-05,10:10:00,HOLD,MIDCPNIFTY25MAR10800PE,173.65,10830.0,Monitoring
2025-03-05,10:15:00,HOLD,MIDCPNIFTY25MAR10800PE,177.3,10392.0,Monitoring
2025-03-05,10:20:00,HOLD,MIDCPNIFTY25MAR10800PE,164.75,11898.0,Monitoring
2025-03-05,10:25:00,HOLD,MIDCPNIFTY25MAR10800PE,167.25,11598.0,Monitoring
2025-03-05,10:30:00,HOLD,MIDCPNIFTY25MAR10800PE,161.45,12294.0,Monitoring
2025-03-05,10:35:00,HOLD,MIDCPNIFTY25MAR10800PE,155.2,13044.0,Monitoring
2025-03-05,10:40:00,HOLD,MIDCPNIFTY25MAR10800PE,154.0,13188.0,Monitoring
2025-03-05,10:45:00,HOLD,MIDCPNIFTY25MAR10800PE,157.3,12792.0,Monitoring
2025-03-05,10:50:00,HOLD,MIDCPNIFTY25MAR10800PE,156.0,12948.0,Monitoring
2025-03-05,10:55:00,HOLD,MIDCPNIFTY25MAR10800PE,150.65,13590.0,Monitoring
2025-03-05,11:00:00,HOLD,MIDCPNIFTY25MAR10800PE,143.65,14430.0,Monitoring
2025-03-05,11:05:00,HOLD,MIDCPNIFTY25MAR10800PE,149.7,13704.0,Monitoring
2025-03-05,11:10:00,HOLD,MIDCPNIFTY25MAR10800PE,150.0,13668.0,Monitoring
2025-03-05,11:15:00,HOLD,MIDCPNIFTY25MAR10800PE,143.45,14454.0,Monitoring
2025-03-05,11:20:00,HOLD,MIDCPNIFTY25MAR10800PE,144.2,14364.0,Monitoring
2025-03-05,11:25:00,HOLD,MIDCPNIFTY25MAR10800PE,143.7,14424.0,Monitoring
2025-03-05,11:30:00,HOLD,MIDCPNIFTY25MAR10800PE,144.4,14340.0,Monitoring
2025-03-05,11:35:00,HOLD,MIDCPNIFTY25MAR10800PE,137.3,15192.0,Monitoring
2025-03-05,11:40:00,HOLD,MIDCPNIFTY25MAR10800PE,135.85,15366.0,Monitoring
2025-03-05,11:45:00,HOLD,MIDCPNIFTY25MAR10800PE,134.05,15582.0,Monitoring
2025-03-05,11:50:00,HOLD,MIDCPNIFTY25MAR10800PE,134.4,15540.0,Monitoring
2025-03-05,11:55:00,HOLD,MIDCPNIFTY25MAR10800PE,138.25,15078.0,Monitoring
2025-03-05,12:00:00,HOLD,MIDCPNIFTY25MAR10800PE,137.0,15228.0,Monitoring
2025-03-05,12:05:00,HOLD,MIDCPNIFTY25MAR10800PE,131.5,15888.0,Monitoring
2025-03-05,12:10:00,HOLD,MIDCPNIFTY25MAR10800PE,132.0,15828.0,Monitoring
2025-03-05,12:15:00,HOLD,MIDCPNIFTY25MAR10800PE,134.0,15588.0,Monitoring
2025-03-05,12:20:00,HOLD,MIDCPNIFTY25MAR10800PE,136.0,15348.0,Monitoring
2025-03-05,12:25:00,HOLD,MIDCPNIFTY25MAR10800PE,133.4,15660.0,Monitoring
2025-03-05,12:30:00,HOLD,MIDCPNIFTY25MAR10800PE,132.8,15732.0,Monitoring
2025-03-05,12:35:00,HOLD,MIDCPNIFTY25MAR10800PE,132.9,15720.0,Monitoring
2025-03-05,12:40:00,HOLD,MIDCPNIFTY25MAR10800PE,139.8,14892.0,Monitoring
2025-03-05,12:45:00,HOLD,MIDCPNIFTY25MAR10800PE,140.85,14766.0,Monitoring
2025-03-05,12:50:00,HOLD,MIDCPNIFTY25MAR10800PE,139.25,14958.0,Monitoring
2025-03-05,12:55:00,HOLD,MIDCPNIFTY25MAR10800PE,139.8,14892.0,Monitoring
2025-03-05,13:00:00,HOLD,MIDCPNIFTY25MAR10800PE,141.25,14718.0,Monitoring
2025-03-05,13:05:00,HOLD,MIDCPNIFTY25MAR10800PE,141.45,14694.0,Monitoring
2025-03-05,13:10:00,HOLD,MIDCPNIFTY25MAR10800PE,143.5,14448.0,Monitoring
2025-03-05,13:15:00,HOLD,MIDCPNIFTY25MAR10800PE,138.45,15054.0,Monitoring
2025-03-05,13:20:00,HOLD,MIDCPNIFTY25MAR10800PE,136.65,15270.0,Monitoring
2025-03-05,13:25:00,HOLD,MIDCPNIFTY25MAR10800PE,136.6,15276.0,Monitoring
2025-03-05,13:30:00,HOLD,MIDCPNIFTY25MAR10800PE,141.65,14670.0,Monitoring
2025-03-05,13:35:00,HOLD,MIDCPNIFTY25MAR10800PE,139.0,14988.0,Monitoring
2025-03-05,13:40:00,HOLD,MIDCPNIFTY25MAR10800PE,140.0,14868.0,Monitoring
2025-03-05,13:45:00,HOLD,MIDCPNIFTY25MAR10800PE,139.2,14964.0,Monitoring
2025-03-05,13:50:00,HOLD,MIDCPNIFTY25MAR10800PE,138.7,15024.0,Monitoring
2025-03-05,13:55:00,HOLD,MIDCPNIFTY25MAR10800PE,136.5,15288.0,Monitoring
2025-03-05,14:00:00,HOLD,MIDCPNIFTY25MAR10800PE,140.35,14826.0,Monitoring
2025-03-05,14:05:00,HOLD,MIDCPNIFTY25MAR10800PE,135.25,15438.0,Monitoring
2025-03-05,14:10:00,HOLD,MIDCPNIFTY25MAR10800PE,133.8,15612.0,Monitoring
2025-03-05,14:15:00,HOLD,MIDCPNIFTY25MAR10800PE,136.8,15252.0,Monitoring
2025-03-05,14:20:00,HOLD,MIDCPNIFTY25MAR10800PE,137.25,15198.0,Monitoring
2025-03-05,14:25:00,HOLD,MIDCPNIFTY25MAR10800PE,134.4,15540.0,Monitoring
2025-03-05,14:30:00,HOLD,MIDCPNIFTY25MAR10800PE,133.4,15660.0,Monitoring
2025-03-05,14:35:00,HOLD,MIDCPNIFTY25MAR10800PE,129.8,16092.0,Monitoring
2025-03-05,14:40:00,HOLD,MIDCPNIFTY25MAR10800PE,130.9,15960.0,Monitoring
2025-03-05,14:45:00,HOLD,MIDCPNIFTY25MAR10800PE,129.9,16080.0,Monitoring
2025-03-05,14:50:00,HOLD,MIDCPNIFTY25MAR10800PE,129.55,16122.0,Monitoring
2025-03-05,14:55:00,HOLD,MIDCPNIFTY25MAR10800PE,130.05,16062.0,Monitoring
2025-03-05,15:00:00,HOLD,MIDCPNIFTY25MAR10800PE,129.3,16152.0,Monitoring
2025-03-05,15:05:00,HOLD,MIDCPNIFTY25MAR10800PE,126.25,16518.0,Monitoring
2025-03-05,15:10:00,HOLD,MIDCPNIFTY25MAR10800PE,127.95,16314.0,Monitoring
2025-03-05,15:15:00,HOLD,MIDCPNIFTY25MAR10800PE,128.0,16308.0,Monitoring
2025-03-05,15:20:00,HOLD,MIDCPNIFTY25MAR10800PE,129.2,16164.0,Monitoring
2025-03-05,15:25:00,HOLD,MIDCPNIFTY25MAR10800PE,127.7,16344.0,Monitoring
2025-03-06,09:15:00,HOLD,MIDCPNIFTY25MAR10800PE,109.9,18480.0,Monitoring
2025-03-06,09:20:00,HOLD,MIDCPNIFTY25MAR10800PE,112.75,18138.0,Monitoring
2025-03-06,09:25:00,HOLD,MIDCPNIFTY25MAR10800PE,113.0,18108.0,Monitoring
2025-03-06,09:30:00,HOLD,MIDCPNIFTY25MAR10800PE,122.9,16920.0,Monitoring
2025-03-06,09:35:00,HOLD,MIDCPNIFTY25MAR10800PE,114.05,17982.0,Monitoring
2025-03-06,09:40:00,HOLD,MIDCPNIFTY25MAR10800PE,113.9,18000.0,Monitoring
2025-03-06,09:45:00,HOLD,MIDCPNIFTY25MAR10800PE,123.85,16806.0,Monitoring
2025-03-06,09:50:00,HOLD,MIDCPNIFTY25MAR10800PE,116.65,17670.0,Monitoring
2025-03-06,09:55:00,HOLD,MIDCPNIFTY25MAR10800PE,113.3,18072.0,Monitoring
2025-03-06,10:00:00,HOLD,MIDCPNIFTY25MAR10800PE,115.8,17772.0,Monitoring
2025-03-06,10:05:00,HOLD,MIDCPNIFTY25MAR10800PE,114.35,17946.0,Monitoring
2025-03-06,10:10:00,HOLD,MIDCPNIFTY25MAR10800PE,113.6,18036.0,Monitoring
2025-03-06,10:15:00,HOLD,MIDCPNIFTY25MAR10800PE,111.65,18270.0,Monitoring
2025-03-06,10:20:00,HOLD,MIDCPNIFTY25MAR10800PE,118.15,17490.0,Monitoring
2025-03-06,10:25:00,HOLD,MIDCPNIFTY25MAR10800PE,107.7,18744.0,Monitoring
2025-03-06,10:30:00,HOLD,MIDCPNIFTY25MAR10800PE,113.5,18048.0,Monitoring
2025-03-06,10:35:00,HOLD,MIDCPNIFTY25MAR10800PE,109.6,18516.0,Monitoring
2025-03-06,10:40:00,HOLD,MIDCPNIFTY25MAR10800PE,109.0,18588.0,Monitoring
2025-03-06,10:45:00,HOLD,MIDCPNIFTY25MAR10800PE,112.35,18186.0,Monitoring
2025-03-06,10:50:00,HOLD,MIDCPNIFTY25MAR10800PE,114.0,17988.0,Monitoring
2025-03-06,10:55:00,HOLD,MIDCPNIFTY25MAR10800PE,114.6,17916.0,Monitoring
2025-03-06,11:00:00,HOLD,MIDCPNIFTY25MAR10800PE,113.4,18060.0,Monitoring
2025-03-06,11:05:00,HOLD,MIDCPNIFTY25MAR10800PE,112.15,18210.0,Monitoring
2025-03-06,11:10:00,HOLD,MIDCPNIFTY25MAR10800PE,104.9,19080.0,Monitoring
2025-03-06,11:15:00,HOLD,MIDCPNIFTY25MAR10800PE,109.0,18588.0,Monitoring
2025-03-06,11:20:00,HOLD,MIDCPNIFTY25MAR10800PE,120.0,17268.0,Monitoring
2025-03-06,11:25:00,HOLD,MIDCPNIFTY25MAR10800PE,121.1,17136.0,Monitoring
2025-03-06,11:30:00,HOLD,MIDCPNIFTY25MAR10800PE,122.6,16956.0,Monitoring
2025-03-06,11:35:00,HOLD,MIDCPNIFTY25MAR10800PE,120.9,17160.0,Monitoring
2025-03-06,11:40:00,HOLD,MIDCPNIFTY25MAR10800PE,120.6,17196.0,Monitoring
2025-03-06,11:45:00,HOLD,MIDCPNIFTY25MAR10800PE,122.45,16974.0,Monitoring
2025-03-06,11:50:00,HOLD,MIDCPNIFTY25MAR10800PE,121.2,17124.0,Monitoring
2025-03-06,11:55:00,HOLD,MIDCPNIFTY25MAR10800PE,123.25,16878.0,Monitoring
2025-03-06,12:00:00,HOLD,MIDCPNIFTY25MAR10800PE,120.9,17160.0,Monitoring
2025-03-06,12:05:00,HOLD,MIDCPNIFTY25MAR10800PE,123.8,16812.0,Monitoring
2025-03-06,12:10:00,HOLD,MIDCPNIFTY25MAR10800PE,119.65,17310.0,Monitoring
2025-03-06,12:15:00,HOLD,MIDCPNIFTY25MAR10800PE,120.0,17268.0,Monitoring
2025-03-06,12:20:00,HOLD,MIDCPNIFTY25MAR10800PE,120.2,17244.0,Monitoring
2025-03-06,12:25:00,HOLD,MIDCPNIFTY25MAR10800PE,114.8,17892.0,Monitoring
2025-03-06,12:30:00,HOLD,MIDCPNIFTY25MAR10800PE,114.0,17988.0,Monitoring
2025-03-06,12:35:00,HOLD,MIDCPNIFTY25MAR10800PE,110.85,18366.0,Monitoring
2025-03-06,12:40:00,HOLD,MIDCPNIFTY25MAR10800PE,110.95,18354.0,Monitoring
2025-03-06,12:45:00,HOLD,MIDCPNIFTY25MAR10800PE,113.1,18096.0,Monitoring
2025-03-06,12:50:00,HOLD,MIDCPNIFTY25MAR10800PE,110.0,18468.0,Monitoring
2025-03-06,12:55:00,HOLD,MIDCPNIFTY25MAR10800PE,111.4,18300.0,Monitoring
2025-03-06,13:00:00,HOLD,MIDCPNIFTY25MAR10800PE,108.0,18708.0,Monitoring
2025-03-06,13:05:00,HOLD,MIDCPNIFTY25MAR10800PE,107.7,18744.0,Monitoring
2025-03-06,13:10:00,HOLD,MIDCPNIFTY25MAR10800PE,113.0,18108.0,Monitoring
2025-03-06,13:15:00,HOLD,MIDCPNIFTY25MAR10800PE,113.7,18024.0,Monitoring
2025-03-06,13:20:00,HOLD,MIDCPNIFTY25MAR10800PE,114.85,17886.0,Monitoring
2025-03-06,13:25:00,HOLD,MIDCPNIFTY25MAR10800PE,115.9,17760.0,Monitoring
2025-03-06,13:30:00,HOLD,MIDCPNIFTY25MAR10800PE,109.75,18498.0,Monitoring
2025-03-06,13:35:00,HOLD,MIDCPNIFTY25MAR10800PE,108.4,18660.0,Monitoring
2025-03-06,13:40:00,HOLD,MIDCPNIFTY25MAR10800PE,109.05,18582.0,Monitoring
2025-03-06,13:45:00,HOLD,MIDCPNIFTY25MAR10800PE,108.0,18708.0,Monitoring
2025-03-06,13:50:00,HOLD,MIDCPNIFTY25MAR10800PE,108.0,18708.0,Monitoring
2025-03-06,13:55:00,HOLD,MIDCPNIFTY25MAR10800PE,110.95,18354.0,Monitoring
2025-03-06,14:00:00,HOLD,MIDCPNIFTY25MAR10800PE,110.9,18360.0,Monitoring
2025-03-06,14:05:00,HOLD,MIDCPNIFTY25MAR10800PE,113.7,18024.0,Monitoring
2025-03-06,14:10:00,HOLD,MIDCPNIFTY25MAR10800PE,114.4,17940.0,Monitoring
2025-03-06,14:15:00,HOLD,MIDCPNIFTY25MAR10800PE,116.0,17748.0,Monitoring
2025-03-06,14:20:00,HOLD,MIDCPNIFTY25MAR10800PE,119.05,17382.0,Monitoring
2025-03-06,14:25:00,HOLD,MIDCPNIFTY25MAR10800PE,120.0,17268.0,Monitoring
2025-03-06,14:30:00,HOLD,MIDCPNIFTY25MAR10800PE,118.0,17508.0,Monitoring
2025-03-06,14:35:00,HOLD,MIDCPNIFTY25MAR10800PE,119.0,17388.0,Monitoring
2025-03-06,14:40:00,HOLD,MIDCPNIFTY25MAR10800PE,116.3,17712.0,Monitoring
2025-03-06,14:45:00,HOLD,MIDCPNIFTY25MAR10800PE,118.75,17418.0,Monitoring
2025-03-06,14:50:00,HOLD,MIDCPNIFTY25MAR10800PE,121.5,17088.0,Monitoring
2025-03-06,14:55:00,HOLD,MIDCPNIFTY25MAR10800PE,123.7,16824.0,Monitoring
2025-03-06,15:00:00,HOLD,MIDCPNIFTY25MAR10800PE,126.05,16542.0,Monitoring
2025-03-06,15:05:00,HOLD,MIDCPNIFTY25MAR10800PE,127.9,16320.0,Monitoring
2025-03-06,15:10:00,HOLD,MIDCPNIFTY25MAR10800PE,128.0,16308.0,Monitoring
2025-03-06,15:15:00,HOLD,MIDCPNIFTY25MAR10800PE,130.1,16056.0,Monitoring
2025-03-06,15:20:00,HOLD,MIDCPNIFTY25MAR10800PE,129.65,16110.0,Monitoring
2025-03-06,15:20:00,BUY_EXIT,MIDCPNIFTY25MAR10800PE,129.65,16110.0,EMA_REVERSAL_SL
