Date,Time,Event,Ticker,Price,PnL_INR,Info
2024-07-29,15:25:00,SELL_ENTRY,MIDCPNIFTY24AUG12800CE,330.0,0.0,Signal CE | Short
2024-07-30,09:15:00,HOLD,MIDCPNIFTY24AUG12800CE,330.0,0.0,Monitoring
2024-07-30,09:20:00,HOLD,MIDCPNIFTY24AUG12800CE,330.0,0.0,Monitoring
2024-07-30,09:25:00,HOLD,MIDCPNIFTY24AUG12800CE,330.0,0.0,Monitoring
2024-07-30,09:30:00,HOLD,MIDCPNIFTY24AUG12800CE,330.0,0.0,Monitoring
2024-07-30,09:35:00,HOLD,MIDCPNIFTY24AUG12800CE,330.0,0.0,Monitoring
2024-07-30,09:40:00,HOLD,MIDCPNIFTY24AUG12800CE,330.0,0.0,Monitoring
2024-07-30,09:45:00,HOLD,MIDCPNIFTY24AUG12800CE,330.0,0.0,Monitoring
2024-07-30,09:50:00,HOLD,MIDCPNIFTY24AUG12800CE,330.0,0.0,Monitoring
2024-07-30,09:55:00,HOLD,MIDCPNIFTY24AUG12800CE,330.0,0.0,Monitoring
2024-07-30,10:00:00,HOLD,MIDCPNIFTY24AUG12800CE,330.0,0.0,Monitoring
2024-07-30,10:05:00,HOLD,MIDCPNIFTY24AUG12800CE,330.0,0.0,Monitoring
2024-07-30,10:10:00,HOLD,MIDCPNIFTY24AUG12800CE,330.0,0.0,Monitoring
2024-07-30,10:15:00,HOLD,MIDCPNIFTY24AUG12800CE,330.0,0.0,Monitoring
2024-07-30,10:20:00,HOLD,MIDCPNIFTY24AUG12800CE,330.0,0.0,Monitoring
2024-07-30,10:25:00,HOLD,MIDCPNIFTY24AUG12800CE,350.0,-2400.0,Monitoring
2024-07-30,10:25:00,BUY_EXIT,MIDCPNIFTY24AUG12800CE,350.0,-2400.0,EMA_REVERSAL_SL
