Date,Time,Event,Ticker,Price,PnL_INR,Info
2025-08-01,14:00:00,SELL_ENTRY,MIDCPNIFTY25AUG12900CE,188.25,0.0,Signal CE | Short
2025-08-01,14:05:00,HOLD,MIDCPNIFTY25AUG12900CE,188.85,-72.0,Monitoring
2025-08-01,14:10:00,HOLD,MIDCPNIFTY25AUG12900CE,195.0,-810.0,Monitoring
2025-08-01,14:15:00,HOLD,MIDCPNIFTY25AUG12900CE,191.85,-432.0,Monitoring
2025-08-01,14:20:00,HOLD,MIDCPNIFTY25AUG12900CE,185.25,360.0,Monitoring
2025-08-01,14:25:00,HOLD,MIDCPNIFTY25AUG12900CE,184.5,450.0,Monitoring
2025-08-01,14:30:00,HOLD,MIDCPNIFTY25AUG12900CE,187.2,126.0,Monitoring
2025-08-01,14:35:00,HOLD,MIDCPNIFTY25AUG12900CE,184.65,432.0,Monitoring
2025-08-01,14:40:00,HOLD,MIDCPNIFTY25AUG12900CE,179.65,1032.0,Monitoring
2025-08-01,14:45:00,HOLD,MIDCPNIFTY25AUG12900CE,184.0,510.0,Monitoring
2025-08-01,14:50:00,HOLD,MIDCPNIFTY25AUG12900CE,178.0,1230.0,Monitoring
2025-08-01,14:55:00,HOLD,MIDCPNIFTY25AUG12900CE,175.4,1542.0,Monitoring
2025-08-01,15:00:00,HOLD,MIDCPNIFTY25AUG12900CE,172.15,1932.0,Monitoring
2025-08-01,15:05:00,HOLD,MIDCPNIFTY25AUG12900CE,164.0,2910.0,Monitoring
2025-08-01,15:10:00,HOLD,MIDCPNIFTY25AUG12900CE,161.35,3228.0,Monitoring
2025-08-01,15:15:00,HOLD,MIDCPNIFTY25AUG12900CE,163.7,2946.0,Monitoring
2025-08-01,15:20:00,HOLD,MIDCPNIFTY25AUG12900CE,164.0,2910.0,Monitoring
2025-08-01,15:25:00,HOLD,MIDCPNIFTY25AUG12900CE,166.4,2622.0,Monitoring
2025-08-04,09:15:00,HOLD,MIDCPNIFTY25AUG12900CE,180.0,990.0,Monitoring
2025-08-04,09:20:00,HOLD,MIDCPNIFTY25AUG12900CE,177.45,1296.0,Monitoring
2025-08-04,09:25:00,HOLD,MIDCPNIFTY25AUG12900CE,185.0,390.0,Monitoring
2025-08-04,09:30:00,HOLD,MIDCPNIFTY25AUG12900CE,184.0,510.0,Monitoring
2025-08-04,09:35:00,HOLD,MIDCPNIFTY25AUG12900CE,183.25,600.0,Monitoring
2025-08-04,09:40:00,HOLD,MIDCPNIFTY25AUG12900CE,160.45,3336.0,Monitoring
2025-08-04,09:45:00,HOLD,MIDCPNIFTY25AUG12900CE,162.9,3042.0,Monitoring
2025-08-04,09:50:00,HOLD,MIDCPNIFTY25AUG12900CE,171.3,2034.0,Monitoring
2025-08-04,09:55:00,HOLD,MIDCPNIFTY25AUG12900CE,168.0,2430.0,Monitoring
2025-08-04,10:00:00,HOLD,MIDCPNIFTY25AUG12900CE,179.9,1002.0,Monitoring
2025-08-04,10:05:00,HOLD,MIDCPNIFTY25AUG12900CE,179.95,996.0,Monitoring
2025-08-04,10:10:00,HOLD,MIDCPNIFTY25AUG12900CE,182.0,750.0,Monitoring
2025-08-04,10:15:00,HOLD,MIDCPNIFTY25AUG12900CE,182.0,750.0,Monitoring
2025-08-04,10:20:00,HOLD,MIDCPNIFTY25AUG12900CE,188.6,-42.0,Monitoring
2025-08-04,10:25:00,HOLD,MIDCPNIFTY25AUG12900CE,185.2,366.0,Monitoring
2025-08-04,10:30:00,HOLD,MIDCPNIFTY25AUG12900CE,186.95,156.0,Monitoring
2025-08-04,10:35:00,HOLD,MIDCPNIFTY25AUG12900CE,187.3,114.0,Monitoring
2025-08-04,10:40:00,HOLD,MIDCPNIFTY25AUG12900CE,182.0,750.0,Monitoring
2025-08-04,10:45:00,HOLD,MIDCPNIFTY25AUG12900CE,169.45,2256.0,Monitoring
2025-08-04,10:50:00,HOLD,MIDCPNIFTY25AUG12900CE,176.75,1380.0,Monitoring
2025-08-04,10:55:00,HOLD,MIDCPNIFTY25AUG12900CE,179.3,1074.0,Monitoring
2025-08-04,11:00:00,HOLD,MIDCPNIFTY25AUG12900CE,178.8,1134.0,Monitoring
2025-08-04,11:05:00,HOLD,MIDCPNIFTY25AUG12900CE,177.2,1326.0,Monitoring
2025-08-04,11:10:00,HOLD,MIDCPNIFTY25AUG12900CE,177.7,1266.0,Monitoring
2025-08-04,11:15:00,HOLD,MIDCPNIFTY25AUG12900CE,184.0,510.0,Monitoring
2025-08-04,11:20:00,HOLD,MIDCPNIFTY25AUG12900CE,186.6,198.0,Monitoring
2025-08-04,11:25:00,HOLD,MIDCPNIFTY25AUG12900CE,180.55,924.0,Monitoring
2025-08-04,11:30:00,HOLD,MIDCPNIFTY25AUG12900CE,182.4,702.0,Monitoring
2025-08-04,11:35:00,HOLD,MIDCPNIFTY25AUG12900CE,183.55,564.0,Monitoring
2025-08-04,11:40:00,HOLD,MIDCPNIFTY25AUG12900CE,185.0,390.0,Monitoring
2025-08-04,11:45:00,HOLD,MIDCPNIFTY25AUG12900CE,183.0,630.0,Monitoring
2025-08-04,11:50:00,HOLD,MIDCPNIFTY25AUG12900CE,187.6,78.0,Monitoring
2025-08-04,11:55:00,HOLD,MIDCPNIFTY25AUG12900CE,193.9,-678.0,Monitoring
2025-08-04,12:00:00,HOLD,MIDCPNIFTY25AUG12900CE,198.0,-1170.0,Monitoring
2025-08-04,12:05:00,HOLD,MIDCPNIFTY25AUG12900CE,205.3,-2046.0,Monitoring
2025-08-04,12:10:00,HOLD,MIDCPNIFTY25AUG12900CE,203.8,-1866.0,Monitoring
2025-08-04,12:15:00,HOLD,MIDCPNIFTY25AUG12900CE,210.0,-2610.0,Monitoring
2025-08-04,12:20:00,HOLD,MIDCPNIFTY25AUG12900CE,202.2,-1674.0,Monitoring
2025-08-04,12:25:00,HOLD,MIDCPNIFTY25AUG12900CE,210.0,-2610.0,Monitoring
2025-08-04,12:30:00,HOLD,MIDCPNIFTY25AUG12900CE,208.3,-2406.0,Monitoring
2025-08-04,12:30:00,BUY_EXIT,MIDCPNIFTY25AUG12900CE,208.3,-2406.0,EMA_REVERSAL_SL
