Date,Time,Event,Ticker,Price,PnL_INR,Info
2024-08-30,14:00:00,SELL_ENTRY,MIDCPNIFTY24SEP13100PE,230.0,0.0,Signal PE | Short
2024-08-30,14:05:00,HOLD,MIDCPNIFTY24SEP13100PE,230.0,0.0,Monitoring
2024-08-30,14:10:00,HOLD,MIDCPNIFTY24SEP13100PE,230.0,0.0,Monitoring
2024-08-30,14:15:00,HOLD,MIDCPNIFTY24SEP13100PE,230.0,0.0,Monitoring
2024-08-30,14:20:00,HOLD,MIDCPNIFTY24SEP13100PE,230.0,0.0,Monitoring
2024-08-30,14:25:00,HOLD,MIDCPNIFTY24SEP13100PE,230.0,0.0,Monitoring
2024-08-30,14:30:00,HOLD,MIDCPNIFTY24SEP13100PE,230.0,0.0,Monitoring
2024-08-30,14:35:00,HOLD,MIDCPNIFTY24SEP13100PE,230.0,0.0,Monitoring
2024-08-30,14:40:00,HOLD,MIDCPNIFTY24SEP13100PE,230.0,0.0,Monitoring
2024-08-30,14:45:00,HOLD,MIDCPNIFTY24SEP13100PE,230.0,0.0,Monitoring
2024-08-30,14:50:00,HOLD,MIDCPNIFTY24SEP13100PE,230.0,0.0,Monitoring
2024-08-30,14:55:00,HOLD,MIDCPNIFTY24SEP13100PE,230.0,0.0,Monitoring
2024-08-30,15:00:00,HOLD,MIDCPNIFTY24SEP13100PE,230.0,0.0,Monitoring
2024-08-30,15:05:00,HOLD,MIDCPNIFTY24SEP13100PE,230.05,-6.0,Monitoring
2024-08-30,15:10:00,HOLD,MIDCPNIFTY24SEP13100PE,230.05,-6.0,Monitoring
2024-08-30,15:15:00,HOLD,MIDCPNIFTY24SEP13100PE,230.05,-6.0,Monitoring
2024-08-30,15:20:00,HOLD,MIDCPNIFTY24SEP13100PE,230.05,-6.0,Monitoring
2024-08-30,15:25:00,HOLD,MIDCPNIFTY24SEP13100PE,230.0,0.0,Monitoring
2024-09-02,09:15:00,HOLD,MIDCPNIFTY24SEP13100PE,230.0,0.0,Monitoring
2024-09-02,09:20:00,HOLD,MIDCPNIFTY24SEP13100PE,230.0,0.0,Monitoring
2024-09-02,09:25:00,HOLD,MIDCPNIFTY24SEP13100PE,230.0,0.0,Monitoring
2024-09-02,09:30:00,HOLD,MIDCPNIFTY24SEP13100PE,230.0,0.0,Monitoring
2024-09-02,09:35:00,HOLD,MIDCPNIFTY24SEP13100PE,230.0,0.0,Monitoring
2024-09-02,09:40:00,HOLD,MIDCPNIFTY24SEP13100PE,230.0,0.0,Monitoring
2024-09-02,09:45:00,HOLD,MIDCPNIFTY24SEP13100PE,230.0,0.0,Monitoring
2024-09-02,09:50:00,HOLD,MIDCPNIFTY24SEP13100PE,230.0,0.0,Monitoring
2024-09-02,09:55:00,HOLD,MIDCPNIFTY24SEP13100PE,230.0,0.0,Monitoring
2024-09-02,10:00:00,HOLD,MIDCPNIFTY24SEP13100PE,230.0,0.0,Monitoring
2024-09-02,10:05:00,HOLD,MIDCPNIFTY24SEP13100PE,230.0,0.0,Monitoring
2024-09-02,10:10:00,HOLD,MIDCPNIFTY24SEP13100PE,230.0,0.0,Monitoring
2024-09-02,10:15:00,HOLD,MIDCPNIFTY24SEP13100PE,230.0,0.0,Monitoring
2024-09-02,10:20:00,HOLD,MIDCPNIFTY24SEP13100PE,230.0,0.0,Monitoring
2024-09-02,10:25:00,HOLD,MIDCPNIFTY24SEP13100PE,230.0,0.0,Monitoring
2024-09-02,10:30:00,HOLD,MIDCPNIFTY24SEP13100PE,230.0,0.0,Monitoring
2024-09-02,10:35:00,HOLD,MIDCPNIFTY24SEP13100PE,230.0,0.0,Monitoring
2024-09-02,10:40:00,HOLD,MIDCPNIFTY24SEP13100PE,230.0,0.0,Monitoring
2024-09-02,10:45:00,HOLD,MIDCPNIFTY24SEP13100PE,230.0,0.0,Monitoring
2024-09-02,10:50:00,HOLD,MIDCPNIFTY24SEP13100PE,230.0,0.0,Monitoring
2024-09-02,10:55:00,HOLD,MIDCPNIFTY24SEP13100PE,230.0,0.0,Monitoring
2024-09-02,11:00:00,HOLD,MIDCPNIFTY24SEP13100PE,230.0,0.0,Monitoring
2024-09-02,11:05:00,HOLD,MIDCPNIFTY24SEP13100PE,230.0,0.0,Monitoring
2024-09-02,11:10:00,HOLD,MIDCPNIFTY24SEP13100PE,230.0,0.0,Monitoring
2024-09-02,11:15:00,HOLD,MIDCPNIFTY24SEP13100PE,230.0,0.0,Monitoring
2024-09-02,11:20:00,HOLD,MIDCPNIFTY24SEP13100PE,230.0,0.0,Monitoring
2024-09-02,11:25:00,HOLD,MIDCPNIFTY24SEP13100PE,230.0,0.0,Monitoring
2024-09-02,11:30:00,HOLD,MIDCPNIFTY24SEP13100PE,230.0,0.0,Monitoring
2024-09-02,11:35:00,HOLD,MIDCPNIFTY24SEP13100PE,230.0,0.0,Monitoring
2024-09-02,11:40:00,HOLD,MIDCPNIFTY24SEP13100PE,230.0,0.0,Monitoring
2024-09-02,11:45:00,HOLD,MIDCPNIFTY24SEP13100PE,230.0,0.0,Monitoring
2024-09-02,11:50:00,HOLD,MIDCPNIFTY24SEP13100PE,230.0,0.0,Monitoring
2024-09-02,11:55:00,HOLD,MIDCPNIFTY24SEP13100PE,230.0,0.0,Monitoring
2024-09-02,12:00:00,HOLD,MIDCPNIFTY24SEP13100PE,230.0,0.0,Monitoring
2024-09-02,12:05:00,HOLD,MIDCPNIFTY24SEP13100PE,230.0,0.0,Monitoring
2024-09-02,12:10:00,HOLD,MIDCPNIFTY24SEP13100PE,230.0,0.0,Monitoring
2024-09-02,12:15:00,HOLD,MIDCPNIFTY24SEP13100PE,230.0,0.0,Monitoring
2024-09-02,12:20:00,HOLD,MIDCPNIFTY24SEP13100PE,230.0,0.0,Monitoring
2024-09-02,12:25:00,HOLD,MIDCPNIFTY24SEP13100PE,230.0,0.0,Monitoring
2024-09-02,12:30:00,HOLD,MIDCPNIFTY24SEP13100PE,230.0,0.0,Monitoring
2024-09-02,12:35:00,HOLD,MIDCPNIFTY24SEP13100PE,230.0,0.0,Monitoring
2024-09-02,12:40:00,HOLD,MIDCPNIFTY24SEP13100PE,230.0,0.0,Monitoring
2024-09-02,12:45:00,HOLD,MIDCPNIFTY24SEP13100PE,230.0,0.0,Monitoring
2024-09-02,12:50:00,HOLD,MIDCPNIFTY24SEP13100PE,230.0,0.0,Monitoring
2024-09-02,12:55:00,HOLD,MIDCPNIFTY24SEP13100PE,230.0,0.0,Monitoring
2024-09-02,13:00:00,HOLD,MIDCPNIFTY24SEP13100PE,230.0,0.0,Monitoring
2024-09-02,13:05:00,HOLD,MIDCPNIFTY24SEP13100PE,230.0,0.0,Monitoring
2024-09-02,13:10:00,HOLD,MIDCPNIFTY24SEP13100PE,230.0,0.0,Monitoring
2024-09-02,13:15:00,HOLD,MIDCPNIFTY24SEP13100PE,230.0,0.0,Monitoring
2024-09-02,13:20:00,HOLD,MIDCPNIFTY24SEP13100PE,230.0,0.0,Monitoring
2024-09-02,13:35:00,HOLD,MIDCPNIFTY24SEP13100PE,230.0,0.0,Monitoring
2024-09-02,13:40:00,HOLD,MIDCPNIFTY24SEP13100PE,230.0,0.0,Monitoring
2024-09-02,13:45:00,HOLD,MIDCPNIFTY24SEP13100PE,230.0,0.0,Monitoring
2024-09-02,13:50:00,HOLD,MIDCPNIFTY24SEP13100PE,230.0,0.0,Monitoring
2024-09-02,13:55:00,HOLD,MIDCPNIFTY24SEP13100PE,230.0,0.0,Monitoring
2024-09-02,14:00:00,HOLD,MIDCPNIFTY24SEP13100PE,230.0,0.0,Monitoring
2024-09-02,14:05:00,HOLD,MIDCPNIFTY24SEP13100PE,230.0,0.0,Monitoring
2024-09-02,14:10:00,HOLD,MIDCPNIFTY24SEP13100PE,230.0,0.0,Monitoring
2024-09-02,14:15:00,HOLD,MIDCPNIFTY24SEP13100PE,230.0,0.0,Monitoring
2024-09-02,14:20:00,HOLD,MIDCPNIFTY24SEP13100PE,230.0,0.0,Monitoring
2024-09-02,14:40:00,HOLD,MIDCPNIFTY24SEP13100PE,230.0,0.0,Monitoring
2024-09-02,14:45:00,HOLD,MIDCPNIFTY24SEP13100PE,230.0,0.0,Monitoring
2024-09-02,14:50:00,HOLD,MIDCPNIFTY24SEP13100PE,230.0,0.0,Monitoring
2024-09-02,14:55:00,HOLD,MIDCPNIFTY24SEP13100PE,230.0,0.0,Monitoring
2024-09-02,15:00:00,HOLD,MIDCPNIFTY24SEP13100PE,232.0,-240.0,Monitoring
2024-09-02,15:05:00,HOLD,MIDCPNIFTY24SEP13100PE,232.0,-240.0,Monitoring
2024-09-02,15:10:00,HOLD,MIDCPNIFTY24SEP13100PE,242.75,-1530.0,Monitoring
2024-09-02,15:15:00,HOLD,MIDCPNIFTY24SEP13100PE,233.05,-366.0,Monitoring
2024-09-02,15:20:00,HOLD,MIDCPNIFTY24SEP13100PE,233.7,-444.0,Monitoring
2024-09-02,15:25:00,HOLD,MIDCPNIFTY24SEP13100PE,233.7,-444.0,Monitoring
2024-09-03,09:15:00,HOLD,MIDCPNIFTY24SEP13100PE,233.7,-444.0,Monitoring
2024-09-03,09:20:00,HOLD,MIDCPNIFTY24SEP13100PE,233.7,-444.0,Monitoring
2024-09-03,09:25:00,HOLD,MIDCPNIFTY24SEP13100PE,248.9,-2268.0,Monitoring
2024-09-03,09:30:00,HOLD,MIDCPNIFTY24SEP13100PE,248.9,-2268.0,Monitoring
2024-09-03,09:35:00,HOLD,MIDCPNIFTY24SEP13100PE,248.9,-2268.0,Monitoring
2024-09-03,09:35:00,BUY_EXIT,MIDCPNIFTY24SEP13100PE,248.9,-2268.0,EMA_REVERSAL_SL
