Date,Time,Event,Ticker,Price,PnL_INR,Info
2023-10-18,14:00:00,SELL_ENTRY,MIDCPNIFTY23OCT9200CE,58.0,0.0,Signal CE | Short
2023-10-18,14:05:00,HOLD,MIDCPNIFTY23OCT9200CE,58.0,0.0,Monitoring
2023-10-18,14:10:00,HOLD,MIDCPNIFTY23OCT9200CE,57.0,120.0,Monitoring
2023-10-18,14:15:00,HOLD,MIDCPNIFTY23OCT9200CE,54.65,402.0,Monitoring
2023-10-18,14:20:00,HOLD,MIDCPNIFTY23OCT9200CE,55.05,354.0,Monitoring
2023-10-18,14:25:00,HOLD,MIDCPNIFTY23OCT9200CE,55.0,360.0,Monitoring
2023-10-18,14:30:00,HOLD,MIDCPNIFTY23OCT9200CE,54.0,480.0,Monitoring
2023-10-18,14:35:00,HOLD,MIDCPNIFTY23OCT9200CE,52.25,690.0,Monitoring
2023-10-18,14:40:00,HOLD,MIDCPNIFTY23OCT9200CE,49.8,984.0,Monitoring
2023-10-18,14:45:00,HOLD,MIDCPNIFTY23OCT9200CE,48.5,1140.0,Monitoring
2023-10-18,14:50:00,HOLD,MIDCPNIFTY23OCT9200CE,50.95,846.0,Monitoring
2023-10-18,14:55:00,HOLD,MIDCPNIFTY23OCT9200CE,49.9,972.0,Monitoring
2023-10-18,15:00:00,HOLD,MIDCPNIFTY23OCT9200CE,49.9,972.0,Monitoring
2023-10-18,15:05:00,HOLD,MIDCPNIFTY23OCT9200CE,52.15,702.0,Monitoring
2023-10-18,15:10:00,HOLD,MIDCPNIFTY23OCT9200CE,52.55,654.0,Monitoring
2023-10-18,15:15:00,HOLD,MIDCPNIFTY23OCT9200CE,51.0,840.0,Monitoring
2023-10-18,15:20:00,HOLD,MIDCPNIFTY23OCT9200CE,47.95,1206.0,Monitoring
2023-10-18,15:25:00,HOLD,MIDCPNIFTY23OCT9200CE,49.5,1020.0,Monitoring
2023-10-19,09:15:00,HOLD,MIDCPNIFTY23OCT9200CE,37.0,2520.0,Monitoring
2023-10-19,09:20:00,HOLD,MIDCPNIFTY23OCT9200CE,33.55,2934.0,Monitoring
2023-10-19,09:25:00,HOLD,MIDCPNIFTY23OCT9200CE,37.0,2520.0,Monitoring
2023-10-19,09:30:00,HOLD,MIDCPNIFTY23OCT9200CE,29.75,3390.0,Monitoring
2023-10-19,09:30:00,BUY_EXIT,MIDCPNIFTY23OCT9200CE,29.75,3390.0,TARGET_LTP_30
