Date,Time,Event,Ticker,Price,PnL_INR,Info
2025-07-22,14:00:00,SELL_ENTRY,MIDCPNIFTY25JUL13400CE,70.65,0.0,Signal CE | Short
2025-07-22,14:05:00,HOLD,MIDCPNIFTY25JUL13400CE,71.0,-42.0,Monitoring
2025-07-22,14:10:00,HOLD,MIDCPNIFTY25JUL13400CE,66.75,468.0,Monitoring
2025-07-22,14:15:00,HOLD,MIDCPNIFTY25JUL13400CE,66.7,474.0,Monitoring
2025-07-22,14:20:00,HOLD,MIDCPNIFTY25JUL13400CE,63.35,876.0,Monitoring
2025-07-22,14:25:00,HOLD,MIDCPNIFTY25JUL13400CE,63.6,846.0,Monitoring
2025-07-22,14:30:00,HOLD,MIDCPNIFTY25JUL13400CE,60.8,1182.0,Monitoring
2025-07-22,14:35:00,HOLD,MIDCPNIFTY25JUL13400CE,63.05,912.0,Monitoring
2025-07-22,14:40:00,HOLD,MIDCPNIFTY25JUL13400CE,62.0,1038.0,Monitoring
2025-07-22,14:45:00,HOLD,MIDCPNIFTY25JUL13400CE,64.0,798.0,Monitoring
2025-07-22,14:50:00,HOLD,MIDCPNIFTY25JUL13400CE,61.0,1158.0,Monitoring
2025-07-22,14:55:00,HOLD,MIDCPNIFTY25JUL13400CE,58.4,1470.0,Monitoring
2025-07-22,15:00:00,HOLD,MIDCPNIFTY25JUL13400CE,52.45,2184.0,Monitoring
2025-07-22,15:05:00,HOLD,MIDCPNIFTY25JUL13400CE,54.7,1914.0,Monitoring
2025-07-22,15:10:00,HOLD,MIDCPNIFTY25JUL13400CE,53.25,2088.0,Monitoring
2025-07-22,15:15:00,HOLD,MIDCPNIFTY25JUL13400CE,53.75,2028.0,Monitoring
2025-07-22,15:20:00,HOLD,MIDCPNIFTY25JUL13400CE,56.0,1758.0,Monitoring
2025-07-22,15:25:00,HOLD,MIDCPNIFTY25JUL13400CE,56.2,1734.0,Monitoring
2025-07-23,09:15:00,HOLD,MIDCPNIFTY25JUL13400CE,63.4,870.0,Monitoring
2025-07-23,09:20:00,HOLD,MIDCPNIFTY25JUL13400CE,57.05,1632.0,Monitoring
2025-07-23,09:25:00,HOLD,MIDCPNIFTY25JUL13400CE,53.55,2052.0,Monitoring
2025-07-23,09:30:00,HOLD,MIDCPNIFTY25JUL13400CE,51.8,2262.0,Monitoring
2025-07-23,09:35:00,HOLD,MIDCPNIFTY25JUL13400CE,48.15,2700.0,Monitoring
2025-07-23,09:40:00,HOLD,MIDCPNIFTY25JUL13400CE,46.25,2928.0,Monitoring
2025-07-23,09:45:00,HOLD,MIDCPNIFTY25JUL13400CE,43.4,3270.0,Monitoring
2025-07-23,09:50:00,HOLD,MIDCPNIFTY25JUL13400CE,45.55,3012.0,Monitoring
2025-07-23,09:55:00,HOLD,MIDCPNIFTY25JUL13400CE,49.95,2484.0,Monitoring
2025-07-23,10:00:00,HOLD,MIDCPNIFTY25JUL13400CE,45.2,3054.0,Monitoring
2025-07-23,10:05:00,HOLD,MIDCPNIFTY25JUL13400CE,44.0,3198.0,Monitoring
2025-07-23,10:10:00,HOLD,MIDCPNIFTY25JUL13400CE,46.65,2880.0,Monitoring
2025-07-23,10:15:00,HOLD,MIDCPNIFTY25JUL13400CE,47.7,2754.0,Monitoring
2025-07-23,10:20:00,HOLD,MIDCPNIFTY25JUL13400CE,45.8,2982.0,Monitoring
2025-07-23,10:25:00,HOLD,MIDCPNIFTY25JUL13400CE,47.65,2760.0,Monitoring
2025-07-23,10:30:00,HOLD,MIDCPNIFTY25JUL13400CE,47.9,2730.0,Monitoring
2025-07-23,10:35:00,HOLD,MIDCPNIFTY25JUL13400CE,50.55,2412.0,Monitoring
2025-07-23,10:40:00,HOLD,MIDCPNIFTY25JUL13400CE,51.5,2298.0,Monitoring
2025-07-23,10:45:00,HOLD,MIDCPNIFTY25JUL13400CE,50.95,2364.0,Monitoring
2025-07-23,10:50:00,HOLD,MIDCPNIFTY25JUL13400CE,50.85,2376.0,Monitoring
2025-07-23,10:55:00,HOLD,MIDCPNIFTY25JUL13400CE,50.1,2466.0,Monitoring
2025-07-23,11:00:00,HOLD,MIDCPNIFTY25JUL13400CE,55.15,1860.0,Monitoring
2025-07-23,11:05:00,HOLD,MIDCPNIFTY25JUL13400CE,51.0,2358.0,Monitoring
2025-07-23,11:10:00,HOLD,MIDCPNIFTY25JUL13400CE,50.4,2430.0,Monitoring
2025-07-23,11:15:00,HOLD,MIDCPNIFTY25JUL13400CE,52.8,2142.0,Monitoring
2025-07-23,11:20:00,HOLD,MIDCPNIFTY25JUL13400CE,47.2,2814.0,Monitoring
2025-07-23,11:25:00,HOLD,MIDCPNIFTY25JUL13400CE,48.75,2628.0,Monitoring
2025-07-23,11:30:00,HOLD,MIDCPNIFTY25JUL13400CE,48.4,2670.0,Monitoring
2025-07-23,11:35:00,HOLD,MIDCPNIFTY25JUL13400CE,46.4,2910.0,Monitoring
2025-07-23,11:40:00,HOLD,MIDCPNIFTY25JUL13400CE,47.0,2838.0,Monitoring
2025-07-23,11:45:00,HOLD,MIDCPNIFTY25JUL13400CE,47.2,2814.0,Monitoring
2025-07-23,11:50:00,HOLD,MIDCPNIFTY25JUL13400CE,48.55,2652.0,Monitoring
2025-07-23,11:55:00,HOLD,MIDCPNIFTY25JUL13400CE,49.15,2580.0,Monitoring
2025-07-23,12:00:00,HOLD,MIDCPNIFTY25JUL13400CE,50.3,2442.0,Monitoring
2025-07-23,12:05:00,HOLD,MIDCPNIFTY25JUL13400CE,51.05,2352.0,Monitoring
2025-07-23,12:10:00,HOLD,MIDCPNIFTY25JUL13400CE,49.2,2574.0,Monitoring
2025-07-23,12:15:00,HOLD,MIDCPNIFTY25JUL13400CE,52.1,2226.0,Monitoring
2025-07-23,12:20:00,HOLD,MIDCPNIFTY25JUL13400CE,52.8,2142.0,Monitoring
2025-07-23,12:25:00,HOLD,MIDCPNIFTY25JUL13400CE,55.5,1818.0,Monitoring
2025-07-23,12:30:00,HOLD,MIDCPNIFTY25JUL13400CE,56.6,1686.0,Monitoring
2025-07-23,12:35:00,HOLD,MIDCPNIFTY25JUL13400CE,57.8,1542.0,Monitoring
2025-07-23,12:40:00,HOLD,MIDCPNIFTY25JUL13400CE,56.0,1758.0,Monitoring
2025-07-23,12:45:00,HOLD,MIDCPNIFTY25JUL13400CE,57.8,1542.0,Monitoring
2025-07-23,12:50:00,HOLD,MIDCPNIFTY25JUL13400CE,57.05,1632.0,Monitoring
2025-07-23,12:55:00,HOLD,MIDCPNIFTY25JUL13400CE,55.2,1854.0,Monitoring
2025-07-23,13:00:00,HOLD,MIDCPNIFTY25JUL13400CE,55.8,1782.0,Monitoring
2025-07-23,13:05:00,HOLD,MIDCPNIFTY25JUL13400CE,53.7,2034.0,Monitoring
2025-07-23,13:10:00,HOLD,MIDCPNIFTY25JUL13400CE,50.65,2400.0,Monitoring
2025-07-23,13:15:00,HOLD,MIDCPNIFTY25JUL13400CE,51.3,2322.0,Monitoring
2025-07-23,13:20:00,HOLD,MIDCPNIFTY25JUL13400CE,50.0,2478.0,Monitoring
2025-07-23,13:25:00,HOLD,MIDCPNIFTY25JUL13400CE,51.05,2352.0,Monitoring
2025-07-23,13:30:00,HOLD,MIDCPNIFTY25JUL13400CE,51.5,2298.0,Monitoring
2025-07-23,13:35:00,HOLD,MIDCPNIFTY25JUL13400CE,52.6,2166.0,Monitoring
2025-07-23,13:40:00,HOLD,MIDCPNIFTY25JUL13400CE,52.95,2124.0,Monitoring
2025-07-23,13:45:00,HOLD,MIDCPNIFTY25JUL13400CE,51.55,2292.0,Monitoring
2025-07-23,13:50:00,HOLD,MIDCPNIFTY25JUL13400CE,54.7,1914.0,Monitoring
2025-07-23,13:55:00,HOLD,MIDCPNIFTY25JUL13400CE,54.35,1956.0,Monitoring
2025-07-23,14:00:00,HOLD,MIDCPNIFTY25JUL13400CE,52.5,2178.0,Monitoring
2025-07-23,14:05:00,HOLD,MIDCPNIFTY25JUL13400CE,50.65,2400.0,Monitoring
2025-07-23,14:10:00,HOLD,MIDCPNIFTY25JUL13400CE,54.8,1902.0,Monitoring
2025-07-23,14:15:00,HOLD,MIDCPNIFTY25JUL13400CE,54.45,1944.0,Monitoring
2025-07-23,14:20:00,HOLD,MIDCPNIFTY25JUL13400CE,55.45,1824.0,Monitoring
2025-07-23,14:25:00,HOLD,MIDCPNIFTY25JUL13400CE,53.3,2082.0,Monitoring
2025-07-23,14:30:00,HOLD,MIDCPNIFTY25JUL13400CE,53.65,2040.0,Monitoring
2025-07-23,14:35:00,HOLD,MIDCPNIFTY25JUL13400CE,56.0,1758.0,Monitoring
2025-07-23,14:40:00,HOLD,MIDCPNIFTY25JUL13400CE,62.55,972.0,Monitoring
2025-07-23,14:45:00,HOLD,MIDCPNIFTY25JUL13400CE,65.6,606.0,Monitoring
2025-07-23,14:50:00,HOLD,MIDCPNIFTY25JUL13400CE,67.5,378.0,Monitoring
2025-07-23,14:50:00,BUY_EXIT,MIDCPNIFTY25JUL13400CE,67.5,378.0,EMA_REVERSAL_SL
