Date,Time,Event,Ticker,Price,PnL_INR,Info
2023-07-19,14:00:00,SELL_ENTRY,MIDCPNIFTY23JUL8300PE,40.0,0.0,Signal PE | Short
2023-07-19,14:05:00,HOLD,MIDCPNIFTY23JUL8300PE,40.0,0.0,Monitoring
2023-07-19,14:10:00,HOLD,MIDCPNIFTY23JUL8300PE,42.45,-294.0,Monitoring
2023-07-19,14:15:00,HOLD,MIDCPNIFTY23JUL8300PE,41.5,-180.0,Monitoring
2023-07-19,14:20:00,HOLD,MIDCPNIFTY23JUL8300PE,42.0,-240.0,Monitoring
2023-07-19,14:25:00,HOLD,MIDCPNIFTY23JUL8300PE,42.95,-354.0,Monitoring
2023-07-19,14:30:00,HOLD,MIDCPNIFTY23JUL8300PE,42.95,-354.0,Monitoring
2023-07-19,14:35:00,HOLD,MIDCPNIFTY23JUL8300PE,42.75,-330.0,Monitoring
2023-07-19,14:40:00,HOLD,MIDCPNIFTY23JUL8300PE,41.05,-126.0,Monitoring
2023-07-19,14:45:00,HOLD,MIDCPNIFTY23JUL8300PE,43.45,-414.0,Monitoring
2023-07-19,14:50:00,HOLD,MIDCPNIFTY23JUL8300PE,42.15,-258.0,Monitoring
2023-07-19,14:55:00,HOLD,MIDCPNIFTY23JUL8300PE,38.85,138.0,Monitoring
2023-07-19,15:00:00,HOLD,MIDCPNIFTY23JUL8300PE,33.75,750.0,Monitoring
2023-07-19,15:05:00,HOLD,MIDCPNIFTY23JUL8300PE,34.0,720.0,Monitoring
2023-07-19,15:10:00,HOLD,MIDCPNIFTY23JUL8300PE,34.0,720.0,Monitoring
2023-07-19,15:15:00,HOLD,MIDCPNIFTY23JUL8300PE,36.6,408.0,Monitoring
2023-07-19,15:20:00,HOLD,MIDCPNIFTY23JUL8300PE,36.4,432.0,Monitoring
2023-07-19,15:25:00,HOLD,MIDCPNIFTY23JUL8300PE,35.1,588.0,Monitoring
2023-07-20,09:15:00,HOLD,MIDCPNIFTY23JUL8300PE,41.45,-174.0,Monitoring
2023-07-20,09:20:00,HOLD,MIDCPNIFTY23JUL8300PE,41.05,-126.0,Monitoring
2023-07-20,09:25:00,HOLD,MIDCPNIFTY23JUL8300PE,41.0,-120.0,Monitoring
2023-07-20,09:30:00,HOLD,MIDCPNIFTY23JUL8300PE,41.45,-174.0,Monitoring
2023-07-20,09:35:00,HOLD,MIDCPNIFTY23JUL8300PE,40.0,0.0,Monitoring
2023-07-20,09:40:00,HOLD,MIDCPNIFTY23JUL8300PE,38.85,138.0,Monitoring
2023-07-20,09:45:00,HOLD,MIDCPNIFTY23JUL8300PE,38.65,162.0,Monitoring
2023-07-20,09:50:00,HOLD,MIDCPNIFTY23JUL8300PE,38.2,216.0,Monitoring
2023-07-20,09:55:00,HOLD,MIDCPNIFTY23JUL8300PE,36.1,468.0,Monitoring
2023-07-20,10:00:00,HOLD,MIDCPNIFTY23JUL8300PE,34.0,720.0,Monitoring
2023-07-20,10:05:00,HOLD,MIDCPNIFTY23JUL8300PE,34.0,720.0,Monitoring
2023-07-20,10:10:00,HOLD,MIDCPNIFTY23JUL8300PE,31.35,1038.0,Monitoring
2023-07-20,10:15:00,HOLD,MIDCPNIFTY23JUL8300PE,31.05,1074.0,Monitoring
2023-07-20,10:20:00,HOLD,MIDCPNIFTY23JUL8300PE,29.25,1290.0,Monitoring
2023-07-20,10:20:00,BUY_EXIT,MIDCPNIFTY23JUL8300PE,29.25,1290.0,TARGET_LTP_30
