Date,Time,Event,Ticker,Price,PnL_INR,Info
2024-12-30,14:00:00,SELL_ENTRY,MIDCPNIFTY25JAN12800CE,283.8,0.0,Signal CE | Short
2024-12-30,14:05:00,HOLD,MIDCPNIFTY25JAN12800CE,273.35,1254.0,Monitoring
2024-12-30,14:10:00,HOLD,MIDCPNIFTY25JAN12800CE,275.5,996.0,Monitoring
2024-12-30,14:15:00,HOLD,MIDCPNIFTY25JAN12800CE,272.0,1416.0,Monitoring
2024-12-30,14:20:00,HOLD,MIDCPNIFTY25JAN12800CE,265.95,2142.0,Monitoring
2024-12-30,14:25:00,HOLD,MIDCPNIFTY25JAN12800CE,253.85,3594.0,Monitoring
2024-12-30,14:30:00,HOLD,MIDCPNIFTY25JAN12800CE,274.7,1092.0,Monitoring
2024-12-30,14:35:00,HOLD,MIDCPNIFTY25JAN12800CE,309.25,-3054.0,Monitoring
2024-12-30,14:40:00,HOLD,MIDCPNIFTY25JAN12800CE,319.25,-4254.0,Monitoring
2024-12-30,14:45:00,HOLD,MIDCPNIFTY25JAN12800CE,360.0,-9144.0,Monitoring
2024-12-30,14:50:00,HOLD,MIDCPNIFTY25JAN12800CE,364.55,-9690.0,Monitoring
2024-12-30,14:55:00,HOLD,MIDCPNIFTY25JAN12800CE,399.85,-13926.0,Monitoring
2024-12-30,15:00:00,HOLD,MIDCPNIFTY25JAN12800CE,404.7,-14508.0,Monitoring
2024-12-30,15:00:00,BUY_EXIT,MIDCPNIFTY25JAN12800CE,404.7,-14508.0,EMA_REVERSAL_SL
