Date,Time,Event,Ticker,Price,PnL_INR,Info
2025-07-01,14:00:00,SELL_ENTRY,MIDCPNIFTY25JUL13500CE,229.95,0.0,Signal CE | Short
2025-07-01,14:05:00,HOLD,MIDCPNIFTY25JUL13500CE,233.35,-408.0,Monitoring
2025-07-01,14:10:00,HOLD,MIDCPNIFTY25JUL13500CE,239.95,-1200.0,Monitoring
2025-07-01,14:15:00,HOLD,MIDCPNIFTY25JUL13500CE,237.0,-846.0,Monitoring
2025-07-01,14:20:00,HOLD,MIDCPNIFTY25JUL13500CE,238.0,-966.0,Monitoring
2025-07-01,14:25:00,HOLD,MIDCPNIFTY25JUL13500CE,236.25,-756.0,Monitoring
2025-07-01,14:30:00,HOLD,MIDCPNIFTY25JUL13500CE,234.55,-552.0,Monitoring
2025-07-01,14:35:00,HOLD,MIDCPNIFTY25JUL13500CE,240.65,-1284.0,Monitoring
2025-07-01,14:40:00,HOLD,MIDCPNIFTY25JUL13500CE,238.05,-972.0,Monitoring
2025-07-01,14:45:00,HOLD,MIDCPNIFTY25JUL13500CE,242.25,-1476.0,Monitoring
2025-07-01,14:50:00,HOLD,MIDCPNIFTY25JUL13500CE,250.0,-2406.0,Monitoring
2025-07-01,14:55:00,HOLD,MIDCPNIFTY25JUL13500CE,251.25,-2556.0,Monitoring
2025-07-01,15:00:00,HOLD,MIDCPNIFTY25JUL13500CE,264.6,-4158.0,Monitoring
2025-07-01,15:05:00,HOLD,MIDCPNIFTY25JUL13500CE,267.8,-4542.0,Monitoring
2025-07-01,15:05:00,BUY_EXIT,MIDCPNIFTY25JUL13500CE,267.8,-4542.0,EMA_REVERSAL_SL
