Date,Time,Event,Ticker,Price,PnL_INR,Info
2025-09-05,14:05:00,SELL_ENTRY,MIDCPNIFTY25SEP12700PE,147.0,0.0,Signal PE | Short
2025-09-05,14:10:00,HOLD,MIDCPNIFTY25SEP12700PE,147.0,0.0,Monitoring
2025-09-05,14:15:00,HOLD,MIDCPNIFTY25SEP12700PE,145.15,222.0,Monitoring
2025-09-05,14:20:00,HOLD,MIDCPNIFTY25SEP12700PE,145.75,150.0,Monitoring
2025-09-05,14:25:00,HOLD,MIDCPNIFTY25SEP12700PE,146.95,6.0,Monitoring
2025-09-05,14:30:00,HOLD,MIDCPNIFTY25SEP12700PE,149.4,-288.0,Monitoring
2025-09-05,14:35:00,HOLD,MIDCPNIFTY25SEP12700PE,158.9,-1428.0,Monitoring
2025-09-05,14:40:00,HOLD,MIDCPNIFTY25SEP12700PE,161.7,-1764.0,Monitoring
2025-09-05,14:45:00,HOLD,MIDCPNIFTY25SEP12700PE,155.0,-960.0,Monitoring
2025-09-05,14:50:00,HOLD,MIDCPNIFTY25SEP12700PE,155.85,-1062.0,Monitoring
2025-09-05,14:55:00,HOLD,MIDCPNIFTY25SEP12700PE,155.4,-1008.0,Monitoring
2025-09-05,15:00:00,HOLD,MIDCPNIFTY25SEP12700PE,160.25,-1590.0,Monitoring
2025-09-05,15:05:00,HOLD,MIDCPNIFTY25SEP12700PE,156.0,-1080.0,Monitoring
2025-09-05,15:10:00,HOLD,MIDCPNIFTY25SEP12700PE,159.9,-1548.0,Monitoring
2025-09-05,15:15:00,HOLD,MIDCPNIFTY25SEP12700PE,157.75,-1290.0,Monitoring
2025-09-05,15:20:00,HOLD,MIDCPNIFTY25SEP12700PE,153.05,-726.0,Monitoring
2025-09-05,15:25:00,HOLD,MIDCPNIFTY25SEP12700PE,150.0,-360.0,Monitoring
2025-09-08,09:15:00,HOLD,MIDCPNIFTY25SEP12700PE,147.0,0.0,Monitoring
2025-09-08,09:20:00,HOLD,MIDCPNIFTY25SEP12700PE,145.35,198.0,Monitoring
2025-09-08,09:25:00,HOLD,MIDCPNIFTY25SEP12700PE,132.1,1788.0,Monitoring
2025-09-08,09:30:00,HOLD,MIDCPNIFTY25SEP12700PE,116.6,3648.0,Monitoring
2025-09-08,09:35:00,HOLD,MIDCPNIFTY25SEP12700PE,117.0,3600.0,Monitoring
2025-09-08,09:40:00,HOLD,MIDCPNIFTY25SEP12700PE,117.0,3600.0,Monitoring
2025-09-08,09:45:00,HOLD,MIDCPNIFTY25SEP12700PE,114.6,3888.0,Monitoring
2025-09-08,09:50:00,HOLD,MIDCPNIFTY25SEP12700PE,122.6,2928.0,Monitoring
2025-09-08,09:55:00,HOLD,MIDCPNIFTY25SEP12700PE,128.05,2274.0,Monitoring
2025-09-08,10:00:00,HOLD,MIDCPNIFTY25SEP12700PE,123.0,2880.0,Monitoring
2025-09-08,10:05:00,HOLD,MIDCPNIFTY25SEP12700PE,121.9,3012.0,Monitoring
2025-09-08,10:10:00,HOLD,MIDCPNIFTY25SEP12700PE,121.1,3108.0,Monitoring
2025-09-08,10:15:00,HOLD,MIDCPNIFTY25SEP12700PE,115.25,3810.0,Monitoring
2025-09-08,10:20:00,HOLD,MIDCPNIFTY25SEP12700PE,118.0,3480.0,Monitoring
2025-09-08,10:25:00,HOLD,MIDCPNIFTY25SEP12700PE,120.8,3144.0,Monitoring
2025-09-08,10:30:00,HOLD,MIDCPNIFTY25SEP12700PE,120.6,3168.0,Monitoring
2025-09-08,10:35:00,HOLD,MIDCPNIFTY25SEP12700PE,118.75,3390.0,Monitoring
2025-09-08,10:40:00,HOLD,MIDCPNIFTY25SEP12700PE,121.8,3024.0,Monitoring
2025-09-08,10:45:00,HOLD,MIDCPNIFTY25SEP12700PE,122.3,2964.0,Monitoring
2025-09-08,10:50:00,HOLD,MIDCPNIFTY25SEP12700PE,124.4,2712.0,Monitoring
2025-09-08,10:55:00,HOLD,MIDCPNIFTY25SEP12700PE,130.4,1992.0,Monitoring
2025-09-08,11:00:00,HOLD,MIDCPNIFTY25SEP12700PE,123.55,2814.0,Monitoring
2025-09-08,11:05:00,HOLD,MIDCPNIFTY25SEP12700PE,118.0,3480.0,Monitoring
2025-09-08,11:10:00,HOLD,MIDCPNIFTY25SEP12700PE,115.0,3840.0,Monitoring
2025-09-08,11:15:00,HOLD,MIDCPNIFTY25SEP12700PE,116.0,3720.0,Monitoring
2025-09-08,11:20:00,HOLD,MIDCPNIFTY25SEP12700PE,120.5,3180.0,Monitoring
2025-09-08,11:25:00,HOLD,MIDCPNIFTY25SEP12700PE,116.95,3606.0,Monitoring
2025-09-08,11:30:00,HOLD,MIDCPNIFTY25SEP12700PE,115.0,3840.0,Monitoring
2025-09-08,11:35:00,HOLD,MIDCPNIFTY25SEP12700PE,114.45,3906.0,Monitoring
2025-09-08,11:40:00,HOLD,MIDCPNIFTY25SEP12700PE,111.15,4302.0,Monitoring
2025-09-08,11:45:00,HOLD,MIDCPNIFTY25SEP12700PE,113.1,4068.0,Monitoring
2025-09-08,11:50:00,HOLD,MIDCPNIFTY25SEP12700PE,114.55,3894.0,Monitoring
2025-09-08,11:55:00,HOLD,MIDCPNIFTY25SEP12700PE,113.4,4032.0,Monitoring
2025-09-08,12:00:00,HOLD,MIDCPNIFTY25SEP12700PE,109.5,4500.0,Monitoring
2025-09-08,12:05:00,HOLD,MIDCPNIFTY25SEP12700PE,111.2,4296.0,Monitoring
2025-09-08,12:10:00,HOLD,MIDCPNIFTY25SEP12700PE,112.1,4188.0,Monitoring
2025-09-08,12:15:00,HOLD,MIDCPNIFTY25SEP12700PE,113.25,4050.0,Monitoring
2025-09-08,12:20:00,HOLD,MIDCPNIFTY25SEP12700PE,115.55,3774.0,Monitoring
2025-09-08,12:25:00,HOLD,MIDCPNIFTY25SEP12700PE,116.0,3720.0,Monitoring
2025-09-08,12:30:00,HOLD,MIDCPNIFTY25SEP12700PE,111.35,4278.0,Monitoring
2025-09-08,12:35:00,HOLD,MIDCPNIFTY25SEP12700PE,103.95,5166.0,Monitoring
2025-09-08,12:40:00,HOLD,MIDCPNIFTY25SEP12700PE,108.2,4656.0,Monitoring
2025-09-08,12:45:00,HOLD,MIDCPNIFTY25SEP12700PE,106.85,4818.0,Monitoring
2025-09-08,12:50:00,HOLD,MIDCPNIFTY25SEP12700PE,105.25,5010.0,Monitoring
2025-09-08,12:55:00,HOLD,MIDCPNIFTY25SEP12700PE,104.0,5160.0,Monitoring
2025-09-08,13:00:00,HOLD,MIDCPNIFTY25SEP12700PE,106.1,4908.0,Monitoring
2025-09-08,13:05:00,HOLD,MIDCPNIFTY25SEP12700PE,106.25,4890.0,Monitoring
2025-09-08,13:10:00,HOLD,MIDCPNIFTY25SEP12700PE,104.8,5064.0,Monitoring
2025-09-08,13:15:00,HOLD,MIDCPNIFTY25SEP12700PE,106.3,4884.0,Monitoring
2025-09-08,13:20:00,HOLD,MIDCPNIFTY25SEP12700PE,107.5,4740.0,Monitoring
2025-09-08,13:25:00,HOLD,MIDCPNIFTY25SEP12700PE,107.45,4746.0,Monitoring
2025-09-08,13:30:00,HOLD,MIDCPNIFTY25SEP12700PE,108.85,4578.0,Monitoring
2025-09-08,13:35:00,HOLD,MIDCPNIFTY25SEP12700PE,108.4,4632.0,Monitoring
2025-09-08,13:40:00,HOLD,MIDCPNIFTY25SEP12700PE,111.4,4272.0,Monitoring
2025-09-08,13:45:00,HOLD,MIDCPNIFTY25SEP12700PE,113.6,4008.0,Monitoring
2025-09-08,13:50:00,HOLD,MIDCPNIFTY25SEP12700PE,117.15,3582.0,Monitoring
2025-09-08,13:55:00,HOLD,MIDCPNIFTY25SEP12700PE,116.2,3696.0,Monitoring
2025-09-08,14:00:00,HOLD,MIDCPNIFTY25SEP12700PE,120.85,3138.0,Monitoring
2025-09-08,14:05:00,HOLD,MIDCPNIFTY25SEP12700PE,115.8,3744.0,Monitoring
2025-09-08,14:10:00,HOLD,MIDCPNIFTY25SEP12700PE,115.3,3804.0,Monitoring
2025-09-08,14:15:00,HOLD,MIDCPNIFTY25SEP12700PE,115.05,3834.0,Monitoring
2025-09-08,14:20:00,HOLD,MIDCPNIFTY25SEP12700PE,116.35,3678.0,Monitoring
2025-09-08,14:25:00,HOLD,MIDCPNIFTY25SEP12700PE,110.8,4344.0,Monitoring
2025-09-08,14:30:00,HOLD,MIDCPNIFTY25SEP12700PE,109.95,4446.0,Monitoring
2025-09-08,14:35:00,HOLD,MIDCPNIFTY25SEP12700PE,110.9,4332.0,Monitoring
2025-09-08,14:40:00,HOLD,MIDCPNIFTY25SEP12700PE,110.95,4326.0,Monitoring
2025-09-08,14:45:00,HOLD,MIDCPNIFTY25SEP12700PE,123.25,2850.0,Monitoring
2025-09-08,14:50:00,HOLD,MIDCPNIFTY25SEP12700PE,118.3,3444.0,Monitoring
2025-09-08,14:55:00,HOLD,MIDCPNIFTY25SEP12700PE,121.8,3024.0,Monitoring
2025-09-08,15:00:00,HOLD,MIDCPNIFTY25SEP12700PE,128.75,2190.0,Monitoring
2025-09-08,15:05:00,HOLD,MIDCPNIFTY25SEP12700PE,126.5,2460.0,Monitoring
2025-09-08,15:10:00,HOLD,MIDCPNIFTY25SEP12700PE,127.1,2388.0,Monitoring
2025-09-08,15:15:00,HOLD,MIDCPNIFTY25SEP12700PE,126.2,2496.0,Monitoring
2025-09-08,15:20:00,HOLD,MIDCPNIFTY25SEP12700PE,123.8,2784.0,Monitoring
2025-09-08,15:25:00,HOLD,MIDCPNIFTY25SEP12700PE,118.05,3474.0,Monitoring
2025-09-09,09:15:00,HOLD,MIDCPNIFTY25SEP12700PE,124.1,2748.0,Monitoring
2025-09-09,09:20:00,HOLD,MIDCPNIFTY25SEP12700PE,119.0,3360.0,Monitoring
2025-09-09,09:25:00,HOLD,MIDCPNIFTY25SEP12700PE,125.0,2640.0,Monitoring
2025-09-09,09:30:00,HOLD,MIDCPNIFTY25SEP12700PE,132.9,1692.0,Monitoring
2025-09-09,09:35:00,HOLD,MIDCPNIFTY25SEP12700PE,126.5,2460.0,Monitoring
2025-09-09,09:40:00,HOLD,MIDCPNIFTY25SEP12700PE,118.45,3426.0,Monitoring
2025-09-09,09:45:00,HOLD,MIDCPNIFTY25SEP12700PE,116.55,3654.0,Monitoring
2025-09-09,09:50:00,HOLD,MIDCPNIFTY25SEP12700PE,115.1,3828.0,Monitoring
2025-09-09,09:55:00,HOLD,MIDCPNIFTY25SEP12700PE,119.5,3300.0,Monitoring
2025-09-09,10:00:00,HOLD,MIDCPNIFTY25SEP12700PE,121.0,3120.0,Monitoring
2025-09-09,10:05:00,HOLD,MIDCPNIFTY25SEP12700PE,117.05,3594.0,Monitoring
2025-09-09,10:10:00,HOLD,MIDCPNIFTY25SEP12700PE,123.95,2766.0,Monitoring
2025-09-09,10:15:00,HOLD,MIDCPNIFTY25SEP12700PE,127.35,2358.0,Monitoring
2025-09-09,10:20:00,HOLD,MIDCPNIFTY25SEP12700PE,125.7,2556.0,Monitoring
2025-09-09,10:25:00,HOLD,MIDCPNIFTY25SEP12700PE,128.15,2262.0,Monitoring
2025-09-09,10:30:00,HOLD,MIDCPNIFTY25SEP12700PE,126.35,2478.0,Monitoring
2025-09-09,10:35:00,HOLD,MIDCPNIFTY25SEP12700PE,128.85,2178.0,Monitoring
2025-09-09,10:40:00,HOLD,MIDCPNIFTY25SEP12700PE,132.0,1800.0,Monitoring
2025-09-09,10:45:00,HOLD,MIDCPNIFTY25SEP12700PE,127.75,2310.0,Monitoring
2025-09-09,10:50:00,HOLD,MIDCPNIFTY25SEP12700PE,128.35,2238.0,Monitoring
2025-09-09,10:50:00,BUY_EXIT,MIDCPNIFTY25SEP12700PE,128.35,2238.0,EMA_REVERSAL_SL
