Date,Time,Event,Ticker,Price,PnL_INR,Info
2025-11-19,14:00:00,SELL_ENTRY,MIDCPNIFTY25NOV13900PE,64.85,0.0,Signal PE | Short
2025-11-19,14:05:00,HOLD,MIDCPNIFTY25NOV13900PE,63.85,120.0,Monitoring
2025-11-19,14:10:00,HOLD,MIDCPNIFTY25NOV13900PE,61.7,378.0,Monitoring
2025-11-19,14:15:00,HOLD,MIDCPNIFTY25NOV13900PE,59.05,696.0,Monitoring
2025-11-19,14:20:00,HOLD,MIDCPNIFTY25NOV13900PE,58.65,744.0,Monitoring
2025-11-19,14:25:00,HOLD,MIDCPNIFTY25NOV13900PE,58.75,732.0,Monitoring
2025-11-19,14:30:00,HOLD,MIDCPNIFTY25NOV13900PE,60.4,534.0,Monitoring
2025-11-19,14:35:00,HOLD,MIDCPNIFTY25NOV13900PE,59.95,588.0,Monitoring
2025-11-19,14:40:00,HOLD,MIDCPNIFTY25NOV13900PE,59.0,702.0,Monitoring
2025-11-19,14:45:00,HOLD,MIDCPNIFTY25NOV13900PE,60.0,582.0,Monitoring
2025-11-19,14:50:00,HOLD,MIDCPNIFTY25NOV13900PE,60.75,492.0,Monitoring
2025-11-19,14:55:00,HOLD,MIDCPNIFTY25NOV13900PE,61.6,390.0,Monitoring
2025-11-19,15:00:00,HOLD,MIDCPNIFTY25NOV13900PE,63.25,192.0,Monitoring
2025-11-19,15:05:00,HOLD,MIDCPNIFTY25NOV13900PE,65.6,-90.0,Monitoring
2025-11-19,15:10:00,HOLD,MIDCPNIFTY25NOV13900PE,66.1,-150.0,Monitoring
2025-11-19,15:15:00,HOLD,MIDCPNIFTY25NOV13900PE,67.0,-258.0,Monitoring
2025-11-19,15:20:00,HOLD,MIDCPNIFTY25NOV13900PE,67.55,-324.0,Monitoring
2025-11-19,15:25:00,HOLD,MIDCPNIFTY25NOV13900PE,63.05,216.0,Monitoring
2025-11-20,09:15:00,HOLD,MIDCPNIFTY25NOV13900PE,46.05,2256.0,Monitoring
2025-11-20,09:20:00,HOLD,MIDCPNIFTY25NOV13900PE,45.6,2310.0,Monitoring
2025-11-20,09:25:00,HOLD,MIDCPNIFTY25NOV13900PE,46.35,2220.0,Monitoring
2025-11-20,09:30:00,HOLD,MIDCPNIFTY25NOV13900PE,43.6,2550.0,Monitoring
2025-11-20,09:35:00,HOLD,MIDCPNIFTY25NOV13900PE,46.0,2262.0,Monitoring
2025-11-20,09:40:00,HOLD,MIDCPNIFTY25NOV13900PE,49.5,1842.0,Monitoring
2025-11-20,09:45:00,HOLD,MIDCPNIFTY25NOV13900PE,47.25,2112.0,Monitoring
2025-11-20,09:50:00,HOLD,MIDCPNIFTY25NOV13900PE,46.5,2202.0,Monitoring
2025-11-20,09:55:00,HOLD,MIDCPNIFTY25NOV13900PE,48.65,1944.0,Monitoring
2025-11-20,10:00:00,HOLD,MIDCPNIFTY25NOV13900PE,47.15,2124.0,Monitoring
2025-11-20,10:05:00,HOLD,MIDCPNIFTY25NOV13900PE,44.45,2448.0,Monitoring
2025-11-20,10:10:00,HOLD,MIDCPNIFTY25NOV13900PE,45.2,2358.0,Monitoring
2025-11-20,10:15:00,HOLD,MIDCPNIFTY25NOV13900PE,44.4,2454.0,Monitoring
2025-11-20,10:20:00,HOLD,MIDCPNIFTY25NOV13900PE,43.9,2514.0,Monitoring
2025-11-20,10:25:00,HOLD,MIDCPNIFTY25NOV13900PE,42.5,2682.0,Monitoring
2025-11-20,10:30:00,HOLD,MIDCPNIFTY25NOV13900PE,42.5,2682.0,Monitoring
2025-11-20,10:35:00,HOLD,MIDCPNIFTY25NOV13900PE,41.6,2790.0,Monitoring
2025-11-20,10:40:00,HOLD,MIDCPNIFTY25NOV13900PE,42.6,2670.0,Monitoring
2025-11-20,10:45:00,HOLD,MIDCPNIFTY25NOV13900PE,41.3,2826.0,Monitoring
2025-11-20,10:50:00,HOLD,MIDCPNIFTY25NOV13900PE,42.1,2730.0,Monitoring
2025-11-20,10:55:00,HOLD,MIDCPNIFTY25NOV13900PE,42.5,2682.0,Monitoring
2025-11-20,11:00:00,HOLD,MIDCPNIFTY25NOV13900PE,40.45,2928.0,Monitoring
2025-11-20,11:05:00,HOLD,MIDCPNIFTY25NOV13900PE,42.0,2742.0,Monitoring
2025-11-20,11:10:00,HOLD,MIDCPNIFTY25NOV13900PE,45.4,2334.0,Monitoring
2025-11-20,11:15:00,HOLD,MIDCPNIFTY25NOV13900PE,46.15,2244.0,Monitoring
2025-11-20,11:20:00,HOLD,MIDCPNIFTY25NOV13900PE,44.0,2502.0,Monitoring
2025-11-20,11:25:00,HOLD,MIDCPNIFTY25NOV13900PE,43.35,2580.0,Monitoring
2025-11-20,11:30:00,HOLD,MIDCPNIFTY25NOV13900PE,41.6,2790.0,Monitoring
2025-11-20,11:35:00,HOLD,MIDCPNIFTY25NOV13900PE,42.2,2718.0,Monitoring
2025-11-20,11:40:00,HOLD,MIDCPNIFTY25NOV13900PE,40.8,2886.0,Monitoring
2025-11-20,11:45:00,HOLD,MIDCPNIFTY25NOV13900PE,43.1,2610.0,Monitoring
2025-11-20,11:50:00,HOLD,MIDCPNIFTY25NOV13900PE,42.7,2658.0,Monitoring
2025-11-20,11:55:00,HOLD,MIDCPNIFTY25NOV13900PE,41.2,2838.0,Monitoring
2025-11-20,12:00:00,HOLD,MIDCPNIFTY25NOV13900PE,42.5,2682.0,Monitoring
2025-11-20,12:05:00,HOLD,MIDCPNIFTY25NOV13900PE,43.0,2622.0,Monitoring
2025-11-20,12:10:00,HOLD,MIDCPNIFTY25NOV13900PE,42.0,2742.0,Monitoring
2025-11-20,12:15:00,HOLD,MIDCPNIFTY25NOV13900PE,42.4,2694.0,Monitoring
2025-11-20,12:20:00,HOLD,MIDCPNIFTY25NOV13900PE,41.5,2802.0,Monitoring
2025-11-20,12:25:00,HOLD,MIDCPNIFTY25NOV13900PE,40.15,2964.0,Monitoring
2025-11-20,12:30:00,HOLD,MIDCPNIFTY25NOV13900PE,39.0,3102.0,Monitoring
2025-11-20,12:35:00,HOLD,MIDCPNIFTY25NOV13900PE,37.65,3264.0,Monitoring
2025-11-20,12:40:00,HOLD,MIDCPNIFTY25NOV13900PE,37.0,3342.0,Monitoring
2025-11-20,12:45:00,HOLD,MIDCPNIFTY25NOV13900PE,35.8,3486.0,Monitoring
2025-11-20,12:50:00,HOLD,MIDCPNIFTY25NOV13900PE,35.9,3474.0,Monitoring
2025-11-20,12:55:00,HOLD,MIDCPNIFTY25NOV13900PE,35.65,3504.0,Monitoring
2025-11-20,13:00:00,HOLD,MIDCPNIFTY25NOV13900PE,33.1,3810.0,Monitoring
2025-11-20,13:05:00,HOLD,MIDCPNIFTY25NOV13900PE,34.85,3600.0,Monitoring
2025-11-20,13:10:00,HOLD,MIDCPNIFTY25NOV13900PE,35.1,3570.0,Monitoring
2025-11-20,13:15:00,HOLD,MIDCPNIFTY25NOV13900PE,34.7,3618.0,Monitoring
2025-11-20,13:20:00,HOLD,MIDCPNIFTY25NOV13900PE,34.2,3678.0,Monitoring
2025-11-20,13:25:00,HOLD,MIDCPNIFTY25NOV13900PE,33.45,3768.0,Monitoring
2025-11-20,13:30:00,HOLD,MIDCPNIFTY25NOV13900PE,33.6,3750.0,Monitoring
2025-11-20,13:35:00,HOLD,MIDCPNIFTY25NOV13900PE,32.45,3888.0,Monitoring
2025-11-20,13:40:00,HOLD,MIDCPNIFTY25NOV13900PE,32.2,3918.0,Monitoring
2025-11-20,13:45:00,HOLD,MIDCPNIFTY25NOV13900PE,32.5,3882.0,Monitoring
2025-11-20,13:50:00,HOLD,MIDCPNIFTY25NOV13900PE,32.3,3906.0,Monitoring
2025-11-20,13:55:00,HOLD,MIDCPNIFTY25NOV13900PE,32.75,3852.0,Monitoring
2025-11-20,14:00:00,HOLD,MIDCPNIFTY25NOV13900PE,33.0,3822.0,Monitoring
2025-11-20,14:05:00,HOLD,MIDCPNIFTY25NOV13900PE,32.8,3846.0,Monitoring
2025-11-20,14:10:00,HOLD,MIDCPNIFTY25NOV13900PE,33.85,3720.0,Monitoring
2025-11-20,14:15:00,HOLD,MIDCPNIFTY25NOV13900PE,34.05,3696.0,Monitoring
2025-11-20,14:20:00,HOLD,MIDCPNIFTY25NOV13900PE,33.95,3708.0,Monitoring
2025-11-20,14:25:00,HOLD,MIDCPNIFTY25NOV13900PE,37.4,3294.0,Monitoring
2025-11-20,14:30:00,HOLD,MIDCPNIFTY25NOV13900PE,40.25,2952.0,Monitoring
2025-11-20,14:35:00,HOLD,MIDCPNIFTY25NOV13900PE,40.6,2910.0,Monitoring
2025-11-20,14:40:00,HOLD,MIDCPNIFTY25NOV13900PE,46.0,2262.0,Monitoring
2025-11-20,14:45:00,HOLD,MIDCPNIFTY25NOV13900PE,47.25,2112.0,Monitoring
2025-11-20,14:50:00,HOLD,MIDCPNIFTY25NOV13900PE,48.9,1914.0,Monitoring
2025-11-20,14:55:00,HOLD,MIDCPNIFTY25NOV13900PE,49.2,1878.0,Monitoring
2025-11-20,15:00:00,HOLD,MIDCPNIFTY25NOV13900PE,60.0,582.0,Monitoring
2025-11-20,15:05:00,HOLD,MIDCPNIFTY25NOV13900PE,54.55,1236.0,Monitoring
2025-11-20,15:10:00,HOLD,MIDCPNIFTY25NOV13900PE,50.05,1776.0,Monitoring
2025-11-20,15:15:00,HOLD,MIDCPNIFTY25NOV13900PE,49.45,1848.0,Monitoring
2025-11-20,15:15:00,BUY_EXIT,MIDCPNIFTY25NOV13900PE,49.45,1848.0,EMA_REVERSAL_SL
