Date,Time,Event,Ticker,Price,PnL_INR,Info
2025-04-04,14:00:00,SELL_ENTRY,MIDCPNIFTY25APR11500CE,103.2,0.0,Signal CE | Short
2025-04-04,14:05:00,HOLD,MIDCPNIFTY25APR11500CE,104.45,-150.0,Monitoring
2025-04-04,14:10:00,HOLD,MIDCPNIFTY25APR11500CE,104.25,-126.0,Monitoring
2025-04-04,14:15:00,HOLD,MIDCPNIFTY25APR11500CE,105.1,-228.0,Monitoring
2025-04-04,14:20:00,HOLD,MIDCPNIFTY25APR11500CE,101.0,264.0,Monitoring
2025-04-04,14:25:00,HOLD,MIDCPNIFTY25APR11500CE,100.45,330.0,Monitoring
2025-04-04,14:30:00,HOLD,MIDCPNIFTY25APR11500CE,97.75,654.0,Monitoring
2025-04-04,14:35:00,HOLD,MIDCPNIFTY25APR11500CE,96.35,822.0,Monitoring
2025-04-04,14:40:00,HOLD,MIDCPNIFTY25APR11500CE,93.15,1206.0,Monitoring
2025-04-04,14:45:00,HOLD,MIDCPNIFTY25APR11500CE,95.1,972.0,Monitoring
2025-04-04,14:50:00,HOLD,MIDCPNIFTY25APR11500CE,95.75,894.0,Monitoring
2025-04-04,14:55:00,HOLD,MIDCPNIFTY25APR11500CE,96.65,786.0,Monitoring
2025-04-04,15:00:00,HOLD,MIDCPNIFTY25APR11500CE,104.85,-198.0,Monitoring
2025-04-04,15:05:00,HOLD,MIDCPNIFTY25APR11500CE,108.7,-660.0,Monitoring
2025-04-04,15:10:00,HOLD,MIDCPNIFTY25APR11500CE,108.0,-576.0,Monitoring
2025-04-04,15:15:00,HOLD,MIDCPNIFTY25APR11500CE,107.4,-504.0,Monitoring
2025-04-04,15:20:00,HOLD,MIDCPNIFTY25APR11500CE,106.2,-360.0,Monitoring
2025-04-04,15:25:00,HOLD,MIDCPNIFTY25APR11500CE,111.25,-966.0,Monitoring
2025-04-07,09:15:00,HOLD,MIDCPNIFTY25APR11500CE,25.0,9384.0,Monitoring
2025-04-07,09:15:00,BUY_EXIT,MIDCPNIFTY25APR11500CE,25.0,9384.0,TARGET_LTP_30
