Date,Time,Event,Ticker,Price,PnL_INR,Info
2025-08-14,14:00:00,SELL_ENTRY,MIDCPNIFTY25AUG12800CE,110.95,0.0,Signal CE | Short
2025-08-14,14:05:00,HOLD,MIDCPNIFTY25AUG12800CE,113.75,-336.0,Monitoring
2025-08-14,14:10:00,HOLD,MIDCPNIFTY25AUG12800CE,113.75,-336.0,Monitoring
2025-08-14,14:15:00,HOLD,MIDCPNIFTY25AUG12800CE,111.5,-66.0,Monitoring
2025-08-14,14:20:00,HOLD,MIDCPNIFTY25AUG12800CE,109.4,186.0,Monitoring
2025-08-14,14:25:00,HOLD,MIDCPNIFTY25AUG12800CE,109.4,186.0,Monitoring
2025-08-14,14:30:00,HOLD,MIDCPNIFTY25AUG12800CE,111.15,-24.0,Monitoring
2025-08-14,14:35:00,HOLD,MIDCPNIFTY25AUG12800CE,113.65,-324.0,Monitoring
2025-08-14,14:40:00,HOLD,MIDCPNIFTY25AUG12800CE,111.8,-102.0,Monitoring
2025-08-14,14:45:00,HOLD,MIDCPNIFTY25AUG12800CE,115.6,-558.0,Monitoring
2025-08-14,14:50:00,HOLD,MIDCPNIFTY25AUG12800CE,116.2,-630.0,Monitoring
2025-08-14,14:55:00,HOLD,MIDCPNIFTY25AUG12800CE,117.65,-804.0,Monitoring
2025-08-14,15:00:00,HOLD,MIDCPNIFTY25AUG12800CE,112.65,-204.0,Monitoring
2025-08-14,15:05:00,HOLD,MIDCPNIFTY25AUG12800CE,115.0,-486.0,Monitoring
2025-08-14,15:10:00,HOLD,MIDCPNIFTY25AUG12800CE,115.0,-486.0,Monitoring
2025-08-14,15:15:00,HOLD,MIDCPNIFTY25AUG12800CE,116.1,-618.0,Monitoring
2025-08-14,15:20:00,HOLD,MIDCPNIFTY25AUG12800CE,114.75,-456.0,Monitoring
2025-08-14,15:25:00,HOLD,MIDCPNIFTY25AUG12800CE,114.0,-366.0,Monitoring
2025-08-18,09:15:00,HOLD,MIDCPNIFTY25AUG12800CE,169.2,-6990.0,Monitoring
2025-08-18,09:20:00,HOLD,MIDCPNIFTY25AUG12800CE,171.05,-7212.0,Monitoring
2025-08-18,09:20:00,BUY_EXIT,MIDCPNIFTY25AUG12800CE,171.05,-7212.0,EMA_REVERSAL_SL
