Date,Time,Event,Ticker,Price,PnL_INR,Info
2024-10-14,14:00:00,SELL_ENTRY,MIDCPNIFTY24OCT12900PE,99.25,0.0,Signal PE | Short
2024-10-14,14:05:00,HOLD,MIDCPNIFTY24OCT12900PE,100.0,-90.0,Monitoring
2024-10-14,14:10:00,HOLD,MIDCPNIFTY24OCT12900PE,104.0,-570.0,Monitoring
2024-10-14,14:15:00,HOLD,MIDCPNIFTY24OCT12900PE,95.0,510.0,Monitoring
2024-10-14,14:20:00,HOLD,MIDCPNIFTY24OCT12900PE,97.95,156.0,Monitoring
2024-10-14,14:25:00,HOLD,MIDCPNIFTY24OCT12900PE,97.95,156.0,Monitoring
2024-10-14,14:30:00,HOLD,MIDCPNIFTY24OCT12900PE,97.95,156.0,Monitoring
2024-10-14,14:35:00,HOLD,MIDCPNIFTY24OCT12900PE,97.95,156.0,Monitoring
2024-10-14,14:40:00,HOLD,MIDCPNIFTY24OCT12900PE,90.0,1110.0,Monitoring
2024-10-14,14:45:00,HOLD,MIDCPNIFTY24OCT12900PE,94.0,630.0,Monitoring
2024-10-14,14:50:00,HOLD,MIDCPNIFTY24OCT12900PE,95.0,510.0,Monitoring
2024-10-14,14:55:00,HOLD,MIDCPNIFTY24OCT12900PE,95.1,498.0,Monitoring
2024-10-14,15:00:00,HOLD,MIDCPNIFTY24OCT12900PE,88.0,1350.0,Monitoring
2024-10-14,15:05:00,HOLD,MIDCPNIFTY24OCT12900PE,88.0,1350.0,Monitoring
2024-10-14,15:10:00,HOLD,MIDCPNIFTY24OCT12900PE,88.0,1350.0,Monitoring
2024-10-14,15:15:00,HOLD,MIDCPNIFTY24OCT12900PE,90.2,1086.0,Monitoring
2024-10-14,15:20:00,HOLD,MIDCPNIFTY24OCT12900PE,90.7,1026.0,Monitoring
2024-10-14,15:25:00,HOLD,MIDCPNIFTY24OCT12900PE,88.0,1350.0,Monitoring
2024-10-15,09:15:00,HOLD,MIDCPNIFTY24OCT12900PE,78.3,2514.0,Monitoring
2024-10-15,09:20:00,HOLD,MIDCPNIFTY24OCT12900PE,78.3,2514.0,Monitoring
2024-10-15,09:25:00,HOLD,MIDCPNIFTY24OCT12900PE,78.3,2514.0,Monitoring
2024-10-15,09:30:00,HOLD,MIDCPNIFTY24OCT12900PE,73.05,3144.0,Monitoring
2024-10-15,09:35:00,HOLD,MIDCPNIFTY24OCT12900PE,73.05,3144.0,Monitoring
2024-10-15,09:40:00,HOLD,MIDCPNIFTY24OCT12900PE,66.3,3954.0,Monitoring
2024-10-15,09:45:00,HOLD,MIDCPNIFTY24OCT12900PE,73.05,3144.0,Monitoring
2024-10-15,09:50:00,HOLD,MIDCPNIFTY24OCT12900PE,77.45,2616.0,Monitoring
2024-10-15,09:55:00,HOLD,MIDCPNIFTY24OCT12900PE,79.1,2418.0,Monitoring
2024-10-15,10:00:00,HOLD,MIDCPNIFTY24OCT12900PE,79.0,2430.0,Monitoring
2024-10-15,10:05:00,HOLD,MIDCPNIFTY24OCT12900PE,79.0,2430.0,Monitoring
2024-10-15,10:10:00,HOLD,MIDCPNIFTY24OCT12900PE,80.15,2292.0,Monitoring
2024-10-15,10:15:00,HOLD,MIDCPNIFTY24OCT12900PE,77.15,2652.0,Monitoring
2024-10-15,10:20:00,HOLD,MIDCPNIFTY24OCT12900PE,76.0,2790.0,Monitoring
2024-10-15,10:25:00,HOLD,MIDCPNIFTY24OCT12900PE,88.95,1236.0,Monitoring
2024-10-15,10:30:00,HOLD,MIDCPNIFTY24OCT12900PE,80.05,2304.0,Monitoring
2024-10-15,10:35:00,HOLD,MIDCPNIFTY24OCT12900PE,77.45,2616.0,Monitoring
2024-10-15,10:40:00,HOLD,MIDCPNIFTY24OCT12900PE,77.45,2616.0,Monitoring
2024-10-15,10:45:00,HOLD,MIDCPNIFTY24OCT12900PE,75.8,2814.0,Monitoring
2024-10-15,10:50:00,HOLD,MIDCPNIFTY24OCT12900PE,72.0,3270.0,Monitoring
2024-10-15,10:55:00,HOLD,MIDCPNIFTY24OCT12900PE,75.45,2856.0,Monitoring
2024-10-15,11:00:00,HOLD,MIDCPNIFTY24OCT12900PE,75.55,2844.0,Monitoring
2024-10-15,11:05:00,HOLD,MIDCPNIFTY24OCT12900PE,75.55,2844.0,Monitoring
2024-10-15,11:10:00,HOLD,MIDCPNIFTY24OCT12900PE,75.8,2814.0,Monitoring
2024-10-15,11:15:00,HOLD,MIDCPNIFTY24OCT12900PE,75.8,2814.0,Monitoring
2024-10-15,11:20:00,HOLD,MIDCPNIFTY24OCT12900PE,75.8,2814.0,Monitoring
2024-10-15,11:25:00,HOLD,MIDCPNIFTY24OCT12900PE,75.8,2814.0,Monitoring
2024-10-15,11:30:00,HOLD,MIDCPNIFTY24OCT12900PE,89.05,1224.0,Monitoring
2024-10-15,11:35:00,HOLD,MIDCPNIFTY24OCT12900PE,78.3,2514.0,Monitoring
2024-10-15,11:40:00,HOLD,MIDCPNIFTY24OCT12900PE,78.3,2514.0,Monitoring
2024-10-15,11:45:00,HOLD,MIDCPNIFTY24OCT12900PE,78.3,2514.0,Monitoring
2024-10-15,11:50:00,HOLD,MIDCPNIFTY24OCT12900PE,78.3,2514.0,Monitoring
2024-10-15,11:55:00,HOLD,MIDCPNIFTY24OCT12900PE,74.5,2970.0,Monitoring
2024-10-15,12:00:00,HOLD,MIDCPNIFTY24OCT12900PE,75.75,2820.0,Monitoring
2024-10-15,12:05:00,HOLD,MIDCPNIFTY24OCT12900PE,75.75,2820.0,Monitoring
2024-10-15,12:10:00,HOLD,MIDCPNIFTY24OCT12900PE,75.75,2820.0,Monitoring
2024-10-15,12:15:00,HOLD,MIDCPNIFTY24OCT12900PE,75.75,2820.0,Monitoring
2024-10-15,12:20:00,HOLD,MIDCPNIFTY24OCT12900PE,75.75,2820.0,Monitoring
2024-10-15,12:25:00,HOLD,MIDCPNIFTY24OCT12900PE,75.75,2820.0,Monitoring
2024-10-15,12:30:00,HOLD,MIDCPNIFTY24OCT12900PE,75.75,2820.0,Monitoring
2024-10-15,12:35:00,HOLD,MIDCPNIFTY24OCT12900PE,75.75,2820.0,Monitoring
2024-10-15,12:40:00,HOLD,MIDCPNIFTY24OCT12900PE,75.75,2820.0,Monitoring
2024-10-15,12:45:00,HOLD,MIDCPNIFTY24OCT12900PE,75.75,2820.0,Monitoring
2024-10-15,12:50:00,HOLD,MIDCPNIFTY24OCT12900PE,75.75,2820.0,Monitoring
2024-10-15,12:55:00,HOLD,MIDCPNIFTY24OCT12900PE,80.0,2310.0,Monitoring
2024-10-15,13:00:00,HOLD,MIDCPNIFTY24OCT12900PE,92.9,762.0,Monitoring
2024-10-15,13:05:00,HOLD,MIDCPNIFTY24OCT12900PE,90.05,1104.0,Monitoring
2024-10-15,13:10:00,HOLD,MIDCPNIFTY24OCT12900PE,88.0,1350.0,Monitoring
2024-10-15,13:15:00,HOLD,MIDCPNIFTY24OCT12900PE,88.0,1350.0,Monitoring
2024-10-15,13:20:00,HOLD,MIDCPNIFTY24OCT12900PE,88.0,1350.0,Monitoring
2024-10-15,13:25:00,HOLD,MIDCPNIFTY24OCT12900PE,88.0,1350.0,Monitoring
2024-10-15,13:30:00,HOLD,MIDCPNIFTY24OCT12900PE,79.9,2322.0,Monitoring
2024-10-15,13:35:00,HOLD,MIDCPNIFTY24OCT12900PE,79.9,2322.0,Monitoring
2024-10-15,13:40:00,HOLD,MIDCPNIFTY24OCT12900PE,77.3,2634.0,Monitoring
2024-10-15,13:45:00,HOLD,MIDCPNIFTY24OCT12900PE,77.3,2634.0,Monitoring
2024-10-15,13:50:00,HOLD,MIDCPNIFTY24OCT12900PE,80.0,2310.0,Monitoring
2024-10-15,13:55:00,HOLD,MIDCPNIFTY24OCT12900PE,80.0,2310.0,Monitoring
2024-10-15,14:00:00,HOLD,MIDCPNIFTY24OCT12900PE,77.65,2592.0,Monitoring
2024-10-15,14:05:00,HOLD,MIDCPNIFTY24OCT12900PE,77.65,2592.0,Monitoring
2024-10-15,14:10:00,HOLD,MIDCPNIFTY24OCT12900PE,77.65,2592.0,Monitoring
2024-10-15,14:15:00,HOLD,MIDCPNIFTY24OCT12900PE,77.65,2592.0,Monitoring
2024-10-15,14:20:00,HOLD,MIDCPNIFTY24OCT12900PE,77.65,2592.0,Monitoring
2024-10-15,14:25:00,HOLD,MIDCPNIFTY24OCT12900PE,73.0,3150.0,Monitoring
2024-10-15,14:30:00,HOLD,MIDCPNIFTY24OCT12900PE,73.0,3150.0,Monitoring
2024-10-15,14:35:00,HOLD,MIDCPNIFTY24OCT12900PE,73.0,3150.0,Monitoring
2024-10-15,14:40:00,HOLD,MIDCPNIFTY24OCT12900PE,78.15,2532.0,Monitoring
2024-10-15,14:45:00,HOLD,MIDCPNIFTY24OCT12900PE,78.15,2532.0,Monitoring
2024-10-15,14:50:00,HOLD,MIDCPNIFTY24OCT12900PE,78.15,2532.0,Monitoring
2024-10-15,14:55:00,HOLD,MIDCPNIFTY24OCT12900PE,75.45,2856.0,Monitoring
2024-10-15,15:00:00,HOLD,MIDCPNIFTY24OCT12900PE,65.0,4110.0,Monitoring
2024-10-15,15:05:00,HOLD,MIDCPNIFTY24OCT12900PE,64.0,4230.0,Monitoring
2024-10-15,15:10:00,HOLD,MIDCPNIFTY24OCT12900PE,64.0,4230.0,Monitoring
2024-10-15,15:15:00,HOLD,MIDCPNIFTY24OCT12900PE,69.2,3606.0,Monitoring
2024-10-15,15:20:00,HOLD,MIDCPNIFTY24OCT12900PE,69.2,3606.0,Monitoring
2024-10-15,15:25:00,HOLD,MIDCPNIFTY24OCT12900PE,62.15,4452.0,Monitoring
2024-10-16,09:15:00,HOLD,MIDCPNIFTY24OCT12900PE,62.15,4452.0,Monitoring
2024-10-16,09:20:00,HOLD,MIDCPNIFTY24OCT12900PE,62.15,4452.0,Monitoring
2024-10-16,09:25:00,HOLD,MIDCPNIFTY24OCT12900PE,62.15,4452.0,Monitoring
2024-10-16,09:30:00,HOLD,MIDCPNIFTY24OCT12900PE,59.75,4740.0,Monitoring
2024-10-16,09:35:00,HOLD,MIDCPNIFTY24OCT12900PE,53.1,5538.0,Monitoring
2024-10-16,09:40:00,HOLD,MIDCPNIFTY24OCT12900PE,53.3,5514.0,Monitoring
2024-10-16,09:45:00,HOLD,MIDCPNIFTY24OCT12900PE,54.0,5430.0,Monitoring
2024-10-16,09:50:00,HOLD,MIDCPNIFTY24OCT12900PE,54.0,5430.0,Monitoring
2024-10-16,09:55:00,HOLD,MIDCPNIFTY24OCT12900PE,54.0,5430.0,Monitoring
2024-10-16,10:00:00,HOLD,MIDCPNIFTY24OCT12900PE,54.05,5424.0,Monitoring
2024-10-16,10:05:00,HOLD,MIDCPNIFTY24OCT12900PE,54.4,5382.0,Monitoring
2024-10-16,10:10:00,HOLD,MIDCPNIFTY24OCT12900PE,54.4,5382.0,Monitoring
2024-10-16,10:15:00,HOLD,MIDCPNIFTY24OCT12900PE,54.4,5382.0,Monitoring
2024-10-16,10:20:00,HOLD,MIDCPNIFTY24OCT12900PE,52.0,5670.0,Monitoring
2024-10-16,10:25:00,HOLD,MIDCPNIFTY24OCT12900PE,52.0,5670.0,Monitoring
2024-10-16,10:30:00,HOLD,MIDCPNIFTY24OCT12900PE,52.0,5670.0,Monitoring
2024-10-16,10:35:00,HOLD,MIDCPNIFTY24OCT12900PE,56.05,5184.0,Monitoring
2024-10-16,10:40:00,HOLD,MIDCPNIFTY24OCT12900PE,58.6,4878.0,Monitoring
2024-10-16,10:45:00,HOLD,MIDCPNIFTY24OCT12900PE,58.6,4878.0,Monitoring
2024-10-16,10:50:00,HOLD,MIDCPNIFTY24OCT12900PE,58.6,4878.0,Monitoring
2024-10-16,10:55:00,HOLD,MIDCPNIFTY24OCT12900PE,58.6,4878.0,Monitoring
2024-10-16,11:00:00,HOLD,MIDCPNIFTY24OCT12900PE,58.0,4950.0,Monitoring
2024-10-16,11:05:00,HOLD,MIDCPNIFTY24OCT12900PE,58.5,4890.0,Monitoring
2024-10-16,11:10:00,HOLD,MIDCPNIFTY24OCT12900PE,58.5,4890.0,Monitoring
2024-10-16,11:15:00,HOLD,MIDCPNIFTY24OCT12900PE,58.5,4890.0,Monitoring
2024-10-16,11:20:00,HOLD,MIDCPNIFTY24OCT12900PE,58.5,4890.0,Monitoring
2024-10-16,11:25:00,HOLD,MIDCPNIFTY24OCT12900PE,60.75,4620.0,Monitoring
2024-10-16,11:30:00,HOLD,MIDCPNIFTY24OCT12900PE,67.1,3858.0,Monitoring
2024-10-16,11:35:00,HOLD,MIDCPNIFTY24OCT12900PE,67.1,3858.0,Monitoring
2024-10-16,11:40:00,HOLD,MIDCPNIFTY24OCT12900PE,72.25,3240.0,Monitoring
2024-10-16,11:45:00,HOLD,MIDCPNIFTY24OCT12900PE,72.2,3246.0,Monitoring
2024-10-16,11:50:00,HOLD,MIDCPNIFTY24OCT12900PE,69.0,3630.0,Monitoring
2024-10-16,11:55:00,HOLD,MIDCPNIFTY24OCT12900PE,64.0,4230.0,Monitoring
2024-10-16,12:00:00,HOLD,MIDCPNIFTY24OCT12900PE,64.0,4230.0,Monitoring
2024-10-16,12:05:00,HOLD,MIDCPNIFTY24OCT12900PE,64.0,4230.0,Monitoring
2024-10-16,12:10:00,HOLD,MIDCPNIFTY24OCT12900PE,64.0,4230.0,Monitoring
2024-10-16,12:15:00,HOLD,MIDCPNIFTY24OCT12900PE,65.0,4110.0,Monitoring
2024-10-16,12:20:00,HOLD,MIDCPNIFTY24OCT12900PE,65.0,4110.0,Monitoring
2024-10-16,12:25:00,HOLD,MIDCPNIFTY24OCT12900PE,65.0,4110.0,Monitoring
2024-10-16,12:30:00,HOLD,MIDCPNIFTY24OCT12900PE,65.0,4110.0,Monitoring
2024-10-16,12:35:00,HOLD,MIDCPNIFTY24OCT12900PE,65.0,4110.0,Monitoring
2024-10-16,12:40:00,HOLD,MIDCPNIFTY24OCT12900PE,65.0,4110.0,Monitoring
2024-10-16,12:45:00,HOLD,MIDCPNIFTY24OCT12900PE,65.0,4110.0,Monitoring
2024-10-16,12:50:00,HOLD,MIDCPNIFTY24OCT12900PE,69.2,3606.0,Monitoring
2024-10-16,12:55:00,HOLD,MIDCPNIFTY24OCT12900PE,69.3,3594.0,Monitoring
2024-10-16,13:00:00,HOLD,MIDCPNIFTY24OCT12900PE,65.0,4110.0,Monitoring
2024-10-16,13:05:00,HOLD,MIDCPNIFTY24OCT12900PE,65.0,4110.0,Monitoring
2024-10-16,13:10:00,HOLD,MIDCPNIFTY24OCT12900PE,63.0,4350.0,Monitoring
2024-10-16,13:15:00,HOLD,MIDCPNIFTY24OCT12900PE,62.65,4392.0,Monitoring
2024-10-16,13:20:00,HOLD,MIDCPNIFTY24OCT12900PE,60.05,4704.0,Monitoring
2024-10-16,13:25:00,HOLD,MIDCPNIFTY24OCT12900PE,63.1,4338.0,Monitoring
2024-10-16,13:30:00,HOLD,MIDCPNIFTY24OCT12900PE,63.65,4272.0,Monitoring
2024-10-16,13:35:00,HOLD,MIDCPNIFTY24OCT12900PE,63.65,4272.0,Monitoring
2024-10-16,13:40:00,HOLD,MIDCPNIFTY24OCT12900PE,63.65,4272.0,Monitoring
2024-10-16,13:45:00,HOLD,MIDCPNIFTY24OCT12900PE,63.0,4350.0,Monitoring
2024-10-16,13:50:00,HOLD,MIDCPNIFTY24OCT12900PE,63.0,4350.0,Monitoring
2024-10-16,13:55:00,HOLD,MIDCPNIFTY24OCT12900PE,63.0,4350.0,Monitoring
2024-10-16,14:00:00,HOLD,MIDCPNIFTY24OCT12900PE,63.0,4350.0,Monitoring
2024-10-16,14:05:00,HOLD,MIDCPNIFTY24OCT12900PE,59.1,4818.0,Monitoring
2024-10-16,14:10:00,HOLD,MIDCPNIFTY24OCT12900PE,56.1,5178.0,Monitoring
2024-10-16,14:15:00,HOLD,MIDCPNIFTY24OCT12900PE,57.6,4998.0,Monitoring
2024-10-16,14:20:00,HOLD,MIDCPNIFTY24OCT12900PE,57.6,4998.0,Monitoring
2024-10-16,14:25:00,HOLD,MIDCPNIFTY24OCT12900PE,54.0,5430.0,Monitoring
2024-10-16,14:30:00,HOLD,MIDCPNIFTY24OCT12900PE,53.8,5454.0,Monitoring
2024-10-16,14:35:00,HOLD,MIDCPNIFTY24OCT12900PE,54.0,5430.0,Monitoring
2024-10-16,14:40:00,HOLD,MIDCPNIFTY24OCT12900PE,55.7,5226.0,Monitoring
2024-10-16,14:45:00,HOLD,MIDCPNIFTY24OCT12900PE,55.7,5226.0,Monitoring
2024-10-16,14:50:00,HOLD,MIDCPNIFTY24OCT12900PE,57.2,5046.0,Monitoring
2024-10-16,14:55:00,HOLD,MIDCPNIFTY24OCT12900PE,57.7,4986.0,Monitoring
2024-10-16,15:00:00,HOLD,MIDCPNIFTY24OCT12900PE,52.25,5640.0,Monitoring
2024-10-16,15:05:00,HOLD,MIDCPNIFTY24OCT12900PE,54.0,5430.0,Monitoring
2024-10-16,15:10:00,HOLD,MIDCPNIFTY24OCT12900PE,54.0,5430.0,Monitoring
2024-10-16,15:15:00,HOLD,MIDCPNIFTY24OCT12900PE,54.25,5400.0,Monitoring
2024-10-16,15:20:00,HOLD,MIDCPNIFTY24OCT12900PE,57.0,5070.0,Monitoring
2024-10-16,15:25:00,HOLD,MIDCPNIFTY24OCT12900PE,59.0,4830.0,Monitoring
2024-10-17,09:15:00,HOLD,MIDCPNIFTY24OCT12900PE,62.0,4470.0,Monitoring
2024-10-17,09:20:00,HOLD,MIDCPNIFTY24OCT12900PE,62.9,4362.0,Monitoring
2024-10-17,09:25:00,HOLD,MIDCPNIFTY24OCT12900PE,71.25,3360.0,Monitoring
2024-10-17,09:30:00,HOLD,MIDCPNIFTY24OCT12900PE,69.0,3630.0,Monitoring
2024-10-17,09:35:00,HOLD,MIDCPNIFTY24OCT12900PE,72.15,3252.0,Monitoring
2024-10-17,09:40:00,HOLD,MIDCPNIFTY24OCT12900PE,82.0,2070.0,Monitoring
2024-10-17,09:40:00,BUY_EXIT,MIDCPNIFTY24OCT12900PE,82.0,2070.0,EMA_REVERSAL_SL
