Date,Time,Event,Ticker,Price,PnL_INR,Info
2025-11-11,14:00:00,SELL_ENTRY,MIDCPNIFTY25NOV13500PE,108.65,0.0,Signal PE | Short
2025-11-11,14:05:00,HOLD,MIDCPNIFTY25NOV13500PE,109.0,-42.0,Monitoring
2025-11-11,14:10:00,HOLD,MIDCPNIFTY25NOV13500PE,109.8,-138.0,Monitoring
2025-11-11,14:15:00,HOLD,MIDCPNIFTY25NOV13500PE,106.6,246.0,Monitoring
2025-11-11,14:20:00,HOLD,MIDCPNIFTY25NOV13500PE,106.2,294.0,Monitoring
2025-11-11,14:25:00,HOLD,MIDCPNIFTY25NOV13500PE,105.1,426.0,Monitoring
2025-11-11,14:30:00,HOLD,MIDCPNIFTY25NOV13500PE,97.5,1338.0,Monitoring
2025-11-11,14:35:00,HOLD,MIDCPNIFTY25NOV13500PE,98.7,1194.0,Monitoring
2025-11-11,14:40:00,HOLD,MIDCPNIFTY25NOV13500PE,99.8,1062.0,Monitoring
2025-11-11,14:45:00,HOLD,MIDCPNIFTY25NOV13500PE,96.15,1500.0,Monitoring
2025-11-11,14:50:00,HOLD,MIDCPNIFTY25NOV13500PE,95.35,1596.0,Monitoring
2025-11-11,14:55:00,HOLD,MIDCPNIFTY25NOV13500PE,94.7,1674.0,Monitoring
2025-11-11,15:00:00,HOLD,MIDCPNIFTY25NOV13500PE,95.65,1560.0,Monitoring
2025-11-11,15:05:00,HOLD,MIDCPNIFTY25NOV13500PE,96.45,1464.0,Monitoring
2025-11-11,15:10:00,HOLD,MIDCPNIFTY25NOV13500PE,94.3,1722.0,Monitoring
2025-11-11,15:15:00,HOLD,MIDCPNIFTY25NOV13500PE,90.2,2214.0,Monitoring
2025-11-11,15:20:00,HOLD,MIDCPNIFTY25NOV13500PE,89.5,2298.0,Monitoring
2025-11-11,15:25:00,HOLD,MIDCPNIFTY25NOV13500PE,88.7,2394.0,Monitoring
2025-11-12,09:15:00,HOLD,MIDCPNIFTY25NOV13500PE,69.35,4716.0,Monitoring
2025-11-12,09:20:00,HOLD,MIDCPNIFTY25NOV13500PE,62.0,5598.0,Monitoring
2025-11-12,09:25:00,HOLD,MIDCPNIFTY25NOV13500PE,61.45,5664.0,Monitoring
2025-11-12,09:30:00,HOLD,MIDCPNIFTY25NOV13500PE,61.2,5694.0,Monitoring
2025-11-12,09:35:00,HOLD,MIDCPNIFTY25NOV13500PE,58.45,6024.0,Monitoring
2025-11-12,09:40:00,HOLD,MIDCPNIFTY25NOV13500PE,57.3,6162.0,Monitoring
2025-11-12,09:45:00,HOLD,MIDCPNIFTY25NOV13500PE,53.1,6666.0,Monitoring
2025-11-12,09:50:00,HOLD,MIDCPNIFTY25NOV13500PE,53.6,6606.0,Monitoring
2025-11-12,09:55:00,HOLD,MIDCPNIFTY25NOV13500PE,53.15,6660.0,Monitoring
2025-11-12,10:00:00,HOLD,MIDCPNIFTY25NOV13500PE,54.8,6462.0,Monitoring
2025-11-12,10:05:00,HOLD,MIDCPNIFTY25NOV13500PE,56.0,6318.0,Monitoring
2025-11-12,10:10:00,HOLD,MIDCPNIFTY25NOV13500PE,56.5,6258.0,Monitoring
2025-11-12,10:15:00,HOLD,MIDCPNIFTY25NOV13500PE,57.1,6186.0,Monitoring
2025-11-12,10:20:00,HOLD,MIDCPNIFTY25NOV13500PE,57.7,6114.0,Monitoring
2025-11-12,10:25:00,HOLD,MIDCPNIFTY25NOV13500PE,57.15,6180.0,Monitoring
2025-11-12,10:30:00,HOLD,MIDCPNIFTY25NOV13500PE,56.65,6240.0,Monitoring
2025-11-12,10:35:00,HOLD,MIDCPNIFTY25NOV13500PE,55.15,6420.0,Monitoring
2025-11-12,10:40:00,HOLD,MIDCPNIFTY25NOV13500PE,55.55,6372.0,Monitoring
2025-11-12,10:45:00,HOLD,MIDCPNIFTY25NOV13500PE,56.0,6318.0,Monitoring
2025-11-12,10:50:00,HOLD,MIDCPNIFTY25NOV13500PE,55.4,6390.0,Monitoring
2025-11-12,10:55:00,HOLD,MIDCPNIFTY25NOV13500PE,57.0,6198.0,Monitoring
2025-11-12,11:00:00,HOLD,MIDCPNIFTY25NOV13500PE,56.2,6294.0,Monitoring
2025-11-12,11:05:00,HOLD,MIDCPNIFTY25NOV13500PE,57.6,6126.0,Monitoring
2025-11-12,11:10:00,HOLD,MIDCPNIFTY25NOV13500PE,58.05,6072.0,Monitoring
2025-11-12,11:15:00,HOLD,MIDCPNIFTY25NOV13500PE,57.25,6168.0,Monitoring
2025-11-12,11:20:00,HOLD,MIDCPNIFTY25NOV13500PE,56.85,6216.0,Monitoring
2025-11-12,11:25:00,HOLD,MIDCPNIFTY25NOV13500PE,57.05,6192.0,Monitoring
2025-11-12,11:30:00,HOLD,MIDCPNIFTY25NOV13500PE,55.85,6336.0,Monitoring
2025-11-12,11:35:00,HOLD,MIDCPNIFTY25NOV13500PE,56.85,6216.0,Monitoring
2025-11-12,11:40:00,HOLD,MIDCPNIFTY25NOV13500PE,54.0,6558.0,Monitoring
2025-11-12,11:45:00,HOLD,MIDCPNIFTY25NOV13500PE,52.5,6738.0,Monitoring
2025-11-12,11:50:00,HOLD,MIDCPNIFTY25NOV13500PE,51.85,6816.0,Monitoring
2025-11-12,11:55:00,HOLD,MIDCPNIFTY25NOV13500PE,50.2,7014.0,Monitoring
2025-11-12,12:00:00,HOLD,MIDCPNIFTY25NOV13500PE,49.75,7068.0,Monitoring
2025-11-12,12:05:00,HOLD,MIDCPNIFTY25NOV13500PE,50.05,7032.0,Monitoring
2025-11-12,12:10:00,HOLD,MIDCPNIFTY25NOV13500PE,50.95,6924.0,Monitoring
2025-11-12,12:15:00,HOLD,MIDCPNIFTY25NOV13500PE,50.95,6924.0,Monitoring
2025-11-12,12:20:00,HOLD,MIDCPNIFTY25NOV13500PE,52.0,6798.0,Monitoring
2025-11-12,12:25:00,HOLD,MIDCPNIFTY25NOV13500PE,50.85,6936.0,Monitoring
2025-11-12,12:30:00,HOLD,MIDCPNIFTY25NOV13500PE,48.8,7182.0,Monitoring
2025-11-12,12:35:00,HOLD,MIDCPNIFTY25NOV13500PE,46.6,7446.0,Monitoring
2025-11-12,12:40:00,HOLD,MIDCPNIFTY25NOV13500PE,46.0,7518.0,Monitoring
2025-11-12,12:45:00,HOLD,MIDCPNIFTY25NOV13500PE,44.7,7674.0,Monitoring
2025-11-12,12:50:00,HOLD,MIDCPNIFTY25NOV13500PE,46.9,7410.0,Monitoring
2025-11-12,12:55:00,HOLD,MIDCPNIFTY25NOV13500PE,47.0,7398.0,Monitoring
2025-11-12,13:00:00,HOLD,MIDCPNIFTY25NOV13500PE,45.9,7530.0,Monitoring
2025-11-12,13:05:00,HOLD,MIDCPNIFTY25NOV13500PE,44.5,7698.0,Monitoring
2025-11-12,13:10:00,HOLD,MIDCPNIFTY25NOV13500PE,45.4,7590.0,Monitoring
2025-11-12,13:15:00,HOLD,MIDCPNIFTY25NOV13500PE,44.55,7692.0,Monitoring
2025-11-12,13:20:00,HOLD,MIDCPNIFTY25NOV13500PE,44.95,7644.0,Monitoring
2025-11-12,13:25:00,HOLD,MIDCPNIFTY25NOV13500PE,44.85,7656.0,Monitoring
2025-11-12,13:30:00,HOLD,MIDCPNIFTY25NOV13500PE,43.5,7818.0,Monitoring
2025-11-12,13:35:00,HOLD,MIDCPNIFTY25NOV13500PE,43.8,7782.0,Monitoring
2025-11-12,13:40:00,HOLD,MIDCPNIFTY25NOV13500PE,42.7,7914.0,Monitoring
2025-11-12,13:45:00,HOLD,MIDCPNIFTY25NOV13500PE,42.65,7920.0,Monitoring
2025-11-12,13:50:00,HOLD,MIDCPNIFTY25NOV13500PE,44.15,7740.0,Monitoring
2025-11-12,13:55:00,HOLD,MIDCPNIFTY25NOV13500PE,44.8,7662.0,Monitoring
2025-11-12,14:00:00,HOLD,MIDCPNIFTY25NOV13500PE,45.5,7578.0,Monitoring
2025-11-12,14:05:00,HOLD,MIDCPNIFTY25NOV13500PE,46.8,7422.0,Monitoring
2025-11-12,14:10:00,HOLD,MIDCPNIFTY25NOV13500PE,47.25,7368.0,Monitoring
2025-11-12,14:15:00,HOLD,MIDCPNIFTY25NOV13500PE,47.4,7350.0,Monitoring
2025-11-12,14:20:00,HOLD,MIDCPNIFTY25NOV13500PE,48.0,7278.0,Monitoring
2025-11-12,14:25:00,HOLD,MIDCPNIFTY25NOV13500PE,49.95,7044.0,Monitoring
2025-11-12,14:30:00,HOLD,MIDCPNIFTY25NOV13500PE,49.35,7116.0,Monitoring
2025-11-12,14:35:00,HOLD,MIDCPNIFTY25NOV13500PE,49.7,7074.0,Monitoring
2025-11-12,14:40:00,HOLD,MIDCPNIFTY25NOV13500PE,51.0,6918.0,Monitoring
2025-11-12,14:45:00,HOLD,MIDCPNIFTY25NOV13500PE,47.6,7326.0,Monitoring
2025-11-12,14:50:00,HOLD,MIDCPNIFTY25NOV13500PE,44.0,7758.0,Monitoring
2025-11-12,14:55:00,HOLD,MIDCPNIFTY25NOV13500PE,44.5,7698.0,Monitoring
2025-11-12,15:00:00,HOLD,MIDCPNIFTY25NOV13500PE,44.6,7686.0,Monitoring
2025-11-12,15:05:00,HOLD,MIDCPNIFTY25NOV13500PE,41.25,8088.0,Monitoring
2025-11-12,15:10:00,HOLD,MIDCPNIFTY25NOV13500PE,42.8,7902.0,Monitoring
2025-11-12,15:15:00,HOLD,MIDCPNIFTY25NOV13500PE,43.3,7842.0,Monitoring
2025-11-12,15:20:00,HOLD,MIDCPNIFTY25NOV13500PE,45.05,7632.0,Monitoring
2025-11-12,15:25:00,HOLD,MIDCPNIFTY25NOV13500PE,49.8,7062.0,Monitoring
2025-11-13,09:15:00,HOLD,MIDCPNIFTY25NOV13500PE,50.5,6978.0,Monitoring
2025-11-13,09:20:00,HOLD,MIDCPNIFTY25NOV13500PE,46.25,7488.0,Monitoring
2025-11-13,09:25:00,HOLD,MIDCPNIFTY25NOV13500PE,42.3,7962.0,Monitoring
2025-11-13,09:30:00,HOLD,MIDCPNIFTY25NOV13500PE,43.3,7842.0,Monitoring
2025-11-13,09:35:00,HOLD,MIDCPNIFTY25NOV13500PE,43.65,7800.0,Monitoring
2025-11-13,09:40:00,HOLD,MIDCPNIFTY25NOV13500PE,44.45,7704.0,Monitoring
2025-11-13,09:45:00,HOLD,MIDCPNIFTY25NOV13500PE,39.65,8280.0,Monitoring
2025-11-13,09:50:00,HOLD,MIDCPNIFTY25NOV13500PE,40.6,8166.0,Monitoring
2025-11-13,09:55:00,HOLD,MIDCPNIFTY25NOV13500PE,39.75,8268.0,Monitoring
2025-11-13,10:00:00,HOLD,MIDCPNIFTY25NOV13500PE,39.95,8244.0,Monitoring
2025-11-13,10:05:00,HOLD,MIDCPNIFTY25NOV13500PE,40.0,8238.0,Monitoring
2025-11-13,10:10:00,HOLD,MIDCPNIFTY25NOV13500PE,41.0,8118.0,Monitoring
2025-11-13,10:15:00,HOLD,MIDCPNIFTY25NOV13500PE,40.45,8184.0,Monitoring
2025-11-13,10:20:00,HOLD,MIDCPNIFTY25NOV13500PE,39.85,8256.0,Monitoring
2025-11-13,10:25:00,HOLD,MIDCPNIFTY25NOV13500PE,38.4,8430.0,Monitoring
2025-11-13,10:30:00,HOLD,MIDCPNIFTY25NOV13500PE,37.3,8562.0,Monitoring
2025-11-13,10:35:00,HOLD,MIDCPNIFTY25NOV13500PE,36.05,8712.0,Monitoring
2025-11-13,10:40:00,HOLD,MIDCPNIFTY25NOV13500PE,36.25,8688.0,Monitoring
2025-11-13,10:45:00,HOLD,MIDCPNIFTY25NOV13500PE,35.75,8748.0,Monitoring
2025-11-13,10:50:00,HOLD,MIDCPNIFTY25NOV13500PE,35.45,8784.0,Monitoring
2025-11-13,10:55:00,HOLD,MIDCPNIFTY25NOV13500PE,35.7,8754.0,Monitoring
2025-11-13,11:00:00,HOLD,MIDCPNIFTY25NOV13500PE,36.4,8670.0,Monitoring
2025-11-13,11:05:00,HOLD,MIDCPNIFTY25NOV13500PE,35.85,8736.0,Monitoring
2025-11-13,11:10:00,HOLD,MIDCPNIFTY25NOV13500PE,37.75,8508.0,Monitoring
2025-11-13,11:15:00,HOLD,MIDCPNIFTY25NOV13500PE,37.05,8592.0,Monitoring
2025-11-13,11:20:00,HOLD,MIDCPNIFTY25NOV13500PE,37.8,8502.0,Monitoring
2025-11-13,11:25:00,HOLD,MIDCPNIFTY25NOV13500PE,37.3,8562.0,Monitoring
2025-11-13,11:30:00,HOLD,MIDCPNIFTY25NOV13500PE,36.35,8676.0,Monitoring
2025-11-13,11:35:00,HOLD,MIDCPNIFTY25NOV13500PE,35.35,8796.0,Monitoring
2025-11-13,11:40:00,HOLD,MIDCPNIFTY25NOV13500PE,36.65,8640.0,Monitoring
2025-11-13,11:45:00,HOLD,MIDCPNIFTY25NOV13500PE,37.35,8556.0,Monitoring
2025-11-13,11:50:00,HOLD,MIDCPNIFTY25NOV13500PE,36.9,8610.0,Monitoring
2025-11-13,11:55:00,HOLD,MIDCPNIFTY25NOV13500PE,36.75,8628.0,Monitoring
2025-11-13,12:00:00,HOLD,MIDCPNIFTY25NOV13500PE,37.45,8544.0,Monitoring
2025-11-13,12:05:00,HOLD,MIDCPNIFTY25NOV13500PE,35.75,8748.0,Monitoring
2025-11-13,12:10:00,HOLD,MIDCPNIFTY25NOV13500PE,37.65,8520.0,Monitoring
2025-11-13,12:15:00,HOLD,MIDCPNIFTY25NOV13500PE,38.5,8418.0,Monitoring
2025-11-13,12:20:00,HOLD,MIDCPNIFTY25NOV13500PE,38.65,8400.0,Monitoring
2025-11-13,12:25:00,HOLD,MIDCPNIFTY25NOV13500PE,38.2,8454.0,Monitoring
2025-11-13,12:30:00,HOLD,MIDCPNIFTY25NOV13500PE,41.45,8064.0,Monitoring
2025-11-13,12:35:00,HOLD,MIDCPNIFTY25NOV13500PE,41.2,8094.0,Monitoring
2025-11-13,12:40:00,HOLD,MIDCPNIFTY25NOV13500PE,42.9,7890.0,Monitoring
2025-11-13,12:45:00,HOLD,MIDCPNIFTY25NOV13500PE,42.45,7944.0,Monitoring
2025-11-13,12:50:00,HOLD,MIDCPNIFTY25NOV13500PE,44.0,7758.0,Monitoring
2025-11-13,12:55:00,HOLD,MIDCPNIFTY25NOV13500PE,41.65,8040.0,Monitoring
2025-11-13,13:00:00,HOLD,MIDCPNIFTY25NOV13500PE,40.35,8196.0,Monitoring
2025-11-13,13:05:00,HOLD,MIDCPNIFTY25NOV13500PE,41.8,8022.0,Monitoring
2025-11-13,13:10:00,HOLD,MIDCPNIFTY25NOV13500PE,42.0,7998.0,Monitoring
2025-11-13,13:15:00,HOLD,MIDCPNIFTY25NOV13500PE,42.65,7920.0,Monitoring
2025-11-13,13:20:00,HOLD,MIDCPNIFTY25NOV13500PE,42.05,7992.0,Monitoring
2025-11-13,13:25:00,HOLD,MIDCPNIFTY25NOV13500PE,42.05,7992.0,Monitoring
2025-11-13,13:30:00,HOLD,MIDCPNIFTY25NOV13500PE,42.85,7896.0,Monitoring
2025-11-13,13:35:00,HOLD,MIDCPNIFTY25NOV13500PE,40.95,8124.0,Monitoring
2025-11-13,13:40:00,HOLD,MIDCPNIFTY25NOV13500PE,40.5,8178.0,Monitoring
2025-11-13,13:45:00,HOLD,MIDCPNIFTY25NOV13500PE,42.85,7896.0,Monitoring
2025-11-13,13:50:00,HOLD,MIDCPNIFTY25NOV13500PE,44.05,7752.0,Monitoring
2025-11-13,13:55:00,HOLD,MIDCPNIFTY25NOV13500PE,47.45,7344.0,Monitoring
2025-11-13,14:00:00,HOLD,MIDCPNIFTY25NOV13500PE,48.45,7224.0,Monitoring
2025-11-13,14:05:00,HOLD,MIDCPNIFTY25NOV13500PE,51.0,6918.0,Monitoring
2025-11-13,14:05:00,BUY_EXIT,MIDCPNIFTY25NOV13500PE,51.0,6918.0,EMA_REVERSAL_SL
