Date,Time,Event,Ticker,Price,PnL_INR,Info
2025-07-24,14:00:00,SELL_ENTRY,MIDCPNIFTY25JUL13300CE,55.2,0.0,Signal CE | Short
2025-07-24,14:05:00,HOLD,MIDCPNIFTY25JUL13300CE,55.1,12.0,Monitoring
2025-07-24,14:10:00,HOLD,MIDCPNIFTY25JUL13300CE,55.3,-12.0,Monitoring
2025-07-24,14:15:00,HOLD,MIDCPNIFTY25JUL13300CE,56.1,-108.0,Monitoring
2025-07-24,14:20:00,HOLD,MIDCPNIFTY25JUL13300CE,53.1,252.0,Monitoring
2025-07-24,14:25:00,HOLD,MIDCPNIFTY25JUL13300CE,52.2,360.0,Monitoring
2025-07-24,14:30:00,HOLD,MIDCPNIFTY25JUL13300CE,53.35,222.0,Monitoring
2025-07-24,14:35:00,HOLD,MIDCPNIFTY25JUL13300CE,52.95,270.0,Monitoring
2025-07-24,14:40:00,HOLD,MIDCPNIFTY25JUL13300CE,48.8,768.0,Monitoring
2025-07-24,14:45:00,HOLD,MIDCPNIFTY25JUL13300CE,50.85,522.0,Monitoring
2025-07-24,14:50:00,HOLD,MIDCPNIFTY25JUL13300CE,49.25,714.0,Monitoring
2025-07-24,14:55:00,HOLD,MIDCPNIFTY25JUL13300CE,45.6,1152.0,Monitoring
2025-07-24,15:00:00,HOLD,MIDCPNIFTY25JUL13300CE,49.85,642.0,Monitoring
2025-07-24,15:05:00,HOLD,MIDCPNIFTY25JUL13300CE,49.15,726.0,Monitoring
2025-07-24,15:10:00,HOLD,MIDCPNIFTY25JUL13300CE,46.3,1068.0,Monitoring
2025-07-24,15:15:00,HOLD,MIDCPNIFTY25JUL13300CE,46.5,1044.0,Monitoring
2025-07-24,15:20:00,HOLD,MIDCPNIFTY25JUL13300CE,45.2,1200.0,Monitoring
2025-07-24,15:25:00,HOLD,MIDCPNIFTY25JUL13300CE,45.95,1110.0,Monitoring
2025-07-25,09:15:00,HOLD,MIDCPNIFTY25JUL13300CE,36.4,2256.0,Monitoring
2025-07-25,09:20:00,HOLD,MIDCPNIFTY25JUL13300CE,33.3,2628.0,Monitoring
2025-07-25,09:25:00,HOLD,MIDCPNIFTY25JUL13300CE,41.5,1644.0,Monitoring
2025-07-25,09:30:00,HOLD,MIDCPNIFTY25JUL13300CE,38.55,1998.0,Monitoring
2025-07-25,09:35:00,HOLD,MIDCPNIFTY25JUL13300CE,41.65,1626.0,Monitoring
2025-07-25,09:40:00,HOLD,MIDCPNIFTY25JUL13300CE,35.05,2418.0,Monitoring
2025-07-25,09:45:00,HOLD,MIDCPNIFTY25JUL13300CE,32.9,2676.0,Monitoring
2025-07-25,09:50:00,HOLD,MIDCPNIFTY25JUL13300CE,33.1,2652.0,Monitoring
2025-07-25,09:55:00,HOLD,MIDCPNIFTY25JUL13300CE,34.2,2520.0,Monitoring
2025-07-25,10:00:00,HOLD,MIDCPNIFTY25JUL13300CE,33.1,2652.0,Monitoring
2025-07-25,10:05:00,HOLD,MIDCPNIFTY25JUL13300CE,29.4,3096.0,Monitoring
2025-07-25,10:05:00,BUY_EXIT,MIDCPNIFTY25JUL13300CE,29.4,3096.0,TARGET_LTP_30
