Date,Time,Event,Ticker,Price,PnL_INR,Info
2025-10-13,14:00:00,SELL_ENTRY,MIDCPNIFTY25OCT13100PE,123.0,0.0,Signal PE | Short
2025-10-13,14:05:00,HOLD,MIDCPNIFTY25OCT13100PE,118.8,504.0,Monitoring
2025-10-13,14:10:00,HOLD,MIDCPNIFTY25OCT13100PE,120.55,294.0,Monitoring
2025-10-13,14:15:00,HOLD,MIDCPNIFTY25OCT13100PE,118.25,570.0,Monitoring
2025-10-13,14:20:00,HOLD,MIDCPNIFTY25OCT13100PE,111.1,1428.0,Monitoring
2025-10-13,14:25:00,HOLD,MIDCPNIFTY25OCT13100PE,111.7,1356.0,Monitoring
2025-10-13,14:30:00,HOLD,MIDCPNIFTY25OCT13100PE,113.2,1176.0,Monitoring
2025-10-13,14:35:00,HOLD,MIDCPNIFTY25OCT13100PE,112.05,1314.0,Monitoring
2025-10-13,14:40:00,HOLD,MIDCPNIFTY25OCT13100PE,116.2,816.0,Monitoring
2025-10-13,14:45:00,HOLD,MIDCPNIFTY25OCT13100PE,114.4,1032.0,Monitoring
2025-10-13,14:50:00,HOLD,MIDCPNIFTY25OCT13100PE,110.25,1530.0,Monitoring
2025-10-13,14:55:00,HOLD,MIDCPNIFTY25OCT13100PE,109.6,1608.0,Monitoring
2025-10-13,15:00:00,HOLD,MIDCPNIFTY25OCT13100PE,112.6,1248.0,Monitoring
2025-10-13,15:05:00,HOLD,MIDCPNIFTY25OCT13100PE,104.05,2274.0,Monitoring
2025-10-13,15:10:00,HOLD,MIDCPNIFTY25OCT13100PE,103.0,2400.0,Monitoring
2025-10-13,15:15:00,HOLD,MIDCPNIFTY25OCT13100PE,104.0,2280.0,Monitoring
2025-10-13,15:20:00,HOLD,MIDCPNIFTY25OCT13100PE,105.0,2160.0,Monitoring
2025-10-13,15:25:00,HOLD,MIDCPNIFTY25OCT13100PE,101.3,2604.0,Monitoring
2025-10-14,09:15:00,HOLD,MIDCPNIFTY25OCT13100PE,88.75,4110.0,Monitoring
2025-10-14,09:20:00,HOLD,MIDCPNIFTY25OCT13100PE,92.95,3606.0,Monitoring
2025-10-14,09:25:00,HOLD,MIDCPNIFTY25OCT13100PE,93.6,3528.0,Monitoring
2025-10-14,09:30:00,HOLD,MIDCPNIFTY25OCT13100PE,92.45,3666.0,Monitoring
2025-10-14,09:35:00,HOLD,MIDCPNIFTY25OCT13100PE,105.6,2088.0,Monitoring
2025-10-14,09:40:00,HOLD,MIDCPNIFTY25OCT13100PE,111.3,1404.0,Monitoring
2025-10-14,09:45:00,HOLD,MIDCPNIFTY25OCT13100PE,106.35,1998.0,Monitoring
2025-10-14,09:50:00,HOLD,MIDCPNIFTY25OCT13100PE,110.6,1488.0,Monitoring
2025-10-14,09:55:00,HOLD,MIDCPNIFTY25OCT13100PE,120.35,318.0,Monitoring
2025-10-14,10:00:00,HOLD,MIDCPNIFTY25OCT13100PE,128.65,-678.0,Monitoring
2025-10-14,10:05:00,HOLD,MIDCPNIFTY25OCT13100PE,136.0,-1560.0,Monitoring
2025-10-14,10:10:00,HOLD,MIDCPNIFTY25OCT13100PE,144.65,-2598.0,Monitoring
2025-10-14,10:15:00,HOLD,MIDCPNIFTY25OCT13100PE,148.0,-3000.0,Monitoring
2025-10-14,10:20:00,HOLD,MIDCPNIFTY25OCT13100PE,133.0,-1200.0,Monitoring
2025-10-14,10:25:00,HOLD,MIDCPNIFTY25OCT13100PE,133.25,-1230.0,Monitoring
2025-10-14,10:30:00,HOLD,MIDCPNIFTY25OCT13100PE,132.9,-1188.0,Monitoring
2025-10-14,10:35:00,HOLD,MIDCPNIFTY25OCT13100PE,135.7,-1524.0,Monitoring
2025-10-14,10:40:00,HOLD,MIDCPNIFTY25OCT13100PE,135.35,-1482.0,Monitoring
2025-10-14,10:45:00,HOLD,MIDCPNIFTY25OCT13100PE,136.05,-1566.0,Monitoring
2025-10-14,10:50:00,HOLD,MIDCPNIFTY25OCT13100PE,137.4,-1728.0,Monitoring
2025-10-14,10:55:00,HOLD,MIDCPNIFTY25OCT13100PE,135.5,-1500.0,Monitoring
2025-10-14,10:55:00,BUY_EXIT,MIDCPNIFTY25OCT13100PE,135.5,-1500.0,EMA_REVERSAL_SL
