Date,Time,Event,Ticker,Price,PnL_INR,Info
2025-05-22,14:25:00,SELL_ENTRY,MIDCPNIFTY25MAY12600CE,102.0,0.0,Signal CE | Short
2025-05-22,14:30:00,HOLD,MIDCPNIFTY25MAY12600CE,101.0,120.0,Monitoring
2025-05-22,14:35:00,HOLD,MIDCPNIFTY25MAY12600CE,104.15,-258.0,Monitoring
2025-05-22,14:40:00,HOLD,MIDCPNIFTY25MAY12600CE,107.05,-606.0,Monitoring
2025-05-22,14:45:00,HOLD,MIDCPNIFTY25MAY12600CE,110.1,-972.0,Monitoring
2025-05-22,14:50:00,HOLD,MIDCPNIFTY25MAY12600CE,112.6,-1272.0,Monitoring
2025-05-22,14:55:00,HOLD,MIDCPNIFTY25MAY12600CE,113.75,-1410.0,Monitoring
2025-05-22,15:00:00,HOLD,MIDCPNIFTY25MAY12600CE,108.45,-774.0,Monitoring
2025-05-22,15:05:00,HOLD,MIDCPNIFTY25MAY12600CE,118.4,-1968.0,Monitoring
2025-05-22,15:10:00,HOLD,MIDCPNIFTY25MAY12600CE,120.5,-2220.0,Monitoring
2025-05-22,15:15:00,HOLD,MIDCPNIFTY25MAY12600CE,123.3,-2556.0,Monitoring
2025-05-22,15:20:00,HOLD,MIDCPNIFTY25MAY12600CE,125.0,-2760.0,Monitoring
2025-05-22,15:25:00,HOLD,MIDCPNIFTY25MAY12600CE,124.0,-2640.0,Monitoring
2025-05-23,09:15:00,HOLD,MIDCPNIFTY25MAY12600CE,110.75,-1050.0,Monitoring
2025-05-23,09:20:00,HOLD,MIDCPNIFTY25MAY12600CE,127.5,-3060.0,Monitoring
2025-05-23,09:25:00,HOLD,MIDCPNIFTY25MAY12600CE,124.05,-2646.0,Monitoring
2025-05-23,09:30:00,HOLD,MIDCPNIFTY25MAY12600CE,131.9,-3588.0,Monitoring
2025-05-23,09:35:00,HOLD,MIDCPNIFTY25MAY12600CE,125.75,-2850.0,Monitoring
2025-05-23,09:40:00,HOLD,MIDCPNIFTY25MAY12600CE,126.9,-2988.0,Monitoring
2025-05-23,09:45:00,HOLD,MIDCPNIFTY25MAY12600CE,122.5,-2460.0,Monitoring
2025-05-23,09:50:00,HOLD,MIDCPNIFTY25MAY12600CE,128.3,-3156.0,Monitoring
2025-05-23,09:55:00,HOLD,MIDCPNIFTY25MAY12600CE,144.8,-5136.0,Monitoring
2025-05-23,10:00:00,HOLD,MIDCPNIFTY25MAY12600CE,156.0,-6480.0,Monitoring
2025-05-23,10:05:00,HOLD,MIDCPNIFTY25MAY12600CE,152.0,-6000.0,Monitoring
2025-05-23,10:10:00,HOLD,MIDCPNIFTY25MAY12600CE,150.5,-5820.0,Monitoring
2025-05-23,10:10:00,BUY_EXIT,MIDCPNIFTY25MAY12600CE,150.5,-5820.0,EMA_REVERSAL_SL
