Date,Time,Event,Ticker,Price,PnL_INR,Info
2024-11-28,14:00:00,SELL_ENTRY,MIDCPNIFTY24DEC12700CE,224.65,0.0,Signal CE | Short
2024-11-28,14:05:00,HOLD,MIDCPNIFTY24DEC12700CE,229.4,-570.0,Monitoring
2024-11-28,14:10:00,HOLD,MIDCPNIFTY24DEC12700CE,211.25,1608.0,Monitoring
2024-11-28,14:15:00,HOLD,MIDCPNIFTY24DEC12700CE,209.65,1800.0,Monitoring
2024-11-28,14:20:00,HOLD,MIDCPNIFTY24DEC12700CE,206.65,2160.0,Monitoring
2024-11-28,14:25:00,HOLD,MIDCPNIFTY24DEC12700CE,213.2,1374.0,Monitoring
2024-11-28,14:30:00,HOLD,MIDCPNIFTY24DEC12700CE,217.6,846.0,Monitoring
2024-11-28,14:35:00,HOLD,MIDCPNIFTY24DEC12700CE,210.0,1758.0,Monitoring
2024-11-28,14:40:00,HOLD,MIDCPNIFTY24DEC12700CE,213.85,1296.0,Monitoring
2024-11-28,14:45:00,HOLD,MIDCPNIFTY24DEC12700CE,215.95,1044.0,Monitoring
2024-11-28,14:50:00,HOLD,MIDCPNIFTY24DEC12700CE,220.2,534.0,Monitoring
2024-11-28,14:55:00,HOLD,MIDCPNIFTY24DEC12700CE,217.6,846.0,Monitoring
2024-11-28,15:00:00,HOLD,MIDCPNIFTY24DEC12700CE,209.15,1860.0,Monitoring
2024-11-28,15:05:00,HOLD,MIDCPNIFTY24DEC12700CE,208.9,1890.0,Monitoring
2024-11-28,15:10:00,HOLD,MIDCPNIFTY24DEC12700CE,207.55,2052.0,Monitoring
2024-11-28,15:15:00,HOLD,MIDCPNIFTY24DEC12700CE,213.1,1386.0,Monitoring
2024-11-28,15:20:00,HOLD,MIDCPNIFTY24DEC12700CE,216.9,930.0,Monitoring
2024-11-28,15:25:00,HOLD,MIDCPNIFTY24DEC12700CE,220.0,558.0,Monitoring
2024-11-29,09:15:00,HOLD,MIDCPNIFTY24DEC12700CE,221.6,366.0,Monitoring
2024-11-29,09:20:00,HOLD,MIDCPNIFTY24DEC12700CE,218.4,750.0,Monitoring
2024-11-29,09:25:00,HOLD,MIDCPNIFTY24DEC12700CE,236.35,-1404.0,Monitoring
2024-11-29,09:30:00,HOLD,MIDCPNIFTY24DEC12700CE,244.6,-2394.0,Monitoring
2024-11-29,09:35:00,HOLD,MIDCPNIFTY24DEC12700CE,243.9,-2310.0,Monitoring
2024-11-29,09:40:00,HOLD,MIDCPNIFTY24DEC12700CE,233.3,-1038.0,Monitoring
2024-11-29,09:45:00,HOLD,MIDCPNIFTY24DEC12700CE,243.0,-2202.0,Monitoring
2024-11-29,09:50:00,HOLD,MIDCPNIFTY24DEC12700CE,254.0,-3522.0,Monitoring
2024-11-29,09:55:00,HOLD,MIDCPNIFTY24DEC12700CE,246.0,-2562.0,Monitoring
2024-11-29,10:00:00,HOLD,MIDCPNIFTY24DEC12700CE,245.95,-2556.0,Monitoring
2024-11-29,10:00:00,BUY_EXIT,MIDCPNIFTY24DEC12700CE,245.95,-2556.0,EMA_REVERSAL_SL
