Date,Time,Event,Ticker,Price,PnL_INR,Info
2024-02-08,14:20:00,SELL_ENTRY,MIDCPNIFTY24FEB10900PE,164.1,0.0,Signal PE | Short
2024-02-08,14:25:00,HOLD,MIDCPNIFTY24FEB10900PE,164.1,0.0,Monitoring
2024-02-08,14:30:00,HOLD,MIDCPNIFTY24FEB10900PE,164.1,0.0,Monitoring
2024-02-08,14:35:00,HOLD,MIDCPNIFTY24FEB10900PE,164.1,0.0,Monitoring
2024-02-08,14:50:00,HOLD,MIDCPNIFTY24FEB10900PE,164.1,0.0,Monitoring
2024-02-08,14:55:00,HOLD,MIDCPNIFTY24FEB10900PE,164.1,0.0,Monitoring
2024-02-08,15:00:00,HOLD,MIDCPNIFTY24FEB10900PE,164.1,0.0,Monitoring
2024-02-08,15:05:00,HOLD,MIDCPNIFTY24FEB10900PE,164.1,0.0,Monitoring
2024-02-08,15:10:00,HOLD,MIDCPNIFTY24FEB10900PE,164.1,0.0,Monitoring
2024-02-08,15:15:00,HOLD,MIDCPNIFTY24FEB10900PE,164.1,0.0,Monitoring
2024-02-08,15:20:00,HOLD,MIDCPNIFTY24FEB10900PE,164.1,0.0,Monitoring
2024-02-08,15:25:00,HOLD,MIDCPNIFTY24FEB10900PE,164.1,0.0,Monitoring
2024-02-09,09:15:00,HOLD,MIDCPNIFTY24FEB10900PE,164.1,0.0,Monitoring
2024-02-09,09:20:00,HOLD,MIDCPNIFTY24FEB10900PE,164.1,0.0,Monitoring
2024-02-09,09:25:00,HOLD,MIDCPNIFTY24FEB10900PE,164.1,0.0,Monitoring
2024-02-09,09:30:00,HOLD,MIDCPNIFTY24FEB10900PE,164.1,0.0,Monitoring
2024-02-09,09:40:00,HOLD,MIDCPNIFTY24FEB10900PE,164.1,0.0,Monitoring
2024-02-09,09:45:00,HOLD,MIDCPNIFTY24FEB10900PE,225.0,-7308.0,Monitoring
2024-02-09,09:50:00,HOLD,MIDCPNIFTY24FEB10900PE,300.0,-16308.0,Monitoring
2024-02-09,09:55:00,HOLD,MIDCPNIFTY24FEB10900PE,299.0,-16188.0,Monitoring
2024-02-09,10:00:00,HOLD,MIDCPNIFTY24FEB10900PE,299.0,-16188.0,Monitoring
2024-02-09,10:05:00,HOLD,MIDCPNIFTY24FEB10900PE,299.0,-16188.0,Monitoring
2024-02-09,10:10:00,HOLD,MIDCPNIFTY24FEB10900PE,299.0,-16188.0,Monitoring
2024-02-09,10:15:00,HOLD,MIDCPNIFTY24FEB10900PE,299.0,-16188.0,Monitoring
2024-02-09,10:20:00,HOLD,MIDCPNIFTY24FEB10900PE,299.0,-16188.0,Monitoring
2024-02-09,10:25:00,HOLD,MIDCPNIFTY24FEB10900PE,299.0,-16188.0,Monitoring
2024-02-09,10:25:00,BUY_EXIT,MIDCPNIFTY24FEB10900PE,299.0,-16188.0,EMA_REVERSAL_SL
