Date,Time,Event,Ticker,Price,PnL_INR,Info
2024-04-23,14:25:00,SELL_ENTRY,MIDCPNIFTY24MAY10800CE,229.0,0.0,Signal CE | Short
2024-04-23,14:30:00,HOLD,MIDCPNIFTY24MAY10800CE,229.0,0.0,Monitoring
2024-04-23,14:35:00,HOLD,MIDCPNIFTY24MAY10800CE,229.0,0.0,Monitoring
2024-04-23,14:40:00,HOLD,MIDCPNIFTY24MAY10800CE,229.0,0.0,Monitoring
2024-04-23,15:10:00,HOLD,MIDCPNIFTY24MAY10800CE,229.0,0.0,Monitoring
2024-04-23,15:15:00,HOLD,MIDCPNIFTY24MAY10800CE,229.0,0.0,Monitoring
2024-04-23,15:20:00,HOLD,MIDCPNIFTY24MAY10800CE,229.0,0.0,Monitoring
2024-04-23,15:25:00,HOLD,MIDCPNIFTY24MAY10800CE,229.0,0.0,Monitoring
2024-04-24,15:10:00,HOLD,MIDCPNIFTY24MAY10800CE,229.0,0.0,Monitoring
2024-04-24,15:15:00,HOLD,MIDCPNIFTY24MAY10800CE,229.0,0.0,Monitoring
2024-04-24,15:20:00,HOLD,MIDCPNIFTY24MAY10800CE,229.0,0.0,Monitoring
2024-04-24,15:25:00,HOLD,MIDCPNIFTY24MAY10800CE,229.0,0.0,Monitoring
2024-04-25,11:45:00,HOLD,MIDCPNIFTY24MAY10800CE,229.0,0.0,Monitoring
2024-04-25,11:50:00,HOLD,MIDCPNIFTY24MAY10800CE,229.0,0.0,Monitoring
2024-04-25,11:55:00,HOLD,MIDCPNIFTY24MAY10800CE,229.0,0.0,Monitoring
2024-04-25,12:00:00,HOLD,MIDCPNIFTY24MAY10800CE,229.0,0.0,Monitoring
2024-04-26,09:15:00,HOLD,MIDCPNIFTY24MAY10800CE,229.0,0.0,Monitoring
2024-04-26,09:20:00,HOLD,MIDCPNIFTY24MAY10800CE,229.0,0.0,Monitoring
2024-04-26,09:25:00,HOLD,MIDCPNIFTY24MAY10800CE,229.0,0.0,Monitoring
2024-04-26,09:30:00,HOLD,MIDCPNIFTY24MAY10800CE,229.0,0.0,Monitoring
2024-04-26,12:10:00,HOLD,MIDCPNIFTY24MAY10800CE,229.0,0.0,Monitoring
2024-04-26,12:15:00,HOLD,MIDCPNIFTY24MAY10800CE,229.0,0.0,Monitoring
2024-04-26,12:20:00,HOLD,MIDCPNIFTY24MAY10800CE,229.0,0.0,Monitoring
2024-04-26,12:25:00,HOLD,MIDCPNIFTY24MAY10800CE,229.0,0.0,Monitoring
2024-04-29,15:10:00,HOLD,MIDCPNIFTY24MAY10800CE,229.0,0.0,Monitoring
2024-04-29,15:15:00,HOLD,MIDCPNIFTY24MAY10800CE,229.0,0.0,Monitoring
2024-04-29,15:20:00,HOLD,MIDCPNIFTY24MAY10800CE,229.0,0.0,Monitoring
2024-04-29,15:25:00,HOLD,MIDCPNIFTY24MAY10800CE,229.0,0.0,Monitoring
2024-04-30,09:15:00,HOLD,MIDCPNIFTY24MAY10800CE,401.0,-20640.0,Monitoring
2024-04-30,09:15:00,BUY_EXIT,MIDCPNIFTY24MAY10800CE,401.0,-20640.0,EMA_REVERSAL_SL
