Date,Time,Event,Ticker,Price,PnL_INR,Info
2025-11-27,14:00:00,SELL_ENTRY,MIDCPNIFTY25DEC14100CE,244.4,0.0,Signal CE | Short
2025-11-27,14:05:00,HOLD,MIDCPNIFTY25DEC14100CE,251.0,-792.0,Monitoring
2025-11-27,14:10:00,HOLD,MIDCPNIFTY25DEC14100CE,244.25,18.0,Monitoring
2025-11-27,14:15:00,HOLD,MIDCPNIFTY25DEC14100CE,251.75,-882.0,Monitoring
2025-11-27,14:20:00,HOLD,MIDCPNIFTY25DEC14100CE,255.05,-1278.0,Monitoring
2025-11-27,14:25:00,HOLD,MIDCPNIFTY25DEC14100CE,254.85,-1254.0,Monitoring
2025-11-27,14:30:00,HOLD,MIDCPNIFTY25DEC14100CE,263.75,-2322.0,Monitoring
2025-11-27,14:35:00,HOLD,MIDCPNIFTY25DEC14100CE,270.0,-3072.0,Monitoring
2025-11-27,14:40:00,HOLD,MIDCPNIFTY25DEC14100CE,269.8,-3048.0,Monitoring
2025-11-27,14:40:00,BUY_EXIT,MIDCPNIFTY25DEC14100CE,269.8,-3048.0,EMA_REVERSAL_SL
