Date,Time,Event,Ticker,Price,PnL_INR,Info
2025-06-23,14:00:00,SELL_ENTRY,MIDCPNIFTY25JUL12800PE,211.3,0.0,Signal PE | Short
2025-06-23,14:05:00,HOLD,MIDCPNIFTY25JUL12800PE,211.3,0.0,Monitoring
2025-06-23,14:10:00,HOLD,MIDCPNIFTY25JUL12800PE,211.3,0.0,Monitoring
2025-06-23,14:15:00,HOLD,MIDCPNIFTY25JUL12800PE,211.3,0.0,Monitoring
2025-06-23,14:20:00,HOLD,MIDCPNIFTY25JUL12800PE,211.3,0.0,Monitoring
2025-06-23,14:25:00,HOLD,MIDCPNIFTY25JUL12800PE,211.3,0.0,Monitoring
2025-06-23,14:30:00,HOLD,MIDCPNIFTY25JUL12800PE,211.3,0.0,Monitoring
2025-06-23,14:35:00,HOLD,MIDCPNIFTY25JUL12800PE,211.3,0.0,Monitoring
2025-06-23,14:40:00,HOLD,MIDCPNIFTY25JUL12800PE,211.3,0.0,Monitoring
2025-06-23,14:45:00,HOLD,MIDCPNIFTY25JUL12800PE,211.3,0.0,Monitoring
2025-06-23,14:50:00,HOLD,MIDCPNIFTY25JUL12800PE,211.3,0.0,Monitoring
2025-06-23,14:55:00,HOLD,MIDCPNIFTY25JUL12800PE,211.3,0.0,Monitoring
2025-06-23,15:00:00,HOLD,MIDCPNIFTY25JUL12800PE,215.0,-444.0,Monitoring
2025-06-23,15:05:00,HOLD,MIDCPNIFTY25JUL12800PE,215.0,-444.0,Monitoring
2025-06-23,15:10:00,HOLD,MIDCPNIFTY25JUL12800PE,215.0,-444.0,Monitoring
2025-06-23,15:15:00,HOLD,MIDCPNIFTY25JUL12800PE,220.95,-1158.0,Monitoring
2025-06-23,15:20:00,HOLD,MIDCPNIFTY25JUL12800PE,220.95,-1158.0,Monitoring
2025-06-23,15:25:00,HOLD,MIDCPNIFTY25JUL12800PE,222.0,-1284.0,Monitoring
2025-06-24,09:15:00,HOLD,MIDCPNIFTY25JUL12800PE,222.0,-1284.0,Monitoring
2025-06-24,09:20:00,HOLD,MIDCPNIFTY25JUL12800PE,222.0,-1284.0,Monitoring
2025-06-24,09:25:00,HOLD,MIDCPNIFTY25JUL12800PE,150.0,7356.0,Monitoring
2025-06-24,09:30:00,HOLD,MIDCPNIFTY25JUL12800PE,180.0,3756.0,Monitoring
2025-06-24,09:35:00,HOLD,MIDCPNIFTY25JUL12800PE,175.0,4356.0,Monitoring
2025-06-24,09:40:00,HOLD,MIDCPNIFTY25JUL12800PE,175.0,4356.0,Monitoring
2025-06-24,09:45:00,HOLD,MIDCPNIFTY25JUL12800PE,175.0,4356.0,Monitoring
2025-06-24,09:50:00,HOLD,MIDCPNIFTY25JUL12800PE,175.0,4356.0,Monitoring
2025-06-24,09:55:00,HOLD,MIDCPNIFTY25JUL12800PE,160.0,6156.0,Monitoring
2025-06-24,10:00:00,HOLD,MIDCPNIFTY25JUL12800PE,160.0,6156.0,Monitoring
2025-06-24,10:20:00,HOLD,MIDCPNIFTY25JUL12800PE,160.0,6156.0,Monitoring
2025-06-24,10:25:00,HOLD,MIDCPNIFTY25JUL12800PE,160.0,6156.0,Monitoring
2025-06-24,10:30:00,HOLD,MIDCPNIFTY25JUL12800PE,160.0,6156.0,Monitoring
2025-06-24,10:35:00,HOLD,MIDCPNIFTY25JUL12800PE,160.0,6156.0,Monitoring
2025-06-24,10:40:00,HOLD,MIDCPNIFTY25JUL12800PE,160.0,6156.0,Monitoring
2025-06-24,10:45:00,HOLD,MIDCPNIFTY25JUL12800PE,160.0,6156.0,Monitoring
2025-06-24,10:50:00,HOLD,MIDCPNIFTY25JUL12800PE,160.0,6156.0,Monitoring
2025-06-24,10:55:00,HOLD,MIDCPNIFTY25JUL12800PE,150.0,7356.0,Monitoring
2025-06-24,11:00:00,HOLD,MIDCPNIFTY25JUL12800PE,140.5,8496.0,Monitoring
2025-06-24,11:05:00,HOLD,MIDCPNIFTY25JUL12800PE,140.5,8496.0,Monitoring
2025-06-24,11:10:00,HOLD,MIDCPNIFTY25JUL12800PE,140.5,8496.0,Monitoring
2025-06-24,11:15:00,HOLD,MIDCPNIFTY25JUL12800PE,140.5,8496.0,Monitoring
2025-06-24,11:20:00,HOLD,MIDCPNIFTY25JUL12800PE,140.6,8484.0,Monitoring
2025-06-24,11:25:00,HOLD,MIDCPNIFTY25JUL12800PE,142.55,8250.0,Monitoring
2025-06-24,11:30:00,HOLD,MIDCPNIFTY25JUL12800PE,139.0,8676.0,Monitoring
2025-06-24,11:35:00,HOLD,MIDCPNIFTY25JUL12800PE,135.0,9156.0,Monitoring
2025-06-24,11:40:00,HOLD,MIDCPNIFTY25JUL12800PE,136.25,9006.0,Monitoring
2025-06-24,11:45:00,HOLD,MIDCPNIFTY25JUL12800PE,136.25,9006.0,Monitoring
2025-06-24,11:50:00,HOLD,MIDCPNIFTY25JUL12800PE,135.15,9138.0,Monitoring
2025-06-24,11:55:00,HOLD,MIDCPNIFTY25JUL12800PE,136.25,9006.0,Monitoring
2025-06-24,12:00:00,HOLD,MIDCPNIFTY25JUL12800PE,133.0,9396.0,Monitoring
2025-06-24,12:05:00,HOLD,MIDCPNIFTY25JUL12800PE,133.0,9396.0,Monitoring
2025-06-24,12:10:00,HOLD,MIDCPNIFTY25JUL12800PE,133.0,9396.0,Monitoring
2025-06-24,12:15:00,HOLD,MIDCPNIFTY25JUL12800PE,134.6,9204.0,Monitoring
2025-06-24,12:20:00,HOLD,MIDCPNIFTY25JUL12800PE,137.2,8892.0,Monitoring
2025-06-24,12:25:00,HOLD,MIDCPNIFTY25JUL12800PE,136.75,8946.0,Monitoring
2025-06-24,12:30:00,HOLD,MIDCPNIFTY25JUL12800PE,136.75,8946.0,Monitoring
2025-06-24,12:35:00,HOLD,MIDCPNIFTY25JUL12800PE,156.8,6540.0,Monitoring
2025-06-24,12:40:00,HOLD,MIDCPNIFTY25JUL12800PE,141.6,8364.0,Monitoring
2025-06-24,12:45:00,HOLD,MIDCPNIFTY25JUL12800PE,138.3,8760.0,Monitoring
2025-06-24,12:50:00,HOLD,MIDCPNIFTY25JUL12800PE,138.3,8760.0,Monitoring
2025-06-24,12:55:00,HOLD,MIDCPNIFTY25JUL12800PE,141.75,8346.0,Monitoring
2025-06-24,13:00:00,HOLD,MIDCPNIFTY25JUL12800PE,141.75,8346.0,Monitoring
2025-06-24,13:05:00,HOLD,MIDCPNIFTY25JUL12800PE,141.75,8346.0,Monitoring
2025-06-24,13:10:00,HOLD,MIDCPNIFTY25JUL12800PE,141.75,8346.0,Monitoring
2025-06-24,13:15:00,HOLD,MIDCPNIFTY25JUL12800PE,140.05,8550.0,Monitoring
2025-06-24,13:20:00,HOLD,MIDCPNIFTY25JUL12800PE,142.5,8256.0,Monitoring
2025-06-24,13:25:00,HOLD,MIDCPNIFTY25JUL12800PE,142.5,8256.0,Monitoring
2025-06-24,13:30:00,HOLD,MIDCPNIFTY25JUL12800PE,153.0,6996.0,Monitoring
2025-06-24,13:35:00,HOLD,MIDCPNIFTY25JUL12800PE,159.8,6180.0,Monitoring
2025-06-24,13:40:00,HOLD,MIDCPNIFTY25JUL12800PE,160.35,6114.0,Monitoring
2025-06-24,13:45:00,HOLD,MIDCPNIFTY25JUL12800PE,161.95,5922.0,Monitoring
2025-06-24,13:50:00,HOLD,MIDCPNIFTY25JUL12800PE,155.0,6756.0,Monitoring
2025-06-24,13:55:00,HOLD,MIDCPNIFTY25JUL12800PE,153.7,6912.0,Monitoring
2025-06-24,14:00:00,HOLD,MIDCPNIFTY25JUL12800PE,153.0,6996.0,Monitoring
2025-06-24,14:05:00,HOLD,MIDCPNIFTY25JUL12800PE,155.95,6642.0,Monitoring
2025-06-24,14:10:00,HOLD,MIDCPNIFTY25JUL12800PE,156.7,6552.0,Monitoring
2025-06-24,14:15:00,HOLD,MIDCPNIFTY25JUL12800PE,148.95,7482.0,Monitoring
2025-06-24,14:20:00,HOLD,MIDCPNIFTY25JUL12800PE,149.55,7410.0,Monitoring
2025-06-24,14:25:00,HOLD,MIDCPNIFTY25JUL12800PE,150.8,7260.0,Monitoring
2025-06-24,14:30:00,HOLD,MIDCPNIFTY25JUL12800PE,149.15,7458.0,Monitoring
2025-06-24,14:35:00,HOLD,MIDCPNIFTY25JUL12800PE,149.15,7458.0,Monitoring
2025-06-24,14:40:00,HOLD,MIDCPNIFTY25JUL12800PE,149.15,7458.0,Monitoring
2025-06-24,14:45:00,HOLD,MIDCPNIFTY25JUL12800PE,145.0,7956.0,Monitoring
2025-06-24,14:50:00,HOLD,MIDCPNIFTY25JUL12800PE,145.0,7956.0,Monitoring
2025-06-24,14:55:00,HOLD,MIDCPNIFTY25JUL12800PE,145.0,7956.0,Monitoring
2025-06-24,15:00:00,HOLD,MIDCPNIFTY25JUL12800PE,154.25,6846.0,Monitoring
2025-06-24,15:05:00,HOLD,MIDCPNIFTY25JUL12800PE,154.25,6846.0,Monitoring
2025-06-24,15:10:00,HOLD,MIDCPNIFTY25JUL12800PE,154.2,6852.0,Monitoring
2025-06-24,15:15:00,HOLD,MIDCPNIFTY25JUL12800PE,154.2,6852.0,Monitoring
2025-06-24,15:20:00,HOLD,MIDCPNIFTY25JUL12800PE,154.2,6852.0,Monitoring
2025-06-24,15:25:00,HOLD,MIDCPNIFTY25JUL12800PE,156.0,6636.0,Monitoring
2025-06-25,09:15:00,HOLD,MIDCPNIFTY25JUL12800PE,156.0,6636.0,Monitoring
2025-06-25,09:20:00,HOLD,MIDCPNIFTY25JUL12800PE,156.0,6636.0,Monitoring
2025-06-25,09:25:00,HOLD,MIDCPNIFTY25JUL12800PE,156.0,6636.0,Monitoring
2025-06-25,09:30:00,HOLD,MIDCPNIFTY25JUL12800PE,156.0,6636.0,Monitoring
2025-06-25,09:35:00,HOLD,MIDCPNIFTY25JUL12800PE,156.0,6636.0,Monitoring
2025-06-25,09:40:00,HOLD,MIDCPNIFTY25JUL12800PE,156.0,6636.0,Monitoring
2025-06-25,09:45:00,HOLD,MIDCPNIFTY25JUL12800PE,156.0,6636.0,Monitoring
2025-06-25,09:50:00,HOLD,MIDCPNIFTY25JUL12800PE,156.0,6636.0,Monitoring
2025-06-25,09:55:00,HOLD,MIDCPNIFTY25JUL12800PE,156.0,6636.0,Monitoring
2025-06-25,10:00:00,HOLD,MIDCPNIFTY25JUL12800PE,156.0,6636.0,Monitoring
2025-06-25,10:05:00,HOLD,MIDCPNIFTY25JUL12800PE,156.0,6636.0,Monitoring
2025-06-25,10:10:00,HOLD,MIDCPNIFTY25JUL12800PE,156.0,6636.0,Monitoring
2025-06-25,10:15:00,HOLD,MIDCPNIFTY25JUL12800PE,130.85,9654.0,Monitoring
2025-06-25,10:20:00,HOLD,MIDCPNIFTY25JUL12800PE,130.8,9660.0,Monitoring
2025-06-25,10:25:00,HOLD,MIDCPNIFTY25JUL12800PE,132.15,9498.0,Monitoring
2025-06-25,10:30:00,HOLD,MIDCPNIFTY25JUL12800PE,133.4,9348.0,Monitoring
2025-06-25,10:35:00,HOLD,MIDCPNIFTY25JUL12800PE,130.2,9732.0,Monitoring
2025-06-25,10:40:00,HOLD,MIDCPNIFTY25JUL12800PE,135.7,9072.0,Monitoring
2025-06-25,10:45:00,HOLD,MIDCPNIFTY25JUL12800PE,134.75,9186.0,Monitoring
2025-06-25,10:50:00,HOLD,MIDCPNIFTY25JUL12800PE,134.75,9186.0,Monitoring
2025-06-25,10:55:00,HOLD,MIDCPNIFTY25JUL12800PE,132.95,9402.0,Monitoring
2025-06-25,11:00:00,HOLD,MIDCPNIFTY25JUL12800PE,132.95,9402.0,Monitoring
2025-06-25,11:05:00,HOLD,MIDCPNIFTY25JUL12800PE,136.25,9006.0,Monitoring
2025-06-25,11:10:00,HOLD,MIDCPNIFTY25JUL12800PE,135.3,9120.0,Monitoring
2025-06-25,11:15:00,HOLD,MIDCPNIFTY25JUL12800PE,129.95,9762.0,Monitoring
2025-06-25,11:20:00,HOLD,MIDCPNIFTY25JUL12800PE,133.3,9360.0,Monitoring
2025-06-25,11:25:00,HOLD,MIDCPNIFTY25JUL12800PE,133.3,9360.0,Monitoring
2025-06-25,11:30:00,HOLD,MIDCPNIFTY25JUL12800PE,133.3,9360.0,Monitoring
2025-06-25,11:35:00,HOLD,MIDCPNIFTY25JUL12800PE,129.95,9762.0,Monitoring
2025-06-25,11:40:00,HOLD,MIDCPNIFTY25JUL12800PE,130.0,9756.0,Monitoring
2025-06-25,11:45:00,HOLD,MIDCPNIFTY25JUL12800PE,130.0,9756.0,Monitoring
2025-06-25,11:50:00,HOLD,MIDCPNIFTY25JUL12800PE,130.0,9756.0,Monitoring
2025-06-25,11:55:00,HOLD,MIDCPNIFTY25JUL12800PE,125.3,10320.0,Monitoring
2025-06-25,12:00:00,HOLD,MIDCPNIFTY25JUL12800PE,128.3,9960.0,Monitoring
2025-06-25,12:05:00,HOLD,MIDCPNIFTY25JUL12800PE,128.5,9936.0,Monitoring
2025-06-25,12:10:00,HOLD,MIDCPNIFTY25JUL12800PE,129.9,9768.0,Monitoring
2025-06-25,12:15:00,HOLD,MIDCPNIFTY25JUL12800PE,129.4,9828.0,Monitoring
2025-06-25,12:20:00,HOLD,MIDCPNIFTY25JUL12800PE,129.45,9822.0,Monitoring
2025-06-25,12:25:00,HOLD,MIDCPNIFTY25JUL12800PE,129.45,9822.0,Monitoring
2025-06-25,12:30:00,HOLD,MIDCPNIFTY25JUL12800PE,129.45,9822.0,Monitoring
2025-06-25,12:35:00,HOLD,MIDCPNIFTY25JUL12800PE,129.5,9816.0,Monitoring
2025-06-25,12:40:00,HOLD,MIDCPNIFTY25JUL12800PE,129.5,9816.0,Monitoring
2025-06-25,12:45:00,HOLD,MIDCPNIFTY25JUL12800PE,136.4,8988.0,Monitoring
2025-06-25,12:50:00,HOLD,MIDCPNIFTY25JUL12800PE,136.4,8988.0,Monitoring
2025-06-25,12:55:00,HOLD,MIDCPNIFTY25JUL12800PE,133.05,9390.0,Monitoring
2025-06-25,13:00:00,HOLD,MIDCPNIFTY25JUL12800PE,129.0,9876.0,Monitoring
2025-06-25,13:05:00,HOLD,MIDCPNIFTY25JUL12800PE,127.15,10098.0,Monitoring
2025-06-25,13:10:00,HOLD,MIDCPNIFTY25JUL12800PE,122.95,10602.0,Monitoring
2025-06-25,13:15:00,HOLD,MIDCPNIFTY25JUL12800PE,123.35,10554.0,Monitoring
2025-06-25,13:20:00,HOLD,MIDCPNIFTY25JUL12800PE,119.4,11028.0,Monitoring
2025-06-25,13:25:00,HOLD,MIDCPNIFTY25JUL12800PE,119.0,11076.0,Monitoring
2025-06-25,13:30:00,HOLD,MIDCPNIFTY25JUL12800PE,116.6,11364.0,Monitoring
2025-06-25,13:35:00,HOLD,MIDCPNIFTY25JUL12800PE,116.6,11364.0,Monitoring
2025-06-25,13:40:00,HOLD,MIDCPNIFTY25JUL12800PE,114.0,11676.0,Monitoring
2025-06-25,13:45:00,HOLD,MIDCPNIFTY25JUL12800PE,115.0,11556.0,Monitoring
2025-06-25,13:50:00,HOLD,MIDCPNIFTY25JUL12800PE,115.0,11556.0,Monitoring
2025-06-25,13:55:00,HOLD,MIDCPNIFTY25JUL12800PE,115.0,11556.0,Monitoring
2025-06-25,14:00:00,HOLD,MIDCPNIFTY25JUL12800PE,118.95,11082.0,Monitoring
2025-06-25,14:05:00,HOLD,MIDCPNIFTY25JUL12800PE,118.95,11082.0,Monitoring
2025-06-25,14:10:00,HOLD,MIDCPNIFTY25JUL12800PE,118.95,11082.0,Monitoring
2025-06-25,14:15:00,HOLD,MIDCPNIFTY25JUL12800PE,117.5,11256.0,Monitoring
2025-06-25,14:20:00,HOLD,MIDCPNIFTY25JUL12800PE,113.05,11790.0,Monitoring
2025-06-25,14:25:00,HOLD,MIDCPNIFTY25JUL12800PE,114.7,11592.0,Monitoring
2025-06-25,14:30:00,HOLD,MIDCPNIFTY25JUL12800PE,114.0,11676.0,Monitoring
2025-06-25,14:35:00,HOLD,MIDCPNIFTY25JUL12800PE,114.0,11676.0,Monitoring
2025-06-25,14:40:00,HOLD,MIDCPNIFTY25JUL12800PE,113.6,11724.0,Monitoring
2025-06-25,14:45:00,HOLD,MIDCPNIFTY25JUL12800PE,114.6,11604.0,Monitoring
2025-06-25,14:50:00,HOLD,MIDCPNIFTY25JUL12800PE,112.5,11856.0,Monitoring
2025-06-25,14:55:00,HOLD,MIDCPNIFTY25JUL12800PE,112.5,11856.0,Monitoring
2025-06-25,15:00:00,HOLD,MIDCPNIFTY25JUL12800PE,110.0,12156.0,Monitoring
2025-06-25,15:05:00,HOLD,MIDCPNIFTY25JUL12800PE,109.0,12276.0,Monitoring
2025-06-25,15:10:00,HOLD,MIDCPNIFTY25JUL12800PE,112.0,11916.0,Monitoring
2025-06-25,15:15:00,HOLD,MIDCPNIFTY25JUL12800PE,109.55,12210.0,Monitoring
2025-06-25,15:20:00,HOLD,MIDCPNIFTY25JUL12800PE,115.0,11556.0,Monitoring
2025-06-25,15:25:00,HOLD,MIDCPNIFTY25JUL12800PE,114.1,11664.0,Monitoring
2025-06-26,09:15:00,HOLD,MIDCPNIFTY25JUL12800PE,114.1,11664.0,Monitoring
2025-06-26,09:20:00,HOLD,MIDCPNIFTY25JUL12800PE,113.05,11790.0,Monitoring
2025-06-26,09:25:00,HOLD,MIDCPNIFTY25JUL12800PE,112.9,11808.0,Monitoring
2025-06-26,09:30:00,HOLD,MIDCPNIFTY25JUL12800PE,114.4,11628.0,Monitoring
2025-06-26,09:35:00,HOLD,MIDCPNIFTY25JUL12800PE,115.0,11556.0,Monitoring
2025-06-26,09:40:00,HOLD,MIDCPNIFTY25JUL12800PE,119.65,10998.0,Monitoring
2025-06-26,09:45:00,HOLD,MIDCPNIFTY25JUL12800PE,115.0,11556.0,Monitoring
2025-06-26,09:50:00,HOLD,MIDCPNIFTY25JUL12800PE,115.85,11454.0,Monitoring
2025-06-26,09:55:00,HOLD,MIDCPNIFTY25JUL12800PE,112.05,11910.0,Monitoring
2025-06-26,10:00:00,HOLD,MIDCPNIFTY25JUL12800PE,112.25,11886.0,Monitoring
2025-06-26,10:05:00,HOLD,MIDCPNIFTY25JUL12800PE,114.05,11670.0,Monitoring
2025-06-26,10:10:00,HOLD,MIDCPNIFTY25JUL12800PE,117.0,11316.0,Monitoring
2025-06-26,10:15:00,HOLD,MIDCPNIFTY25JUL12800PE,109.1,12264.0,Monitoring
2025-06-26,10:20:00,HOLD,MIDCPNIFTY25JUL12800PE,115.45,11502.0,Monitoring
2025-06-26,10:25:00,HOLD,MIDCPNIFTY25JUL12800PE,111.55,11970.0,Monitoring
2025-06-26,10:30:00,HOLD,MIDCPNIFTY25JUL12800PE,110.5,12096.0,Monitoring
2025-06-26,10:35:00,HOLD,MIDCPNIFTY25JUL12800PE,108.85,12294.0,Monitoring
2025-06-26,10:40:00,HOLD,MIDCPNIFTY25JUL12800PE,111.4,11988.0,Monitoring
2025-06-26,10:45:00,HOLD,MIDCPNIFTY25JUL12800PE,110.9,12048.0,Monitoring
2025-06-26,10:50:00,HOLD,MIDCPNIFTY25JUL12800PE,112.5,11856.0,Monitoring
2025-06-26,10:55:00,HOLD,MIDCPNIFTY25JUL12800PE,110.4,12108.0,Monitoring
2025-06-26,11:00:00,HOLD,MIDCPNIFTY25JUL12800PE,112.15,11898.0,Monitoring
2025-06-26,11:05:00,HOLD,MIDCPNIFTY25JUL12800PE,112.25,11886.0,Monitoring
2025-06-26,11:10:00,HOLD,MIDCPNIFTY25JUL12800PE,109.85,12174.0,Monitoring
2025-06-26,11:15:00,HOLD,MIDCPNIFTY25JUL12800PE,110.0,12156.0,Monitoring
2025-06-26,11:20:00,HOLD,MIDCPNIFTY25JUL12800PE,109.65,12198.0,Monitoring
2025-06-26,11:25:00,HOLD,MIDCPNIFTY25JUL12800PE,107.6,12444.0,Monitoring
2025-06-26,11:30:00,HOLD,MIDCPNIFTY25JUL12800PE,108.95,12282.0,Monitoring
2025-06-26,11:35:00,HOLD,MIDCPNIFTY25JUL12800PE,108.5,12336.0,Monitoring
2025-06-26,11:40:00,HOLD,MIDCPNIFTY25JUL12800PE,109.85,12174.0,Monitoring
2025-06-26,11:45:00,HOLD,MIDCPNIFTY25JUL12800PE,107.55,12450.0,Monitoring
2025-06-26,11:50:00,HOLD,MIDCPNIFTY25JUL12800PE,108.75,12306.0,Monitoring
2025-06-26,11:55:00,HOLD,MIDCPNIFTY25JUL12800PE,105.0,12756.0,Monitoring
2025-06-26,12:00:00,HOLD,MIDCPNIFTY25JUL12800PE,103.0,12996.0,Monitoring
2025-06-26,12:05:00,HOLD,MIDCPNIFTY25JUL12800PE,103.1,12984.0,Monitoring
2025-06-26,12:10:00,HOLD,MIDCPNIFTY25JUL12800PE,102.15,13098.0,Monitoring
2025-06-26,12:15:00,HOLD,MIDCPNIFTY25JUL12800PE,98.0,13596.0,Monitoring
2025-06-26,12:20:00,HOLD,MIDCPNIFTY25JUL12800PE,99.65,13398.0,Monitoring
2025-06-26,12:25:00,HOLD,MIDCPNIFTY25JUL12800PE,98.0,13596.0,Monitoring
2025-06-26,12:30:00,HOLD,MIDCPNIFTY25JUL12800PE,97.9,13608.0,Monitoring
2025-06-26,12:35:00,HOLD,MIDCPNIFTY25JUL12800PE,97.9,13608.0,Monitoring
2025-06-26,12:40:00,HOLD,MIDCPNIFTY25JUL12800PE,97.9,13608.0,Monitoring
2025-06-26,12:45:00,HOLD,MIDCPNIFTY25JUL12800PE,97.9,13608.0,Monitoring
2025-06-26,12:50:00,HOLD,MIDCPNIFTY25JUL12800PE,97.9,13608.0,Monitoring
2025-06-26,12:55:00,HOLD,MIDCPNIFTY25JUL12800PE,99.0,13476.0,Monitoring
2025-06-26,13:00:00,HOLD,MIDCPNIFTY25JUL12800PE,96.9,13728.0,Monitoring
2025-06-26,13:05:00,HOLD,MIDCPNIFTY25JUL12800PE,96.9,13728.0,Monitoring
2025-06-26,13:10:00,HOLD,MIDCPNIFTY25JUL12800PE,95.35,13914.0,Monitoring
2025-06-26,13:15:00,HOLD,MIDCPNIFTY25JUL12800PE,93.0,14196.0,Monitoring
2025-06-26,13:20:00,HOLD,MIDCPNIFTY25JUL12800PE,96.7,13752.0,Monitoring
2025-06-26,13:25:00,HOLD,MIDCPNIFTY25JUL12800PE,97.65,13638.0,Monitoring
2025-06-26,13:30:00,HOLD,MIDCPNIFTY25JUL12800PE,97.3,13680.0,Monitoring
2025-06-26,13:35:00,HOLD,MIDCPNIFTY25JUL12800PE,97.75,13626.0,Monitoring
2025-06-26,13:40:00,HOLD,MIDCPNIFTY25JUL12800PE,95.95,13842.0,Monitoring
2025-06-26,13:45:00,HOLD,MIDCPNIFTY25JUL12800PE,93.4,14148.0,Monitoring
2025-06-26,13:50:00,HOLD,MIDCPNIFTY25JUL12800PE,93.9,14088.0,Monitoring
2025-06-26,13:55:00,HOLD,MIDCPNIFTY25JUL12800PE,94.65,13998.0,Monitoring
2025-06-26,14:00:00,HOLD,MIDCPNIFTY25JUL12800PE,94.0,14076.0,Monitoring
2025-06-26,14:05:00,HOLD,MIDCPNIFTY25JUL12800PE,96.65,13758.0,Monitoring
2025-06-26,14:10:00,HOLD,MIDCPNIFTY25JUL12800PE,95.85,13854.0,Monitoring
2025-06-26,14:15:00,HOLD,MIDCPNIFTY25JUL12800PE,90.0,14556.0,Monitoring
2025-06-26,14:20:00,HOLD,MIDCPNIFTY25JUL12800PE,91.75,14346.0,Monitoring
2025-06-26,14:25:00,HOLD,MIDCPNIFTY25JUL12800PE,91.0,14436.0,Monitoring
2025-06-26,14:30:00,HOLD,MIDCPNIFTY25JUL12800PE,88.85,14694.0,Monitoring
2025-06-26,14:35:00,HOLD,MIDCPNIFTY25JUL12800PE,90.55,14490.0,Monitoring
2025-06-26,14:40:00,HOLD,MIDCPNIFTY25JUL12800PE,91.0,14436.0,Monitoring
2025-06-26,14:45:00,HOLD,MIDCPNIFTY25JUL12800PE,89.75,14586.0,Monitoring
2025-06-26,14:50:00,HOLD,MIDCPNIFTY25JUL12800PE,90.65,14478.0,Monitoring
2025-06-26,14:55:00,HOLD,MIDCPNIFTY25JUL12800PE,88.0,14796.0,Monitoring
2025-06-26,15:00:00,HOLD,MIDCPNIFTY25JUL12800PE,86.7,14952.0,Monitoring
2025-06-26,15:05:00,HOLD,MIDCPNIFTY25JUL12800PE,86.7,14952.0,Monitoring
2025-06-26,15:10:00,HOLD,MIDCPNIFTY25JUL12800PE,91.4,14388.0,Monitoring
2025-06-26,15:15:00,HOLD,MIDCPNIFTY25JUL12800PE,88.25,14766.0,Monitoring
2025-06-26,15:20:00,HOLD,MIDCPNIFTY25JUL12800PE,88.05,14790.0,Monitoring
2025-06-26,15:25:00,HOLD,MIDCPNIFTY25JUL12800PE,85.1,15144.0,Monitoring
2025-06-27,09:15:00,HOLD,MIDCPNIFTY25JUL12800PE,79.5,15816.0,Monitoring
2025-06-27,09:20:00,HOLD,MIDCPNIFTY25JUL12800PE,80.0,15756.0,Monitoring
2025-06-27,09:25:00,HOLD,MIDCPNIFTY25JUL12800PE,77.4,16068.0,Monitoring
2025-06-27,09:30:00,HOLD,MIDCPNIFTY25JUL12800PE,74.6,16404.0,Monitoring
2025-06-27,09:35:00,HOLD,MIDCPNIFTY25JUL12800PE,74.1,16464.0,Monitoring
2025-06-27,09:40:00,HOLD,MIDCPNIFTY25JUL12800PE,76.0,16236.0,Monitoring
2025-06-27,09:45:00,HOLD,MIDCPNIFTY25JUL12800PE,76.0,16236.0,Monitoring
2025-06-27,09:50:00,HOLD,MIDCPNIFTY25JUL12800PE,76.8,16140.0,Monitoring
2025-06-27,09:55:00,HOLD,MIDCPNIFTY25JUL12800PE,75.0,16356.0,Monitoring
2025-06-27,10:00:00,HOLD,MIDCPNIFTY25JUL12800PE,73.0,16596.0,Monitoring
2025-06-27,10:05:00,HOLD,MIDCPNIFTY25JUL12800PE,72.95,16602.0,Monitoring
2025-06-27,10:10:00,HOLD,MIDCPNIFTY25JUL12800PE,70.5,16896.0,Monitoring
2025-06-27,10:15:00,HOLD,MIDCPNIFTY25JUL12800PE,71.0,16836.0,Monitoring
2025-06-27,10:20:00,HOLD,MIDCPNIFTY25JUL12800PE,71.3,16800.0,Monitoring
2025-06-27,10:25:00,HOLD,MIDCPNIFTY25JUL12800PE,70.7,16872.0,Monitoring
2025-06-27,10:30:00,HOLD,MIDCPNIFTY25JUL12800PE,71.0,16836.0,Monitoring
2025-06-27,10:35:00,HOLD,MIDCPNIFTY25JUL12800PE,71.2,16812.0,Monitoring
2025-06-27,10:40:00,HOLD,MIDCPNIFTY25JUL12800PE,69.2,17052.0,Monitoring
2025-06-27,10:45:00,HOLD,MIDCPNIFTY25JUL12800PE,67.85,17214.0,Monitoring
2025-06-27,10:50:00,HOLD,MIDCPNIFTY25JUL12800PE,69.0,17076.0,Monitoring
2025-06-27,10:55:00,HOLD,MIDCPNIFTY25JUL12800PE,68.0,17196.0,Monitoring
2025-06-27,11:00:00,HOLD,MIDCPNIFTY25JUL12800PE,68.15,17178.0,Monitoring
2025-06-27,11:05:00,HOLD,MIDCPNIFTY25JUL12800PE,66.3,17400.0,Monitoring
2025-06-27,11:10:00,HOLD,MIDCPNIFTY25JUL12800PE,66.85,17334.0,Monitoring
2025-06-27,11:15:00,HOLD,MIDCPNIFTY25JUL12800PE,66.1,17424.0,Monitoring
2025-06-27,11:20:00,HOLD,MIDCPNIFTY25JUL12800PE,66.85,17334.0,Monitoring
2025-06-27,11:25:00,HOLD,MIDCPNIFTY25JUL12800PE,67.0,17316.0,Monitoring
2025-06-27,11:30:00,HOLD,MIDCPNIFTY25JUL12800PE,68.15,17178.0,Monitoring
2025-06-27,11:35:00,HOLD,MIDCPNIFTY25JUL12800PE,67.5,17256.0,Monitoring
2025-06-27,11:40:00,HOLD,MIDCPNIFTY25JUL12800PE,65.9,17448.0,Monitoring
2025-06-27,11:45:00,HOLD,MIDCPNIFTY25JUL12800PE,65.0,17556.0,Monitoring
2025-06-27,11:50:00,HOLD,MIDCPNIFTY25JUL12800PE,65.1,17544.0,Monitoring
2025-06-27,11:55:00,HOLD,MIDCPNIFTY25JUL12800PE,65.0,17556.0,Monitoring
2025-06-27,12:00:00,HOLD,MIDCPNIFTY25JUL12800PE,65.2,17532.0,Monitoring
2025-06-27,12:05:00,HOLD,MIDCPNIFTY25JUL12800PE,66.35,17394.0,Monitoring
2025-06-27,12:10:00,HOLD,MIDCPNIFTY25JUL12800PE,67.7,17232.0,Monitoring
2025-06-27,12:15:00,HOLD,MIDCPNIFTY25JUL12800PE,66.85,17334.0,Monitoring
2025-06-27,12:20:00,HOLD,MIDCPNIFTY25JUL12800PE,67.15,17298.0,Monitoring
2025-06-27,12:25:00,HOLD,MIDCPNIFTY25JUL12800PE,65.9,17448.0,Monitoring
2025-06-27,12:30:00,HOLD,MIDCPNIFTY25JUL12800PE,66.55,17370.0,Monitoring
2025-06-27,12:35:00,HOLD,MIDCPNIFTY25JUL12800PE,65.95,17442.0,Monitoring
2025-06-27,12:40:00,HOLD,MIDCPNIFTY25JUL12800PE,65.55,17490.0,Monitoring
2025-06-27,12:45:00,HOLD,MIDCPNIFTY25JUL12800PE,66.25,17406.0,Monitoring
2025-06-27,12:50:00,HOLD,MIDCPNIFTY25JUL12800PE,66.7,17352.0,Monitoring
2025-06-27,12:55:00,HOLD,MIDCPNIFTY25JUL12800PE,67.65,17238.0,Monitoring
2025-06-27,13:00:00,HOLD,MIDCPNIFTY25JUL12800PE,69.85,16974.0,Monitoring
2025-06-27,13:05:00,HOLD,MIDCPNIFTY25JUL12800PE,70.25,16926.0,Monitoring
2025-06-27,13:10:00,HOLD,MIDCPNIFTY25JUL12800PE,72.95,16602.0,Monitoring
2025-06-27,13:15:00,HOLD,MIDCPNIFTY25JUL12800PE,73.2,16572.0,Monitoring
2025-06-27,13:20:00,HOLD,MIDCPNIFTY25JUL12800PE,74.4,16428.0,Monitoring
2025-06-27,13:25:00,HOLD,MIDCPNIFTY25JUL12800PE,70.5,16896.0,Monitoring
2025-06-27,13:30:00,HOLD,MIDCPNIFTY25JUL12800PE,69.7,16992.0,Monitoring
2025-06-27,13:35:00,HOLD,MIDCPNIFTY25JUL12800PE,69.95,16962.0,Monitoring
2025-06-27,13:40:00,HOLD,MIDCPNIFTY25JUL12800PE,68.3,17160.0,Monitoring
2025-06-27,13:45:00,HOLD,MIDCPNIFTY25JUL12800PE,67.4,17268.0,Monitoring
2025-06-27,13:50:00,HOLD,MIDCPNIFTY25JUL12800PE,67.9,17208.0,Monitoring
2025-06-27,13:55:00,HOLD,MIDCPNIFTY25JUL12800PE,67.9,17208.0,Monitoring
2025-06-27,14:00:00,HOLD,MIDCPNIFTY25JUL12800PE,67.55,17250.0,Monitoring
2025-06-27,14:05:00,HOLD,MIDCPNIFTY25JUL12800PE,68.2,17172.0,Monitoring
2025-06-27,14:10:00,HOLD,MIDCPNIFTY25JUL12800PE,68.7,17112.0,Monitoring
2025-06-27,14:15:00,HOLD,MIDCPNIFTY25JUL12800PE,69.5,17016.0,Monitoring
2025-06-27,14:20:00,HOLD,MIDCPNIFTY25JUL12800PE,69.8,16980.0,Monitoring
2025-06-27,14:25:00,HOLD,MIDCPNIFTY25JUL12800PE,68.85,17094.0,Monitoring
2025-06-27,14:35:00,HOLD,MIDCPNIFTY25JUL12800PE,70.05,16950.0,Monitoring
2025-06-27,14:40:00,HOLD,MIDCPNIFTY25JUL12800PE,69.65,16998.0,Monitoring
2025-06-27,14:45:00,HOLD,MIDCPNIFTY25JUL12800PE,70.6,16884.0,Monitoring
2025-06-27,14:50:00,HOLD,MIDCPNIFTY25JUL12800PE,71.75,16746.0,Monitoring
2025-06-27,14:55:00,HOLD,MIDCPNIFTY25JUL12800PE,73.5,16536.0,Monitoring
2025-06-27,15:00:00,HOLD,MIDCPNIFTY25JUL12800PE,79.5,15816.0,Monitoring
2025-06-27,15:05:00,HOLD,MIDCPNIFTY25JUL12800PE,87.1,14904.0,Monitoring
2025-06-27,15:10:00,HOLD,MIDCPNIFTY25JUL12800PE,84.5,15216.0,Monitoring
2025-06-27,15:10:00,BUY_EXIT,MIDCPNIFTY25JUL12800PE,84.5,15216.0,EMA_REVERSAL_SL
