Date,Time,Event,Ticker,Price,PnL_INR,Info
2023-09-14,14:35:00,SELL_ENTRY,MIDCPNIFTY23SEP9000PE,47.0,0.0,Signal PE | Short
2023-09-14,14:40:00,HOLD,MIDCPNIFTY23SEP9000PE,46.7,36.0,Monitoring
2023-09-14,14:45:00,HOLD,MIDCPNIFTY23SEP9000PE,46.4,72.0,Monitoring
2023-09-14,14:50:00,HOLD,MIDCPNIFTY23SEP9000PE,46.4,72.0,Monitoring
2023-09-14,14:55:00,HOLD,MIDCPNIFTY23SEP9000PE,43.0,480.0,Monitoring
2023-09-14,15:00:00,HOLD,MIDCPNIFTY23SEP9000PE,42.55,534.0,Monitoring
2023-09-14,15:05:00,HOLD,MIDCPNIFTY23SEP9000PE,43.0,480.0,Monitoring
2023-09-14,15:10:00,HOLD,MIDCPNIFTY23SEP9000PE,41.95,606.0,Monitoring
2023-09-14,15:15:00,HOLD,MIDCPNIFTY23SEP9000PE,42.25,570.0,Monitoring
2023-09-14,15:20:00,HOLD,MIDCPNIFTY23SEP9000PE,42.6,528.0,Monitoring
2023-09-14,15:25:00,HOLD,MIDCPNIFTY23SEP9000PE,40.2,816.0,Monitoring
2023-09-15,09:15:00,HOLD,MIDCPNIFTY23SEP9000PE,36.5,1260.0,Monitoring
2023-09-15,09:20:00,HOLD,MIDCPNIFTY23SEP9000PE,37.0,1200.0,Monitoring
2023-09-15,09:25:00,HOLD,MIDCPNIFTY23SEP9000PE,39.0,960.0,Monitoring
2023-09-15,09:30:00,HOLD,MIDCPNIFTY23SEP9000PE,41.65,642.0,Monitoring
2023-09-15,09:35:00,HOLD,MIDCPNIFTY23SEP9000PE,43.6,408.0,Monitoring
2023-09-15,09:40:00,HOLD,MIDCPNIFTY23SEP9000PE,40.5,780.0,Monitoring
2023-09-15,09:45:00,HOLD,MIDCPNIFTY23SEP9000PE,39.6,888.0,Monitoring
2023-09-15,09:50:00,HOLD,MIDCPNIFTY23SEP9000PE,40.4,792.0,Monitoring
2023-09-15,09:55:00,HOLD,MIDCPNIFTY23SEP9000PE,39.8,864.0,Monitoring
2023-09-15,10:00:00,HOLD,MIDCPNIFTY23SEP9000PE,38.45,1026.0,Monitoring
2023-09-15,10:05:00,HOLD,MIDCPNIFTY23SEP9000PE,39.85,858.0,Monitoring
2023-09-15,10:10:00,HOLD,MIDCPNIFTY23SEP9000PE,37.25,1170.0,Monitoring
2023-09-15,10:15:00,HOLD,MIDCPNIFTY23SEP9000PE,36.45,1266.0,Monitoring
2023-09-15,10:20:00,HOLD,MIDCPNIFTY23SEP9000PE,36.45,1266.0,Monitoring
2023-09-15,10:25:00,HOLD,MIDCPNIFTY23SEP9000PE,37.85,1098.0,Monitoring
2023-09-15,10:30:00,HOLD,MIDCPNIFTY23SEP9000PE,38.05,1074.0,Monitoring
2023-09-15,10:35:00,HOLD,MIDCPNIFTY23SEP9000PE,37.55,1134.0,Monitoring
2023-09-15,10:40:00,HOLD,MIDCPNIFTY23SEP9000PE,36.25,1290.0,Monitoring
2023-09-15,10:45:00,HOLD,MIDCPNIFTY23SEP9000PE,35.05,1434.0,Monitoring
2023-09-15,10:50:00,HOLD,MIDCPNIFTY23SEP9000PE,35.05,1434.0,Monitoring
2023-09-15,10:55:00,HOLD,MIDCPNIFTY23SEP9000PE,34.8,1464.0,Monitoring
2023-09-15,11:00:00,HOLD,MIDCPNIFTY23SEP9000PE,34.0,1560.0,Monitoring
2023-09-15,11:05:00,HOLD,MIDCPNIFTY23SEP9000PE,34.8,1464.0,Monitoring
2023-09-15,11:10:00,HOLD,MIDCPNIFTY23SEP9000PE,34.1,1548.0,Monitoring
2023-09-15,11:15:00,HOLD,MIDCPNIFTY23SEP9000PE,34.15,1542.0,Monitoring
2023-09-15,11:20:00,HOLD,MIDCPNIFTY23SEP9000PE,34.2,1536.0,Monitoring
2023-09-15,11:25:00,HOLD,MIDCPNIFTY23SEP9000PE,34.75,1470.0,Monitoring
2023-09-15,11:30:00,HOLD,MIDCPNIFTY23SEP9000PE,34.75,1470.0,Monitoring
2023-09-15,11:35:00,HOLD,MIDCPNIFTY23SEP9000PE,34.85,1458.0,Monitoring
2023-09-15,11:40:00,HOLD,MIDCPNIFTY23SEP9000PE,32.45,1746.0,Monitoring
2023-09-15,11:45:00,HOLD,MIDCPNIFTY23SEP9000PE,32.8,1704.0,Monitoring
2023-09-15,11:50:00,HOLD,MIDCPNIFTY23SEP9000PE,31.6,1848.0,Monitoring
2023-09-15,11:55:00,HOLD,MIDCPNIFTY23SEP9000PE,32.1,1788.0,Monitoring
2023-09-15,12:00:00,HOLD,MIDCPNIFTY23SEP9000PE,31.6,1848.0,Monitoring
2023-09-15,12:05:00,HOLD,MIDCPNIFTY23SEP9000PE,31.6,1848.0,Monitoring
2023-09-15,12:10:00,HOLD,MIDCPNIFTY23SEP9000PE,31.65,1842.0,Monitoring
2023-09-15,12:15:00,HOLD,MIDCPNIFTY23SEP9000PE,32.85,1698.0,Monitoring
2023-09-15,12:20:00,HOLD,MIDCPNIFTY23SEP9000PE,36.0,1320.0,Monitoring
2023-09-15,12:25:00,HOLD,MIDCPNIFTY23SEP9000PE,33.4,1632.0,Monitoring
2023-09-15,12:30:00,HOLD,MIDCPNIFTY23SEP9000PE,43.1,468.0,Monitoring
2023-09-15,12:35:00,HOLD,MIDCPNIFTY23SEP9000PE,39.4,912.0,Monitoring
2023-09-15,12:40:00,HOLD,MIDCPNIFTY23SEP9000PE,41.0,720.0,Monitoring
2023-09-15,12:45:00,HOLD,MIDCPNIFTY23SEP9000PE,42.0,600.0,Monitoring
2023-09-15,12:50:00,HOLD,MIDCPNIFTY23SEP9000PE,40.85,738.0,Monitoring
2023-09-15,12:55:00,HOLD,MIDCPNIFTY23SEP9000PE,42.0,600.0,Monitoring
2023-09-15,13:00:00,HOLD,MIDCPNIFTY23SEP9000PE,42.0,600.0,Monitoring
2023-09-15,13:05:00,HOLD,MIDCPNIFTY23SEP9000PE,40.15,822.0,Monitoring
2023-09-15,13:10:00,HOLD,MIDCPNIFTY23SEP9000PE,36.85,1218.0,Monitoring
2023-09-15,13:15:00,HOLD,MIDCPNIFTY23SEP9000PE,36.8,1224.0,Monitoring
2023-09-15,13:20:00,HOLD,MIDCPNIFTY23SEP9000PE,38.0,1080.0,Monitoring
2023-09-15,13:25:00,HOLD,MIDCPNIFTY23SEP9000PE,37.05,1194.0,Monitoring
2023-09-15,13:30:00,HOLD,MIDCPNIFTY23SEP9000PE,37.0,1200.0,Monitoring
2023-09-15,13:35:00,HOLD,MIDCPNIFTY23SEP9000PE,39.0,960.0,Monitoring
2023-09-15,13:40:00,HOLD,MIDCPNIFTY23SEP9000PE,41.7,636.0,Monitoring
2023-09-15,13:45:00,HOLD,MIDCPNIFTY23SEP9000PE,39.85,858.0,Monitoring
2023-09-15,13:50:00,HOLD,MIDCPNIFTY23SEP9000PE,37.55,1134.0,Monitoring
2023-09-15,13:55:00,HOLD,MIDCPNIFTY23SEP9000PE,39.55,894.0,Monitoring
2023-09-15,14:00:00,HOLD,MIDCPNIFTY23SEP9000PE,36.0,1320.0,Monitoring
2023-09-15,14:05:00,HOLD,MIDCPNIFTY23SEP9000PE,36.0,1320.0,Monitoring
2023-09-15,14:10:00,HOLD,MIDCPNIFTY23SEP9000PE,36.0,1320.0,Monitoring
2023-09-15,14:15:00,HOLD,MIDCPNIFTY23SEP9000PE,37.45,1146.0,Monitoring
2023-09-15,14:20:00,HOLD,MIDCPNIFTY23SEP9000PE,36.2,1296.0,Monitoring
2023-09-15,14:25:00,HOLD,MIDCPNIFTY23SEP9000PE,38.7,996.0,Monitoring
2023-09-15,14:30:00,HOLD,MIDCPNIFTY23SEP9000PE,38.95,966.0,Monitoring
2023-09-15,14:35:00,HOLD,MIDCPNIFTY23SEP9000PE,34.5,1500.0,Monitoring
2023-09-15,14:40:00,HOLD,MIDCPNIFTY23SEP9000PE,31.2,1896.0,Monitoring
2023-09-15,14:45:00,HOLD,MIDCPNIFTY23SEP9000PE,30.7,1956.0,Monitoring
2023-09-15,14:50:00,HOLD,MIDCPNIFTY23SEP9000PE,29.9,2052.0,Monitoring
2023-09-15,14:50:00,BUY_EXIT,MIDCPNIFTY23SEP9000PE,29.9,2052.0,TARGET_LTP_30
