Date,Time,Event,Ticker,Price,PnL_INR,Info
2024-06-11,14:00:00,SELL_ENTRY,MIDCPNIFTY24JUN11700PE,123.45,0.0,Signal PE | Short
2024-06-11,14:05:00,HOLD,MIDCPNIFTY24JUN11700PE,130.8,-882.0,Monitoring
2024-06-11,14:10:00,HOLD,MIDCPNIFTY24JUN11700PE,131.75,-996.0,Monitoring
2024-06-11,14:15:00,HOLD,MIDCPNIFTY24JUN11700PE,131.75,-996.0,Monitoring
2024-06-11,14:20:00,HOLD,MIDCPNIFTY24JUN11700PE,130.0,-786.0,Monitoring
2024-06-11,14:25:00,HOLD,MIDCPNIFTY24JUN11700PE,125.0,-186.0,Monitoring
2024-06-11,14:30:00,HOLD,MIDCPNIFTY24JUN11700PE,126.75,-396.0,Monitoring
2024-06-11,14:35:00,HOLD,MIDCPNIFTY24JUN11700PE,125.5,-246.0,Monitoring
2024-06-11,14:40:00,HOLD,MIDCPNIFTY24JUN11700PE,127.45,-480.0,Monitoring
2024-06-11,14:45:00,HOLD,MIDCPNIFTY24JUN11700PE,126.5,-366.0,Monitoring
2024-06-11,14:50:00,HOLD,MIDCPNIFTY24JUN11700PE,126.5,-366.0,Monitoring
2024-06-11,14:55:00,HOLD,MIDCPNIFTY24JUN11700PE,131.8,-1002.0,Monitoring
2024-06-11,15:00:00,HOLD,MIDCPNIFTY24JUN11700PE,138.0,-1746.0,Monitoring
2024-06-11,15:05:00,HOLD,MIDCPNIFTY24JUN11700PE,138.8,-1842.0,Monitoring
2024-06-11,15:10:00,HOLD,MIDCPNIFTY24JUN11700PE,136.65,-1584.0,Monitoring
2024-06-11,15:15:00,HOLD,MIDCPNIFTY24JUN11700PE,144.5,-2526.0,Monitoring
2024-06-11,15:20:00,HOLD,MIDCPNIFTY24JUN11700PE,141.7,-2190.0,Monitoring
2024-06-11,15:25:00,HOLD,MIDCPNIFTY24JUN11700PE,142.3,-2262.0,Monitoring
2024-06-12,09:15:00,HOLD,MIDCPNIFTY24JUN11700PE,120.0,414.0,Monitoring
2024-06-12,09:20:00,HOLD,MIDCPNIFTY24JUN11700PE,118.95,540.0,Monitoring
2024-06-12,09:25:00,HOLD,MIDCPNIFTY24JUN11700PE,112.0,1374.0,Monitoring
2024-06-12,09:30:00,HOLD,MIDCPNIFTY24JUN11700PE,108.0,1854.0,Monitoring
2024-06-12,09:35:00,HOLD,MIDCPNIFTY24JUN11700PE,108.0,1854.0,Monitoring
2024-06-12,09:40:00,HOLD,MIDCPNIFTY24JUN11700PE,105.0,2214.0,Monitoring
2024-06-12,09:45:00,HOLD,MIDCPNIFTY24JUN11700PE,106.0,2094.0,Monitoring
2024-06-12,09:50:00,HOLD,MIDCPNIFTY24JUN11700PE,104.45,2280.0,Monitoring
2024-06-12,09:55:00,HOLD,MIDCPNIFTY24JUN11700PE,98.0,3054.0,Monitoring
2024-06-12,10:00:00,HOLD,MIDCPNIFTY24JUN11700PE,93.7,3570.0,Monitoring
2024-06-12,10:05:00,HOLD,MIDCPNIFTY24JUN11700PE,98.4,3006.0,Monitoring
2024-06-12,10:10:00,HOLD,MIDCPNIFTY24JUN11700PE,96.4,3246.0,Monitoring
2024-06-12,10:15:00,HOLD,MIDCPNIFTY24JUN11700PE,102.85,2472.0,Monitoring
2024-06-12,10:20:00,HOLD,MIDCPNIFTY24JUN11700PE,102.5,2514.0,Monitoring
2024-06-12,10:25:00,HOLD,MIDCPNIFTY24JUN11700PE,98.0,3054.0,Monitoring
2024-06-12,10:30:00,HOLD,MIDCPNIFTY24JUN11700PE,98.0,3054.0,Monitoring
2024-06-12,10:35:00,HOLD,MIDCPNIFTY24JUN11700PE,96.6,3222.0,Monitoring
2024-06-12,10:40:00,HOLD,MIDCPNIFTY24JUN11700PE,94.15,3516.0,Monitoring
2024-06-12,10:45:00,HOLD,MIDCPNIFTY24JUN11700PE,95.0,3414.0,Monitoring
2024-06-12,10:50:00,HOLD,MIDCPNIFTY24JUN11700PE,92.65,3696.0,Monitoring
2024-06-12,10:55:00,HOLD,MIDCPNIFTY24JUN11700PE,92.65,3696.0,Monitoring
2024-06-12,11:00:00,HOLD,MIDCPNIFTY24JUN11700PE,94.0,3534.0,Monitoring
2024-06-12,11:05:00,HOLD,MIDCPNIFTY24JUN11700PE,94.0,3534.0,Monitoring
2024-06-12,11:10:00,HOLD,MIDCPNIFTY24JUN11700PE,94.0,3534.0,Monitoring
2024-06-12,11:15:00,HOLD,MIDCPNIFTY24JUN11700PE,91.0,3894.0,Monitoring
2024-06-12,11:20:00,HOLD,MIDCPNIFTY24JUN11700PE,91.9,3786.0,Monitoring
2024-06-12,11:25:00,HOLD,MIDCPNIFTY24JUN11700PE,91.9,3786.0,Monitoring
2024-06-12,11:30:00,HOLD,MIDCPNIFTY24JUN11700PE,91.9,3786.0,Monitoring
2024-06-12,11:35:00,HOLD,MIDCPNIFTY24JUN11700PE,91.9,3786.0,Monitoring
2024-06-12,11:40:00,HOLD,MIDCPNIFTY24JUN11700PE,91.85,3792.0,Monitoring
2024-06-12,11:45:00,HOLD,MIDCPNIFTY24JUN11700PE,93.2,3630.0,Monitoring
2024-06-12,11:50:00,HOLD,MIDCPNIFTY24JUN11700PE,88.55,4188.0,Monitoring
2024-06-12,11:55:00,HOLD,MIDCPNIFTY24JUN11700PE,88.55,4188.0,Monitoring
2024-06-12,12:00:00,HOLD,MIDCPNIFTY24JUN11700PE,89.8,4038.0,Monitoring
2024-06-12,12:05:00,HOLD,MIDCPNIFTY24JUN11700PE,89.5,4074.0,Monitoring
2024-06-12,12:10:00,HOLD,MIDCPNIFTY24JUN11700PE,89.5,4074.0,Monitoring
2024-06-12,12:15:00,HOLD,MIDCPNIFTY24JUN11700PE,95.8,3318.0,Monitoring
2024-06-12,12:20:00,HOLD,MIDCPNIFTY24JUN11700PE,94.85,3432.0,Monitoring
2024-06-12,12:25:00,HOLD,MIDCPNIFTY24JUN11700PE,96.55,3228.0,Monitoring
2024-06-12,12:30:00,HOLD,MIDCPNIFTY24JUN11700PE,96.55,3228.0,Monitoring
2024-06-12,12:35:00,HOLD,MIDCPNIFTY24JUN11700PE,96.0,3294.0,Monitoring
2024-06-12,12:40:00,HOLD,MIDCPNIFTY24JUN11700PE,96.0,3294.0,Monitoring
2024-06-12,12:45:00,HOLD,MIDCPNIFTY24JUN11700PE,92.9,3666.0,Monitoring
2024-06-12,12:50:00,HOLD,MIDCPNIFTY24JUN11700PE,96.7,3210.0,Monitoring
2024-06-12,12:55:00,HOLD,MIDCPNIFTY24JUN11700PE,100.9,2706.0,Monitoring
2024-06-12,13:00:00,HOLD,MIDCPNIFTY24JUN11700PE,92.65,3696.0,Monitoring
2024-06-12,13:05:00,HOLD,MIDCPNIFTY24JUN11700PE,93.9,3546.0,Monitoring
2024-06-12,13:10:00,HOLD,MIDCPNIFTY24JUN11700PE,93.9,3546.0,Monitoring
2024-06-12,13:15:00,HOLD,MIDCPNIFTY24JUN11700PE,95.0,3414.0,Monitoring
2024-06-12,13:20:00,HOLD,MIDCPNIFTY24JUN11700PE,95.4,3366.0,Monitoring
2024-06-12,13:25:00,HOLD,MIDCPNIFTY24JUN11700PE,93.15,3636.0,Monitoring
2024-06-12,13:30:00,HOLD,MIDCPNIFTY24JUN11700PE,91.85,3792.0,Monitoring
2024-06-12,13:35:00,HOLD,MIDCPNIFTY24JUN11700PE,90.05,4008.0,Monitoring
2024-06-12,13:40:00,HOLD,MIDCPNIFTY24JUN11700PE,90.05,4008.0,Monitoring
2024-06-12,13:45:00,HOLD,MIDCPNIFTY24JUN11700PE,94.1,3522.0,Monitoring
2024-06-12,13:50:00,HOLD,MIDCPNIFTY24JUN11700PE,95.0,3414.0,Monitoring
2024-06-12,13:55:00,HOLD,MIDCPNIFTY24JUN11700PE,92.9,3666.0,Monitoring
2024-06-12,14:00:00,HOLD,MIDCPNIFTY24JUN11700PE,95.0,3414.0,Monitoring
2024-06-12,14:05:00,HOLD,MIDCPNIFTY24JUN11700PE,95.0,3414.0,Monitoring
2024-06-12,14:10:00,HOLD,MIDCPNIFTY24JUN11700PE,98.0,3054.0,Monitoring
2024-06-12,14:15:00,HOLD,MIDCPNIFTY24JUN11700PE,95.0,3414.0,Monitoring
2024-06-12,14:20:00,HOLD,MIDCPNIFTY24JUN11700PE,90.55,3948.0,Monitoring
2024-06-12,14:25:00,HOLD,MIDCPNIFTY24JUN11700PE,90.15,3996.0,Monitoring
2024-06-12,14:30:00,HOLD,MIDCPNIFTY24JUN11700PE,92.35,3732.0,Monitoring
2024-06-12,14:35:00,HOLD,MIDCPNIFTY24JUN11700PE,90.0,4014.0,Monitoring
2024-06-12,14:40:00,HOLD,MIDCPNIFTY24JUN11700PE,87.25,4344.0,Monitoring
2024-06-12,14:45:00,HOLD,MIDCPNIFTY24JUN11700PE,86.95,4380.0,Monitoring
2024-06-12,14:50:00,HOLD,MIDCPNIFTY24JUN11700PE,85.85,4512.0,Monitoring
2024-06-12,14:55:00,HOLD,MIDCPNIFTY24JUN11700PE,86.7,4410.0,Monitoring
2024-06-12,15:00:00,HOLD,MIDCPNIFTY24JUN11700PE,94.0,3534.0,Monitoring
2024-06-12,15:05:00,HOLD,MIDCPNIFTY24JUN11700PE,91.15,3876.0,Monitoring
2024-06-12,15:10:00,HOLD,MIDCPNIFTY24JUN11700PE,92.9,3666.0,Monitoring
2024-06-12,15:15:00,HOLD,MIDCPNIFTY24JUN11700PE,92.05,3768.0,Monitoring
2024-06-12,15:20:00,HOLD,MIDCPNIFTY24JUN11700PE,93.0,3654.0,Monitoring
2024-06-12,15:25:00,HOLD,MIDCPNIFTY24JUN11700PE,97.0,3174.0,Monitoring
2024-06-13,09:15:00,HOLD,MIDCPNIFTY24JUN11700PE,66.75,6804.0,Monitoring
2024-06-13,09:20:00,HOLD,MIDCPNIFTY24JUN11700PE,65.7,6930.0,Monitoring
2024-06-13,09:25:00,HOLD,MIDCPNIFTY24JUN11700PE,67.9,6666.0,Monitoring
2024-06-13,09:30:00,HOLD,MIDCPNIFTY24JUN11700PE,67.8,6678.0,Monitoring
2024-06-13,09:35:00,HOLD,MIDCPNIFTY24JUN11700PE,62.45,7320.0,Monitoring
2024-06-13,09:40:00,HOLD,MIDCPNIFTY24JUN11700PE,60.25,7584.0,Monitoring
2024-06-13,09:45:00,HOLD,MIDCPNIFTY24JUN11700PE,65.15,6996.0,Monitoring
2024-06-13,09:50:00,HOLD,MIDCPNIFTY24JUN11700PE,67.0,6774.0,Monitoring
2024-06-13,09:55:00,HOLD,MIDCPNIFTY24JUN11700PE,65.05,7008.0,Monitoring
2024-06-13,10:00:00,HOLD,MIDCPNIFTY24JUN11700PE,64.1,7122.0,Monitoring
2024-06-13,10:05:00,HOLD,MIDCPNIFTY24JUN11700PE,65.0,7014.0,Monitoring
2024-06-13,10:10:00,HOLD,MIDCPNIFTY24JUN11700PE,65.0,7014.0,Monitoring
2024-06-13,10:15:00,HOLD,MIDCPNIFTY24JUN11700PE,65.0,7014.0,Monitoring
2024-06-13,10:20:00,HOLD,MIDCPNIFTY24JUN11700PE,65.35,6972.0,Monitoring
2024-06-13,10:25:00,HOLD,MIDCPNIFTY24JUN11700PE,59.9,7626.0,Monitoring
2024-06-13,10:30:00,HOLD,MIDCPNIFTY24JUN11700PE,63.75,7164.0,Monitoring
2024-06-13,10:35:00,HOLD,MIDCPNIFTY24JUN11700PE,61.0,7494.0,Monitoring
2024-06-13,10:40:00,HOLD,MIDCPNIFTY24JUN11700PE,61.0,7494.0,Monitoring
2024-06-13,10:45:00,HOLD,MIDCPNIFTY24JUN11700PE,61.0,7494.0,Monitoring
2024-06-13,10:50:00,HOLD,MIDCPNIFTY24JUN11700PE,61.0,7494.0,Monitoring
2024-06-13,10:55:00,HOLD,MIDCPNIFTY24JUN11700PE,63.0,7254.0,Monitoring
2024-06-13,11:00:00,HOLD,MIDCPNIFTY24JUN11700PE,62.7,7290.0,Monitoring
2024-06-13,11:05:00,HOLD,MIDCPNIFTY24JUN11700PE,63.95,7140.0,Monitoring
2024-06-13,11:10:00,HOLD,MIDCPNIFTY24JUN11700PE,70.0,6414.0,Monitoring
2024-06-13,11:15:00,HOLD,MIDCPNIFTY24JUN11700PE,69.1,6522.0,Monitoring
2024-06-13,11:20:00,HOLD,MIDCPNIFTY24JUN11700PE,71.0,6294.0,Monitoring
2024-06-13,11:25:00,HOLD,MIDCPNIFTY24JUN11700PE,65.15,6996.0,Monitoring
2024-06-13,11:30:00,HOLD,MIDCPNIFTY24JUN11700PE,64.8,7038.0,Monitoring
2024-06-13,11:35:00,HOLD,MIDCPNIFTY24JUN11700PE,63.0,7254.0,Monitoring
2024-06-13,11:40:00,HOLD,MIDCPNIFTY24JUN11700PE,61.2,7470.0,Monitoring
2024-06-13,11:45:00,HOLD,MIDCPNIFTY24JUN11700PE,60.45,7560.0,Monitoring
2024-06-13,11:50:00,HOLD,MIDCPNIFTY24JUN11700PE,60.45,7560.0,Monitoring
2024-06-13,11:55:00,HOLD,MIDCPNIFTY24JUN11700PE,60.45,7560.0,Monitoring
2024-06-13,12:00:00,HOLD,MIDCPNIFTY24JUN11700PE,62.45,7320.0,Monitoring
2024-06-13,12:05:00,HOLD,MIDCPNIFTY24JUN11700PE,62.5,7314.0,Monitoring
2024-06-13,12:10:00,HOLD,MIDCPNIFTY24JUN11700PE,64.15,7116.0,Monitoring
2024-06-13,12:15:00,HOLD,MIDCPNIFTY24JUN11700PE,63.0,7254.0,Monitoring
2024-06-13,12:20:00,HOLD,MIDCPNIFTY24JUN11700PE,63.75,7164.0,Monitoring
2024-06-13,12:25:00,HOLD,MIDCPNIFTY24JUN11700PE,60.5,7554.0,Monitoring
2024-06-13,12:30:00,HOLD,MIDCPNIFTY24JUN11700PE,59.8,7638.0,Monitoring
2024-06-13,12:35:00,HOLD,MIDCPNIFTY24JUN11700PE,59.05,7728.0,Monitoring
2024-06-13,12:40:00,HOLD,MIDCPNIFTY24JUN11700PE,62.05,7368.0,Monitoring
2024-06-13,12:45:00,HOLD,MIDCPNIFTY24JUN11700PE,61.45,7440.0,Monitoring
2024-06-13,12:50:00,HOLD,MIDCPNIFTY24JUN11700PE,60.9,7506.0,Monitoring
2024-06-13,12:55:00,HOLD,MIDCPNIFTY24JUN11700PE,58.25,7824.0,Monitoring
2024-06-13,13:00:00,HOLD,MIDCPNIFTY24JUN11700PE,59.5,7674.0,Monitoring
2024-06-13,13:05:00,HOLD,MIDCPNIFTY24JUN11700PE,58.0,7854.0,Monitoring
2024-06-13,13:10:00,HOLD,MIDCPNIFTY24JUN11700PE,56.45,8040.0,Monitoring
2024-06-13,13:15:00,HOLD,MIDCPNIFTY24JUN11700PE,56.15,8076.0,Monitoring
2024-06-13,13:20:00,HOLD,MIDCPNIFTY24JUN11700PE,59.65,7656.0,Monitoring
2024-06-13,13:25:00,HOLD,MIDCPNIFTY24JUN11700PE,56.1,8082.0,Monitoring
2024-06-13,13:30:00,HOLD,MIDCPNIFTY24JUN11700PE,56.1,8082.0,Monitoring
2024-06-13,13:35:00,HOLD,MIDCPNIFTY24JUN11700PE,57.05,7968.0,Monitoring
2024-06-13,13:40:00,HOLD,MIDCPNIFTY24JUN11700PE,55.3,8178.0,Monitoring
2024-06-13,13:45:00,HOLD,MIDCPNIFTY24JUN11700PE,58.3,7818.0,Monitoring
2024-06-13,13:50:00,HOLD,MIDCPNIFTY24JUN11700PE,56.25,8064.0,Monitoring
2024-06-13,13:55:00,HOLD,MIDCPNIFTY24JUN11700PE,54.35,8292.0,Monitoring
2024-06-13,14:00:00,HOLD,MIDCPNIFTY24JUN11700PE,55.2,8190.0,Monitoring
2024-06-13,14:05:00,HOLD,MIDCPNIFTY24JUN11700PE,54.8,8238.0,Monitoring
2024-06-13,14:10:00,HOLD,MIDCPNIFTY24JUN11700PE,54.8,8238.0,Monitoring
2024-06-13,14:15:00,HOLD,MIDCPNIFTY24JUN11700PE,56.8,7998.0,Monitoring
2024-06-13,14:20:00,HOLD,MIDCPNIFTY24JUN11700PE,55.55,8148.0,Monitoring
2024-06-13,14:25:00,HOLD,MIDCPNIFTY24JUN11700PE,55.85,8112.0,Monitoring
2024-06-13,14:30:00,HOLD,MIDCPNIFTY24JUN11700PE,55.0,8214.0,Monitoring
2024-06-13,14:35:00,HOLD,MIDCPNIFTY24JUN11700PE,55.65,8136.0,Monitoring
2024-06-13,14:40:00,HOLD,MIDCPNIFTY24JUN11700PE,55.7,8130.0,Monitoring
2024-06-13,14:45:00,HOLD,MIDCPNIFTY24JUN11700PE,54.0,8334.0,Monitoring
2024-06-13,14:50:00,HOLD,MIDCPNIFTY24JUN11700PE,54.0,8334.0,Monitoring
2024-06-13,14:55:00,HOLD,MIDCPNIFTY24JUN11700PE,55.25,8184.0,Monitoring
2024-06-13,15:00:00,HOLD,MIDCPNIFTY24JUN11700PE,53.0,8454.0,Monitoring
2024-06-13,15:05:00,HOLD,MIDCPNIFTY24JUN11700PE,53.95,8340.0,Monitoring
2024-06-13,15:10:00,HOLD,MIDCPNIFTY24JUN11700PE,53.95,8340.0,Monitoring
2024-06-13,15:15:00,HOLD,MIDCPNIFTY24JUN11700PE,50.2,8790.0,Monitoring
2024-06-13,15:20:00,HOLD,MIDCPNIFTY24JUN11700PE,51.2,8670.0,Monitoring
2024-06-13,15:25:00,HOLD,MIDCPNIFTY24JUN11700PE,58.5,7794.0,Monitoring
2024-06-14,09:15:00,HOLD,MIDCPNIFTY24JUN11700PE,47.0,9174.0,Monitoring
2024-06-14,09:20:00,HOLD,MIDCPNIFTY24JUN11700PE,52.15,8556.0,Monitoring
2024-06-14,09:25:00,HOLD,MIDCPNIFTY24JUN11700PE,50.4,8766.0,Monitoring
2024-06-14,09:30:00,HOLD,MIDCPNIFTY24JUN11700PE,47.6,9102.0,Monitoring
2024-06-14,09:35:00,HOLD,MIDCPNIFTY24JUN11700PE,47.95,9060.0,Monitoring
2024-06-14,09:40:00,HOLD,MIDCPNIFTY24JUN11700PE,46.35,9252.0,Monitoring
2024-06-14,09:45:00,HOLD,MIDCPNIFTY24JUN11700PE,47.15,9156.0,Monitoring
2024-06-14,09:50:00,HOLD,MIDCPNIFTY24JUN11700PE,46.4,9246.0,Monitoring
2024-06-14,09:55:00,HOLD,MIDCPNIFTY24JUN11700PE,44.0,9534.0,Monitoring
2024-06-14,10:00:00,HOLD,MIDCPNIFTY24JUN11700PE,43.4,9606.0,Monitoring
2024-06-14,10:05:00,HOLD,MIDCPNIFTY24JUN11700PE,41.0,9894.0,Monitoring
2024-06-14,10:10:00,HOLD,MIDCPNIFTY24JUN11700PE,42.8,9678.0,Monitoring
2024-06-14,10:15:00,HOLD,MIDCPNIFTY24JUN11700PE,42.05,9768.0,Monitoring
2024-06-14,10:20:00,HOLD,MIDCPNIFTY24JUN11700PE,40.8,9918.0,Monitoring
2024-06-14,10:25:00,HOLD,MIDCPNIFTY24JUN11700PE,40.0,10014.0,Monitoring
2024-06-14,10:30:00,HOLD,MIDCPNIFTY24JUN11700PE,37.85,10272.0,Monitoring
2024-06-14,10:35:00,HOLD,MIDCPNIFTY24JUN11700PE,37.0,10374.0,Monitoring
2024-06-14,10:40:00,HOLD,MIDCPNIFTY24JUN11700PE,36.3,10458.0,Monitoring
2024-06-14,10:45:00,HOLD,MIDCPNIFTY24JUN11700PE,36.0,10494.0,Monitoring
2024-06-14,10:50:00,HOLD,MIDCPNIFTY24JUN11700PE,36.0,10494.0,Monitoring
2024-06-14,10:55:00,HOLD,MIDCPNIFTY24JUN11700PE,35.7,10530.0,Monitoring
2024-06-14,11:00:00,HOLD,MIDCPNIFTY24JUN11700PE,35.65,10536.0,Monitoring
2024-06-14,11:05:00,HOLD,MIDCPNIFTY24JUN11700PE,34.55,10668.0,Monitoring
2024-06-14,11:10:00,HOLD,MIDCPNIFTY24JUN11700PE,34.45,10680.0,Monitoring
2024-06-14,11:15:00,HOLD,MIDCPNIFTY24JUN11700PE,34.65,10656.0,Monitoring
2024-06-14,11:20:00,HOLD,MIDCPNIFTY24JUN11700PE,33.35,10812.0,Monitoring
2024-06-14,11:25:00,HOLD,MIDCPNIFTY24JUN11700PE,33.75,10764.0,Monitoring
2024-06-14,11:30:00,HOLD,MIDCPNIFTY24JUN11700PE,33.7,10770.0,Monitoring
2024-06-14,11:35:00,HOLD,MIDCPNIFTY24JUN11700PE,33.15,10836.0,Monitoring
2024-06-14,11:40:00,HOLD,MIDCPNIFTY24JUN11700PE,32.85,10872.0,Monitoring
2024-06-14,11:45:00,HOLD,MIDCPNIFTY24JUN11700PE,32.15,10956.0,Monitoring
2024-06-14,11:50:00,HOLD,MIDCPNIFTY24JUN11700PE,32.2,10950.0,Monitoring
2024-06-14,11:55:00,HOLD,MIDCPNIFTY24JUN11700PE,31.4,11046.0,Monitoring
2024-06-14,12:00:00,HOLD,MIDCPNIFTY24JUN11700PE,30.35,11172.0,Monitoring
2024-06-14,12:05:00,HOLD,MIDCPNIFTY24JUN11700PE,30.95,11100.0,Monitoring
2024-06-14,12:10:00,HOLD,MIDCPNIFTY24JUN11700PE,30.9,11106.0,Monitoring
2024-06-14,12:15:00,HOLD,MIDCPNIFTY24JUN11700PE,29.5,11274.0,Monitoring
2024-06-14,12:15:00,BUY_EXIT,MIDCPNIFTY24JUN11700PE,29.5,11274.0,TARGET_LTP_30
