Date,Time,Event,Ticker,Price,PnL_INR,Info
2023-09-27,14:25:00,SELL_ENTRY,MIDCPNIFTY23OCT9200CE,200.0,0.0,Signal CE | Short
2023-09-27,14:30:00,HOLD,MIDCPNIFTY23OCT9200CE,200.0,0.0,Monitoring
2023-09-27,14:35:00,HOLD,MIDCPNIFTY23OCT9200CE,200.0,0.0,Monitoring
2023-09-27,14:40:00,HOLD,MIDCPNIFTY23OCT9200CE,200.0,0.0,Monitoring
2023-09-27,14:45:00,HOLD,MIDCPNIFTY23OCT9200CE,200.0,0.0,Monitoring
2023-09-28,09:45:00,HOLD,MIDCPNIFTY23OCT9200CE,200.0,0.0,Monitoring
2023-09-28,09:50:00,HOLD,MIDCPNIFTY23OCT9200CE,200.0,0.0,Monitoring
2023-09-28,09:55:00,HOLD,MIDCPNIFTY23OCT9200CE,200.0,0.0,Monitoring
2023-09-28,10:00:00,HOLD,MIDCPNIFTY23OCT9200CE,200.0,0.0,Monitoring
2023-09-28,11:40:00,HOLD,MIDCPNIFTY23OCT9200CE,200.0,0.0,Monitoring
2023-09-28,11:45:00,HOLD,MIDCPNIFTY23OCT9200CE,200.0,0.0,Monitoring
2023-09-28,11:50:00,HOLD,MIDCPNIFTY23OCT9200CE,200.0,0.0,Monitoring
2023-09-28,11:55:00,HOLD,MIDCPNIFTY23OCT9200CE,200.0,0.0,Monitoring
2023-09-28,14:05:00,HOLD,MIDCPNIFTY23OCT9200CE,200.0,0.0,Monitoring
2023-09-28,14:10:00,HOLD,MIDCPNIFTY23OCT9200CE,200.0,0.0,Monitoring
2023-09-28,14:15:00,HOLD,MIDCPNIFTY23OCT9200CE,200.0,0.0,Monitoring
2023-09-28,14:20:00,HOLD,MIDCPNIFTY23OCT9200CE,200.0,0.0,Monitoring
2023-09-28,14:25:00,HOLD,MIDCPNIFTY23OCT9200CE,200.0,0.0,Monitoring
2023-09-28,14:30:00,HOLD,MIDCPNIFTY23OCT9200CE,200.0,0.0,Monitoring
2023-09-28,14:35:00,HOLD,MIDCPNIFTY23OCT9200CE,200.0,0.0,Monitoring
2023-09-28,14:40:00,HOLD,MIDCPNIFTY23OCT9200CE,200.0,0.0,Monitoring
2023-09-28,14:45:00,HOLD,MIDCPNIFTY23OCT9200CE,200.0,0.0,Monitoring
2023-09-28,15:05:00,HOLD,MIDCPNIFTY23OCT9200CE,200.0,0.0,Monitoring
2023-09-28,15:10:00,HOLD,MIDCPNIFTY23OCT9200CE,200.0,0.0,Monitoring
2023-09-28,15:15:00,HOLD,MIDCPNIFTY23OCT9200CE,200.0,0.0,Monitoring
2023-09-28,15:20:00,HOLD,MIDCPNIFTY23OCT9200CE,200.0,0.0,Monitoring
2023-09-28,15:25:00,HOLD,MIDCPNIFTY23OCT9200CE,200.0,0.0,Monitoring
2023-09-29,09:30:00,HOLD,MIDCPNIFTY23OCT9200CE,200.0,0.0,Monitoring
2023-09-29,09:35:00,HOLD,MIDCPNIFTY23OCT9200CE,200.0,0.0,Monitoring
2023-09-29,09:40:00,HOLD,MIDCPNIFTY23OCT9200CE,200.0,0.0,Monitoring
2023-09-29,09:45:00,HOLD,MIDCPNIFTY23OCT9200CE,200.0,0.0,Monitoring
2023-09-29,10:10:00,HOLD,MIDCPNIFTY23OCT9200CE,200.0,0.0,Monitoring
2023-09-29,10:15:00,HOLD,MIDCPNIFTY23OCT9200CE,200.0,0.0,Monitoring
2023-09-29,10:20:00,HOLD,MIDCPNIFTY23OCT9200CE,200.0,0.0,Monitoring
2023-09-29,10:25:00,HOLD,MIDCPNIFTY23OCT9200CE,200.0,0.0,Monitoring
2023-09-29,10:35:00,HOLD,MIDCPNIFTY23OCT9200CE,200.0,0.0,Monitoring
2023-09-29,10:40:00,HOLD,MIDCPNIFTY23OCT9200CE,200.0,0.0,Monitoring
2023-09-29,10:45:00,HOLD,MIDCPNIFTY23OCT9200CE,200.0,0.0,Monitoring
2023-09-29,10:50:00,HOLD,MIDCPNIFTY23OCT9200CE,200.0,0.0,Monitoring
2023-09-29,11:05:00,HOLD,MIDCPNIFTY23OCT9200CE,200.0,0.0,Monitoring
2023-09-29,11:10:00,HOLD,MIDCPNIFTY23OCT9200CE,200.0,0.0,Monitoring
2023-09-29,11:15:00,HOLD,MIDCPNIFTY23OCT9200CE,200.0,0.0,Monitoring
2023-09-29,11:20:00,HOLD,MIDCPNIFTY23OCT9200CE,200.0,0.0,Monitoring
2023-09-29,11:25:00,HOLD,MIDCPNIFTY23OCT9200CE,200.0,0.0,Monitoring
2023-09-29,11:30:00,HOLD,MIDCPNIFTY23OCT9200CE,200.0,0.0,Monitoring
2023-09-29,11:35:00,HOLD,MIDCPNIFTY23OCT9200CE,200.0,0.0,Monitoring
2023-10-03,09:30:00,HOLD,MIDCPNIFTY23OCT9200CE,200.0,0.0,Monitoring
2023-10-03,09:35:00,HOLD,MIDCPNIFTY23OCT9200CE,200.0,0.0,Monitoring
2023-10-03,09:40:00,HOLD,MIDCPNIFTY23OCT9200CE,200.0,0.0,Monitoring
2023-10-03,09:45:00,HOLD,MIDCPNIFTY23OCT9200CE,200.0,0.0,Monitoring
2023-10-03,10:20:00,HOLD,MIDCPNIFTY23OCT9200CE,200.0,0.0,Monitoring
2023-10-03,10:25:00,HOLD,MIDCPNIFTY23OCT9200CE,200.0,0.0,Monitoring
2023-10-03,10:30:00,HOLD,MIDCPNIFTY23OCT9200CE,200.0,0.0,Monitoring
2023-10-03,10:35:00,HOLD,MIDCPNIFTY23OCT9200CE,200.0,0.0,Monitoring
2023-10-03,11:50:00,HOLD,MIDCPNIFTY23OCT9200CE,200.0,0.0,Monitoring
2023-10-03,11:55:00,HOLD,MIDCPNIFTY23OCT9200CE,200.0,0.0,Monitoring
2023-10-03,12:00:00,HOLD,MIDCPNIFTY23OCT9200CE,200.0,0.0,Monitoring
2023-10-03,12:05:00,HOLD,MIDCPNIFTY23OCT9200CE,200.0,0.0,Monitoring
2023-10-04,09:20:00,HOLD,MIDCPNIFTY23OCT9200CE,200.0,0.0,Monitoring
2023-10-04,09:25:00,HOLD,MIDCPNIFTY23OCT9200CE,200.0,0.0,Monitoring
2023-10-04,09:30:00,HOLD,MIDCPNIFTY23OCT9200CE,200.0,0.0,Monitoring
2023-10-04,09:35:00,HOLD,MIDCPNIFTY23OCT9200CE,200.0,0.0,Monitoring
2023-10-04,09:50:00,HOLD,MIDCPNIFTY23OCT9200CE,200.0,0.0,Monitoring
2023-10-04,09:55:00,HOLD,MIDCPNIFTY23OCT9200CE,200.0,0.0,Monitoring
2023-10-04,10:00:00,HOLD,MIDCPNIFTY23OCT9200CE,200.0,0.0,Monitoring
2023-10-04,10:05:00,HOLD,MIDCPNIFTY23OCT9200CE,200.0,0.0,Monitoring
2023-10-04,11:40:00,HOLD,MIDCPNIFTY23OCT9200CE,200.0,0.0,Monitoring
2023-10-04,11:45:00,HOLD,MIDCPNIFTY23OCT9200CE,200.0,0.0,Monitoring
2023-10-04,11:50:00,HOLD,MIDCPNIFTY23OCT9200CE,200.0,0.0,Monitoring
2023-10-04,11:55:00,HOLD,MIDCPNIFTY23OCT9200CE,200.0,0.0,Monitoring
2023-10-05,09:25:00,HOLD,MIDCPNIFTY23OCT9200CE,200.0,0.0,Monitoring
2023-10-05,09:30:00,HOLD,MIDCPNIFTY23OCT9200CE,200.0,0.0,Monitoring
2023-10-05,09:35:00,HOLD,MIDCPNIFTY23OCT9200CE,200.0,0.0,Monitoring
2023-10-05,09:40:00,HOLD,MIDCPNIFTY23OCT9200CE,200.0,0.0,Monitoring
2023-10-05,09:45:00,HOLD,MIDCPNIFTY23OCT9200CE,200.0,0.0,Monitoring
2023-10-05,09:50:00,HOLD,MIDCPNIFTY23OCT9200CE,200.0,0.0,Monitoring
2023-10-05,09:55:00,HOLD,MIDCPNIFTY23OCT9200CE,200.0,0.0,Monitoring
2023-10-05,10:25:00,HOLD,MIDCPNIFTY23OCT9200CE,200.0,0.0,Monitoring
2023-10-05,10:30:00,HOLD,MIDCPNIFTY23OCT9200CE,200.0,0.0,Monitoring
2023-10-05,10:35:00,HOLD,MIDCPNIFTY23OCT9200CE,200.0,0.0,Monitoring
2023-10-05,10:40:00,HOLD,MIDCPNIFTY23OCT9200CE,200.0,0.0,Monitoring
2023-10-05,14:55:00,HOLD,MIDCPNIFTY23OCT9200CE,200.0,0.0,Monitoring
2023-10-05,15:00:00,HOLD,MIDCPNIFTY23OCT9200CE,200.0,0.0,Monitoring
2023-10-05,15:05:00,HOLD,MIDCPNIFTY23OCT9200CE,200.0,0.0,Monitoring
2023-10-05,15:10:00,HOLD,MIDCPNIFTY23OCT9200CE,200.0,0.0,Monitoring
2023-10-05,15:15:00,HOLD,MIDCPNIFTY23OCT9200CE,200.0,0.0,Monitoring
2023-10-06,09:15:00,HOLD,MIDCPNIFTY23OCT9200CE,200.0,0.0,Monitoring
2023-10-06,09:20:00,HOLD,MIDCPNIFTY23OCT9200CE,200.0,0.0,Monitoring
2023-10-06,09:25:00,HOLD,MIDCPNIFTY23OCT9200CE,200.0,0.0,Monitoring
2023-10-06,09:30:00,HOLD,MIDCPNIFTY23OCT9200CE,200.0,0.0,Monitoring
2023-10-06,09:35:00,HOLD,MIDCPNIFTY23OCT9200CE,200.0,0.0,Monitoring
2023-10-06,09:40:00,HOLD,MIDCPNIFTY23OCT9200CE,200.0,0.0,Monitoring
2023-10-06,09:45:00,HOLD,MIDCPNIFTY23OCT9200CE,200.0,0.0,Monitoring
2023-10-06,09:50:00,HOLD,MIDCPNIFTY23OCT9200CE,200.0,0.0,Monitoring
2023-10-06,09:55:00,HOLD,MIDCPNIFTY23OCT9200CE,200.0,0.0,Monitoring
2023-10-06,10:00:00,HOLD,MIDCPNIFTY23OCT9200CE,200.0,0.0,Monitoring
2023-10-06,12:55:00,HOLD,MIDCPNIFTY23OCT9200CE,200.0,0.0,Monitoring
2023-10-06,13:00:00,HOLD,MIDCPNIFTY23OCT9200CE,200.0,0.0,Monitoring
2023-10-06,13:05:00,HOLD,MIDCPNIFTY23OCT9200CE,200.0,0.0,Monitoring
2023-10-06,13:10:00,HOLD,MIDCPNIFTY23OCT9200CE,200.0,0.0,Monitoring
2023-10-06,15:20:00,HOLD,MIDCPNIFTY23OCT9200CE,200.0,0.0,Monitoring
2023-10-06,15:25:00,HOLD,MIDCPNIFTY23OCT9200CE,200.0,0.0,Monitoring
2023-10-09,09:15:00,HOLD,MIDCPNIFTY23OCT9200CE,200.0,0.0,Monitoring
2023-10-09,09:20:00,HOLD,MIDCPNIFTY23OCT9200CE,200.0,0.0,Monitoring
2023-10-09,09:25:00,HOLD,MIDCPNIFTY23OCT9200CE,200.0,0.0,Monitoring
2023-10-09,09:30:00,HOLD,MIDCPNIFTY23OCT9200CE,200.0,0.0,Monitoring
2023-10-09,09:35:00,HOLD,MIDCPNIFTY23OCT9200CE,200.0,0.0,Monitoring
2023-10-09,09:45:00,HOLD,MIDCPNIFTY23OCT9200CE,200.0,0.0,Monitoring
2023-10-09,09:50:00,HOLD,MIDCPNIFTY23OCT9200CE,200.0,0.0,Monitoring
2023-10-09,09:55:00,HOLD,MIDCPNIFTY23OCT9200CE,200.0,0.0,Monitoring
2023-10-09,10:00:00,HOLD,MIDCPNIFTY23OCT9200CE,200.0,0.0,Monitoring
2023-10-09,10:05:00,HOLD,MIDCPNIFTY23OCT9200CE,200.0,0.0,Monitoring
2023-10-09,10:15:00,HOLD,MIDCPNIFTY23OCT9200CE,200.0,0.0,Monitoring
2023-10-09,10:20:00,HOLD,MIDCPNIFTY23OCT9200CE,200.0,0.0,Monitoring
2023-10-09,10:25:00,HOLD,MIDCPNIFTY23OCT9200CE,200.0,0.0,Monitoring
2023-10-09,10:30:00,HOLD,MIDCPNIFTY23OCT9200CE,200.0,0.0,Monitoring
2023-10-09,10:35:00,HOLD,MIDCPNIFTY23OCT9200CE,200.0,0.0,Monitoring
2023-10-09,10:40:00,HOLD,MIDCPNIFTY23OCT9200CE,200.0,0.0,Monitoring
2023-10-09,10:45:00,HOLD,MIDCPNIFTY23OCT9200CE,200.0,0.0,Monitoring
2023-10-09,10:50:00,HOLD,MIDCPNIFTY23OCT9200CE,200.0,0.0,Monitoring
2023-10-09,11:10:00,HOLD,MIDCPNIFTY23OCT9200CE,200.0,0.0,Monitoring
2023-10-09,11:15:00,HOLD,MIDCPNIFTY23OCT9200CE,200.0,0.0,Monitoring
2023-10-09,11:20:00,HOLD,MIDCPNIFTY23OCT9200CE,200.0,0.0,Monitoring
2023-10-09,11:25:00,HOLD,MIDCPNIFTY23OCT9200CE,200.0,0.0,Monitoring
2023-10-09,11:30:00,HOLD,MIDCPNIFTY23OCT9200CE,200.0,0.0,Monitoring
2023-10-09,11:40:00,HOLD,MIDCPNIFTY23OCT9200CE,200.0,0.0,Monitoring
2023-10-09,11:45:00,HOLD,MIDCPNIFTY23OCT9200CE,200.0,0.0,Monitoring
2023-10-09,11:50:00,HOLD,MIDCPNIFTY23OCT9200CE,200.0,0.0,Monitoring
2023-10-09,11:55:00,HOLD,MIDCPNIFTY23OCT9200CE,200.0,0.0,Monitoring
2023-10-09,12:10:00,HOLD,MIDCPNIFTY23OCT9200CE,200.0,0.0,Monitoring
2023-10-09,12:15:00,HOLD,MIDCPNIFTY23OCT9200CE,200.0,0.0,Monitoring
2023-10-09,12:20:00,HOLD,MIDCPNIFTY23OCT9200CE,200.0,0.0,Monitoring
2023-10-09,12:25:00,HOLD,MIDCPNIFTY23OCT9200CE,200.0,0.0,Monitoring
2023-10-09,14:30:00,HOLD,MIDCPNIFTY23OCT9200CE,200.0,0.0,Monitoring
2023-10-09,14:35:00,HOLD,MIDCPNIFTY23OCT9200CE,200.0,0.0,Monitoring
2023-10-09,14:40:00,HOLD,MIDCPNIFTY23OCT9200CE,200.0,0.0,Monitoring
2023-10-09,14:45:00,HOLD,MIDCPNIFTY23OCT9200CE,200.0,0.0,Monitoring
2023-10-10,09:40:00,HOLD,MIDCPNIFTY23OCT9200CE,200.0,0.0,Monitoring
2023-10-10,09:45:00,HOLD,MIDCPNIFTY23OCT9200CE,200.0,0.0,Monitoring
2023-10-10,09:50:00,HOLD,MIDCPNIFTY23OCT9200CE,200.0,0.0,Monitoring
2023-10-10,09:55:00,HOLD,MIDCPNIFTY23OCT9200CE,200.0,0.0,Monitoring
2023-10-10,10:00:00,HOLD,MIDCPNIFTY23OCT9200CE,200.0,0.0,Monitoring
2023-10-10,10:05:00,HOLD,MIDCPNIFTY23OCT9200CE,200.0,0.0,Monitoring
2023-10-10,10:40:00,HOLD,MIDCPNIFTY23OCT9200CE,200.0,0.0,Monitoring
2023-10-10,10:45:00,HOLD,MIDCPNIFTY23OCT9200CE,200.0,0.0,Monitoring
2023-10-10,10:50:00,HOLD,MIDCPNIFTY23OCT9200CE,200.0,0.0,Monitoring
2023-10-10,10:55:00,HOLD,MIDCPNIFTY23OCT9200CE,200.0,0.0,Monitoring
2023-10-10,11:45:00,HOLD,MIDCPNIFTY23OCT9200CE,200.0,0.0,Monitoring
2023-10-10,11:50:00,HOLD,MIDCPNIFTY23OCT9200CE,200.0,0.0,Monitoring
2023-10-10,11:55:00,HOLD,MIDCPNIFTY23OCT9200CE,200.0,0.0,Monitoring
2023-10-10,12:00:00,HOLD,MIDCPNIFTY23OCT9200CE,200.0,0.0,Monitoring
2023-10-10,12:05:00,HOLD,MIDCPNIFTY23OCT9200CE,200.0,0.0,Monitoring
2023-10-10,12:10:00,HOLD,MIDCPNIFTY23OCT9200CE,200.0,0.0,Monitoring
2023-10-10,12:15:00,HOLD,MIDCPNIFTY23OCT9200CE,200.0,0.0,Monitoring
2023-10-10,12:20:00,HOLD,MIDCPNIFTY23OCT9200CE,200.0,0.0,Monitoring
2023-10-10,12:25:00,HOLD,MIDCPNIFTY23OCT9200CE,200.0,0.0,Monitoring
2023-10-10,12:35:00,HOLD,MIDCPNIFTY23OCT9200CE,200.0,0.0,Monitoring
2023-10-10,12:40:00,HOLD,MIDCPNIFTY23OCT9200CE,200.0,0.0,Monitoring
2023-10-10,12:45:00,HOLD,MIDCPNIFTY23OCT9200CE,200.0,0.0,Monitoring
2023-10-10,12:50:00,HOLD,MIDCPNIFTY23OCT9200CE,200.0,0.0,Monitoring
2023-10-10,13:25:00,HOLD,MIDCPNIFTY23OCT9200CE,200.0,0.0,Monitoring
2023-10-10,13:30:00,HOLD,MIDCPNIFTY23OCT9200CE,200.0,0.0,Monitoring
2023-10-10,13:35:00,HOLD,MIDCPNIFTY23OCT9200CE,200.0,0.0,Monitoring
2023-10-10,13:40:00,HOLD,MIDCPNIFTY23OCT9200CE,200.0,0.0,Monitoring
2023-10-10,14:30:00,HOLD,MIDCPNIFTY23OCT9200CE,200.0,0.0,Monitoring
2023-10-10,14:35:00,HOLD,MIDCPNIFTY23OCT9200CE,200.0,0.0,Monitoring
2023-10-10,14:40:00,HOLD,MIDCPNIFTY23OCT9200CE,200.0,0.0,Monitoring
2023-10-10,14:45:00,HOLD,MIDCPNIFTY23OCT9200CE,200.0,0.0,Monitoring
2023-10-11,09:15:00,HOLD,MIDCPNIFTY23OCT9200CE,200.0,0.0,Monitoring
2023-10-11,09:20:00,HOLD,MIDCPNIFTY23OCT9200CE,200.0,0.0,Monitoring
2023-10-11,09:25:00,HOLD,MIDCPNIFTY23OCT9200CE,200.0,0.0,Monitoring
2023-10-11,09:30:00,HOLD,MIDCPNIFTY23OCT9200CE,200.0,0.0,Monitoring
2023-10-11,09:35:00,HOLD,MIDCPNIFTY23OCT9200CE,200.0,0.0,Monitoring
2023-10-11,09:40:00,HOLD,MIDCPNIFTY23OCT9200CE,200.0,0.0,Monitoring
2023-10-11,09:45:00,HOLD,MIDCPNIFTY23OCT9200CE,200.0,0.0,Monitoring
2023-10-11,09:50:00,HOLD,MIDCPNIFTY23OCT9200CE,200.0,0.0,Monitoring
2023-10-11,09:55:00,HOLD,MIDCPNIFTY23OCT9200CE,200.0,0.0,Monitoring
2023-10-11,10:00:00,HOLD,MIDCPNIFTY23OCT9200CE,200.0,0.0,Monitoring
2023-10-11,10:05:00,HOLD,MIDCPNIFTY23OCT9200CE,200.0,0.0,Monitoring
2023-10-11,10:10:00,HOLD,MIDCPNIFTY23OCT9200CE,200.0,0.0,Monitoring
2023-10-11,10:15:00,HOLD,MIDCPNIFTY23OCT9200CE,200.0,0.0,Monitoring
2023-10-11,10:55:00,HOLD,MIDCPNIFTY23OCT9200CE,200.0,0.0,Monitoring
2023-10-11,11:00:00,HOLD,MIDCPNIFTY23OCT9200CE,200.0,0.0,Monitoring
2023-10-11,11:05:00,HOLD,MIDCPNIFTY23OCT9200CE,200.0,0.0,Monitoring
2023-10-11,11:10:00,HOLD,MIDCPNIFTY23OCT9200CE,200.0,0.0,Monitoring
2023-10-11,11:15:00,HOLD,MIDCPNIFTY23OCT9200CE,200.0,0.0,Monitoring
2023-10-11,11:20:00,HOLD,MIDCPNIFTY23OCT9200CE,200.0,0.0,Monitoring
2023-10-11,11:25:00,HOLD,MIDCPNIFTY23OCT9200CE,200.0,0.0,Monitoring
2023-10-11,11:40:00,HOLD,MIDCPNIFTY23OCT9200CE,200.0,0.0,Monitoring
2023-10-11,11:45:00,HOLD,MIDCPNIFTY23OCT9200CE,200.0,0.0,Monitoring
2023-10-11,11:50:00,HOLD,MIDCPNIFTY23OCT9200CE,200.0,0.0,Monitoring
2023-10-11,11:55:00,HOLD,MIDCPNIFTY23OCT9200CE,200.0,0.0,Monitoring
2023-10-11,12:10:00,HOLD,MIDCPNIFTY23OCT9200CE,200.0,0.0,Monitoring
2023-10-11,12:15:00,HOLD,MIDCPNIFTY23OCT9200CE,200.0,0.0,Monitoring
2023-10-11,12:20:00,HOLD,MIDCPNIFTY23OCT9200CE,200.0,0.0,Monitoring
2023-10-11,12:25:00,HOLD,MIDCPNIFTY23OCT9200CE,200.0,0.0,Monitoring
2023-10-11,12:40:00,HOLD,MIDCPNIFTY23OCT9200CE,200.0,0.0,Monitoring
2023-10-11,12:45:00,HOLD,MIDCPNIFTY23OCT9200CE,200.0,0.0,Monitoring
2023-10-11,12:50:00,HOLD,MIDCPNIFTY23OCT9200CE,200.0,0.0,Monitoring
2023-10-11,12:55:00,HOLD,MIDCPNIFTY23OCT9200CE,200.0,0.0,Monitoring
2023-10-11,13:00:00,HOLD,MIDCPNIFTY23OCT9200CE,200.0,0.0,Monitoring
2023-10-11,13:05:00,HOLD,MIDCPNIFTY23OCT9200CE,200.0,0.0,Monitoring
2023-10-11,13:10:00,HOLD,MIDCPNIFTY23OCT9200CE,200.0,0.0,Monitoring
2023-10-11,13:35:00,HOLD,MIDCPNIFTY23OCT9200CE,200.0,0.0,Monitoring
2023-10-11,13:40:00,HOLD,MIDCPNIFTY23OCT9200CE,200.0,0.0,Monitoring
2023-10-11,13:45:00,HOLD,MIDCPNIFTY23OCT9200CE,200.0,0.0,Monitoring
2023-10-11,13:50:00,HOLD,MIDCPNIFTY23OCT9200CE,200.0,0.0,Monitoring
2023-10-11,13:55:00,HOLD,MIDCPNIFTY23OCT9200CE,200.0,0.0,Monitoring
2023-10-11,14:00:00,HOLD,MIDCPNIFTY23OCT9200CE,200.0,0.0,Monitoring
2023-10-11,14:05:00,HOLD,MIDCPNIFTY23OCT9200CE,200.0,0.0,Monitoring
2023-10-11,14:10:00,HOLD,MIDCPNIFTY23OCT9200CE,200.0,0.0,Monitoring
2023-10-11,14:15:00,HOLD,MIDCPNIFTY23OCT9200CE,200.0,0.0,Monitoring
2023-10-11,14:25:00,HOLD,MIDCPNIFTY23OCT9200CE,200.0,0.0,Monitoring
2023-10-11,14:30:00,HOLD,MIDCPNIFTY23OCT9200CE,200.0,0.0,Monitoring
2023-10-11,14:35:00,HOLD,MIDCPNIFTY23OCT9200CE,200.0,0.0,Monitoring
2023-10-11,14:40:00,HOLD,MIDCPNIFTY23OCT9200CE,200.0,0.0,Monitoring
2023-10-11,14:45:00,HOLD,MIDCPNIFTY23OCT9200CE,200.0,0.0,Monitoring
2023-10-11,14:50:00,HOLD,MIDCPNIFTY23OCT9200CE,200.0,0.0,Monitoring
2023-10-11,14:55:00,HOLD,MIDCPNIFTY23OCT9200CE,200.0,0.0,Monitoring
2023-10-11,15:00:00,HOLD,MIDCPNIFTY23OCT9200CE,200.0,0.0,Monitoring
2023-10-11,15:15:00,HOLD,MIDCPNIFTY23OCT9200CE,200.0,0.0,Monitoring
2023-10-11,15:20:00,HOLD,MIDCPNIFTY23OCT9200CE,200.0,0.0,Monitoring
2023-10-11,15:25:00,HOLD,MIDCPNIFTY23OCT9200CE,200.0,0.0,Monitoring
2023-10-12,09:35:00,HOLD,MIDCPNIFTY23OCT9200CE,200.0,0.0,Monitoring
2023-10-12,09:40:00,HOLD,MIDCPNIFTY23OCT9200CE,200.0,0.0,Monitoring
2023-10-12,09:45:00,HOLD,MIDCPNIFTY23OCT9200CE,200.0,0.0,Monitoring
2023-10-12,09:50:00,HOLD,MIDCPNIFTY23OCT9200CE,200.0,0.0,Monitoring
2023-10-12,09:55:00,HOLD,MIDCPNIFTY23OCT9200CE,200.0,0.0,Monitoring
2023-10-12,10:00:00,HOLD,MIDCPNIFTY23OCT9200CE,200.0,0.0,Monitoring
2023-10-12,10:05:00,HOLD,MIDCPNIFTY23OCT9200CE,200.0,0.0,Monitoring
2023-10-12,10:10:00,HOLD,MIDCPNIFTY23OCT9200CE,200.0,0.0,Monitoring
2023-10-12,10:15:00,HOLD,MIDCPNIFTY23OCT9200CE,200.0,0.0,Monitoring
2023-10-12,10:20:00,HOLD,MIDCPNIFTY23OCT9200CE,200.0,0.0,Monitoring
2023-10-12,10:25:00,HOLD,MIDCPNIFTY23OCT9200CE,200.0,0.0,Monitoring
2023-10-12,10:30:00,HOLD,MIDCPNIFTY23OCT9200CE,200.0,0.0,Monitoring
2023-10-12,10:35:00,HOLD,MIDCPNIFTY23OCT9200CE,200.0,0.0,Monitoring
2023-10-12,10:40:00,HOLD,MIDCPNIFTY23OCT9200CE,200.0,0.0,Monitoring
2023-10-12,10:45:00,HOLD,MIDCPNIFTY23OCT9200CE,200.0,0.0,Monitoring
2023-10-12,10:50:00,HOLD,MIDCPNIFTY23OCT9200CE,200.0,0.0,Monitoring
2023-10-12,10:55:00,HOLD,MIDCPNIFTY23OCT9200CE,200.0,0.0,Monitoring
2023-10-12,11:00:00,HOLD,MIDCPNIFTY23OCT9200CE,200.0,0.0,Monitoring
2023-10-12,11:05:00,HOLD,MIDCPNIFTY23OCT9200CE,200.0,0.0,Monitoring
2023-10-12,11:10:00,HOLD,MIDCPNIFTY23OCT9200CE,200.0,0.0,Monitoring
2023-10-12,11:15:00,HOLD,MIDCPNIFTY23OCT9200CE,200.0,0.0,Monitoring
2023-10-12,11:50:00,HOLD,MIDCPNIFTY23OCT9200CE,200.0,0.0,Monitoring
2023-10-12,11:55:00,HOLD,MIDCPNIFTY23OCT9200CE,200.0,0.0,Monitoring
2023-10-12,12:00:00,HOLD,MIDCPNIFTY23OCT9200CE,200.0,0.0,Monitoring
2023-10-12,12:05:00,HOLD,MIDCPNIFTY23OCT9200CE,200.0,0.0,Monitoring
2023-10-12,12:10:00,HOLD,MIDCPNIFTY23OCT9200CE,200.0,0.0,Monitoring
2023-10-12,12:15:00,HOLD,MIDCPNIFTY23OCT9200CE,200.0,0.0,Monitoring
2023-10-12,12:20:00,HOLD,MIDCPNIFTY23OCT9200CE,200.0,0.0,Monitoring
2023-10-12,12:25:00,HOLD,MIDCPNIFTY23OCT9200CE,200.0,0.0,Monitoring
2023-10-12,12:30:00,HOLD,MIDCPNIFTY23OCT9200CE,200.0,0.0,Monitoring
2023-10-12,12:35:00,HOLD,MIDCPNIFTY23OCT9200CE,200.0,0.0,Monitoring
2023-10-12,12:40:00,HOLD,MIDCPNIFTY23OCT9200CE,144.15,6702.0,Monitoring
2023-10-12,12:45:00,HOLD,MIDCPNIFTY23OCT9200CE,144.15,6702.0,Monitoring
2023-10-12,12:50:00,HOLD,MIDCPNIFTY23OCT9200CE,144.15,6702.0,Monitoring
2023-10-12,12:55:00,HOLD,MIDCPNIFTY23OCT9200CE,100.1,11988.0,Monitoring
2023-10-12,13:00:00,HOLD,MIDCPNIFTY23OCT9200CE,100.1,11988.0,Monitoring
2023-10-12,13:05:00,HOLD,MIDCPNIFTY23OCT9200CE,100.1,11988.0,Monitoring
2023-10-12,13:10:00,HOLD,MIDCPNIFTY23OCT9200CE,100.1,11988.0,Monitoring
2023-10-12,13:15:00,HOLD,MIDCPNIFTY23OCT9200CE,100.1,11988.0,Monitoring
2023-10-12,13:20:00,HOLD,MIDCPNIFTY23OCT9200CE,100.1,11988.0,Monitoring
2023-10-12,13:25:00,HOLD,MIDCPNIFTY23OCT9200CE,100.1,11988.0,Monitoring
2023-10-12,13:30:00,HOLD,MIDCPNIFTY23OCT9200CE,100.1,11988.0,Monitoring
2023-10-12,13:35:00,HOLD,MIDCPNIFTY23OCT9200CE,100.1,11988.0,Monitoring
2023-10-12,13:40:00,HOLD,MIDCPNIFTY23OCT9200CE,100.1,11988.0,Monitoring
2023-10-12,13:45:00,HOLD,MIDCPNIFTY23OCT9200CE,100.1,11988.0,Monitoring
2023-10-12,13:50:00,HOLD,MIDCPNIFTY23OCT9200CE,100.1,11988.0,Monitoring
2023-10-12,13:55:00,HOLD,MIDCPNIFTY23OCT9200CE,100.1,11988.0,Monitoring
2023-10-12,14:00:00,HOLD,MIDCPNIFTY23OCT9200CE,100.1,11988.0,Monitoring
2023-10-12,14:05:00,HOLD,MIDCPNIFTY23OCT9200CE,100.1,11988.0,Monitoring
2023-10-12,14:10:00,HOLD,MIDCPNIFTY23OCT9200CE,100.1,11988.0,Monitoring
2023-10-12,14:15:00,HOLD,MIDCPNIFTY23OCT9200CE,100.1,11988.0,Monitoring
2023-10-12,14:20:00,HOLD,MIDCPNIFTY23OCT9200CE,100.1,11988.0,Monitoring
2023-10-12,14:25:00,HOLD,MIDCPNIFTY23OCT9200CE,100.1,11988.0,Monitoring
2023-10-12,14:30:00,HOLD,MIDCPNIFTY23OCT9200CE,100.1,11988.0,Monitoring
2023-10-12,14:35:00,HOLD,MIDCPNIFTY23OCT9200CE,100.1,11988.0,Monitoring
2023-10-12,14:40:00,HOLD,MIDCPNIFTY23OCT9200CE,100.1,11988.0,Monitoring
2023-10-12,14:45:00,HOLD,MIDCPNIFTY23OCT9200CE,100.1,11988.0,Monitoring
2023-10-12,14:50:00,HOLD,MIDCPNIFTY23OCT9200CE,100.1,11988.0,Monitoring
2023-10-12,14:55:00,HOLD,MIDCPNIFTY23OCT9200CE,100.1,11988.0,Monitoring
2023-10-12,15:00:00,HOLD,MIDCPNIFTY23OCT9200CE,100.1,11988.0,Monitoring
2023-10-12,15:05:00,HOLD,MIDCPNIFTY23OCT9200CE,100.1,11988.0,Monitoring
2023-10-12,15:10:00,HOLD,MIDCPNIFTY23OCT9200CE,100.1,11988.0,Monitoring
2023-10-12,15:15:00,HOLD,MIDCPNIFTY23OCT9200CE,100.1,11988.0,Monitoring
2023-10-12,15:20:00,HOLD,MIDCPNIFTY23OCT9200CE,100.1,11988.0,Monitoring
2023-10-12,15:25:00,HOLD,MIDCPNIFTY23OCT9200CE,100.1,11988.0,Monitoring
2023-10-13,09:15:00,HOLD,MIDCPNIFTY23OCT9200CE,100.1,11988.0,Monitoring
2023-10-13,09:20:00,HOLD,MIDCPNIFTY23OCT9200CE,100.1,11988.0,Monitoring
2023-10-13,09:25:00,HOLD,MIDCPNIFTY23OCT9200CE,100.1,11988.0,Monitoring
2023-10-13,09:30:00,HOLD,MIDCPNIFTY23OCT9200CE,100.1,11988.0,Monitoring
2023-10-13,09:35:00,HOLD,MIDCPNIFTY23OCT9200CE,100.1,11988.0,Monitoring
2023-10-13,09:40:00,HOLD,MIDCPNIFTY23OCT9200CE,100.1,11988.0,Monitoring
2023-10-13,09:45:00,HOLD,MIDCPNIFTY23OCT9200CE,100.1,11988.0,Monitoring
2023-10-13,09:50:00,HOLD,MIDCPNIFTY23OCT9200CE,105.0,11400.0,Monitoring
2023-10-13,09:55:00,HOLD,MIDCPNIFTY23OCT9200CE,105.0,11400.0,Monitoring
2023-10-13,10:00:00,HOLD,MIDCPNIFTY23OCT9200CE,105.0,11400.0,Monitoring
2023-10-13,10:05:00,HOLD,MIDCPNIFTY23OCT9200CE,105.0,11400.0,Monitoring
2023-10-13,10:10:00,HOLD,MIDCPNIFTY23OCT9200CE,112.0,10560.0,Monitoring
2023-10-13,10:15:00,HOLD,MIDCPNIFTY23OCT9200CE,112.0,10560.0,Monitoring
2023-10-13,10:20:00,HOLD,MIDCPNIFTY23OCT9200CE,112.0,10560.0,Monitoring
2023-10-13,10:25:00,HOLD,MIDCPNIFTY23OCT9200CE,112.0,10560.0,Monitoring
2023-10-13,10:30:00,HOLD,MIDCPNIFTY23OCT9200CE,112.0,10560.0,Monitoring
2023-10-13,10:35:00,HOLD,MIDCPNIFTY23OCT9200CE,112.0,10560.0,Monitoring
2023-10-13,10:40:00,HOLD,MIDCPNIFTY23OCT9200CE,112.0,10560.0,Monitoring
2023-10-13,10:45:00,HOLD,MIDCPNIFTY23OCT9200CE,112.0,10560.0,Monitoring
2023-10-13,10:50:00,HOLD,MIDCPNIFTY23OCT9200CE,112.0,10560.0,Monitoring
2023-10-13,10:55:00,HOLD,MIDCPNIFTY23OCT9200CE,112.0,10560.0,Monitoring
2023-10-13,11:00:00,HOLD,MIDCPNIFTY23OCT9200CE,112.0,10560.0,Monitoring
2023-10-13,11:05:00,HOLD,MIDCPNIFTY23OCT9200CE,112.0,10560.0,Monitoring
2023-10-13,11:10:00,HOLD,MIDCPNIFTY23OCT9200CE,112.0,10560.0,Monitoring
2023-10-13,11:15:00,HOLD,MIDCPNIFTY23OCT9200CE,112.0,10560.0,Monitoring
2023-10-13,11:20:00,HOLD,MIDCPNIFTY23OCT9200CE,112.0,10560.0,Monitoring
2023-10-13,11:25:00,HOLD,MIDCPNIFTY23OCT9200CE,112.0,10560.0,Monitoring
2023-10-13,11:30:00,HOLD,MIDCPNIFTY23OCT9200CE,112.0,10560.0,Monitoring
2023-10-13,11:35:00,HOLD,MIDCPNIFTY23OCT9200CE,112.0,10560.0,Monitoring
2023-10-13,11:40:00,HOLD,MIDCPNIFTY23OCT9200CE,112.0,10560.0,Monitoring
2023-10-13,11:45:00,HOLD,MIDCPNIFTY23OCT9200CE,112.0,10560.0,Monitoring
2023-10-13,11:50:00,HOLD,MIDCPNIFTY23OCT9200CE,112.0,10560.0,Monitoring
2023-10-13,11:55:00,HOLD,MIDCPNIFTY23OCT9200CE,112.0,10560.0,Monitoring
2023-10-13,12:00:00,HOLD,MIDCPNIFTY23OCT9200CE,112.0,10560.0,Monitoring
2023-10-13,12:05:00,HOLD,MIDCPNIFTY23OCT9200CE,112.0,10560.0,Monitoring
2023-10-13,12:10:00,HOLD,MIDCPNIFTY23OCT9200CE,112.0,10560.0,Monitoring
2023-10-13,12:15:00,HOLD,MIDCPNIFTY23OCT9200CE,112.0,10560.0,Monitoring
2023-10-13,12:20:00,HOLD,MIDCPNIFTY23OCT9200CE,112.0,10560.0,Monitoring
2023-10-13,12:25:00,HOLD,MIDCPNIFTY23OCT9200CE,112.0,10560.0,Monitoring
2023-10-13,12:30:00,HOLD,MIDCPNIFTY23OCT9200CE,112.0,10560.0,Monitoring
2023-10-13,12:35:00,HOLD,MIDCPNIFTY23OCT9200CE,112.0,10560.0,Monitoring
2023-10-13,12:40:00,HOLD,MIDCPNIFTY23OCT9200CE,112.0,10560.0,Monitoring
2023-10-13,12:45:00,HOLD,MIDCPNIFTY23OCT9200CE,112.0,10560.0,Monitoring
2023-10-13,12:50:00,HOLD,MIDCPNIFTY23OCT9200CE,112.0,10560.0,Monitoring
2023-10-13,12:55:00,HOLD,MIDCPNIFTY23OCT9200CE,112.0,10560.0,Monitoring
2023-10-13,13:00:00,HOLD,MIDCPNIFTY23OCT9200CE,112.0,10560.0,Monitoring
2023-10-13,13:05:00,HOLD,MIDCPNIFTY23OCT9200CE,112.0,10560.0,Monitoring
2023-10-13,13:10:00,HOLD,MIDCPNIFTY23OCT9200CE,112.0,10560.0,Monitoring
2023-10-13,13:15:00,HOLD,MIDCPNIFTY23OCT9200CE,112.0,10560.0,Monitoring
2023-10-13,13:20:00,HOLD,MIDCPNIFTY23OCT9200CE,112.0,10560.0,Monitoring
2023-10-13,13:25:00,HOLD,MIDCPNIFTY23OCT9200CE,112.0,10560.0,Monitoring
2023-10-13,13:30:00,HOLD,MIDCPNIFTY23OCT9200CE,112.0,10560.0,Monitoring
2023-10-13,13:35:00,HOLD,MIDCPNIFTY23OCT9200CE,112.0,10560.0,Monitoring
2023-10-13,13:40:00,HOLD,MIDCPNIFTY23OCT9200CE,112.0,10560.0,Monitoring
2023-10-13,13:45:00,HOLD,MIDCPNIFTY23OCT9200CE,112.0,10560.0,Monitoring
2023-10-13,13:50:00,HOLD,MIDCPNIFTY23OCT9200CE,112.0,10560.0,Monitoring
2023-10-13,13:55:00,HOLD,MIDCPNIFTY23OCT9200CE,112.0,10560.0,Monitoring
2023-10-13,14:00:00,HOLD,MIDCPNIFTY23OCT9200CE,112.0,10560.0,Monitoring
2023-10-13,14:05:00,HOLD,MIDCPNIFTY23OCT9200CE,112.0,10560.0,Monitoring
2023-10-13,14:10:00,HOLD,MIDCPNIFTY23OCT9200CE,112.0,10560.0,Monitoring
2023-10-13,14:15:00,HOLD,MIDCPNIFTY23OCT9200CE,112.0,10560.0,Monitoring
2023-10-13,14:20:00,HOLD,MIDCPNIFTY23OCT9200CE,112.0,10560.0,Monitoring
2023-10-13,14:25:00,HOLD,MIDCPNIFTY23OCT9200CE,112.0,10560.0,Monitoring
2023-10-13,14:30:00,HOLD,MIDCPNIFTY23OCT9200CE,112.0,10560.0,Monitoring
2023-10-13,14:35:00,HOLD,MIDCPNIFTY23OCT9200CE,112.0,10560.0,Monitoring
2023-10-13,14:40:00,HOLD,MIDCPNIFTY23OCT9200CE,112.0,10560.0,Monitoring
2023-10-13,14:45:00,HOLD,MIDCPNIFTY23OCT9200CE,112.0,10560.0,Monitoring
2023-10-13,14:50:00,HOLD,MIDCPNIFTY23OCT9200CE,96.35,12438.0,Monitoring
2023-10-13,14:55:00,HOLD,MIDCPNIFTY23OCT9200CE,95.0,12600.0,Monitoring
2023-10-13,15:00:00,HOLD,MIDCPNIFTY23OCT9200CE,95.0,12600.0,Monitoring
2023-10-13,15:05:00,HOLD,MIDCPNIFTY23OCT9200CE,95.0,12600.0,Monitoring
2023-10-13,15:10:00,HOLD,MIDCPNIFTY23OCT9200CE,90.0,13200.0,Monitoring
2023-10-13,15:15:00,HOLD,MIDCPNIFTY23OCT9200CE,90.0,13200.0,Monitoring
2023-10-13,15:20:00,HOLD,MIDCPNIFTY23OCT9200CE,90.0,13200.0,Monitoring
2023-10-13,15:25:00,HOLD,MIDCPNIFTY23OCT9200CE,90.0,13200.0,Monitoring
2023-10-16,09:15:00,HOLD,MIDCPNIFTY23OCT9200CE,92.5,12900.0,Monitoring
2023-10-16,09:20:00,HOLD,MIDCPNIFTY23OCT9200CE,92.5,12900.0,Monitoring
2023-10-16,09:25:00,HOLD,MIDCPNIFTY23OCT9200CE,92.5,12900.0,Monitoring
2023-10-16,09:30:00,HOLD,MIDCPNIFTY23OCT9200CE,92.5,12900.0,Monitoring
2023-10-16,09:35:00,HOLD,MIDCPNIFTY23OCT9200CE,84.9,13812.0,Monitoring
2023-10-16,09:40:00,HOLD,MIDCPNIFTY23OCT9200CE,82.95,14046.0,Monitoring
2023-10-16,09:45:00,HOLD,MIDCPNIFTY23OCT9200CE,82.95,14046.0,Monitoring
2023-10-16,09:50:00,HOLD,MIDCPNIFTY23OCT9200CE,87.2,13536.0,Monitoring
2023-10-16,09:55:00,HOLD,MIDCPNIFTY23OCT9200CE,87.2,13536.0,Monitoring
2023-10-16,10:00:00,HOLD,MIDCPNIFTY23OCT9200CE,87.2,13536.0,Monitoring
2023-10-16,10:05:00,HOLD,MIDCPNIFTY23OCT9200CE,87.2,13536.0,Monitoring
2023-10-16,10:10:00,HOLD,MIDCPNIFTY23OCT9200CE,97.0,12360.0,Monitoring
2023-10-16,10:15:00,HOLD,MIDCPNIFTY23OCT9200CE,100.0,12000.0,Monitoring
2023-10-16,10:20:00,HOLD,MIDCPNIFTY23OCT9200CE,100.0,12000.0,Monitoring
2023-10-16,10:25:00,HOLD,MIDCPNIFTY23OCT9200CE,100.0,12000.0,Monitoring
2023-10-16,10:30:00,HOLD,MIDCPNIFTY23OCT9200CE,100.0,12000.0,Monitoring
2023-10-16,10:35:00,HOLD,MIDCPNIFTY23OCT9200CE,100.0,12000.0,Monitoring
2023-10-16,10:40:00,HOLD,MIDCPNIFTY23OCT9200CE,100.0,12000.0,Monitoring
2023-10-16,10:45:00,HOLD,MIDCPNIFTY23OCT9200CE,100.0,12000.0,Monitoring
2023-10-16,10:50:00,HOLD,MIDCPNIFTY23OCT9200CE,100.0,12000.0,Monitoring
2023-10-16,10:55:00,HOLD,MIDCPNIFTY23OCT9200CE,91.2,13056.0,Monitoring
2023-10-16,11:00:00,HOLD,MIDCPNIFTY23OCT9200CE,98.8,12144.0,Monitoring
2023-10-16,11:05:00,HOLD,MIDCPNIFTY23OCT9200CE,98.8,12144.0,Monitoring
2023-10-16,11:10:00,HOLD,MIDCPNIFTY23OCT9200CE,105.45,11346.0,Monitoring
2023-10-16,11:15:00,HOLD,MIDCPNIFTY23OCT9200CE,93.1,12828.0,Monitoring
2023-10-16,11:20:00,HOLD,MIDCPNIFTY23OCT9200CE,93.1,12828.0,Monitoring
2023-10-16,11:25:00,HOLD,MIDCPNIFTY23OCT9200CE,93.1,12828.0,Monitoring
2023-10-16,11:30:00,HOLD,MIDCPNIFTY23OCT9200CE,97.8,12264.0,Monitoring
2023-10-16,11:35:00,HOLD,MIDCPNIFTY23OCT9200CE,97.8,12264.0,Monitoring
2023-10-16,11:40:00,HOLD,MIDCPNIFTY23OCT9200CE,97.8,12264.0,Monitoring
2023-10-16,11:45:00,HOLD,MIDCPNIFTY23OCT9200CE,100.0,12000.0,Monitoring
2023-10-16,11:50:00,HOLD,MIDCPNIFTY23OCT9200CE,100.0,12000.0,Monitoring
2023-10-16,11:55:00,HOLD,MIDCPNIFTY23OCT9200CE,100.0,12000.0,Monitoring
2023-10-16,12:00:00,HOLD,MIDCPNIFTY23OCT9200CE,100.0,12000.0,Monitoring
2023-10-16,12:05:00,HOLD,MIDCPNIFTY23OCT9200CE,100.0,12000.0,Monitoring
2023-10-16,12:10:00,HOLD,MIDCPNIFTY23OCT9200CE,100.0,12000.0,Monitoring
2023-10-16,12:15:00,HOLD,MIDCPNIFTY23OCT9200CE,100.0,12000.0,Monitoring
2023-10-16,12:20:00,HOLD,MIDCPNIFTY23OCT9200CE,99.1,12108.0,Monitoring
2023-10-16,12:25:00,HOLD,MIDCPNIFTY23OCT9200CE,99.1,12108.0,Monitoring
2023-10-16,12:30:00,HOLD,MIDCPNIFTY23OCT9200CE,99.1,12108.0,Monitoring
2023-10-16,12:35:00,HOLD,MIDCPNIFTY23OCT9200CE,99.1,12108.0,Monitoring
2023-10-16,12:40:00,HOLD,MIDCPNIFTY23OCT9200CE,99.1,12108.0,Monitoring
2023-10-16,12:45:00,HOLD,MIDCPNIFTY23OCT9200CE,101.4,11832.0,Monitoring
2023-10-16,12:50:00,HOLD,MIDCPNIFTY23OCT9200CE,101.4,11832.0,Monitoring
2023-10-16,12:55:00,HOLD,MIDCPNIFTY23OCT9200CE,98.55,12174.0,Monitoring
2023-10-16,13:00:00,HOLD,MIDCPNIFTY23OCT9200CE,97.5,12300.0,Monitoring
2023-10-16,13:05:00,HOLD,MIDCPNIFTY23OCT9200CE,97.5,12300.0,Monitoring
2023-10-16,13:10:00,HOLD,MIDCPNIFTY23OCT9200CE,97.5,12300.0,Monitoring
2023-10-16,13:15:00,HOLD,MIDCPNIFTY23OCT9200CE,97.5,12300.0,Monitoring
2023-10-16,13:20:00,HOLD,MIDCPNIFTY23OCT9200CE,97.5,12300.0,Monitoring
2023-10-16,13:25:00,HOLD,MIDCPNIFTY23OCT9200CE,97.5,12300.0,Monitoring
2023-10-16,13:30:00,HOLD,MIDCPNIFTY23OCT9200CE,97.5,12300.0,Monitoring
2023-10-16,13:35:00,HOLD,MIDCPNIFTY23OCT9200CE,97.5,12300.0,Monitoring
2023-10-16,13:40:00,HOLD,MIDCPNIFTY23OCT9200CE,97.5,12300.0,Monitoring
2023-10-16,13:45:00,HOLD,MIDCPNIFTY23OCT9200CE,97.5,12300.0,Monitoring
2023-10-16,13:50:00,HOLD,MIDCPNIFTY23OCT9200CE,97.5,12300.0,Monitoring
2023-10-16,13:55:00,HOLD,MIDCPNIFTY23OCT9200CE,96.05,12474.0,Monitoring
2023-10-16,14:00:00,HOLD,MIDCPNIFTY23OCT9200CE,96.05,12474.0,Monitoring
2023-10-16,14:05:00,HOLD,MIDCPNIFTY23OCT9200CE,96.05,12474.0,Monitoring
2023-10-16,14:10:00,HOLD,MIDCPNIFTY23OCT9200CE,96.05,12474.0,Monitoring
2023-10-16,14:15:00,HOLD,MIDCPNIFTY23OCT9200CE,96.05,12474.0,Monitoring
2023-10-16,14:20:00,HOLD,MIDCPNIFTY23OCT9200CE,96.15,12462.0,Monitoring
2023-10-16,14:25:00,HOLD,MIDCPNIFTY23OCT9200CE,96.15,12462.0,Monitoring
2023-10-16,14:30:00,HOLD,MIDCPNIFTY23OCT9200CE,96.15,12462.0,Monitoring
2023-10-16,14:35:00,HOLD,MIDCPNIFTY23OCT9200CE,95.45,12546.0,Monitoring
2023-10-16,14:40:00,HOLD,MIDCPNIFTY23OCT9200CE,95.45,12546.0,Monitoring
2023-10-16,14:45:00,HOLD,MIDCPNIFTY23OCT9200CE,95.45,12546.0,Monitoring
2023-10-16,14:50:00,HOLD,MIDCPNIFTY23OCT9200CE,88.3,13404.0,Monitoring
2023-10-16,14:55:00,HOLD,MIDCPNIFTY23OCT9200CE,85.5,13740.0,Monitoring
2023-10-16,15:00:00,HOLD,MIDCPNIFTY23OCT9200CE,82.65,14082.0,Monitoring
2023-10-16,15:05:00,HOLD,MIDCPNIFTY23OCT9200CE,85.25,13770.0,Monitoring
2023-10-16,15:10:00,HOLD,MIDCPNIFTY23OCT9200CE,82.8,14064.0,Monitoring
2023-10-16,15:15:00,HOLD,MIDCPNIFTY23OCT9200CE,80.65,14322.0,Monitoring
2023-10-16,15:20:00,HOLD,MIDCPNIFTY23OCT9200CE,83.0,14040.0,Monitoring
2023-10-16,15:25:00,HOLD,MIDCPNIFTY23OCT9200CE,83.4,13992.0,Monitoring
2023-10-17,09:15:00,HOLD,MIDCPNIFTY23OCT9200CE,104.95,11406.0,Monitoring
2023-10-17,09:20:00,HOLD,MIDCPNIFTY23OCT9200CE,101.7,11796.0,Monitoring
2023-10-17,09:25:00,HOLD,MIDCPNIFTY23OCT9200CE,102.25,11730.0,Monitoring
2023-10-17,09:30:00,HOLD,MIDCPNIFTY23OCT9200CE,106.05,11274.0,Monitoring
2023-10-17,09:35:00,HOLD,MIDCPNIFTY23OCT9200CE,106.85,11178.0,Monitoring
2023-10-17,09:40:00,HOLD,MIDCPNIFTY23OCT9200CE,108.85,10938.0,Monitoring
2023-10-17,09:45:00,HOLD,MIDCPNIFTY23OCT9200CE,104.75,11430.0,Monitoring
2023-10-17,09:50:00,HOLD,MIDCPNIFTY23OCT9200CE,109.0,10920.0,Monitoring
2023-10-17,09:50:00,BUY_EXIT,MIDCPNIFTY23OCT9200CE,109.0,10920.0,EMA_REVERSAL_SL
