Date,Time,Event,Ticker,Price,PnL_INR,Info
2025-06-02,14:00:00,SELL_ENTRY,MIDCPNIFTY25JUN12600PE,209.75,0.0,Signal PE | Short
2025-06-02,14:05:00,HOLD,MIDCPNIFTY25JUN12600PE,215.05,-636.0,Monitoring
2025-06-02,14:10:00,HOLD,MIDCPNIFTY25JUN12600PE,212.6,-342.0,Monitoring
2025-06-02,14:15:00,HOLD,MIDCPNIFTY25JUN12600PE,214.75,-600.0,Monitoring
2025-06-02,14:20:00,HOLD,MIDCPNIFTY25JUN12600PE,215.95,-744.0,Monitoring
2025-06-02,14:25:00,HOLD,MIDCPNIFTY25JUN12600PE,216.25,-780.0,Monitoring
2025-06-02,14:30:00,HOLD,MIDCPNIFTY25JUN12600PE,217.55,-936.0,Monitoring
2025-06-02,14:35:00,HOLD,MIDCPNIFTY25JUN12600PE,221.0,-1350.0,Monitoring
2025-06-02,14:40:00,HOLD,MIDCPNIFTY25JUN12600PE,221.0,-1350.0,Monitoring
2025-06-02,14:45:00,HOLD,MIDCPNIFTY25JUN12600PE,215.75,-720.0,Monitoring
2025-06-02,14:50:00,HOLD,MIDCPNIFTY25JUN12600PE,211.65,-228.0,Monitoring
2025-06-02,14:55:00,HOLD,MIDCPNIFTY25JUN12600PE,208.8,114.0,Monitoring
2025-06-02,15:00:00,HOLD,MIDCPNIFTY25JUN12600PE,204.8,594.0,Monitoring
2025-06-02,15:05:00,HOLD,MIDCPNIFTY25JUN12600PE,207.0,330.0,Monitoring
2025-06-02,15:10:00,HOLD,MIDCPNIFTY25JUN12600PE,207.85,228.0,Monitoring
2025-06-02,15:15:00,HOLD,MIDCPNIFTY25JUN12600PE,210.15,-48.0,Monitoring
2025-06-02,15:20:00,HOLD,MIDCPNIFTY25JUN12600PE,212.05,-276.0,Monitoring
2025-06-02,15:25:00,HOLD,MIDCPNIFTY25JUN12600PE,216.0,-750.0,Monitoring
2025-06-03,09:15:00,HOLD,MIDCPNIFTY25JUN12600PE,205.9,462.0,Monitoring
2025-06-03,09:20:00,HOLD,MIDCPNIFTY25JUN12600PE,200.7,1086.0,Monitoring
2025-06-03,09:25:00,HOLD,MIDCPNIFTY25JUN12600PE,199.6,1218.0,Monitoring
2025-06-03,09:30:00,HOLD,MIDCPNIFTY25JUN12600PE,200.0,1170.0,Monitoring
2025-06-03,09:35:00,HOLD,MIDCPNIFTY25JUN12600PE,205.0,570.0,Monitoring
2025-06-03,09:40:00,HOLD,MIDCPNIFTY25JUN12600PE,213.0,-390.0,Monitoring
2025-06-03,09:45:00,HOLD,MIDCPNIFTY25JUN12600PE,212.65,-348.0,Monitoring
2025-06-03,09:50:00,HOLD,MIDCPNIFTY25JUN12600PE,219.05,-1116.0,Monitoring
2025-06-03,09:55:00,HOLD,MIDCPNIFTY25JUN12600PE,218.9,-1098.0,Monitoring
2025-06-03,10:00:00,HOLD,MIDCPNIFTY25JUN12600PE,216.0,-750.0,Monitoring
2025-06-03,10:05:00,HOLD,MIDCPNIFTY25JUN12600PE,217.95,-984.0,Monitoring
2025-06-03,10:10:00,HOLD,MIDCPNIFTY25JUN12600PE,231.0,-2550.0,Monitoring
2025-06-03,10:15:00,HOLD,MIDCPNIFTY25JUN12600PE,232.65,-2748.0,Monitoring
2025-06-03,10:20:00,HOLD,MIDCPNIFTY25JUN12600PE,229.65,-2388.0,Monitoring
2025-06-03,10:25:00,HOLD,MIDCPNIFTY25JUN12600PE,230.0,-2430.0,Monitoring
2025-06-03,10:30:00,HOLD,MIDCPNIFTY25JUN12600PE,227.4,-2118.0,Monitoring
2025-06-03,10:35:00,HOLD,MIDCPNIFTY25JUN12600PE,235.0,-3030.0,Monitoring
2025-06-03,10:40:00,HOLD,MIDCPNIFTY25JUN12600PE,228.5,-2250.0,Monitoring
2025-06-03,10:45:00,HOLD,MIDCPNIFTY25JUN12600PE,222.95,-1584.0,Monitoring
2025-06-03,10:50:00,HOLD,MIDCPNIFTY25JUN12600PE,223.25,-1620.0,Monitoring
2025-06-03,10:55:00,HOLD,MIDCPNIFTY25JUN12600PE,223.5,-1650.0,Monitoring
2025-06-03,11:00:00,HOLD,MIDCPNIFTY25JUN12600PE,221.25,-1380.0,Monitoring
2025-06-03,11:05:00,HOLD,MIDCPNIFTY25JUN12600PE,224.0,-1710.0,Monitoring
2025-06-03,11:10:00,HOLD,MIDCPNIFTY25JUN12600PE,224.0,-1710.0,Monitoring
2025-06-03,11:15:00,HOLD,MIDCPNIFTY25JUN12600PE,231.35,-2592.0,Monitoring
2025-06-03,11:15:00,BUY_EXIT,MIDCPNIFTY25JUN12600PE,231.35,-2592.0,EMA_REVERSAL_SL
