Date,Time,Event,Ticker,Price,PnL_INR,Info
2024-02-13,14:55:00,SELL_ENTRY,MIDCPNIFTY24FEB10800CE,112.5,0.0,Signal CE | Short
2024-02-13,15:00:00,HOLD,MIDCPNIFTY24FEB10800CE,112.5,0.0,Monitoring
2024-02-13,15:05:00,HOLD,MIDCPNIFTY24FEB10800CE,112.5,0.0,Monitoring
2024-02-13,15:10:00,HOLD,MIDCPNIFTY24FEB10800CE,112.5,0.0,Monitoring
2024-02-13,15:15:00,HOLD,MIDCPNIFTY24FEB10800CE,112.5,0.0,Monitoring
2024-02-13,15:20:00,HOLD,MIDCPNIFTY24FEB10800CE,112.5,0.0,Monitoring
2024-02-13,15:25:00,HOLD,MIDCPNIFTY24FEB10800CE,112.5,0.0,Monitoring
2024-02-14,09:15:00,HOLD,MIDCPNIFTY24FEB10800CE,112.5,0.0,Monitoring
2024-02-14,09:20:00,HOLD,MIDCPNIFTY24FEB10800CE,112.5,0.0,Monitoring
2024-02-14,09:25:00,HOLD,MIDCPNIFTY24FEB10800CE,112.5,0.0,Monitoring
2024-02-14,09:30:00,HOLD,MIDCPNIFTY24FEB10800CE,112.5,0.0,Monitoring
2024-02-14,09:35:00,HOLD,MIDCPNIFTY24FEB10800CE,112.5,0.0,Monitoring
2024-02-14,09:40:00,HOLD,MIDCPNIFTY24FEB10800CE,112.5,0.0,Monitoring
2024-02-14,09:45:00,HOLD,MIDCPNIFTY24FEB10800CE,112.5,0.0,Monitoring
2024-02-14,09:50:00,HOLD,MIDCPNIFTY24FEB10800CE,112.5,0.0,Monitoring
2024-02-14,09:55:00,HOLD,MIDCPNIFTY24FEB10800CE,112.5,0.0,Monitoring
2024-02-14,10:00:00,HOLD,MIDCPNIFTY24FEB10800CE,112.5,0.0,Monitoring
2024-02-14,10:05:00,HOLD,MIDCPNIFTY24FEB10800CE,112.5,0.0,Monitoring
2024-02-14,10:10:00,HOLD,MIDCPNIFTY24FEB10800CE,112.5,0.0,Monitoring
2024-02-14,10:20:00,HOLD,MIDCPNIFTY24FEB10800CE,112.5,0.0,Monitoring
2024-02-14,10:25:00,HOLD,MIDCPNIFTY24FEB10800CE,112.5,0.0,Monitoring
2024-02-14,10:30:00,HOLD,MIDCPNIFTY24FEB10800CE,112.5,0.0,Monitoring
2024-02-14,10:35:00,HOLD,MIDCPNIFTY24FEB10800CE,112.5,0.0,Monitoring
2024-02-14,10:40:00,HOLD,MIDCPNIFTY24FEB10800CE,112.5,0.0,Monitoring
2024-02-14,10:45:00,HOLD,MIDCPNIFTY24FEB10800CE,112.5,0.0,Monitoring
2024-02-14,10:50:00,HOLD,MIDCPNIFTY24FEB10800CE,112.5,0.0,Monitoring
2024-02-14,10:55:00,HOLD,MIDCPNIFTY24FEB10800CE,112.5,0.0,Monitoring
2024-02-14,11:00:00,HOLD,MIDCPNIFTY24FEB10800CE,112.5,0.0,Monitoring
2024-02-14,11:05:00,HOLD,MIDCPNIFTY24FEB10800CE,112.5,0.0,Monitoring
2024-02-14,11:10:00,HOLD,MIDCPNIFTY24FEB10800CE,88.3,2904.0,Monitoring
2024-02-14,11:15:00,HOLD,MIDCPNIFTY24FEB10800CE,88.3,2904.0,Monitoring
2024-02-14,11:20:00,HOLD,MIDCPNIFTY24FEB10800CE,88.3,2904.0,Monitoring
2024-02-14,11:25:00,HOLD,MIDCPNIFTY24FEB10800CE,88.3,2904.0,Monitoring
2024-02-14,11:30:00,HOLD,MIDCPNIFTY24FEB10800CE,100.0,1500.0,Monitoring
2024-02-14,11:35:00,HOLD,MIDCPNIFTY24FEB10800CE,100.0,1500.0,Monitoring
2024-02-14,11:40:00,HOLD,MIDCPNIFTY24FEB10800CE,100.0,1500.0,Monitoring
2024-02-14,11:45:00,HOLD,MIDCPNIFTY24FEB10800CE,100.0,1500.0,Monitoring
2024-02-14,11:50:00,HOLD,MIDCPNIFTY24FEB10800CE,100.0,1500.0,Monitoring
2024-02-14,11:55:00,HOLD,MIDCPNIFTY24FEB10800CE,100.0,1500.0,Monitoring
2024-02-14,12:00:00,HOLD,MIDCPNIFTY24FEB10800CE,100.0,1500.0,Monitoring
2024-02-14,12:05:00,HOLD,MIDCPNIFTY24FEB10800CE,97.0,1860.0,Monitoring
2024-02-14,12:10:00,HOLD,MIDCPNIFTY24FEB10800CE,100.5,1440.0,Monitoring
2024-02-14,12:15:00,HOLD,MIDCPNIFTY24FEB10800CE,101.0,1380.0,Monitoring
2024-02-14,12:20:00,HOLD,MIDCPNIFTY24FEB10800CE,101.0,1380.0,Monitoring
2024-02-14,12:25:00,HOLD,MIDCPNIFTY24FEB10800CE,101.0,1380.0,Monitoring
2024-02-14,12:30:00,HOLD,MIDCPNIFTY24FEB10800CE,101.0,1380.0,Monitoring
2024-02-14,12:35:00,HOLD,MIDCPNIFTY24FEB10800CE,101.0,1380.0,Monitoring
2024-02-14,12:40:00,HOLD,MIDCPNIFTY24FEB10800CE,101.0,1380.0,Monitoring
2024-02-14,12:45:00,HOLD,MIDCPNIFTY24FEB10800CE,101.0,1380.0,Monitoring
2024-02-14,13:00:00,HOLD,MIDCPNIFTY24FEB10800CE,101.0,1380.0,Monitoring
2024-02-14,13:05:00,HOLD,MIDCPNIFTY24FEB10800CE,101.0,1380.0,Monitoring
2024-02-14,13:10:00,HOLD,MIDCPNIFTY24FEB10800CE,101.0,1380.0,Monitoring
2024-02-14,13:15:00,HOLD,MIDCPNIFTY24FEB10800CE,101.0,1380.0,Monitoring
2024-02-14,13:20:00,HOLD,MIDCPNIFTY24FEB10800CE,101.0,1380.0,Monitoring
2024-02-14,13:25:00,HOLD,MIDCPNIFTY24FEB10800CE,101.0,1380.0,Monitoring
2024-02-14,13:30:00,HOLD,MIDCPNIFTY24FEB10800CE,101.0,1380.0,Monitoring
2024-02-14,13:35:00,HOLD,MIDCPNIFTY24FEB10800CE,100.0,1500.0,Monitoring
2024-02-14,13:40:00,HOLD,MIDCPNIFTY24FEB10800CE,100.0,1500.0,Monitoring
2024-02-14,13:45:00,HOLD,MIDCPNIFTY24FEB10800CE,110.85,198.0,Monitoring
2024-02-14,13:50:00,HOLD,MIDCPNIFTY24FEB10800CE,110.85,198.0,Monitoring
2024-02-14,13:55:00,HOLD,MIDCPNIFTY24FEB10800CE,110.85,198.0,Monitoring
2024-02-14,14:00:00,HOLD,MIDCPNIFTY24FEB10800CE,110.85,198.0,Monitoring
2024-02-14,14:05:00,HOLD,MIDCPNIFTY24FEB10800CE,110.85,198.0,Monitoring
2024-02-14,14:10:00,HOLD,MIDCPNIFTY24FEB10800CE,110.85,198.0,Monitoring
2024-02-14,14:15:00,HOLD,MIDCPNIFTY24FEB10800CE,121.0,-1020.0,Monitoring
2024-02-14,14:20:00,HOLD,MIDCPNIFTY24FEB10800CE,121.0,-1020.0,Monitoring
2024-02-14,14:20:00,BUY_EXIT,MIDCPNIFTY24FEB10800CE,121.0,-1020.0,EMA_REVERSAL_SL
