Date,Time,Event,Ticker,Price,PnL_INR,Info
2023-08-30,14:00:00,SELL_ENTRY,MIDCPNIFTY23SEP8800PE,98.0,0.0,Signal PE | Short
2023-08-30,14:05:00,HOLD,MIDCPNIFTY23SEP8800PE,98.0,0.0,Monitoring
2023-08-30,14:10:00,HOLD,MIDCPNIFTY23SEP8800PE,98.0,0.0,Monitoring
2023-08-30,14:15:00,HOLD,MIDCPNIFTY23SEP8800PE,98.0,0.0,Monitoring
2023-08-30,14:20:00,HOLD,MIDCPNIFTY23SEP8800PE,98.0,0.0,Monitoring
2023-08-30,14:25:00,HOLD,MIDCPNIFTY23SEP8800PE,98.0,0.0,Monitoring
2023-08-30,14:30:00,HOLD,MIDCPNIFTY23SEP8800PE,98.0,0.0,Monitoring
2023-08-30,14:35:00,HOLD,MIDCPNIFTY23SEP8800PE,98.0,0.0,Monitoring
2023-08-31,09:15:00,HOLD,MIDCPNIFTY23SEP8800PE,98.0,0.0,Monitoring
2023-08-31,09:20:00,HOLD,MIDCPNIFTY23SEP8800PE,98.0,0.0,Monitoring
2023-08-31,09:25:00,HOLD,MIDCPNIFTY23SEP8800PE,98.0,0.0,Monitoring
2023-08-31,09:30:00,HOLD,MIDCPNIFTY23SEP8800PE,98.0,0.0,Monitoring
2023-08-31,09:50:00,HOLD,MIDCPNIFTY23SEP8800PE,98.0,0.0,Monitoring
2023-08-31,09:55:00,HOLD,MIDCPNIFTY23SEP8800PE,98.0,0.0,Monitoring
2023-08-31,10:00:00,HOLD,MIDCPNIFTY23SEP8800PE,98.0,0.0,Monitoring
2023-08-31,10:05:00,HOLD,MIDCPNIFTY23SEP8800PE,98.0,0.0,Monitoring
2023-08-31,12:00:00,HOLD,MIDCPNIFTY23SEP8800PE,98.0,0.0,Monitoring
2023-08-31,12:05:00,HOLD,MIDCPNIFTY23SEP8800PE,98.0,0.0,Monitoring
2023-08-31,12:10:00,HOLD,MIDCPNIFTY23SEP8800PE,98.0,0.0,Monitoring
2023-08-31,12:15:00,HOLD,MIDCPNIFTY23SEP8800PE,98.0,0.0,Monitoring
2023-08-31,14:50:00,HOLD,MIDCPNIFTY23SEP8800PE,98.0,0.0,Monitoring
2023-08-31,14:55:00,HOLD,MIDCPNIFTY23SEP8800PE,98.0,0.0,Monitoring
2023-08-31,15:00:00,HOLD,MIDCPNIFTY23SEP8800PE,98.0,0.0,Monitoring
2023-08-31,15:05:00,HOLD,MIDCPNIFTY23SEP8800PE,98.0,0.0,Monitoring
2023-08-31,15:10:00,HOLD,MIDCPNIFTY23SEP8800PE,98.0,0.0,Monitoring
2023-08-31,15:15:00,HOLD,MIDCPNIFTY23SEP8800PE,98.0,0.0,Monitoring
2023-08-31,15:20:00,HOLD,MIDCPNIFTY23SEP8800PE,98.0,0.0,Monitoring
2023-08-31,15:25:00,HOLD,MIDCPNIFTY23SEP8800PE,98.0,0.0,Monitoring
2023-09-01,11:05:00,HOLD,MIDCPNIFTY23SEP8800PE,98.0,0.0,Monitoring
2023-09-01,11:10:00,HOLD,MIDCPNIFTY23SEP8800PE,98.0,0.0,Monitoring
2023-09-01,11:15:00,HOLD,MIDCPNIFTY23SEP8800PE,98.0,0.0,Monitoring
2023-09-01,11:20:00,HOLD,MIDCPNIFTY23SEP8800PE,98.0,0.0,Monitoring
2023-09-01,12:25:00,HOLD,MIDCPNIFTY23SEP8800PE,98.0,0.0,Monitoring
2023-09-01,12:30:00,HOLD,MIDCPNIFTY23SEP8800PE,98.0,0.0,Monitoring
2023-09-01,12:35:00,HOLD,MIDCPNIFTY23SEP8800PE,98.0,0.0,Monitoring
2023-09-01,12:40:00,HOLD,MIDCPNIFTY23SEP8800PE,98.0,0.0,Monitoring
2023-09-01,13:10:00,HOLD,MIDCPNIFTY23SEP8800PE,98.0,0.0,Monitoring
2023-09-01,13:15:00,HOLD,MIDCPNIFTY23SEP8800PE,98.0,0.0,Monitoring
2023-09-01,13:20:00,HOLD,MIDCPNIFTY23SEP8800PE,98.0,0.0,Monitoring
2023-09-01,13:25:00,HOLD,MIDCPNIFTY23SEP8800PE,98.0,0.0,Monitoring
2023-09-01,14:05:00,HOLD,MIDCPNIFTY23SEP8800PE,98.0,0.0,Monitoring
2023-09-01,14:10:00,HOLD,MIDCPNIFTY23SEP8800PE,98.0,0.0,Monitoring
2023-09-01,14:15:00,HOLD,MIDCPNIFTY23SEP8800PE,98.0,0.0,Monitoring
2023-09-01,14:20:00,HOLD,MIDCPNIFTY23SEP8800PE,98.0,0.0,Monitoring
2023-09-04,09:15:00,HOLD,MIDCPNIFTY23SEP8800PE,98.0,0.0,Monitoring
2023-09-04,09:20:00,HOLD,MIDCPNIFTY23SEP8800PE,98.0,0.0,Monitoring
2023-09-04,09:25:00,HOLD,MIDCPNIFTY23SEP8800PE,98.0,0.0,Monitoring
2023-09-04,09:30:00,HOLD,MIDCPNIFTY23SEP8800PE,98.0,0.0,Monitoring
2023-09-04,10:15:00,HOLD,MIDCPNIFTY23SEP8800PE,98.0,0.0,Monitoring
2023-09-04,10:20:00,HOLD,MIDCPNIFTY23SEP8800PE,98.0,0.0,Monitoring
2023-09-04,10:25:00,HOLD,MIDCPNIFTY23SEP8800PE,98.0,0.0,Monitoring
2023-09-04,10:30:00,HOLD,MIDCPNIFTY23SEP8800PE,98.0,0.0,Monitoring
2023-09-04,11:50:00,HOLD,MIDCPNIFTY23SEP8800PE,98.0,0.0,Monitoring
2023-09-04,11:55:00,HOLD,MIDCPNIFTY23SEP8800PE,98.0,0.0,Monitoring
2023-09-04,12:00:00,HOLD,MIDCPNIFTY23SEP8800PE,98.0,0.0,Monitoring
2023-09-04,12:05:00,HOLD,MIDCPNIFTY23SEP8800PE,98.0,0.0,Monitoring
2023-09-04,12:10:00,HOLD,MIDCPNIFTY23SEP8800PE,98.0,0.0,Monitoring
2023-09-04,12:15:00,HOLD,MIDCPNIFTY23SEP8800PE,98.0,0.0,Monitoring
2023-09-04,12:20:00,HOLD,MIDCPNIFTY23SEP8800PE,98.0,0.0,Monitoring
2023-09-04,12:30:00,HOLD,MIDCPNIFTY23SEP8800PE,98.0,0.0,Monitoring
2023-09-04,12:35:00,HOLD,MIDCPNIFTY23SEP8800PE,98.0,0.0,Monitoring
2023-09-04,12:40:00,HOLD,MIDCPNIFTY23SEP8800PE,98.0,0.0,Monitoring
2023-09-04,12:45:00,HOLD,MIDCPNIFTY23SEP8800PE,98.0,0.0,Monitoring
2023-09-05,09:45:00,HOLD,MIDCPNIFTY23SEP8800PE,98.0,0.0,Monitoring
2023-09-05,09:50:00,HOLD,MIDCPNIFTY23SEP8800PE,98.0,0.0,Monitoring
2023-09-05,09:55:00,HOLD,MIDCPNIFTY23SEP8800PE,98.0,0.0,Monitoring
2023-09-05,10:00:00,HOLD,MIDCPNIFTY23SEP8800PE,98.0,0.0,Monitoring
2023-09-05,10:05:00,HOLD,MIDCPNIFTY23SEP8800PE,98.0,0.0,Monitoring
2023-09-05,10:10:00,HOLD,MIDCPNIFTY23SEP8800PE,98.0,0.0,Monitoring
2023-09-05,10:15:00,HOLD,MIDCPNIFTY23SEP8800PE,98.0,0.0,Monitoring
2023-09-05,10:20:00,HOLD,MIDCPNIFTY23SEP8800PE,98.0,0.0,Monitoring
2023-09-05,10:25:00,HOLD,MIDCPNIFTY23SEP8800PE,98.0,0.0,Monitoring
2023-09-05,11:20:00,HOLD,MIDCPNIFTY23SEP8800PE,98.0,0.0,Monitoring
2023-09-05,11:25:00,HOLD,MIDCPNIFTY23SEP8800PE,98.0,0.0,Monitoring
2023-09-05,11:30:00,HOLD,MIDCPNIFTY23SEP8800PE,98.0,0.0,Monitoring
2023-09-05,11:35:00,HOLD,MIDCPNIFTY23SEP8800PE,98.0,0.0,Monitoring
2023-09-05,11:40:00,HOLD,MIDCPNIFTY23SEP8800PE,98.0,0.0,Monitoring
2023-09-05,11:45:00,HOLD,MIDCPNIFTY23SEP8800PE,98.0,0.0,Monitoring
2023-09-05,13:00:00,HOLD,MIDCPNIFTY23SEP8800PE,98.0,0.0,Monitoring
2023-09-05,13:05:00,HOLD,MIDCPNIFTY23SEP8800PE,98.0,0.0,Monitoring
2023-09-05,13:10:00,HOLD,MIDCPNIFTY23SEP8800PE,98.0,0.0,Monitoring
2023-09-05,13:15:00,HOLD,MIDCPNIFTY23SEP8800PE,98.0,0.0,Monitoring
2023-09-05,13:20:00,HOLD,MIDCPNIFTY23SEP8800PE,98.0,0.0,Monitoring
2023-09-05,13:25:00,HOLD,MIDCPNIFTY23SEP8800PE,98.0,0.0,Monitoring
2023-09-05,13:50:00,HOLD,MIDCPNIFTY23SEP8800PE,98.0,0.0,Monitoring
2023-09-05,13:55:00,HOLD,MIDCPNIFTY23SEP8800PE,98.0,0.0,Monitoring
2023-09-05,14:00:00,HOLD,MIDCPNIFTY23SEP8800PE,98.0,0.0,Monitoring
2023-09-05,14:05:00,HOLD,MIDCPNIFTY23SEP8800PE,98.0,0.0,Monitoring
2023-09-05,15:15:00,HOLD,MIDCPNIFTY23SEP8800PE,98.0,0.0,Monitoring
2023-09-05,15:20:00,HOLD,MIDCPNIFTY23SEP8800PE,98.0,0.0,Monitoring
2023-09-05,15:25:00,HOLD,MIDCPNIFTY23SEP8800PE,98.0,0.0,Monitoring
2023-09-06,09:20:00,HOLD,MIDCPNIFTY23SEP8800PE,98.0,0.0,Monitoring
2023-09-06,09:25:00,HOLD,MIDCPNIFTY23SEP8800PE,98.0,0.0,Monitoring
2023-09-06,09:30:00,HOLD,MIDCPNIFTY23SEP8800PE,98.0,0.0,Monitoring
2023-09-06,09:35:00,HOLD,MIDCPNIFTY23SEP8800PE,98.0,0.0,Monitoring
2023-09-06,10:35:00,HOLD,MIDCPNIFTY23SEP8800PE,98.0,0.0,Monitoring
2023-09-06,10:40:00,HOLD,MIDCPNIFTY23SEP8800PE,98.0,0.0,Monitoring
2023-09-06,10:45:00,HOLD,MIDCPNIFTY23SEP8800PE,98.0,0.0,Monitoring
2023-09-06,10:50:00,HOLD,MIDCPNIFTY23SEP8800PE,98.0,0.0,Monitoring
2023-09-06,10:55:00,HOLD,MIDCPNIFTY23SEP8800PE,98.0,0.0,Monitoring
2023-09-06,11:00:00,HOLD,MIDCPNIFTY23SEP8800PE,98.0,0.0,Monitoring
2023-09-06,11:05:00,HOLD,MIDCPNIFTY23SEP8800PE,98.0,0.0,Monitoring
2023-09-06,11:10:00,HOLD,MIDCPNIFTY23SEP8800PE,98.0,0.0,Monitoring
2023-09-06,13:15:00,HOLD,MIDCPNIFTY23SEP8800PE,98.0,0.0,Monitoring
2023-09-06,13:20:00,HOLD,MIDCPNIFTY23SEP8800PE,98.0,0.0,Monitoring
2023-09-06,13:25:00,HOLD,MIDCPNIFTY23SEP8800PE,98.0,0.0,Monitoring
2023-09-06,13:30:00,HOLD,MIDCPNIFTY23SEP8800PE,98.0,0.0,Monitoring
2023-09-06,13:35:00,HOLD,MIDCPNIFTY23SEP8800PE,98.0,0.0,Monitoring
2023-09-06,15:10:00,HOLD,MIDCPNIFTY23SEP8800PE,98.0,0.0,Monitoring
2023-09-06,15:15:00,HOLD,MIDCPNIFTY23SEP8800PE,98.0,0.0,Monitoring
2023-09-06,15:20:00,HOLD,MIDCPNIFTY23SEP8800PE,98.0,0.0,Monitoring
2023-09-06,15:25:00,HOLD,MIDCPNIFTY23SEP8800PE,98.0,0.0,Monitoring
2023-09-07,09:35:00,HOLD,MIDCPNIFTY23SEP8800PE,98.0,0.0,Monitoring
2023-09-07,09:40:00,HOLD,MIDCPNIFTY23SEP8800PE,98.0,0.0,Monitoring
2023-09-07,09:45:00,HOLD,MIDCPNIFTY23SEP8800PE,98.0,0.0,Monitoring
2023-09-07,09:50:00,HOLD,MIDCPNIFTY23SEP8800PE,98.0,0.0,Monitoring
2023-09-07,09:55:00,HOLD,MIDCPNIFTY23SEP8800PE,98.0,0.0,Monitoring
2023-09-07,10:05:00,HOLD,MIDCPNIFTY23SEP8800PE,98.0,0.0,Monitoring
2023-09-07,10:10:00,HOLD,MIDCPNIFTY23SEP8800PE,98.0,0.0,Monitoring
2023-09-07,10:15:00,HOLD,MIDCPNIFTY23SEP8800PE,98.0,0.0,Monitoring
2023-09-07,10:20:00,HOLD,MIDCPNIFTY23SEP8800PE,98.0,0.0,Monitoring
2023-09-07,13:00:00,HOLD,MIDCPNIFTY23SEP8800PE,98.0,0.0,Monitoring
2023-09-07,13:05:00,HOLD,MIDCPNIFTY23SEP8800PE,98.0,0.0,Monitoring
2023-09-07,13:10:00,HOLD,MIDCPNIFTY23SEP8800PE,98.0,0.0,Monitoring
2023-09-07,13:15:00,HOLD,MIDCPNIFTY23SEP8800PE,98.0,0.0,Monitoring
2023-09-07,15:20:00,HOLD,MIDCPNIFTY23SEP8800PE,98.0,0.0,Monitoring
2023-09-07,15:25:00,HOLD,MIDCPNIFTY23SEP8800PE,98.0,0.0,Monitoring
2023-09-08,09:15:00,HOLD,MIDCPNIFTY23SEP8800PE,98.0,0.0,Monitoring
2023-09-08,09:20:00,HOLD,MIDCPNIFTY23SEP8800PE,98.0,0.0,Monitoring
2023-09-08,09:25:00,HOLD,MIDCPNIFTY23SEP8800PE,98.0,0.0,Monitoring
2023-09-08,09:30:00,HOLD,MIDCPNIFTY23SEP8800PE,98.0,0.0,Monitoring
2023-09-08,12:15:00,HOLD,MIDCPNIFTY23SEP8800PE,98.0,0.0,Monitoring
2023-09-08,12:20:00,HOLD,MIDCPNIFTY23SEP8800PE,98.0,0.0,Monitoring
2023-09-08,12:25:00,HOLD,MIDCPNIFTY23SEP8800PE,98.0,0.0,Monitoring
2023-09-08,12:30:00,HOLD,MIDCPNIFTY23SEP8800PE,98.0,0.0,Monitoring
2023-09-11,09:25:00,HOLD,MIDCPNIFTY23SEP8800PE,98.0,0.0,Monitoring
2023-09-11,09:30:00,HOLD,MIDCPNIFTY23SEP8800PE,98.0,0.0,Monitoring
2023-09-11,09:35:00,HOLD,MIDCPNIFTY23SEP8800PE,98.0,0.0,Monitoring
2023-09-11,09:40:00,HOLD,MIDCPNIFTY23SEP8800PE,98.0,0.0,Monitoring
2023-09-11,10:15:00,HOLD,MIDCPNIFTY23SEP8800PE,98.0,0.0,Monitoring
2023-09-11,10:20:00,HOLD,MIDCPNIFTY23SEP8800PE,98.0,0.0,Monitoring
2023-09-11,10:25:00,HOLD,MIDCPNIFTY23SEP8800PE,98.0,0.0,Monitoring
2023-09-11,10:30:00,HOLD,MIDCPNIFTY23SEP8800PE,98.0,0.0,Monitoring
2023-09-11,12:00:00,HOLD,MIDCPNIFTY23SEP8800PE,98.0,0.0,Monitoring
2023-09-11,12:05:00,HOLD,MIDCPNIFTY23SEP8800PE,98.0,0.0,Monitoring
2023-09-11,12:10:00,HOLD,MIDCPNIFTY23SEP8800PE,98.0,0.0,Monitoring
2023-09-11,12:15:00,HOLD,MIDCPNIFTY23SEP8800PE,98.0,0.0,Monitoring
2023-09-11,13:10:00,HOLD,MIDCPNIFTY23SEP8800PE,98.0,0.0,Monitoring
2023-09-11,13:15:00,HOLD,MIDCPNIFTY23SEP8800PE,98.0,0.0,Monitoring
2023-09-11,13:20:00,HOLD,MIDCPNIFTY23SEP8800PE,98.0,0.0,Monitoring
2023-09-11,13:25:00,HOLD,MIDCPNIFTY23SEP8800PE,98.0,0.0,Monitoring
2023-09-11,14:00:00,HOLD,MIDCPNIFTY23SEP8800PE,98.0,0.0,Monitoring
2023-09-11,14:05:00,HOLD,MIDCPNIFTY23SEP8800PE,98.0,0.0,Monitoring
2023-09-11,14:10:00,HOLD,MIDCPNIFTY23SEP8800PE,98.0,0.0,Monitoring
2023-09-11,14:15:00,HOLD,MIDCPNIFTY23SEP8800PE,98.0,0.0,Monitoring
2023-09-12,10:10:00,HOLD,MIDCPNIFTY23SEP8800PE,98.0,0.0,Monitoring
2023-09-12,10:15:00,HOLD,MIDCPNIFTY23SEP8800PE,98.0,0.0,Monitoring
2023-09-12,10:20:00,HOLD,MIDCPNIFTY23SEP8800PE,98.0,0.0,Monitoring
2023-09-12,10:25:00,HOLD,MIDCPNIFTY23SEP8800PE,98.0,0.0,Monitoring
2023-09-12,10:35:00,HOLD,MIDCPNIFTY23SEP8800PE,98.0,0.0,Monitoring
2023-09-12,10:40:00,HOLD,MIDCPNIFTY23SEP8800PE,98.0,0.0,Monitoring
2023-09-12,10:45:00,HOLD,MIDCPNIFTY23SEP8800PE,98.0,0.0,Monitoring
2023-09-12,10:50:00,HOLD,MIDCPNIFTY23SEP8800PE,98.0,0.0,Monitoring
2023-09-12,10:55:00,HOLD,MIDCPNIFTY23SEP8800PE,98.0,0.0,Monitoring
2023-09-12,11:00:00,HOLD,MIDCPNIFTY23SEP8800PE,98.0,0.0,Monitoring
2023-09-12,11:05:00,HOLD,MIDCPNIFTY23SEP8800PE,98.0,0.0,Monitoring
2023-09-12,11:10:00,HOLD,MIDCPNIFTY23SEP8800PE,98.0,0.0,Monitoring
2023-09-12,11:15:00,HOLD,MIDCPNIFTY23SEP8800PE,98.0,0.0,Monitoring
2023-09-12,11:20:00,HOLD,MIDCPNIFTY23SEP8800PE,98.0,0.0,Monitoring
2023-09-12,11:25:00,HOLD,MIDCPNIFTY23SEP8800PE,98.0,0.0,Monitoring
2023-09-12,11:30:00,HOLD,MIDCPNIFTY23SEP8800PE,98.0,0.0,Monitoring
2023-09-12,11:35:00,HOLD,MIDCPNIFTY23SEP8800PE,98.0,0.0,Monitoring
2023-09-12,11:40:00,HOLD,MIDCPNIFTY23SEP8800PE,98.0,0.0,Monitoring
2023-09-12,11:45:00,HOLD,MIDCPNIFTY23SEP8800PE,98.0,0.0,Monitoring
2023-09-12,11:50:00,HOLD,MIDCPNIFTY23SEP8800PE,98.0,0.0,Monitoring
2023-09-12,11:55:00,HOLD,MIDCPNIFTY23SEP8800PE,98.0,0.0,Monitoring
2023-09-12,12:00:00,HOLD,MIDCPNIFTY23SEP8800PE,98.0,0.0,Monitoring
2023-09-12,12:05:00,HOLD,MIDCPNIFTY23SEP8800PE,50.0,5760.0,Monitoring
2023-09-12,12:10:00,HOLD,MIDCPNIFTY23SEP8800PE,64.9,3972.0,Monitoring
2023-09-12,12:15:00,HOLD,MIDCPNIFTY23SEP8800PE,64.9,3972.0,Monitoring
2023-09-12,12:20:00,HOLD,MIDCPNIFTY23SEP8800PE,60.0,4560.0,Monitoring
2023-09-12,12:25:00,HOLD,MIDCPNIFTY23SEP8800PE,64.9,3972.0,Monitoring
2023-09-12,12:30:00,HOLD,MIDCPNIFTY23SEP8800PE,65.0,3960.0,Monitoring
2023-09-12,12:35:00,HOLD,MIDCPNIFTY23SEP8800PE,65.0,3960.0,Monitoring
2023-09-12,12:40:00,HOLD,MIDCPNIFTY23SEP8800PE,65.0,3960.0,Monitoring
2023-09-12,12:45:00,HOLD,MIDCPNIFTY23SEP8800PE,64.5,4020.0,Monitoring
2023-09-12,12:50:00,HOLD,MIDCPNIFTY23SEP8800PE,64.5,4020.0,Monitoring
2023-09-12,12:55:00,HOLD,MIDCPNIFTY23SEP8800PE,64.5,4020.0,Monitoring
2023-09-12,13:00:00,HOLD,MIDCPNIFTY23SEP8800PE,62.0,4320.0,Monitoring
2023-09-12,13:05:00,HOLD,MIDCPNIFTY23SEP8800PE,64.0,4080.0,Monitoring
2023-09-12,13:10:00,HOLD,MIDCPNIFTY23SEP8800PE,64.0,4080.0,Monitoring
2023-09-12,13:15:00,HOLD,MIDCPNIFTY23SEP8800PE,62.0,4320.0,Monitoring
2023-09-12,13:20:00,HOLD,MIDCPNIFTY23SEP8800PE,55.0,5160.0,Monitoring
2023-09-12,13:25:00,HOLD,MIDCPNIFTY23SEP8800PE,58.0,4800.0,Monitoring
2023-09-12,13:30:00,HOLD,MIDCPNIFTY23SEP8800PE,58.0,4800.0,Monitoring
2023-09-12,13:35:00,HOLD,MIDCPNIFTY23SEP8800PE,58.0,4800.0,Monitoring
2023-09-12,13:40:00,HOLD,MIDCPNIFTY23SEP8800PE,58.0,4800.0,Monitoring
2023-09-12,13:45:00,HOLD,MIDCPNIFTY23SEP8800PE,58.0,4800.0,Monitoring
2023-09-12,13:50:00,HOLD,MIDCPNIFTY23SEP8800PE,58.0,4800.0,Monitoring
2023-09-12,13:55:00,HOLD,MIDCPNIFTY23SEP8800PE,58.0,4800.0,Monitoring
2023-09-12,14:00:00,HOLD,MIDCPNIFTY23SEP8800PE,58.0,4800.0,Monitoring
2023-09-12,14:05:00,HOLD,MIDCPNIFTY23SEP8800PE,58.0,4800.0,Monitoring
2023-09-12,14:10:00,HOLD,MIDCPNIFTY23SEP8800PE,58.0,4800.0,Monitoring
2023-09-12,14:15:00,HOLD,MIDCPNIFTY23SEP8800PE,58.0,4800.0,Monitoring
2023-09-12,14:20:00,HOLD,MIDCPNIFTY23SEP8800PE,58.0,4800.0,Monitoring
2023-09-12,14:25:00,HOLD,MIDCPNIFTY23SEP8800PE,58.0,4800.0,Monitoring
2023-09-12,14:30:00,HOLD,MIDCPNIFTY23SEP8800PE,61.0,4440.0,Monitoring
2023-09-12,14:35:00,HOLD,MIDCPNIFTY23SEP8800PE,50.0,5760.0,Monitoring
2023-09-12,14:40:00,HOLD,MIDCPNIFTY23SEP8800PE,41.0,6840.0,Monitoring
2023-09-12,14:45:00,HOLD,MIDCPNIFTY23SEP8800PE,54.95,5166.0,Monitoring
2023-09-12,14:50:00,HOLD,MIDCPNIFTY23SEP8800PE,55.0,5160.0,Monitoring
2023-09-12,14:55:00,HOLD,MIDCPNIFTY23SEP8800PE,55.0,5160.0,Monitoring
2023-09-12,15:00:00,HOLD,MIDCPNIFTY23SEP8800PE,55.0,5160.0,Monitoring
2023-09-12,15:05:00,HOLD,MIDCPNIFTY23SEP8800PE,55.0,5160.0,Monitoring
2023-09-12,15:10:00,HOLD,MIDCPNIFTY23SEP8800PE,55.0,5160.0,Monitoring
2023-09-12,15:15:00,HOLD,MIDCPNIFTY23SEP8800PE,58.0,4800.0,Monitoring
2023-09-12,15:20:00,HOLD,MIDCPNIFTY23SEP8800PE,58.0,4800.0,Monitoring
2023-09-12,15:25:00,HOLD,MIDCPNIFTY23SEP8800PE,58.0,4800.0,Monitoring
2023-09-13,09:15:00,HOLD,MIDCPNIFTY23SEP8800PE,58.0,4800.0,Monitoring
2023-09-13,09:20:00,HOLD,MIDCPNIFTY23SEP8800PE,58.35,4758.0,Monitoring
2023-09-13,09:25:00,HOLD,MIDCPNIFTY23SEP8800PE,51.1,5628.0,Monitoring
2023-09-13,09:30:00,HOLD,MIDCPNIFTY23SEP8800PE,51.1,5628.0,Monitoring
2023-09-13,09:35:00,HOLD,MIDCPNIFTY23SEP8800PE,51.1,5628.0,Monitoring
2023-09-13,09:40:00,HOLD,MIDCPNIFTY23SEP8800PE,51.1,5628.0,Monitoring
2023-09-13,09:45:00,HOLD,MIDCPNIFTY23SEP8800PE,55.0,5160.0,Monitoring
2023-09-13,09:50:00,HOLD,MIDCPNIFTY23SEP8800PE,69.0,3480.0,Monitoring
2023-09-13,09:55:00,HOLD,MIDCPNIFTY23SEP8800PE,63.4,4152.0,Monitoring
2023-09-13,10:00:00,HOLD,MIDCPNIFTY23SEP8800PE,63.4,4152.0,Monitoring
2023-09-13,10:05:00,HOLD,MIDCPNIFTY23SEP8800PE,63.4,4152.0,Monitoring
2023-09-13,10:10:00,HOLD,MIDCPNIFTY23SEP8800PE,78.5,2340.0,Monitoring
2023-09-13,10:15:00,HOLD,MIDCPNIFTY23SEP8800PE,78.5,2340.0,Monitoring
2023-09-13,10:20:00,HOLD,MIDCPNIFTY23SEP8800PE,78.5,2340.0,Monitoring
2023-09-13,10:25:00,HOLD,MIDCPNIFTY23SEP8800PE,78.0,2400.0,Monitoring
2023-09-13,10:30:00,HOLD,MIDCPNIFTY23SEP8800PE,78.0,2400.0,Monitoring
2023-09-13,10:35:00,HOLD,MIDCPNIFTY23SEP8800PE,78.0,2400.0,Monitoring
2023-09-13,10:40:00,HOLD,MIDCPNIFTY23SEP8800PE,78.0,2400.0,Monitoring
2023-09-13,10:40:00,BUY_EXIT,MIDCPNIFTY23SEP8800PE,78.0,2400.0,EMA_REVERSAL_SL
