Date,Time,Event,Ticker,Price,PnL_INR,Info
2024-05-10,14:00:00,SELL_ENTRY,MIDCPNIFTY24MAY10700PE,80.2,0.0,Signal PE | Short
2024-05-10,14:05:00,HOLD,MIDCPNIFTY24MAY10700PE,80.2,0.0,Monitoring
2024-05-10,14:10:00,HOLD,MIDCPNIFTY24MAY10700PE,80.2,0.0,Monitoring
2024-05-10,14:15:00,HOLD,MIDCPNIFTY24MAY10700PE,80.2,0.0,Monitoring
2024-05-10,14:20:00,HOLD,MIDCPNIFTY24MAY10700PE,80.2,0.0,Monitoring
2024-05-10,14:25:00,HOLD,MIDCPNIFTY24MAY10700PE,80.2,0.0,Monitoring
2024-05-10,14:35:00,HOLD,MIDCPNIFTY24MAY10700PE,80.2,0.0,Monitoring
2024-05-10,14:40:00,HOLD,MIDCPNIFTY24MAY10700PE,80.2,0.0,Monitoring
2024-05-10,14:45:00,HOLD,MIDCPNIFTY24MAY10700PE,80.2,0.0,Monitoring
2024-05-10,14:50:00,HOLD,MIDCPNIFTY24MAY10700PE,80.2,0.0,Monitoring
2024-05-10,14:55:00,HOLD,MIDCPNIFTY24MAY10700PE,80.2,0.0,Monitoring
2024-05-10,15:00:00,HOLD,MIDCPNIFTY24MAY10700PE,80.2,0.0,Monitoring
2024-05-10,15:05:00,HOLD,MIDCPNIFTY24MAY10700PE,80.2,0.0,Monitoring
2024-05-10,15:10:00,HOLD,MIDCPNIFTY24MAY10700PE,80.2,0.0,Monitoring
2024-05-10,15:15:00,HOLD,MIDCPNIFTY24MAY10700PE,80.2,0.0,Monitoring
2024-05-10,15:20:00,HOLD,MIDCPNIFTY24MAY10700PE,80.2,0.0,Monitoring
2024-05-10,15:25:00,HOLD,MIDCPNIFTY24MAY10700PE,80.2,0.0,Monitoring
2024-05-13,09:15:00,HOLD,MIDCPNIFTY24MAY10700PE,80.2,0.0,Monitoring
2024-05-13,09:20:00,HOLD,MIDCPNIFTY24MAY10700PE,80.2,0.0,Monitoring
2024-05-13,09:25:00,HOLD,MIDCPNIFTY24MAY10700PE,80.2,0.0,Monitoring
2024-05-13,09:30:00,HOLD,MIDCPNIFTY24MAY10700PE,80.2,0.0,Monitoring
2024-05-13,09:35:00,HOLD,MIDCPNIFTY24MAY10700PE,80.2,0.0,Monitoring
2024-05-13,09:40:00,HOLD,MIDCPNIFTY24MAY10700PE,80.2,0.0,Monitoring
2024-05-13,09:45:00,HOLD,MIDCPNIFTY24MAY10700PE,80.2,0.0,Monitoring
2024-05-13,09:50:00,HOLD,MIDCPNIFTY24MAY10700PE,80.2,0.0,Monitoring
2024-05-13,09:55:00,HOLD,MIDCPNIFTY24MAY10700PE,80.2,0.0,Monitoring
2024-05-13,10:00:00,HOLD,MIDCPNIFTY24MAY10700PE,80.2,0.0,Monitoring
2024-05-13,10:05:00,HOLD,MIDCPNIFTY24MAY10700PE,80.2,0.0,Monitoring
2024-05-13,10:10:00,HOLD,MIDCPNIFTY24MAY10700PE,80.2,0.0,Monitoring
2024-05-13,10:15:00,HOLD,MIDCPNIFTY24MAY10700PE,80.2,0.0,Monitoring
2024-05-13,10:20:00,HOLD,MIDCPNIFTY24MAY10700PE,80.2,0.0,Monitoring
2024-05-13,10:25:00,HOLD,MIDCPNIFTY24MAY10700PE,80.2,0.0,Monitoring
2024-05-13,10:30:00,HOLD,MIDCPNIFTY24MAY10700PE,80.2,0.0,Monitoring
2024-05-13,10:35:00,HOLD,MIDCPNIFTY24MAY10700PE,80.2,0.0,Monitoring
2024-05-13,10:40:00,HOLD,MIDCPNIFTY24MAY10700PE,80.2,0.0,Monitoring
2024-05-13,10:45:00,HOLD,MIDCPNIFTY24MAY10700PE,80.2,0.0,Monitoring
2024-05-13,10:50:00,HOLD,MIDCPNIFTY24MAY10700PE,80.2,0.0,Monitoring
2024-05-13,10:55:00,HOLD,MIDCPNIFTY24MAY10700PE,80.2,0.0,Monitoring
2024-05-13,11:00:00,HOLD,MIDCPNIFTY24MAY10700PE,80.2,0.0,Monitoring
2024-05-13,11:05:00,HOLD,MIDCPNIFTY24MAY10700PE,80.2,0.0,Monitoring
2024-05-13,11:10:00,HOLD,MIDCPNIFTY24MAY10700PE,80.2,0.0,Monitoring
2024-05-13,11:15:00,HOLD,MIDCPNIFTY24MAY10700PE,80.2,0.0,Monitoring
2024-05-13,11:20:00,HOLD,MIDCPNIFTY24MAY10700PE,80.2,0.0,Monitoring
2024-05-13,11:25:00,HOLD,MIDCPNIFTY24MAY10700PE,80.2,0.0,Monitoring
2024-05-13,11:30:00,HOLD,MIDCPNIFTY24MAY10700PE,80.2,0.0,Monitoring
2024-05-13,11:35:00,HOLD,MIDCPNIFTY24MAY10700PE,80.2,0.0,Monitoring
2024-05-13,11:40:00,HOLD,MIDCPNIFTY24MAY10700PE,80.2,0.0,Monitoring
2024-05-13,11:45:00,HOLD,MIDCPNIFTY24MAY10700PE,80.2,0.0,Monitoring
2024-05-13,11:50:00,HOLD,MIDCPNIFTY24MAY10700PE,80.2,0.0,Monitoring
2024-05-13,11:55:00,HOLD,MIDCPNIFTY24MAY10700PE,80.2,0.0,Monitoring
2024-05-13,12:00:00,HOLD,MIDCPNIFTY24MAY10700PE,80.2,0.0,Monitoring
2024-05-13,12:05:00,HOLD,MIDCPNIFTY24MAY10700PE,80.2,0.0,Monitoring
2024-05-13,12:10:00,HOLD,MIDCPNIFTY24MAY10700PE,80.2,0.0,Monitoring
2024-05-13,12:15:00,HOLD,MIDCPNIFTY24MAY10700PE,80.2,0.0,Monitoring
2024-05-13,12:20:00,HOLD,MIDCPNIFTY24MAY10700PE,80.2,0.0,Monitoring
2024-05-13,12:25:00,HOLD,MIDCPNIFTY24MAY10700PE,80.2,0.0,Monitoring
2024-05-13,12:30:00,HOLD,MIDCPNIFTY24MAY10700PE,80.2,0.0,Monitoring
2024-05-13,12:35:00,HOLD,MIDCPNIFTY24MAY10700PE,80.2,0.0,Monitoring
2024-05-13,12:40:00,HOLD,MIDCPNIFTY24MAY10700PE,80.2,0.0,Monitoring
2024-05-13,12:45:00,HOLD,MIDCPNIFTY24MAY10700PE,80.2,0.0,Monitoring
2024-05-13,12:50:00,HOLD,MIDCPNIFTY24MAY10700PE,80.2,0.0,Monitoring
2024-05-13,12:55:00,HOLD,MIDCPNIFTY24MAY10700PE,77.0,384.0,Monitoring
2024-05-13,13:00:00,HOLD,MIDCPNIFTY24MAY10700PE,77.0,384.0,Monitoring
2024-05-13,13:05:00,HOLD,MIDCPNIFTY24MAY10700PE,77.0,384.0,Monitoring
2024-05-13,13:10:00,HOLD,MIDCPNIFTY24MAY10700PE,77.0,384.0,Monitoring
2024-05-13,13:15:00,HOLD,MIDCPNIFTY24MAY10700PE,77.0,384.0,Monitoring
2024-05-13,13:20:00,HOLD,MIDCPNIFTY24MAY10700PE,76.95,390.0,Monitoring
2024-05-13,13:25:00,HOLD,MIDCPNIFTY24MAY10700PE,76.95,390.0,Monitoring
2024-05-13,13:30:00,HOLD,MIDCPNIFTY24MAY10700PE,77.0,384.0,Monitoring
2024-05-13,13:35:00,HOLD,MIDCPNIFTY24MAY10700PE,77.0,384.0,Monitoring
2024-05-13,13:40:00,HOLD,MIDCPNIFTY24MAY10700PE,77.0,384.0,Monitoring
2024-05-13,13:45:00,HOLD,MIDCPNIFTY24MAY10700PE,77.0,384.0,Monitoring
2024-05-13,13:50:00,HOLD,MIDCPNIFTY24MAY10700PE,77.0,384.0,Monitoring
2024-05-13,13:55:00,HOLD,MIDCPNIFTY24MAY10700PE,77.0,384.0,Monitoring
2024-05-13,14:00:00,HOLD,MIDCPNIFTY24MAY10700PE,77.0,384.0,Monitoring
2024-05-13,14:05:00,HOLD,MIDCPNIFTY24MAY10700PE,77.0,384.0,Monitoring
2024-05-13,14:10:00,HOLD,MIDCPNIFTY24MAY10700PE,77.0,384.0,Monitoring
2024-05-13,14:15:00,HOLD,MIDCPNIFTY24MAY10700PE,77.0,384.0,Monitoring
2024-05-13,14:20:00,HOLD,MIDCPNIFTY24MAY10700PE,77.0,384.0,Monitoring
2024-05-13,14:25:00,HOLD,MIDCPNIFTY24MAY10700PE,77.0,384.0,Monitoring
2024-05-13,14:30:00,HOLD,MIDCPNIFTY24MAY10700PE,77.0,384.0,Monitoring
2024-05-13,14:35:00,HOLD,MIDCPNIFTY24MAY10700PE,77.0,384.0,Monitoring
2024-05-13,14:40:00,HOLD,MIDCPNIFTY24MAY10700PE,77.0,384.0,Monitoring
2024-05-13,14:45:00,HOLD,MIDCPNIFTY24MAY10700PE,77.0,384.0,Monitoring
2024-05-13,14:50:00,HOLD,MIDCPNIFTY24MAY10700PE,77.0,384.0,Monitoring
2024-05-13,14:55:00,HOLD,MIDCPNIFTY24MAY10700PE,77.0,384.0,Monitoring
2024-05-13,15:00:00,HOLD,MIDCPNIFTY24MAY10700PE,77.0,384.0,Monitoring
2024-05-13,15:05:00,HOLD,MIDCPNIFTY24MAY10700PE,77.0,384.0,Monitoring
2024-05-13,15:10:00,HOLD,MIDCPNIFTY24MAY10700PE,77.0,384.0,Monitoring
2024-05-13,15:15:00,HOLD,MIDCPNIFTY24MAY10700PE,77.0,384.0,Monitoring
2024-05-13,15:20:00,HOLD,MIDCPNIFTY24MAY10700PE,77.0,384.0,Monitoring
2024-05-14,09:15:00,HOLD,MIDCPNIFTY24MAY10700PE,77.0,384.0,Monitoring
2024-05-14,09:20:00,HOLD,MIDCPNIFTY24MAY10700PE,77.0,384.0,Monitoring
2024-05-14,09:25:00,HOLD,MIDCPNIFTY24MAY10700PE,77.0,384.0,Monitoring
2024-05-14,09:30:00,HOLD,MIDCPNIFTY24MAY10700PE,77.0,384.0,Monitoring
2024-05-14,09:35:00,HOLD,MIDCPNIFTY24MAY10700PE,77.0,384.0,Monitoring
2024-05-14,09:40:00,HOLD,MIDCPNIFTY24MAY10700PE,77.0,384.0,Monitoring
2024-05-14,09:45:00,HOLD,MIDCPNIFTY24MAY10700PE,77.0,384.0,Monitoring
2024-05-14,10:00:00,HOLD,MIDCPNIFTY24MAY10700PE,77.0,384.0,Monitoring
2024-05-14,10:05:00,HOLD,MIDCPNIFTY24MAY10700PE,77.0,384.0,Monitoring
2024-05-14,10:10:00,HOLD,MIDCPNIFTY24MAY10700PE,77.0,384.0,Monitoring
2024-05-14,10:15:00,HOLD,MIDCPNIFTY24MAY10700PE,77.0,384.0,Monitoring
2024-05-14,10:20:00,HOLD,MIDCPNIFTY24MAY10700PE,77.0,384.0,Monitoring
2024-05-14,10:25:00,HOLD,MIDCPNIFTY24MAY10700PE,77.0,384.0,Monitoring
2024-05-14,10:30:00,HOLD,MIDCPNIFTY24MAY10700PE,77.0,384.0,Monitoring
2024-05-14,10:40:00,HOLD,MIDCPNIFTY24MAY10700PE,77.0,384.0,Monitoring
2024-05-14,10:45:00,HOLD,MIDCPNIFTY24MAY10700PE,77.0,384.0,Monitoring
2024-05-14,10:50:00,HOLD,MIDCPNIFTY24MAY10700PE,77.0,384.0,Monitoring
2024-05-14,10:55:00,HOLD,MIDCPNIFTY24MAY10700PE,77.0,384.0,Monitoring
2024-05-14,11:00:00,HOLD,MIDCPNIFTY24MAY10700PE,77.0,384.0,Monitoring
2024-05-14,12:20:00,HOLD,MIDCPNIFTY24MAY10700PE,77.0,384.0,Monitoring
2024-05-14,12:25:00,HOLD,MIDCPNIFTY24MAY10700PE,77.0,384.0,Monitoring
2024-05-14,12:30:00,HOLD,MIDCPNIFTY24MAY10700PE,77.0,384.0,Monitoring
2024-05-14,12:35:00,HOLD,MIDCPNIFTY24MAY10700PE,77.0,384.0,Monitoring
2024-05-14,12:40:00,HOLD,MIDCPNIFTY24MAY10700PE,77.0,384.0,Monitoring
2024-05-14,12:45:00,HOLD,MIDCPNIFTY24MAY10700PE,77.0,384.0,Monitoring
2024-05-14,12:50:00,HOLD,MIDCPNIFTY24MAY10700PE,77.0,384.0,Monitoring
2024-05-14,12:55:00,HOLD,MIDCPNIFTY24MAY10700PE,77.0,384.0,Monitoring
2024-05-14,13:05:00,HOLD,MIDCPNIFTY24MAY10700PE,77.0,384.0,Monitoring
2024-05-14,13:10:00,HOLD,MIDCPNIFTY24MAY10700PE,77.0,384.0,Monitoring
2024-05-14,13:15:00,HOLD,MIDCPNIFTY24MAY10700PE,77.0,384.0,Monitoring
2024-05-14,13:20:00,HOLD,MIDCPNIFTY24MAY10700PE,77.0,384.0,Monitoring
2024-05-14,13:35:00,HOLD,MIDCPNIFTY24MAY10700PE,77.0,384.0,Monitoring
2024-05-14,13:40:00,HOLD,MIDCPNIFTY24MAY10700PE,77.0,384.0,Monitoring
2024-05-14,13:45:00,HOLD,MIDCPNIFTY24MAY10700PE,77.0,384.0,Monitoring
2024-05-14,13:50:00,HOLD,MIDCPNIFTY24MAY10700PE,77.0,384.0,Monitoring
2024-05-14,13:55:00,HOLD,MIDCPNIFTY24MAY10700PE,77.0,384.0,Monitoring
2024-05-14,14:00:00,HOLD,MIDCPNIFTY24MAY10700PE,77.0,384.0,Monitoring
2024-05-14,14:05:00,HOLD,MIDCPNIFTY24MAY10700PE,77.0,384.0,Monitoring
2024-05-14,14:20:00,HOLD,MIDCPNIFTY24MAY10700PE,77.0,384.0,Monitoring
2024-05-14,14:25:00,HOLD,MIDCPNIFTY24MAY10700PE,77.0,384.0,Monitoring
2024-05-14,14:30:00,HOLD,MIDCPNIFTY24MAY10700PE,77.0,384.0,Monitoring
2024-05-14,14:35:00,HOLD,MIDCPNIFTY24MAY10700PE,38.0,5064.0,Monitoring
2024-05-14,14:40:00,HOLD,MIDCPNIFTY24MAY10700PE,39.0,4944.0,Monitoring
2024-05-14,14:45:00,HOLD,MIDCPNIFTY24MAY10700PE,39.0,4944.0,Monitoring
2024-05-14,14:50:00,HOLD,MIDCPNIFTY24MAY10700PE,39.0,4944.0,Monitoring
2024-05-14,14:55:00,HOLD,MIDCPNIFTY24MAY10700PE,39.0,4944.0,Monitoring
2024-05-14,15:00:00,HOLD,MIDCPNIFTY24MAY10700PE,39.0,4944.0,Monitoring
2024-05-14,15:05:00,HOLD,MIDCPNIFTY24MAY10700PE,39.0,4944.0,Monitoring
2024-05-14,15:10:00,HOLD,MIDCPNIFTY24MAY10700PE,39.0,4944.0,Monitoring
2024-05-14,15:15:00,HOLD,MIDCPNIFTY24MAY10700PE,39.0,4944.0,Monitoring
2024-05-14,15:20:00,HOLD,MIDCPNIFTY24MAY10700PE,39.0,4944.0,Monitoring
2024-05-14,15:25:00,HOLD,MIDCPNIFTY24MAY10700PE,39.0,4944.0,Monitoring
2024-05-15,09:15:00,HOLD,MIDCPNIFTY24MAY10700PE,39.0,4944.0,Monitoring
2024-05-15,09:20:00,HOLD,MIDCPNIFTY24MAY10700PE,39.0,4944.0,Monitoring
2024-05-15,09:25:00,HOLD,MIDCPNIFTY24MAY10700PE,39.0,4944.0,Monitoring
2024-05-15,09:30:00,HOLD,MIDCPNIFTY24MAY10700PE,38.0,5064.0,Monitoring
2024-05-15,09:35:00,HOLD,MIDCPNIFTY24MAY10700PE,38.0,5064.0,Monitoring
2024-05-15,09:40:00,HOLD,MIDCPNIFTY24MAY10700PE,38.0,5064.0,Monitoring
2024-05-15,09:45:00,HOLD,MIDCPNIFTY24MAY10700PE,38.0,5064.0,Monitoring
2024-05-15,09:50:00,HOLD,MIDCPNIFTY24MAY10700PE,35.0,5424.0,Monitoring
2024-05-15,09:55:00,HOLD,MIDCPNIFTY24MAY10700PE,37.45,5130.0,Monitoring
2024-05-15,10:00:00,HOLD,MIDCPNIFTY24MAY10700PE,38.0,5064.0,Monitoring
2024-05-15,10:05:00,HOLD,MIDCPNIFTY24MAY10700PE,40.7,4740.0,Monitoring
2024-05-15,10:10:00,HOLD,MIDCPNIFTY24MAY10700PE,40.7,4740.0,Monitoring
2024-05-15,10:15:00,HOLD,MIDCPNIFTY24MAY10700PE,42.15,4566.0,Monitoring
2024-05-15,10:20:00,HOLD,MIDCPNIFTY24MAY10700PE,42.15,4566.0,Monitoring
2024-05-15,10:25:00,HOLD,MIDCPNIFTY24MAY10700PE,42.15,4566.0,Monitoring
2024-05-15,10:30:00,HOLD,MIDCPNIFTY24MAY10700PE,45.0,4224.0,Monitoring
2024-05-15,10:35:00,HOLD,MIDCPNIFTY24MAY10700PE,45.0,4224.0,Monitoring
2024-05-15,10:40:00,HOLD,MIDCPNIFTY24MAY10700PE,45.0,4224.0,Monitoring
2024-05-15,10:45:00,HOLD,MIDCPNIFTY24MAY10700PE,44.0,4344.0,Monitoring
2024-05-15,10:50:00,HOLD,MIDCPNIFTY24MAY10700PE,42.3,4548.0,Monitoring
2024-05-15,10:55:00,HOLD,MIDCPNIFTY24MAY10700PE,42.0,4584.0,Monitoring
2024-05-15,11:00:00,HOLD,MIDCPNIFTY24MAY10700PE,40.65,4746.0,Monitoring
2024-05-15,11:05:00,HOLD,MIDCPNIFTY24MAY10700PE,40.65,4746.0,Monitoring
2024-05-15,11:10:00,HOLD,MIDCPNIFTY24MAY10700PE,40.0,4824.0,Monitoring
2024-05-15,11:15:00,HOLD,MIDCPNIFTY24MAY10700PE,39.55,4878.0,Monitoring
2024-05-15,11:20:00,HOLD,MIDCPNIFTY24MAY10700PE,40.05,4818.0,Monitoring
2024-05-15,11:25:00,HOLD,MIDCPNIFTY24MAY10700PE,42.0,4584.0,Monitoring
2024-05-15,11:30:00,HOLD,MIDCPNIFTY24MAY10700PE,40.65,4746.0,Monitoring
2024-05-15,11:35:00,HOLD,MIDCPNIFTY24MAY10700PE,40.35,4782.0,Monitoring
2024-05-15,11:40:00,HOLD,MIDCPNIFTY24MAY10700PE,40.4,4776.0,Monitoring
2024-05-15,11:45:00,HOLD,MIDCPNIFTY24MAY10700PE,39.15,4926.0,Monitoring
2024-05-15,11:50:00,HOLD,MIDCPNIFTY24MAY10700PE,39.15,4926.0,Monitoring
2024-05-15,11:55:00,HOLD,MIDCPNIFTY24MAY10700PE,36.35,5262.0,Monitoring
2024-05-15,12:00:00,HOLD,MIDCPNIFTY24MAY10700PE,36.35,5262.0,Monitoring
2024-05-15,12:05:00,HOLD,MIDCPNIFTY24MAY10700PE,38.0,5064.0,Monitoring
2024-05-15,12:10:00,HOLD,MIDCPNIFTY24MAY10700PE,38.5,5004.0,Monitoring
2024-05-15,12:15:00,HOLD,MIDCPNIFTY24MAY10700PE,39.05,4938.0,Monitoring
2024-05-15,12:20:00,HOLD,MIDCPNIFTY24MAY10700PE,40.0,4824.0,Monitoring
2024-05-15,12:25:00,HOLD,MIDCPNIFTY24MAY10700PE,39.05,4938.0,Monitoring
2024-05-15,12:30:00,HOLD,MIDCPNIFTY24MAY10700PE,37.55,5118.0,Monitoring
2024-05-15,12:35:00,HOLD,MIDCPNIFTY24MAY10700PE,38.1,5052.0,Monitoring
2024-05-15,12:40:00,HOLD,MIDCPNIFTY24MAY10700PE,37.8,5088.0,Monitoring
2024-05-15,12:45:00,HOLD,MIDCPNIFTY24MAY10700PE,37.9,5076.0,Monitoring
2024-05-15,12:50:00,HOLD,MIDCPNIFTY24MAY10700PE,36.8,5208.0,Monitoring
2024-05-15,12:55:00,HOLD,MIDCPNIFTY24MAY10700PE,38.5,5004.0,Monitoring
2024-05-15,13:00:00,HOLD,MIDCPNIFTY24MAY10700PE,40.0,4824.0,Monitoring
2024-05-15,13:05:00,HOLD,MIDCPNIFTY24MAY10700PE,39.1,4932.0,Monitoring
2024-05-15,13:10:00,HOLD,MIDCPNIFTY24MAY10700PE,39.1,4932.0,Monitoring
2024-05-15,13:15:00,HOLD,MIDCPNIFTY24MAY10700PE,35.15,5406.0,Monitoring
2024-05-15,13:20:00,HOLD,MIDCPNIFTY24MAY10700PE,35.15,5406.0,Monitoring
2024-05-15,13:25:00,HOLD,MIDCPNIFTY24MAY10700PE,37.2,5160.0,Monitoring
2024-05-15,13:30:00,HOLD,MIDCPNIFTY24MAY10700PE,38.7,4980.0,Monitoring
2024-05-15,13:35:00,HOLD,MIDCPNIFTY24MAY10700PE,36.25,5274.0,Monitoring
2024-05-15,13:40:00,HOLD,MIDCPNIFTY24MAY10700PE,38.3,5028.0,Monitoring
2024-05-15,13:45:00,HOLD,MIDCPNIFTY24MAY10700PE,38.0,5064.0,Monitoring
2024-05-15,13:50:00,HOLD,MIDCPNIFTY24MAY10700PE,38.0,5064.0,Monitoring
2024-05-15,13:55:00,HOLD,MIDCPNIFTY24MAY10700PE,38.65,4986.0,Monitoring
2024-05-15,14:00:00,HOLD,MIDCPNIFTY24MAY10700PE,36.15,5286.0,Monitoring
2024-05-15,14:05:00,HOLD,MIDCPNIFTY24MAY10700PE,36.15,5286.0,Monitoring
2024-05-15,14:10:00,HOLD,MIDCPNIFTY24MAY10700PE,35.0,5424.0,Monitoring
2024-05-15,14:15:00,HOLD,MIDCPNIFTY24MAY10700PE,35.0,5424.0,Monitoring
2024-05-15,14:20:00,HOLD,MIDCPNIFTY24MAY10700PE,34.75,5454.0,Monitoring
2024-05-15,14:25:00,HOLD,MIDCPNIFTY24MAY10700PE,36.0,5304.0,Monitoring
2024-05-15,14:30:00,HOLD,MIDCPNIFTY24MAY10700PE,36.0,5304.0,Monitoring
2024-05-15,14:35:00,HOLD,MIDCPNIFTY24MAY10700PE,34.85,5442.0,Monitoring
2024-05-15,14:40:00,HOLD,MIDCPNIFTY24MAY10700PE,35.15,5406.0,Monitoring
2024-05-15,14:45:00,HOLD,MIDCPNIFTY24MAY10700PE,32.85,5682.0,Monitoring
2024-05-15,14:50:00,HOLD,MIDCPNIFTY24MAY10700PE,32.35,5742.0,Monitoring
2024-05-15,14:55:00,HOLD,MIDCPNIFTY24MAY10700PE,31.95,5790.0,Monitoring
2024-05-15,15:00:00,HOLD,MIDCPNIFTY24MAY10700PE,32.15,5766.0,Monitoring
2024-05-15,15:05:00,HOLD,MIDCPNIFTY24MAY10700PE,33.0,5664.0,Monitoring
2024-05-15,15:10:00,HOLD,MIDCPNIFTY24MAY10700PE,32.05,5778.0,Monitoring
2024-05-15,15:15:00,HOLD,MIDCPNIFTY24MAY10700PE,32.25,5754.0,Monitoring
2024-05-15,15:20:00,HOLD,MIDCPNIFTY24MAY10700PE,32.75,5694.0,Monitoring
2024-05-15,15:25:00,HOLD,MIDCPNIFTY24MAY10700PE,31.45,5850.0,Monitoring
2024-05-16,09:15:00,HOLD,MIDCPNIFTY24MAY10700PE,33.3,5628.0,Monitoring
2024-05-16,09:20:00,HOLD,MIDCPNIFTY24MAY10700PE,14.35,7902.0,Monitoring
2024-05-16,09:20:00,BUY_EXIT,MIDCPNIFTY24MAY10700PE,14.35,7902.0,TARGET_LTP_30
