Date,Time,Event,Ticker,Price,PnL_INR,Info
2024-08-29,14:05:00,SELL_ENTRY,MIDCPNIFTY24SEP13100CE,279.85,0.0,Signal CE | Short
2024-08-29,14:10:00,HOLD,MIDCPNIFTY24SEP13100CE,279.85,0.0,Monitoring
2024-08-29,14:15:00,HOLD,MIDCPNIFTY24SEP13100CE,279.85,0.0,Monitoring
2024-08-29,14:20:00,HOLD,MIDCPNIFTY24SEP13100CE,279.85,0.0,Monitoring
2024-08-29,14:25:00,HOLD,MIDCPNIFTY24SEP13100CE,250.0,3582.0,Monitoring
2024-08-29,14:30:00,HOLD,MIDCPNIFTY24SEP13100CE,250.0,3582.0,Monitoring
2024-08-29,14:35:00,HOLD,MIDCPNIFTY24SEP13100CE,250.0,3582.0,Monitoring
2024-08-29,14:40:00,HOLD,MIDCPNIFTY24SEP13100CE,250.0,3582.0,Monitoring
2024-08-29,14:45:00,HOLD,MIDCPNIFTY24SEP13100CE,250.0,3582.0,Monitoring
2024-08-29,14:50:00,HOLD,MIDCPNIFTY24SEP13100CE,250.0,3582.0,Monitoring
2024-08-29,14:55:00,HOLD,MIDCPNIFTY24SEP13100CE,250.0,3582.0,Monitoring
2024-08-29,15:00:00,HOLD,MIDCPNIFTY24SEP13100CE,250.0,3582.0,Monitoring
2024-08-29,15:05:00,HOLD,MIDCPNIFTY24SEP13100CE,250.0,3582.0,Monitoring
2024-08-29,15:10:00,HOLD,MIDCPNIFTY24SEP13100CE,250.0,3582.0,Monitoring
2024-08-29,15:15:00,HOLD,MIDCPNIFTY24SEP13100CE,250.0,3582.0,Monitoring
2024-08-29,15:20:00,HOLD,MIDCPNIFTY24SEP13100CE,303.0,-2778.0,Monitoring
2024-08-29,15:25:00,HOLD,MIDCPNIFTY24SEP13100CE,303.0,-2778.0,Monitoring
2024-08-30,09:15:00,HOLD,MIDCPNIFTY24SEP13100CE,303.0,-2778.0,Monitoring
2024-08-30,09:20:00,HOLD,MIDCPNIFTY24SEP13100CE,303.0,-2778.0,Monitoring
2024-08-30,09:25:00,HOLD,MIDCPNIFTY24SEP13100CE,303.0,-2778.0,Monitoring
2024-08-30,09:30:00,HOLD,MIDCPNIFTY24SEP13100CE,303.0,-2778.0,Monitoring
2024-08-30,09:35:00,HOLD,MIDCPNIFTY24SEP13100CE,303.0,-2778.0,Monitoring
2024-08-30,09:40:00,HOLD,MIDCPNIFTY24SEP13100CE,303.0,-2778.0,Monitoring
2024-08-30,09:45:00,HOLD,MIDCPNIFTY24SEP13100CE,303.0,-2778.0,Monitoring
2024-08-30,09:50:00,HOLD,MIDCPNIFTY24SEP13100CE,303.0,-2778.0,Monitoring
2024-08-30,09:55:00,HOLD,MIDCPNIFTY24SEP13100CE,303.0,-2778.0,Monitoring
2024-08-30,10:00:00,HOLD,MIDCPNIFTY24SEP13100CE,303.0,-2778.0,Monitoring
2024-08-30,10:05:00,HOLD,MIDCPNIFTY24SEP13100CE,303.0,-2778.0,Monitoring
2024-08-30,10:10:00,HOLD,MIDCPNIFTY24SEP13100CE,303.0,-2778.0,Monitoring
2024-08-30,10:15:00,HOLD,MIDCPNIFTY24SEP13100CE,303.0,-2778.0,Monitoring
2024-08-30,10:15:00,BUY_EXIT,MIDCPNIFTY24SEP13100CE,303.0,-2778.0,EMA_REVERSAL_SL
