Date,Time,Event,Ticker,Price,PnL_INR,Info
2025-04-03,15:10:00,SELL_ENTRY,MIDCPNIFTY25APR11500PE,221.1,0.0,Signal PE | Short
2025-04-03,15:15:00,HOLD,MIDCPNIFTY25APR11500PE,223.5,-288.0,Monitoring
2025-04-03,15:20:00,HOLD,MIDCPNIFTY25APR11500PE,219.3,216.0,Monitoring
2025-04-03,15:25:00,HOLD,MIDCPNIFTY25APR11500PE,215.1,720.0,Monitoring
2025-04-04,09:15:00,HOLD,MIDCPNIFTY25APR11500PE,281.35,-7230.0,Monitoring
2025-04-04,09:20:00,HOLD,MIDCPNIFTY25APR11500PE,297.25,-9138.0,Monitoring
2025-04-04,09:25:00,HOLD,MIDCPNIFTY25APR11500PE,296.95,-9102.0,Monitoring
2025-04-04,09:30:00,HOLD,MIDCPNIFTY25APR11500PE,290.2,-8292.0,Monitoring
2025-04-04,09:30:00,BUY_EXIT,MIDCPNIFTY25APR11500PE,290.2,-8292.0,EMA_REVERSAL_SL
