Date,Time,Event,Ticker,Price,PnL_INR,Info
2024-05-17,14:00:00,SELL_ENTRY,MIDCPNIFTY24MAY11300PE,111.75,0.0,Signal PE | Short
2024-05-17,14:05:00,HOLD,MIDCPNIFTY24MAY11300PE,106.7,606.0,Monitoring
2024-05-17,14:10:00,HOLD,MIDCPNIFTY24MAY11300PE,108.2,426.0,Monitoring
2024-05-17,14:15:00,HOLD,MIDCPNIFTY24MAY11300PE,110.5,150.0,Monitoring
2024-05-17,14:20:00,HOLD,MIDCPNIFTY24MAY11300PE,109.8,234.0,Monitoring
2024-05-17,14:25:00,HOLD,MIDCPNIFTY24MAY11300PE,111.15,72.0,Monitoring
2024-05-17,14:30:00,HOLD,MIDCPNIFTY24MAY11300PE,106.45,636.0,Monitoring
2024-05-17,14:35:00,HOLD,MIDCPNIFTY24MAY11300PE,107.6,498.0,Monitoring
2024-05-17,14:40:00,HOLD,MIDCPNIFTY24MAY11300PE,109.95,216.0,Monitoring
2024-05-17,14:45:00,HOLD,MIDCPNIFTY24MAY11300PE,108.9,342.0,Monitoring
2024-05-17,14:50:00,HOLD,MIDCPNIFTY24MAY11300PE,108.8,354.0,Monitoring
2024-05-17,14:55:00,HOLD,MIDCPNIFTY24MAY11300PE,109.8,234.0,Monitoring
2024-05-17,15:00:00,HOLD,MIDCPNIFTY24MAY11300PE,113.5,-210.0,Monitoring
2024-05-17,15:05:00,HOLD,MIDCPNIFTY24MAY11300PE,113.55,-216.0,Monitoring
2024-05-17,15:10:00,HOLD,MIDCPNIFTY24MAY11300PE,108.75,360.0,Monitoring
2024-05-17,15:15:00,HOLD,MIDCPNIFTY24MAY11300PE,109.5,270.0,Monitoring
2024-05-17,15:20:00,HOLD,MIDCPNIFTY24MAY11300PE,112.85,-132.0,Monitoring
2024-05-17,15:25:00,HOLD,MIDCPNIFTY24MAY11300PE,114.45,-324.0,Monitoring
2024-05-18,09:15:00,HOLD,MIDCPNIFTY24MAY11300PE,111.1,78.0,Monitoring
2024-05-18,09:20:00,HOLD,MIDCPNIFTY24MAY11300PE,108.6,378.0,Monitoring
2024-05-18,09:25:00,HOLD,MIDCPNIFTY24MAY11300PE,108.05,444.0,Monitoring
2024-05-18,09:30:00,HOLD,MIDCPNIFTY24MAY11300PE,104.35,888.0,Monitoring
2024-05-18,09:35:00,HOLD,MIDCPNIFTY24MAY11300PE,105.8,714.0,Monitoring
2024-05-18,09:40:00,HOLD,MIDCPNIFTY24MAY11300PE,106.1,678.0,Monitoring
2024-05-18,09:45:00,HOLD,MIDCPNIFTY24MAY11300PE,105.45,756.0,Monitoring
2024-05-18,09:50:00,HOLD,MIDCPNIFTY24MAY11300PE,105.7,726.0,Monitoring
2024-05-18,09:55:00,HOLD,MIDCPNIFTY24MAY11300PE,101.25,1260.0,Monitoring
2024-05-18,11:30:00,HOLD,MIDCPNIFTY24MAY11300PE,98.25,1620.0,Monitoring
2024-05-18,11:35:00,HOLD,MIDCPNIFTY24MAY11300PE,98.2,1626.0,Monitoring
2024-05-18,11:40:00,HOLD,MIDCPNIFTY24MAY11300PE,96.45,1836.0,Monitoring
2024-05-18,11:45:00,HOLD,MIDCPNIFTY24MAY11300PE,96.9,1782.0,Monitoring
2024-05-18,11:50:00,HOLD,MIDCPNIFTY24MAY11300PE,93.5,2190.0,Monitoring
2024-05-18,11:55:00,HOLD,MIDCPNIFTY24MAY11300PE,94.6,2058.0,Monitoring
2024-05-18,12:00:00,HOLD,MIDCPNIFTY24MAY11300PE,93.35,2208.0,Monitoring
2024-05-18,12:05:00,HOLD,MIDCPNIFTY24MAY11300PE,93.7,2166.0,Monitoring
2024-05-18,12:10:00,HOLD,MIDCPNIFTY24MAY11300PE,93.5,2190.0,Monitoring
2024-05-18,12:15:00,HOLD,MIDCPNIFTY24MAY11300PE,94.85,2028.0,Monitoring
2024-05-18,12:20:00,HOLD,MIDCPNIFTY24MAY11300PE,96.9,1782.0,Monitoring
2024-05-18,12:25:00,HOLD,MIDCPNIFTY24MAY11300PE,99.4,1482.0,Monitoring
2024-05-21,09:15:00,HOLD,MIDCPNIFTY24MAY11300PE,107.9,462.0,Monitoring
2024-05-21,09:20:00,HOLD,MIDCPNIFTY24MAY11300PE,113.15,-168.0,Monitoring
2024-05-21,09:25:00,HOLD,MIDCPNIFTY24MAY11300PE,116.35,-552.0,Monitoring
2024-05-21,09:30:00,HOLD,MIDCPNIFTY24MAY11300PE,125.85,-1692.0,Monitoring
2024-05-21,09:35:00,HOLD,MIDCPNIFTY24MAY11300PE,124.45,-1524.0,Monitoring
2024-05-21,09:40:00,HOLD,MIDCPNIFTY24MAY11300PE,119.05,-876.0,Monitoring
2024-05-21,09:45:00,HOLD,MIDCPNIFTY24MAY11300PE,114.95,-384.0,Monitoring
2024-05-21,09:50:00,HOLD,MIDCPNIFTY24MAY11300PE,124.3,-1506.0,Monitoring
2024-05-21,09:55:00,HOLD,MIDCPNIFTY24MAY11300PE,129.0,-2070.0,Monitoring
2024-05-21,10:00:00,HOLD,MIDCPNIFTY24MAY11300PE,125.95,-1704.0,Monitoring
2024-05-21,10:05:00,HOLD,MIDCPNIFTY24MAY11300PE,120.0,-990.0,Monitoring
2024-05-21,10:10:00,HOLD,MIDCPNIFTY24MAY11300PE,116.6,-582.0,Monitoring
2024-05-21,10:15:00,HOLD,MIDCPNIFTY24MAY11300PE,114.8,-366.0,Monitoring
2024-05-21,10:20:00,HOLD,MIDCPNIFTY24MAY11300PE,114.55,-336.0,Monitoring
2024-05-21,10:25:00,HOLD,MIDCPNIFTY24MAY11300PE,110.0,210.0,Monitoring
2024-05-21,10:30:00,HOLD,MIDCPNIFTY24MAY11300PE,111.6,18.0,Monitoring
2024-05-21,10:35:00,HOLD,MIDCPNIFTY24MAY11300PE,110.3,174.0,Monitoring
2024-05-21,10:40:00,HOLD,MIDCPNIFTY24MAY11300PE,115.15,-408.0,Monitoring
2024-05-21,10:45:00,HOLD,MIDCPNIFTY24MAY11300PE,103.25,1020.0,Monitoring
2024-05-21,10:50:00,HOLD,MIDCPNIFTY24MAY11300PE,105.8,714.0,Monitoring
2024-05-21,10:55:00,HOLD,MIDCPNIFTY24MAY11300PE,102.65,1092.0,Monitoring
2024-05-21,11:00:00,HOLD,MIDCPNIFTY24MAY11300PE,98.0,1650.0,Monitoring
2024-05-21,11:05:00,HOLD,MIDCPNIFTY24MAY11300PE,97.0,1770.0,Monitoring
2024-05-21,11:10:00,HOLD,MIDCPNIFTY24MAY11300PE,97.4,1722.0,Monitoring
2024-05-21,11:15:00,HOLD,MIDCPNIFTY24MAY11300PE,98.9,1542.0,Monitoring
2024-05-21,11:20:00,HOLD,MIDCPNIFTY24MAY11300PE,103.05,1044.0,Monitoring
2024-05-21,11:25:00,HOLD,MIDCPNIFTY24MAY11300PE,100.35,1368.0,Monitoring
2024-05-21,11:30:00,HOLD,MIDCPNIFTY24MAY11300PE,100.3,1374.0,Monitoring
2024-05-21,11:35:00,HOLD,MIDCPNIFTY24MAY11300PE,96.0,1890.0,Monitoring
2024-05-21,11:40:00,HOLD,MIDCPNIFTY24MAY11300PE,95.25,1980.0,Monitoring
2024-05-21,11:45:00,HOLD,MIDCPNIFTY24MAY11300PE,93.65,2172.0,Monitoring
2024-05-21,11:50:00,HOLD,MIDCPNIFTY24MAY11300PE,91.55,2424.0,Monitoring
2024-05-21,11:55:00,HOLD,MIDCPNIFTY24MAY11300PE,93.65,2172.0,Monitoring
2024-05-21,12:00:00,HOLD,MIDCPNIFTY24MAY11300PE,95.75,1920.0,Monitoring
2024-05-21,12:05:00,HOLD,MIDCPNIFTY24MAY11300PE,95.05,2004.0,Monitoring
2024-05-21,12:10:00,HOLD,MIDCPNIFTY24MAY11300PE,95.65,1932.0,Monitoring
2024-05-21,12:15:00,HOLD,MIDCPNIFTY24MAY11300PE,96.15,1872.0,Monitoring
2024-05-21,12:20:00,HOLD,MIDCPNIFTY24MAY11300PE,94.3,2094.0,Monitoring
2024-05-21,12:25:00,HOLD,MIDCPNIFTY24MAY11300PE,95.45,1956.0,Monitoring
2024-05-21,12:30:00,HOLD,MIDCPNIFTY24MAY11300PE,91.7,2406.0,Monitoring
2024-05-21,12:35:00,HOLD,MIDCPNIFTY24MAY11300PE,91.4,2442.0,Monitoring
2024-05-21,12:40:00,HOLD,MIDCPNIFTY24MAY11300PE,86.0,3090.0,Monitoring
2024-05-21,12:45:00,HOLD,MIDCPNIFTY24MAY11300PE,87.1,2958.0,Monitoring
2024-05-21,12:50:00,HOLD,MIDCPNIFTY24MAY11300PE,85.95,3096.0,Monitoring
2024-05-21,12:55:00,HOLD,MIDCPNIFTY24MAY11300PE,81.35,3648.0,Monitoring
2024-05-21,13:00:00,HOLD,MIDCPNIFTY24MAY11300PE,84.6,3258.0,Monitoring
2024-05-21,13:05:00,HOLD,MIDCPNIFTY24MAY11300PE,83.1,3438.0,Monitoring
2024-05-21,13:10:00,HOLD,MIDCPNIFTY24MAY11300PE,82.15,3552.0,Monitoring
2024-05-21,13:15:00,HOLD,MIDCPNIFTY24MAY11300PE,77.15,4152.0,Monitoring
2024-05-21,13:20:00,HOLD,MIDCPNIFTY24MAY11300PE,82.1,3558.0,Monitoring
2024-05-21,13:25:00,HOLD,MIDCPNIFTY24MAY11300PE,79.45,3876.0,Monitoring
2024-05-21,13:30:00,HOLD,MIDCPNIFTY24MAY11300PE,80.35,3768.0,Monitoring
2024-05-21,13:35:00,HOLD,MIDCPNIFTY24MAY11300PE,81.8,3594.0,Monitoring
2024-05-21,13:40:00,HOLD,MIDCPNIFTY24MAY11300PE,84.7,3246.0,Monitoring
2024-05-21,13:45:00,HOLD,MIDCPNIFTY24MAY11300PE,79.8,3834.0,Monitoring
2024-05-21,13:50:00,HOLD,MIDCPNIFTY24MAY11300PE,79.0,3930.0,Monitoring
2024-05-21,13:55:00,HOLD,MIDCPNIFTY24MAY11300PE,82.0,3570.0,Monitoring
2024-05-21,14:00:00,HOLD,MIDCPNIFTY24MAY11300PE,78.0,4050.0,Monitoring
2024-05-21,14:05:00,HOLD,MIDCPNIFTY24MAY11300PE,79.0,3930.0,Monitoring
2024-05-21,14:10:00,HOLD,MIDCPNIFTY24MAY11300PE,81.4,3642.0,Monitoring
2024-05-21,14:15:00,HOLD,MIDCPNIFTY24MAY11300PE,81.0,3690.0,Monitoring
2024-05-21,14:20:00,HOLD,MIDCPNIFTY24MAY11300PE,79.2,3906.0,Monitoring
2024-05-21,14:25:00,HOLD,MIDCPNIFTY24MAY11300PE,80.1,3798.0,Monitoring
2024-05-21,14:30:00,HOLD,MIDCPNIFTY24MAY11300PE,79.25,3900.0,Monitoring
2024-05-21,14:35:00,HOLD,MIDCPNIFTY24MAY11300PE,78.5,3990.0,Monitoring
2024-05-21,14:40:00,HOLD,MIDCPNIFTY24MAY11300PE,78.75,3960.0,Monitoring
2024-05-21,14:45:00,HOLD,MIDCPNIFTY24MAY11300PE,80.9,3702.0,Monitoring
2024-05-21,14:50:00,HOLD,MIDCPNIFTY24MAY11300PE,82.6,3498.0,Monitoring
2024-05-21,14:55:00,HOLD,MIDCPNIFTY24MAY11300PE,87.15,2952.0,Monitoring
2024-05-21,15:00:00,HOLD,MIDCPNIFTY24MAY11300PE,78.25,4020.0,Monitoring
2024-05-21,15:05:00,HOLD,MIDCPNIFTY24MAY11300PE,78.55,3984.0,Monitoring
2024-05-21,15:10:00,HOLD,MIDCPNIFTY24MAY11300PE,80.75,3720.0,Monitoring
2024-05-21,15:15:00,HOLD,MIDCPNIFTY24MAY11300PE,79.8,3834.0,Monitoring
2024-05-21,15:20:00,HOLD,MIDCPNIFTY24MAY11300PE,81.15,3672.0,Monitoring
2024-05-21,15:25:00,HOLD,MIDCPNIFTY24MAY11300PE,82.3,3534.0,Monitoring
2024-05-22,09:15:00,HOLD,MIDCPNIFTY24MAY11300PE,59.8,6234.0,Monitoring
2024-05-22,09:20:00,HOLD,MIDCPNIFTY24MAY11300PE,57.65,6492.0,Monitoring
2024-05-22,09:25:00,HOLD,MIDCPNIFTY24MAY11300PE,62.45,5916.0,Monitoring
2024-05-22,09:30:00,HOLD,MIDCPNIFTY24MAY11300PE,62.5,5910.0,Monitoring
2024-05-22,09:35:00,HOLD,MIDCPNIFTY24MAY11300PE,75.3,4374.0,Monitoring
2024-05-22,09:40:00,HOLD,MIDCPNIFTY24MAY11300PE,97.45,1716.0,Monitoring
2024-05-22,09:45:00,HOLD,MIDCPNIFTY24MAY11300PE,95.75,1920.0,Monitoring
2024-05-22,09:50:00,HOLD,MIDCPNIFTY24MAY11300PE,90.0,2610.0,Monitoring
2024-05-22,09:55:00,HOLD,MIDCPNIFTY24MAY11300PE,77.6,4098.0,Monitoring
2024-05-22,10:00:00,HOLD,MIDCPNIFTY24MAY11300PE,75.25,4380.0,Monitoring
2024-05-22,10:05:00,HOLD,MIDCPNIFTY24MAY11300PE,83.1,3438.0,Monitoring
2024-05-22,10:10:00,HOLD,MIDCPNIFTY24MAY11300PE,81.4,3642.0,Monitoring
2024-05-22,10:15:00,HOLD,MIDCPNIFTY24MAY11300PE,81.5,3630.0,Monitoring
2024-05-22,10:20:00,HOLD,MIDCPNIFTY24MAY11300PE,80.9,3702.0,Monitoring
2024-05-22,10:25:00,HOLD,MIDCPNIFTY24MAY11300PE,76.9,4182.0,Monitoring
2024-05-22,10:30:00,HOLD,MIDCPNIFTY24MAY11300PE,70.55,4944.0,Monitoring
2024-05-22,10:35:00,HOLD,MIDCPNIFTY24MAY11300PE,74.5,4470.0,Monitoring
2024-05-22,10:40:00,HOLD,MIDCPNIFTY24MAY11300PE,75.95,4296.0,Monitoring
2024-05-22,10:45:00,HOLD,MIDCPNIFTY24MAY11300PE,75.5,4350.0,Monitoring
2024-05-22,10:50:00,HOLD,MIDCPNIFTY24MAY11300PE,71.25,4860.0,Monitoring
2024-05-22,10:55:00,HOLD,MIDCPNIFTY24MAY11300PE,71.5,4830.0,Monitoring
2024-05-22,11:00:00,HOLD,MIDCPNIFTY24MAY11300PE,76.7,4206.0,Monitoring
2024-05-22,11:05:00,HOLD,MIDCPNIFTY24MAY11300PE,71.9,4782.0,Monitoring
2024-05-22,11:10:00,HOLD,MIDCPNIFTY24MAY11300PE,71.65,4812.0,Monitoring
2024-05-22,11:15:00,HOLD,MIDCPNIFTY24MAY11300PE,70.2,4986.0,Monitoring
2024-05-22,11:20:00,HOLD,MIDCPNIFTY24MAY11300PE,66.35,5448.0,Monitoring
2024-05-22,11:25:00,HOLD,MIDCPNIFTY24MAY11300PE,63.3,5814.0,Monitoring
2024-05-22,11:30:00,HOLD,MIDCPNIFTY24MAY11300PE,63.2,5826.0,Monitoring
2024-05-22,11:35:00,HOLD,MIDCPNIFTY24MAY11300PE,66.95,5376.0,Monitoring
2024-05-22,11:40:00,HOLD,MIDCPNIFTY24MAY11300PE,66.5,5430.0,Monitoring
2024-05-22,11:45:00,HOLD,MIDCPNIFTY24MAY11300PE,62.45,5916.0,Monitoring
2024-05-22,11:50:00,HOLD,MIDCPNIFTY24MAY11300PE,61.95,5976.0,Monitoring
2024-05-22,11:55:00,HOLD,MIDCPNIFTY24MAY11300PE,63.5,5790.0,Monitoring
2024-05-22,12:00:00,HOLD,MIDCPNIFTY24MAY11300PE,61.7,6006.0,Monitoring
2024-05-22,12:05:00,HOLD,MIDCPNIFTY24MAY11300PE,63.3,5814.0,Monitoring
2024-05-22,12:10:00,HOLD,MIDCPNIFTY24MAY11300PE,61.55,6024.0,Monitoring
2024-05-22,12:15:00,HOLD,MIDCPNIFTY24MAY11300PE,57.0,6570.0,Monitoring
2024-05-22,12:20:00,HOLD,MIDCPNIFTY24MAY11300PE,61.7,6006.0,Monitoring
2024-05-22,12:25:00,HOLD,MIDCPNIFTY24MAY11300PE,60.8,6114.0,Monitoring
2024-05-22,12:30:00,HOLD,MIDCPNIFTY24MAY11300PE,60.3,6174.0,Monitoring
2024-05-22,12:35:00,HOLD,MIDCPNIFTY24MAY11300PE,63.15,5832.0,Monitoring
2024-05-22,12:40:00,HOLD,MIDCPNIFTY24MAY11300PE,63.6,5778.0,Monitoring
2024-05-22,12:45:00,HOLD,MIDCPNIFTY24MAY11300PE,62.55,5904.0,Monitoring
2024-05-22,12:50:00,HOLD,MIDCPNIFTY24MAY11300PE,64.55,5664.0,Monitoring
2024-05-22,12:55:00,HOLD,MIDCPNIFTY24MAY11300PE,62.8,5874.0,Monitoring
2024-05-22,13:00:00,HOLD,MIDCPNIFTY24MAY11300PE,60.5,6150.0,Monitoring
2024-05-22,13:05:00,HOLD,MIDCPNIFTY24MAY11300PE,68.25,5220.0,Monitoring
2024-05-22,13:10:00,HOLD,MIDCPNIFTY24MAY11300PE,65.7,5526.0,Monitoring
2024-05-22,13:15:00,HOLD,MIDCPNIFTY24MAY11300PE,64.0,5730.0,Monitoring
2024-05-22,13:20:00,HOLD,MIDCPNIFTY24MAY11300PE,61.25,6060.0,Monitoring
2024-05-22,13:25:00,HOLD,MIDCPNIFTY24MAY11300PE,59.2,6306.0,Monitoring
2024-05-22,13:30:00,HOLD,MIDCPNIFTY24MAY11300PE,61.15,6072.0,Monitoring
2024-05-22,13:35:00,HOLD,MIDCPNIFTY24MAY11300PE,65.85,5508.0,Monitoring
2024-05-22,13:40:00,HOLD,MIDCPNIFTY24MAY11300PE,64.4,5682.0,Monitoring
2024-05-22,13:45:00,HOLD,MIDCPNIFTY24MAY11300PE,66.6,5418.0,Monitoring
2024-05-22,13:50:00,HOLD,MIDCPNIFTY24MAY11300PE,67.8,5274.0,Monitoring
2024-05-22,13:55:00,HOLD,MIDCPNIFTY24MAY11300PE,63.1,5838.0,Monitoring
2024-05-22,14:00:00,HOLD,MIDCPNIFTY24MAY11300PE,60.85,6108.0,Monitoring
2024-05-22,14:05:00,HOLD,MIDCPNIFTY24MAY11300PE,64.0,5730.0,Monitoring
2024-05-22,14:10:00,HOLD,MIDCPNIFTY24MAY11300PE,62.65,5892.0,Monitoring
2024-05-22,14:15:00,HOLD,MIDCPNIFTY24MAY11300PE,58.85,6348.0,Monitoring
2024-05-22,14:20:00,HOLD,MIDCPNIFTY24MAY11300PE,58.3,6414.0,Monitoring
2024-05-22,14:25:00,HOLD,MIDCPNIFTY24MAY11300PE,61.6,6018.0,Monitoring
2024-05-22,14:30:00,HOLD,MIDCPNIFTY24MAY11300PE,58.7,6366.0,Monitoring
2024-05-22,14:35:00,HOLD,MIDCPNIFTY24MAY11300PE,58.15,6432.0,Monitoring
2024-05-22,14:40:00,HOLD,MIDCPNIFTY24MAY11300PE,58.55,6384.0,Monitoring
2024-05-22,14:45:00,HOLD,MIDCPNIFTY24MAY11300PE,59.65,6252.0,Monitoring
2024-05-22,14:50:00,HOLD,MIDCPNIFTY24MAY11300PE,62.6,5898.0,Monitoring
2024-05-22,14:55:00,HOLD,MIDCPNIFTY24MAY11300PE,66.9,5382.0,Monitoring
2024-05-22,15:00:00,HOLD,MIDCPNIFTY24MAY11300PE,61.55,6024.0,Monitoring
2024-05-22,15:05:00,HOLD,MIDCPNIFTY24MAY11300PE,54.0,6930.0,Monitoring
2024-05-22,15:10:00,HOLD,MIDCPNIFTY24MAY11300PE,54.1,6918.0,Monitoring
2024-05-22,15:15:00,HOLD,MIDCPNIFTY24MAY11300PE,51.2,7266.0,Monitoring
2024-05-22,15:20:00,HOLD,MIDCPNIFTY24MAY11300PE,51.7,7206.0,Monitoring
2024-05-22,15:25:00,HOLD,MIDCPNIFTY24MAY11300PE,50.5,7350.0,Monitoring
2024-05-23,09:15:00,HOLD,MIDCPNIFTY24MAY11300PE,44.0,8130.0,Monitoring
2024-05-23,09:15:00,BUY_EXIT,MIDCPNIFTY24MAY11300PE,44.0,8130.0,ROLLOVER_EXIT
