Date,Time,Event,Ticker,Price,PnL_INR,Info
2024-01-12,14:05:00,SELL_ENTRY,MIDCPNIFTY24JAN10500PE,159.55,0.0,Signal PE | Short
2024-01-12,14:10:00,HOLD,MIDCPNIFTY24JAN10500PE,159.55,0.0,Monitoring
2024-01-12,14:15:00,HOLD,MIDCPNIFTY24JAN10500PE,159.55,0.0,Monitoring
2024-01-12,14:20:00,HOLD,MIDCPNIFTY24JAN10500PE,158.15,168.0,Monitoring
2024-01-12,14:25:00,HOLD,MIDCPNIFTY24JAN10500PE,157.0,306.0,Monitoring
2024-01-12,14:30:00,HOLD,MIDCPNIFTY24JAN10500PE,153.95,672.0,Monitoring
2024-01-12,14:35:00,HOLD,MIDCPNIFTY24JAN10500PE,150.9,1038.0,Monitoring
2024-01-12,14:40:00,HOLD,MIDCPNIFTY24JAN10500PE,150.9,1038.0,Monitoring
2024-01-12,14:45:00,HOLD,MIDCPNIFTY24JAN10500PE,150.9,1038.0,Monitoring
2024-01-12,14:50:00,HOLD,MIDCPNIFTY24JAN10500PE,150.9,1038.0,Monitoring
2024-01-12,14:55:00,HOLD,MIDCPNIFTY24JAN10500PE,150.9,1038.0,Monitoring
2024-01-12,15:00:00,HOLD,MIDCPNIFTY24JAN10500PE,150.9,1038.0,Monitoring
2024-01-12,15:05:00,HOLD,MIDCPNIFTY24JAN10500PE,150.9,1038.0,Monitoring
2024-01-12,15:10:00,HOLD,MIDCPNIFTY24JAN10500PE,150.9,1038.0,Monitoring
2024-01-12,15:15:00,HOLD,MIDCPNIFTY24JAN10500PE,158.95,72.0,Monitoring
2024-01-12,15:20:00,HOLD,MIDCPNIFTY24JAN10500PE,156.25,396.0,Monitoring
2024-01-12,15:25:00,HOLD,MIDCPNIFTY24JAN10500PE,154.05,660.0,Monitoring
2024-01-15,09:15:00,HOLD,MIDCPNIFTY24JAN10500PE,154.05,660.0,Monitoring
2024-01-15,09:20:00,HOLD,MIDCPNIFTY24JAN10500PE,154.05,660.0,Monitoring
2024-01-15,09:25:00,HOLD,MIDCPNIFTY24JAN10500PE,154.05,660.0,Monitoring
2024-01-15,09:30:00,HOLD,MIDCPNIFTY24JAN10500PE,154.05,660.0,Monitoring
2024-01-15,09:35:00,HOLD,MIDCPNIFTY24JAN10500PE,154.05,660.0,Monitoring
2024-01-15,09:40:00,HOLD,MIDCPNIFTY24JAN10500PE,154.05,660.0,Monitoring
2024-01-15,09:45:00,HOLD,MIDCPNIFTY24JAN10500PE,154.05,660.0,Monitoring
2024-01-15,09:50:00,HOLD,MIDCPNIFTY24JAN10500PE,143.5,1926.0,Monitoring
2024-01-15,09:55:00,HOLD,MIDCPNIFTY24JAN10500PE,129.15,3648.0,Monitoring
2024-01-15,10:00:00,HOLD,MIDCPNIFTY24JAN10500PE,133.75,3096.0,Monitoring
2024-01-15,10:05:00,HOLD,MIDCPNIFTY24JAN10500PE,133.75,3096.0,Monitoring
2024-01-15,10:10:00,HOLD,MIDCPNIFTY24JAN10500PE,133.75,3096.0,Monitoring
2024-01-15,10:15:00,HOLD,MIDCPNIFTY24JAN10500PE,133.75,3096.0,Monitoring
2024-01-15,10:20:00,HOLD,MIDCPNIFTY24JAN10500PE,133.75,3096.0,Monitoring
2024-01-15,10:25:00,HOLD,MIDCPNIFTY24JAN10500PE,135.0,2946.0,Monitoring
2024-01-15,10:30:00,HOLD,MIDCPNIFTY24JAN10500PE,135.0,2946.0,Monitoring
2024-01-15,10:35:00,HOLD,MIDCPNIFTY24JAN10500PE,135.0,2946.0,Monitoring
2024-01-15,10:40:00,HOLD,MIDCPNIFTY24JAN10500PE,135.0,2946.0,Monitoring
2024-01-15,10:45:00,HOLD,MIDCPNIFTY24JAN10500PE,140.0,2346.0,Monitoring
2024-01-15,10:50:00,HOLD,MIDCPNIFTY24JAN10500PE,140.0,2346.0,Monitoring
2024-01-15,10:55:00,HOLD,MIDCPNIFTY24JAN10500PE,140.0,2346.0,Monitoring
2024-01-15,11:00:00,HOLD,MIDCPNIFTY24JAN10500PE,139.0,2466.0,Monitoring
2024-01-15,11:05:00,HOLD,MIDCPNIFTY24JAN10500PE,139.0,2466.0,Monitoring
2024-01-15,11:10:00,HOLD,MIDCPNIFTY24JAN10500PE,139.0,2466.0,Monitoring
2024-01-15,11:15:00,HOLD,MIDCPNIFTY24JAN10500PE,139.0,2466.0,Monitoring
2024-01-15,11:20:00,HOLD,MIDCPNIFTY24JAN10500PE,139.0,2466.0,Monitoring
2024-01-15,11:25:00,HOLD,MIDCPNIFTY24JAN10500PE,139.0,2466.0,Monitoring
2024-01-15,11:30:00,HOLD,MIDCPNIFTY24JAN10500PE,139.0,2466.0,Monitoring
2024-01-15,11:35:00,HOLD,MIDCPNIFTY24JAN10500PE,152.45,852.0,Monitoring
2024-01-15,11:40:00,HOLD,MIDCPNIFTY24JAN10500PE,139.85,2364.0,Monitoring
2024-01-15,11:45:00,HOLD,MIDCPNIFTY24JAN10500PE,127.15,3888.0,Monitoring
2024-01-15,11:50:00,HOLD,MIDCPNIFTY24JAN10500PE,133.55,3120.0,Monitoring
2024-01-15,11:55:00,HOLD,MIDCPNIFTY24JAN10500PE,133.55,3120.0,Monitoring
2024-01-15,12:00:00,HOLD,MIDCPNIFTY24JAN10500PE,133.55,3120.0,Monitoring
2024-01-15,12:05:00,HOLD,MIDCPNIFTY24JAN10500PE,133.55,3120.0,Monitoring
2024-01-15,12:10:00,HOLD,MIDCPNIFTY24JAN10500PE,133.55,3120.0,Monitoring
2024-01-15,12:15:00,HOLD,MIDCPNIFTY24JAN10500PE,130.0,3546.0,Monitoring
2024-01-15,12:20:00,HOLD,MIDCPNIFTY24JAN10500PE,124.2,4242.0,Monitoring
2024-01-15,12:25:00,HOLD,MIDCPNIFTY24JAN10500PE,120.55,4680.0,Monitoring
2024-01-15,12:30:00,HOLD,MIDCPNIFTY24JAN10500PE,115.5,5286.0,Monitoring
2024-01-15,12:35:00,HOLD,MIDCPNIFTY24JAN10500PE,121.3,4590.0,Monitoring
2024-01-15,12:40:00,HOLD,MIDCPNIFTY24JAN10500PE,121.3,4590.0,Monitoring
2024-01-15,12:45:00,HOLD,MIDCPNIFTY24JAN10500PE,121.3,4590.0,Monitoring
2024-01-15,12:50:00,HOLD,MIDCPNIFTY24JAN10500PE,122.1,4494.0,Monitoring
2024-01-15,12:55:00,HOLD,MIDCPNIFTY24JAN10500PE,122.5,4446.0,Monitoring
2024-01-15,13:00:00,HOLD,MIDCPNIFTY24JAN10500PE,122.5,4446.0,Monitoring
2024-01-15,13:05:00,HOLD,MIDCPNIFTY24JAN10500PE,122.5,4446.0,Monitoring
2024-01-15,13:10:00,HOLD,MIDCPNIFTY24JAN10500PE,122.5,4446.0,Monitoring
2024-01-15,13:15:00,HOLD,MIDCPNIFTY24JAN10500PE,122.5,4446.0,Monitoring
2024-01-15,13:20:00,HOLD,MIDCPNIFTY24JAN10500PE,122.5,4446.0,Monitoring
2024-01-15,13:25:00,HOLD,MIDCPNIFTY24JAN10500PE,122.5,4446.0,Monitoring
2024-01-15,13:30:00,HOLD,MIDCPNIFTY24JAN10500PE,122.5,4446.0,Monitoring
2024-01-15,13:35:00,HOLD,MIDCPNIFTY24JAN10500PE,122.55,4440.0,Monitoring
2024-01-15,13:40:00,HOLD,MIDCPNIFTY24JAN10500PE,122.55,4440.0,Monitoring
2024-01-15,13:45:00,HOLD,MIDCPNIFTY24JAN10500PE,122.55,4440.0,Monitoring
2024-01-15,13:50:00,HOLD,MIDCPNIFTY24JAN10500PE,122.55,4440.0,Monitoring
2024-01-15,13:55:00,HOLD,MIDCPNIFTY24JAN10500PE,122.55,4440.0,Monitoring
2024-01-15,14:00:00,HOLD,MIDCPNIFTY24JAN10500PE,118.0,4986.0,Monitoring
2024-01-15,14:05:00,HOLD,MIDCPNIFTY24JAN10500PE,118.2,4962.0,Monitoring
2024-01-15,14:10:00,HOLD,MIDCPNIFTY24JAN10500PE,118.2,4962.0,Monitoring
2024-01-15,14:15:00,HOLD,MIDCPNIFTY24JAN10500PE,115.0,5346.0,Monitoring
2024-01-15,14:20:00,HOLD,MIDCPNIFTY24JAN10500PE,115.0,5346.0,Monitoring
2024-01-15,14:25:00,HOLD,MIDCPNIFTY24JAN10500PE,123.85,4284.0,Monitoring
2024-01-15,14:30:00,HOLD,MIDCPNIFTY24JAN10500PE,123.85,4284.0,Monitoring
2024-01-15,14:35:00,HOLD,MIDCPNIFTY24JAN10500PE,120.0,4746.0,Monitoring
2024-01-15,14:40:00,HOLD,MIDCPNIFTY24JAN10500PE,120.0,4746.0,Monitoring
2024-01-15,14:45:00,HOLD,MIDCPNIFTY24JAN10500PE,120.0,4746.0,Monitoring
2024-01-15,14:50:00,HOLD,MIDCPNIFTY24JAN10500PE,113.5,5526.0,Monitoring
2024-01-15,14:55:00,HOLD,MIDCPNIFTY24JAN10500PE,117.0,5106.0,Monitoring
2024-01-15,15:00:00,HOLD,MIDCPNIFTY24JAN10500PE,122.4,4458.0,Monitoring
2024-01-15,15:05:00,HOLD,MIDCPNIFTY24JAN10500PE,122.2,4482.0,Monitoring
2024-01-15,15:10:00,HOLD,MIDCPNIFTY24JAN10500PE,120.0,4746.0,Monitoring
2024-01-15,15:15:00,HOLD,MIDCPNIFTY24JAN10500PE,113.55,5520.0,Monitoring
2024-01-15,15:20:00,HOLD,MIDCPNIFTY24JAN10500PE,113.55,5520.0,Monitoring
2024-01-15,15:25:00,HOLD,MIDCPNIFTY24JAN10500PE,113.5,5526.0,Monitoring
2024-01-16,09:15:00,HOLD,MIDCPNIFTY24JAN10500PE,113.5,5526.0,Monitoring
2024-01-16,09:20:00,HOLD,MIDCPNIFTY24JAN10500PE,113.5,5526.0,Monitoring
2024-01-16,09:25:00,HOLD,MIDCPNIFTY24JAN10500PE,113.5,5526.0,Monitoring
2024-01-16,09:30:00,HOLD,MIDCPNIFTY24JAN10500PE,113.5,5526.0,Monitoring
2024-01-16,09:35:00,HOLD,MIDCPNIFTY24JAN10500PE,115.0,5346.0,Monitoring
2024-01-16,09:40:00,HOLD,MIDCPNIFTY24JAN10500PE,115.0,5346.0,Monitoring
2024-01-16,09:45:00,HOLD,MIDCPNIFTY24JAN10500PE,115.0,5346.0,Monitoring
2024-01-16,09:50:00,HOLD,MIDCPNIFTY24JAN10500PE,115.0,5346.0,Monitoring
2024-01-16,09:55:00,HOLD,MIDCPNIFTY24JAN10500PE,115.0,5346.0,Monitoring
2024-01-16,10:00:00,HOLD,MIDCPNIFTY24JAN10500PE,115.0,5346.0,Monitoring
2024-01-16,10:05:00,HOLD,MIDCPNIFTY24JAN10500PE,115.0,5346.0,Monitoring
2024-01-16,10:10:00,HOLD,MIDCPNIFTY24JAN10500PE,115.0,5346.0,Monitoring
2024-01-16,10:15:00,HOLD,MIDCPNIFTY24JAN10500PE,115.0,5346.0,Monitoring
2024-01-16,10:20:00,HOLD,MIDCPNIFTY24JAN10500PE,115.0,5346.0,Monitoring
2024-01-16,10:25:00,HOLD,MIDCPNIFTY24JAN10500PE,115.0,5346.0,Monitoring
2024-01-16,10:30:00,HOLD,MIDCPNIFTY24JAN10500PE,115.0,5346.0,Monitoring
2024-01-16,10:35:00,HOLD,MIDCPNIFTY24JAN10500PE,115.0,5346.0,Monitoring
2024-01-16,10:40:00,HOLD,MIDCPNIFTY24JAN10500PE,115.0,5346.0,Monitoring
2024-01-16,10:45:00,HOLD,MIDCPNIFTY24JAN10500PE,115.0,5346.0,Monitoring
2024-01-16,10:50:00,HOLD,MIDCPNIFTY24JAN10500PE,115.0,5346.0,Monitoring
2024-01-16,10:55:00,HOLD,MIDCPNIFTY24JAN10500PE,115.0,5346.0,Monitoring
2024-01-16,11:00:00,HOLD,MIDCPNIFTY24JAN10500PE,115.0,5346.0,Monitoring
2024-01-16,11:05:00,HOLD,MIDCPNIFTY24JAN10500PE,106.95,6312.0,Monitoring
2024-01-16,11:10:00,HOLD,MIDCPNIFTY24JAN10500PE,106.95,6312.0,Monitoring
2024-01-16,11:15:00,HOLD,MIDCPNIFTY24JAN10500PE,106.95,6312.0,Monitoring
2024-01-16,11:20:00,HOLD,MIDCPNIFTY24JAN10500PE,106.95,6312.0,Monitoring
2024-01-16,11:25:00,HOLD,MIDCPNIFTY24JAN10500PE,106.95,6312.0,Monitoring
2024-01-16,11:30:00,HOLD,MIDCPNIFTY24JAN10500PE,106.95,6312.0,Monitoring
2024-01-16,11:35:00,HOLD,MIDCPNIFTY24JAN10500PE,106.95,6312.0,Monitoring
2024-01-16,11:40:00,HOLD,MIDCPNIFTY24JAN10500PE,115.0,5346.0,Monitoring
2024-01-16,11:45:00,HOLD,MIDCPNIFTY24JAN10500PE,115.0,5346.0,Monitoring
2024-01-16,11:50:00,HOLD,MIDCPNIFTY24JAN10500PE,115.0,5346.0,Monitoring
2024-01-16,11:55:00,HOLD,MIDCPNIFTY24JAN10500PE,115.0,5346.0,Monitoring
2024-01-16,12:00:00,HOLD,MIDCPNIFTY24JAN10500PE,115.0,5346.0,Monitoring
2024-01-16,12:05:00,HOLD,MIDCPNIFTY24JAN10500PE,115.0,5346.0,Monitoring
2024-01-16,12:10:00,HOLD,MIDCPNIFTY24JAN10500PE,115.0,5346.0,Monitoring
2024-01-16,12:15:00,HOLD,MIDCPNIFTY24JAN10500PE,131.6,3354.0,Monitoring
2024-01-16,12:20:00,HOLD,MIDCPNIFTY24JAN10500PE,127.05,3900.0,Monitoring
2024-01-16,12:25:00,HOLD,MIDCPNIFTY24JAN10500PE,123.6,4314.0,Monitoring
2024-01-16,12:30:00,HOLD,MIDCPNIFTY24JAN10500PE,120.5,4686.0,Monitoring
2024-01-16,12:35:00,HOLD,MIDCPNIFTY24JAN10500PE,120.5,4686.0,Monitoring
2024-01-16,12:40:00,HOLD,MIDCPNIFTY24JAN10500PE,120.5,4686.0,Monitoring
2024-01-16,12:45:00,HOLD,MIDCPNIFTY24JAN10500PE,132.0,3306.0,Monitoring
2024-01-16,12:45:00,BUY_EXIT,MIDCPNIFTY24JAN10500PE,132.0,3306.0,EMA_REVERSAL_SL
