Date,Time,Event,Ticker,Price,PnL_INR,Info
2025-01-23,14:00:00,SELL_ENTRY,MIDCPNIFTY25JAN11900PE,56.55,0.0,Signal PE | Short
2025-01-23,14:05:00,HOLD,MIDCPNIFTY25JAN11900PE,56.6,-6.0,Monitoring
2025-01-23,14:10:00,HOLD,MIDCPNIFTY25JAN11900PE,57.0,-54.0,Monitoring
2025-01-23,14:15:00,HOLD,MIDCPNIFTY25JAN11900PE,57.35,-96.0,Monitoring
2025-01-23,14:20:00,HOLD,MIDCPNIFTY25JAN11900PE,59.2,-318.0,Monitoring
2025-01-23,14:25:00,HOLD,MIDCPNIFTY25JAN11900PE,60.0,-414.0,Monitoring
2025-01-23,14:30:00,HOLD,MIDCPNIFTY25JAN11900PE,55.3,150.0,Monitoring
2025-01-23,14:35:00,HOLD,MIDCPNIFTY25JAN11900PE,57.0,-54.0,Monitoring
2025-01-23,14:40:00,HOLD,MIDCPNIFTY25JAN11900PE,58.7,-258.0,Monitoring
2025-01-23,14:45:00,HOLD,MIDCPNIFTY25JAN11900PE,60.0,-414.0,Monitoring
2025-01-23,14:50:00,HOLD,MIDCPNIFTY25JAN11900PE,60.0,-414.0,Monitoring
2025-01-23,14:55:00,HOLD,MIDCPNIFTY25JAN11900PE,56.9,-42.0,Monitoring
2025-01-23,15:00:00,HOLD,MIDCPNIFTY25JAN11900PE,57.05,-60.0,Monitoring
2025-01-23,15:05:00,HOLD,MIDCPNIFTY25JAN11900PE,51.6,594.0,Monitoring
2025-01-23,15:10:00,HOLD,MIDCPNIFTY25JAN11900PE,55.0,186.0,Monitoring
2025-01-23,15:15:00,HOLD,MIDCPNIFTY25JAN11900PE,56.4,18.0,Monitoring
2025-01-23,15:20:00,HOLD,MIDCPNIFTY25JAN11900PE,55.75,96.0,Monitoring
2025-01-23,15:25:00,HOLD,MIDCPNIFTY25JAN11900PE,56.0,66.0,Monitoring
2025-01-24,09:15:00,HOLD,MIDCPNIFTY25JAN11900PE,47.55,1080.0,Monitoring
2025-01-24,09:20:00,HOLD,MIDCPNIFTY25JAN11900PE,51.2,642.0,Monitoring
2025-01-24,09:25:00,HOLD,MIDCPNIFTY25JAN11900PE,61.2,-558.0,Monitoring
2025-01-24,09:30:00,HOLD,MIDCPNIFTY25JAN11900PE,59.4,-342.0,Monitoring
2025-01-24,09:35:00,HOLD,MIDCPNIFTY25JAN11900PE,65.2,-1038.0,Monitoring
2025-01-24,09:40:00,HOLD,MIDCPNIFTY25JAN11900PE,64.45,-948.0,Monitoring
2025-01-24,09:45:00,HOLD,MIDCPNIFTY25JAN11900PE,79.5,-2754.0,Monitoring
2025-01-24,09:50:00,HOLD,MIDCPNIFTY25JAN11900PE,85.9,-3522.0,Monitoring
2025-01-24,09:55:00,HOLD,MIDCPNIFTY25JAN11900PE,103.8,-5670.0,Monitoring
2025-01-24,10:00:00,HOLD,MIDCPNIFTY25JAN11900PE,99.0,-5094.0,Monitoring
2025-01-24,10:05:00,HOLD,MIDCPNIFTY25JAN11900PE,92.2,-4278.0,Monitoring
2025-01-24,10:05:00,BUY_EXIT,MIDCPNIFTY25JAN11900PE,92.2,-4278.0,EMA_REVERSAL_SL
