Date,Time,Event,Ticker,Price,PnL_INR,Info
2024-12-24,14:00:00,SELL_ENTRY,MIDCPNIFTY25JAN12800CE,296.25,0.0,Signal CE | Short
2024-12-24,14:05:00,HOLD,MIDCPNIFTY25JAN12800CE,295.05,144.0,Monitoring
2024-12-24,14:10:00,HOLD,MIDCPNIFTY25JAN12800CE,290.0,750.0,Monitoring
2024-12-24,14:15:00,HOLD,MIDCPNIFTY25JAN12800CE,285.0,1350.0,Monitoring
2024-12-24,14:20:00,HOLD,MIDCPNIFTY25JAN12800CE,285.0,1350.0,Monitoring
2024-12-24,14:25:00,HOLD,MIDCPNIFTY25JAN12800CE,280.0,1950.0,Monitoring
2024-12-24,14:30:00,HOLD,MIDCPNIFTY25JAN12800CE,280.0,1950.0,Monitoring
2024-12-24,14:35:00,HOLD,MIDCPNIFTY25JAN12800CE,280.0,1950.0,Monitoring
2024-12-24,14:40:00,HOLD,MIDCPNIFTY25JAN12800CE,287.0,1110.0,Monitoring
2024-12-24,14:45:00,HOLD,MIDCPNIFTY25JAN12800CE,287.0,1110.0,Monitoring
2024-12-24,14:50:00,HOLD,MIDCPNIFTY25JAN12800CE,283.0,1590.0,Monitoring
2024-12-24,14:55:00,HOLD,MIDCPNIFTY25JAN12800CE,283.0,1590.0,Monitoring
2024-12-24,15:00:00,HOLD,MIDCPNIFTY25JAN12800CE,290.0,750.0,Monitoring
2024-12-24,15:05:00,HOLD,MIDCPNIFTY25JAN12800CE,281.75,1740.0,Monitoring
2024-12-24,15:10:00,HOLD,MIDCPNIFTY25JAN12800CE,296.2,6.0,Monitoring
2024-12-24,15:15:00,HOLD,MIDCPNIFTY25JAN12800CE,296.2,6.0,Monitoring
2024-12-24,15:20:00,HOLD,MIDCPNIFTY25JAN12800CE,296.2,6.0,Monitoring
2024-12-24,15:25:00,HOLD,MIDCPNIFTY25JAN12800CE,284.0,1470.0,Monitoring
2024-12-26,09:15:00,HOLD,MIDCPNIFTY25JAN12800CE,284.0,1470.0,Monitoring
2024-12-26,09:20:00,HOLD,MIDCPNIFTY25JAN12800CE,300.0,-450.0,Monitoring
2024-12-26,09:25:00,HOLD,MIDCPNIFTY25JAN12800CE,297.9,-198.0,Monitoring
2024-12-26,09:30:00,HOLD,MIDCPNIFTY25JAN12800CE,297.4,-138.0,Monitoring
2024-12-26,09:35:00,HOLD,MIDCPNIFTY25JAN12800CE,297.4,-138.0,Monitoring
2024-12-26,09:40:00,HOLD,MIDCPNIFTY25JAN12800CE,278.0,2190.0,Monitoring
2024-12-26,09:45:00,HOLD,MIDCPNIFTY25JAN12800CE,279.0,2070.0,Monitoring
2024-12-26,09:50:00,HOLD,MIDCPNIFTY25JAN12800CE,277.45,2256.0,Monitoring
2024-12-26,09:55:00,HOLD,MIDCPNIFTY25JAN12800CE,271.5,2970.0,Monitoring
2024-12-26,10:00:00,HOLD,MIDCPNIFTY25JAN12800CE,271.5,2970.0,Monitoring
2024-12-26,10:05:00,HOLD,MIDCPNIFTY25JAN12800CE,271.45,2976.0,Monitoring
2024-12-26,10:10:00,HOLD,MIDCPNIFTY25JAN12800CE,271.45,2976.0,Monitoring
2024-12-26,10:15:00,HOLD,MIDCPNIFTY25JAN12800CE,271.45,2976.0,Monitoring
2024-12-26,10:20:00,HOLD,MIDCPNIFTY25JAN12800CE,271.45,2976.0,Monitoring
2024-12-26,10:25:00,HOLD,MIDCPNIFTY25JAN12800CE,271.45,2976.0,Monitoring
2024-12-26,10:30:00,HOLD,MIDCPNIFTY25JAN12800CE,271.45,2976.0,Monitoring
2024-12-26,10:35:00,HOLD,MIDCPNIFTY25JAN12800CE,271.45,2976.0,Monitoring
2024-12-26,10:40:00,HOLD,MIDCPNIFTY25JAN12800CE,271.45,2976.0,Monitoring
2024-12-26,10:45:00,HOLD,MIDCPNIFTY25JAN12800CE,271.45,2976.0,Monitoring
2024-12-26,10:50:00,HOLD,MIDCPNIFTY25JAN12800CE,260.0,4350.0,Monitoring
2024-12-26,10:55:00,HOLD,MIDCPNIFTY25JAN12800CE,265.15,3732.0,Monitoring
2024-12-26,11:00:00,HOLD,MIDCPNIFTY25JAN12800CE,261.85,4128.0,Monitoring
2024-12-26,11:05:00,HOLD,MIDCPNIFTY25JAN12800CE,261.85,4128.0,Monitoring
2024-12-26,11:10:00,HOLD,MIDCPNIFTY25JAN12800CE,264.75,3780.0,Monitoring
2024-12-26,11:15:00,HOLD,MIDCPNIFTY25JAN12800CE,270.0,3150.0,Monitoring
2024-12-26,11:20:00,HOLD,MIDCPNIFTY25JAN12800CE,270.0,3150.0,Monitoring
2024-12-26,11:25:00,HOLD,MIDCPNIFTY25JAN12800CE,268.0,3390.0,Monitoring
2024-12-26,11:30:00,HOLD,MIDCPNIFTY25JAN12800CE,270.0,3150.0,Monitoring
2024-12-26,11:35:00,HOLD,MIDCPNIFTY25JAN12800CE,270.0,3150.0,Monitoring
2024-12-26,11:40:00,HOLD,MIDCPNIFTY25JAN12800CE,270.0,3150.0,Monitoring
2024-12-26,11:45:00,HOLD,MIDCPNIFTY25JAN12800CE,268.65,3312.0,Monitoring
2024-12-26,11:50:00,HOLD,MIDCPNIFTY25JAN12800CE,268.65,3312.0,Monitoring
2024-12-26,11:55:00,HOLD,MIDCPNIFTY25JAN12800CE,268.65,3312.0,Monitoring
2024-12-26,12:00:00,HOLD,MIDCPNIFTY25JAN12800CE,266.0,3630.0,Monitoring
2024-12-26,12:05:00,HOLD,MIDCPNIFTY25JAN12800CE,265.7,3666.0,Monitoring
2024-12-26,12:10:00,HOLD,MIDCPNIFTY25JAN12800CE,263.0,3990.0,Monitoring
2024-12-26,12:15:00,HOLD,MIDCPNIFTY25JAN12800CE,263.0,3990.0,Monitoring
2024-12-26,12:20:00,HOLD,MIDCPNIFTY25JAN12800CE,263.0,3990.0,Monitoring
2024-12-26,12:25:00,HOLD,MIDCPNIFTY25JAN12800CE,263.0,3990.0,Monitoring
2024-12-26,12:30:00,HOLD,MIDCPNIFTY25JAN12800CE,263.0,3990.0,Monitoring
2024-12-26,12:35:00,HOLD,MIDCPNIFTY25JAN12800CE,263.0,3990.0,Monitoring
2024-12-26,12:40:00,HOLD,MIDCPNIFTY25JAN12800CE,263.0,3990.0,Monitoring
2024-12-26,12:45:00,HOLD,MIDCPNIFTY25JAN12800CE,268.2,3366.0,Monitoring
2024-12-26,12:50:00,HOLD,MIDCPNIFTY25JAN12800CE,268.2,3366.0,Monitoring
2024-12-26,12:55:00,HOLD,MIDCPNIFTY25JAN12800CE,271.95,2916.0,Monitoring
2024-12-26,13:00:00,HOLD,MIDCPNIFTY25JAN12800CE,270.0,3150.0,Monitoring
2024-12-26,13:05:00,HOLD,MIDCPNIFTY25JAN12800CE,270.0,3150.0,Monitoring
2024-12-26,13:10:00,HOLD,MIDCPNIFTY25JAN12800CE,279.45,2016.0,Monitoring
2024-12-26,13:15:00,HOLD,MIDCPNIFTY25JAN12800CE,281.5,1770.0,Monitoring
2024-12-26,13:20:00,HOLD,MIDCPNIFTY25JAN12800CE,281.95,1716.0,Monitoring
2024-12-26,13:25:00,HOLD,MIDCPNIFTY25JAN12800CE,273.85,2688.0,Monitoring
2024-12-26,13:30:00,HOLD,MIDCPNIFTY25JAN12800CE,273.85,2688.0,Monitoring
2024-12-26,13:35:00,HOLD,MIDCPNIFTY25JAN12800CE,273.7,2706.0,Monitoring
2024-12-26,13:40:00,HOLD,MIDCPNIFTY25JAN12800CE,283.0,1590.0,Monitoring
2024-12-26,13:45:00,HOLD,MIDCPNIFTY25JAN12800CE,283.0,1590.0,Monitoring
2024-12-26,13:50:00,HOLD,MIDCPNIFTY25JAN12800CE,275.15,2532.0,Monitoring
2024-12-26,13:55:00,HOLD,MIDCPNIFTY25JAN12800CE,275.15,2532.0,Monitoring
2024-12-26,14:00:00,HOLD,MIDCPNIFTY25JAN12800CE,275.15,2532.0,Monitoring
2024-12-26,14:05:00,HOLD,MIDCPNIFTY25JAN12800CE,280.35,1908.0,Monitoring
2024-12-26,14:10:00,HOLD,MIDCPNIFTY25JAN12800CE,284.0,1470.0,Monitoring
2024-12-26,14:15:00,HOLD,MIDCPNIFTY25JAN12800CE,295.0,150.0,Monitoring
2024-12-26,14:20:00,HOLD,MIDCPNIFTY25JAN12800CE,299.15,-348.0,Monitoring
2024-12-26,14:20:00,BUY_EXIT,MIDCPNIFTY25JAN12800CE,299.15,-348.0,EMA_REVERSAL_SL
