Date,Time,Event,Ticker,Price,PnL_INR,Info
2025-10-08,14:00:00,SELL_ENTRY,MIDCPNIFTY25OCT13000PE,158.3,0.0,Signal PE | Short
2025-10-08,14:05:00,HOLD,MIDCPNIFTY25OCT13000PE,169.0,-1284.0,Monitoring
2025-10-08,14:10:00,HOLD,MIDCPNIFTY25OCT13000PE,172.8,-1740.0,Monitoring
2025-10-08,14:15:00,HOLD,MIDCPNIFTY25OCT13000PE,175.95,-2118.0,Monitoring
2025-10-08,14:20:00,HOLD,MIDCPNIFTY25OCT13000PE,176.75,-2214.0,Monitoring
2025-10-08,14:25:00,HOLD,MIDCPNIFTY25OCT13000PE,183.05,-2970.0,Monitoring
2025-10-08,14:30:00,HOLD,MIDCPNIFTY25OCT13000PE,184.0,-3084.0,Monitoring
2025-10-08,14:35:00,HOLD,MIDCPNIFTY25OCT13000PE,173.75,-1854.0,Monitoring
2025-10-08,14:40:00,HOLD,MIDCPNIFTY25OCT13000PE,181.1,-2736.0,Monitoring
2025-10-08,14:45:00,HOLD,MIDCPNIFTY25OCT13000PE,183.7,-3048.0,Monitoring
2025-10-08,14:50:00,HOLD,MIDCPNIFTY25OCT13000PE,189.0,-3684.0,Monitoring
2025-10-08,14:50:00,BUY_EXIT,MIDCPNIFTY25OCT13000PE,189.0,-3684.0,EMA_REVERSAL_SL
