Date,Time,Event,Ticker,Price,PnL_INR,Info
2025-07-31,14:00:00,SELL_ENTRY,MIDCPNIFTY25AUG12800PE,185.35,0.0,Signal PE | Short
2025-07-31,14:05:00,HOLD,MIDCPNIFTY25AUG12800PE,175.0,1242.0,Monitoring
2025-07-31,14:10:00,HOLD,MIDCPNIFTY25AUG12800PE,182.6,330.0,Monitoring
2025-07-31,14:15:00,HOLD,MIDCPNIFTY25AUG12800PE,184.15,144.0,Monitoring
2025-07-31,14:20:00,HOLD,MIDCPNIFTY25AUG12800PE,183.4,234.0,Monitoring
2025-07-31,14:25:00,HOLD,MIDCPNIFTY25AUG12800PE,190.6,-630.0,Monitoring
2025-07-31,14:30:00,HOLD,MIDCPNIFTY25AUG12800PE,195.0,-1158.0,Monitoring
2025-07-31,14:35:00,HOLD,MIDCPNIFTY25AUG12800PE,191.95,-792.0,Monitoring
2025-07-31,14:40:00,HOLD,MIDCPNIFTY25AUG12800PE,201.75,-1968.0,Monitoring
2025-07-31,14:45:00,HOLD,MIDCPNIFTY25AUG12800PE,201.0,-1878.0,Monitoring
2025-07-31,14:50:00,HOLD,MIDCPNIFTY25AUG12800PE,205.5,-2418.0,Monitoring
2025-07-31,14:55:00,HOLD,MIDCPNIFTY25AUG12800PE,193.2,-942.0,Monitoring
2025-07-31,15:00:00,HOLD,MIDCPNIFTY25AUG12800PE,206.65,-2556.0,Monitoring
2025-07-31,15:05:00,HOLD,MIDCPNIFTY25AUG12800PE,213.95,-3432.0,Monitoring
2025-07-31,15:10:00,HOLD,MIDCPNIFTY25AUG12800PE,212.0,-3198.0,Monitoring
2025-07-31,15:15:00,HOLD,MIDCPNIFTY25AUG12800PE,216.05,-3684.0,Monitoring
2025-07-31,15:20:00,HOLD,MIDCPNIFTY25AUG12800PE,217.0,-3798.0,Monitoring
2025-07-31,15:25:00,HOLD,MIDCPNIFTY25AUG12800PE,219.0,-4038.0,Monitoring
2025-08-01,09:15:00,HOLD,MIDCPNIFTY25AUG12800PE,226.75,-4968.0,Monitoring
2025-08-01,09:20:00,HOLD,MIDCPNIFTY25AUG12800PE,258.65,-8796.0,Monitoring
2025-08-01,09:20:00,BUY_EXIT,MIDCPNIFTY25AUG12800PE,258.65,-8796.0,EMA_REVERSAL_SL
