Date,Time,Event,Ticker,Price,PnL_INR,Info
2024-08-27,14:00:00,SELL_ENTRY,MIDCPNIFTY24SEP13100CE,329.35,0.0,Signal CE | Short
2024-08-27,14:05:00,HOLD,MIDCPNIFTY24SEP13100CE,329.35,0.0,Monitoring
2024-08-27,14:10:00,HOLD,MIDCPNIFTY24SEP13100CE,329.35,0.0,Monitoring
2024-08-27,14:15:00,HOLD,MIDCPNIFTY24SEP13100CE,329.35,0.0,Monitoring
2024-08-27,14:20:00,HOLD,MIDCPNIFTY24SEP13100CE,329.35,0.0,Monitoring
2024-08-27,14:25:00,HOLD,MIDCPNIFTY24SEP13100CE,329.35,0.0,Monitoring
2024-08-27,14:30:00,HOLD,MIDCPNIFTY24SEP13100CE,329.35,0.0,Monitoring
2024-08-27,14:45:00,HOLD,MIDCPNIFTY24SEP13100CE,329.35,0.0,Monitoring
2024-08-27,14:50:00,HOLD,MIDCPNIFTY24SEP13100CE,329.35,0.0,Monitoring
2024-08-27,14:55:00,HOLD,MIDCPNIFTY24SEP13100CE,329.35,0.0,Monitoring
2024-08-27,15:00:00,HOLD,MIDCPNIFTY24SEP13100CE,329.35,0.0,Monitoring
2024-08-27,15:05:00,HOLD,MIDCPNIFTY24SEP13100CE,329.35,0.0,Monitoring
2024-08-27,15:10:00,HOLD,MIDCPNIFTY24SEP13100CE,329.35,0.0,Monitoring
2024-08-27,15:15:00,HOLD,MIDCPNIFTY24SEP13100CE,329.35,0.0,Monitoring
2024-08-27,15:20:00,HOLD,MIDCPNIFTY24SEP13100CE,345.8,-1974.0,Monitoring
2024-08-27,15:25:00,HOLD,MIDCPNIFTY24SEP13100CE,311.95,2088.0,Monitoring
2024-08-28,09:15:00,HOLD,MIDCPNIFTY24SEP13100CE,329.3,6.0,Monitoring
2024-08-28,09:20:00,HOLD,MIDCPNIFTY24SEP13100CE,329.3,6.0,Monitoring
2024-08-28,09:25:00,HOLD,MIDCPNIFTY24SEP13100CE,329.3,6.0,Monitoring
2024-08-28,09:30:00,HOLD,MIDCPNIFTY24SEP13100CE,329.3,6.0,Monitoring
2024-08-28,09:35:00,HOLD,MIDCPNIFTY24SEP13100CE,329.3,6.0,Monitoring
2024-08-28,09:40:00,HOLD,MIDCPNIFTY24SEP13100CE,329.3,6.0,Monitoring
2024-08-28,09:45:00,HOLD,MIDCPNIFTY24SEP13100CE,329.3,6.0,Monitoring
2024-08-28,09:50:00,HOLD,MIDCPNIFTY24SEP13100CE,329.3,6.0,Monitoring
2024-08-28,09:55:00,HOLD,MIDCPNIFTY24SEP13100CE,329.3,6.0,Monitoring
2024-08-28,10:00:00,HOLD,MIDCPNIFTY24SEP13100CE,329.3,6.0,Monitoring
2024-08-28,10:05:00,HOLD,MIDCPNIFTY24SEP13100CE,329.3,6.0,Monitoring
2024-08-28,10:10:00,HOLD,MIDCPNIFTY24SEP13100CE,329.3,6.0,Monitoring
2024-08-28,10:15:00,HOLD,MIDCPNIFTY24SEP13100CE,329.3,6.0,Monitoring
2024-08-28,10:20:00,HOLD,MIDCPNIFTY24SEP13100CE,329.3,6.0,Monitoring
2024-08-28,10:25:00,HOLD,MIDCPNIFTY24SEP13100CE,330.0,-78.0,Monitoring
2024-08-28,10:30:00,HOLD,MIDCPNIFTY24SEP13100CE,330.0,-78.0,Monitoring
2024-08-28,10:35:00,HOLD,MIDCPNIFTY24SEP13100CE,330.0,-78.0,Monitoring
2024-08-28,10:40:00,HOLD,MIDCPNIFTY24SEP13100CE,330.0,-78.0,Monitoring
2024-08-28,10:45:00,HOLD,MIDCPNIFTY24SEP13100CE,330.0,-78.0,Monitoring
2024-08-28,10:50:00,HOLD,MIDCPNIFTY24SEP13100CE,330.0,-78.0,Monitoring
2024-08-28,10:55:00,HOLD,MIDCPNIFTY24SEP13100CE,330.0,-78.0,Monitoring
2024-08-28,11:00:00,HOLD,MIDCPNIFTY24SEP13100CE,330.0,-78.0,Monitoring
2024-08-28,11:05:00,HOLD,MIDCPNIFTY24SEP13100CE,330.0,-78.0,Monitoring
2024-08-28,11:10:00,HOLD,MIDCPNIFTY24SEP13100CE,330.0,-78.0,Monitoring
2024-08-28,11:15:00,HOLD,MIDCPNIFTY24SEP13100CE,330.0,-78.0,Monitoring
2024-08-28,11:20:00,HOLD,MIDCPNIFTY24SEP13100CE,330.0,-78.0,Monitoring
2024-08-28,11:25:00,HOLD,MIDCPNIFTY24SEP13100CE,330.0,-78.0,Monitoring
2024-08-28,11:30:00,HOLD,MIDCPNIFTY24SEP13100CE,330.0,-78.0,Monitoring
2024-08-28,11:35:00,HOLD,MIDCPNIFTY24SEP13100CE,330.0,-78.0,Monitoring
2024-08-28,11:40:00,HOLD,MIDCPNIFTY24SEP13100CE,330.0,-78.0,Monitoring
2024-08-28,11:45:00,HOLD,MIDCPNIFTY24SEP13100CE,330.0,-78.0,Monitoring
2024-08-28,11:50:00,HOLD,MIDCPNIFTY24SEP13100CE,330.0,-78.0,Monitoring
2024-08-28,11:55:00,HOLD,MIDCPNIFTY24SEP13100CE,324.45,588.0,Monitoring
2024-08-28,12:00:00,HOLD,MIDCPNIFTY24SEP13100CE,324.45,588.0,Monitoring
2024-08-28,12:05:00,HOLD,MIDCPNIFTY24SEP13100CE,324.45,588.0,Monitoring
2024-08-28,12:10:00,HOLD,MIDCPNIFTY24SEP13100CE,324.45,588.0,Monitoring
2024-08-28,12:15:00,HOLD,MIDCPNIFTY24SEP13100CE,324.45,588.0,Monitoring
2024-08-28,12:20:00,HOLD,MIDCPNIFTY24SEP13100CE,324.45,588.0,Monitoring
2024-08-28,12:25:00,HOLD,MIDCPNIFTY24SEP13100CE,324.45,588.0,Monitoring
2024-08-28,12:30:00,HOLD,MIDCPNIFTY24SEP13100CE,324.45,588.0,Monitoring
2024-08-28,12:35:00,HOLD,MIDCPNIFTY24SEP13100CE,324.45,588.0,Monitoring
2024-08-28,12:40:00,HOLD,MIDCPNIFTY24SEP13100CE,324.45,588.0,Monitoring
2024-08-28,12:45:00,HOLD,MIDCPNIFTY24SEP13100CE,324.45,588.0,Monitoring
2024-08-28,12:50:00,HOLD,MIDCPNIFTY24SEP13100CE,324.45,588.0,Monitoring
2024-08-28,12:55:00,HOLD,MIDCPNIFTY24SEP13100CE,324.45,588.0,Monitoring
2024-08-28,13:00:00,HOLD,MIDCPNIFTY24SEP13100CE,324.45,588.0,Monitoring
2024-08-28,13:05:00,HOLD,MIDCPNIFTY24SEP13100CE,324.45,588.0,Monitoring
2024-08-28,13:10:00,HOLD,MIDCPNIFTY24SEP13100CE,324.45,588.0,Monitoring
2024-08-28,13:30:00,HOLD,MIDCPNIFTY24SEP13100CE,328.4,114.0,Monitoring
2024-08-28,13:35:00,HOLD,MIDCPNIFTY24SEP13100CE,328.4,114.0,Monitoring
2024-08-28,13:40:00,HOLD,MIDCPNIFTY24SEP13100CE,328.4,114.0,Monitoring
2024-08-28,13:45:00,HOLD,MIDCPNIFTY24SEP13100CE,328.4,114.0,Monitoring
2024-08-28,13:50:00,HOLD,MIDCPNIFTY24SEP13100CE,328.4,114.0,Monitoring
2024-08-28,13:55:00,HOLD,MIDCPNIFTY24SEP13100CE,329.0,42.0,Monitoring
2024-08-28,14:00:00,HOLD,MIDCPNIFTY24SEP13100CE,329.0,42.0,Monitoring
2024-08-28,14:05:00,HOLD,MIDCPNIFTY24SEP13100CE,329.0,42.0,Monitoring
2024-08-28,14:10:00,HOLD,MIDCPNIFTY24SEP13100CE,329.0,42.0,Monitoring
2024-08-28,14:15:00,HOLD,MIDCPNIFTY24SEP13100CE,329.0,42.0,Monitoring
2024-08-28,14:20:00,HOLD,MIDCPNIFTY24SEP13100CE,325.0,522.0,Monitoring
2024-08-28,14:25:00,HOLD,MIDCPNIFTY24SEP13100CE,323.05,756.0,Monitoring
2024-08-28,14:30:00,HOLD,MIDCPNIFTY24SEP13100CE,323.0,762.0,Monitoring
2024-08-28,14:35:00,HOLD,MIDCPNIFTY24SEP13100CE,323.0,762.0,Monitoring
2024-08-28,14:40:00,HOLD,MIDCPNIFTY24SEP13100CE,323.0,762.0,Monitoring
2024-08-28,14:45:00,HOLD,MIDCPNIFTY24SEP13100CE,323.0,762.0,Monitoring
2024-08-28,14:50:00,HOLD,MIDCPNIFTY24SEP13100CE,323.0,762.0,Monitoring
2024-08-28,14:55:00,HOLD,MIDCPNIFTY24SEP13100CE,323.0,762.0,Monitoring
2024-08-28,15:00:00,HOLD,MIDCPNIFTY24SEP13100CE,323.0,762.0,Monitoring
2024-08-28,15:05:00,HOLD,MIDCPNIFTY24SEP13100CE,323.0,762.0,Monitoring
2024-08-28,15:10:00,HOLD,MIDCPNIFTY24SEP13100CE,323.0,762.0,Monitoring
2024-08-28,15:15:00,HOLD,MIDCPNIFTY24SEP13100CE,328.85,60.0,Monitoring
2024-08-28,15:20:00,HOLD,MIDCPNIFTY24SEP13100CE,328.85,60.0,Monitoring
2024-08-28,15:25:00,HOLD,MIDCPNIFTY24SEP13100CE,328.85,60.0,Monitoring
2024-08-29,09:15:00,HOLD,MIDCPNIFTY24SEP13100CE,328.85,60.0,Monitoring
2024-08-29,09:20:00,HOLD,MIDCPNIFTY24SEP13100CE,328.85,60.0,Monitoring
2024-08-29,09:25:00,HOLD,MIDCPNIFTY24SEP13100CE,328.85,60.0,Monitoring
2024-08-29,09:30:00,HOLD,MIDCPNIFTY24SEP13100CE,328.85,60.0,Monitoring
2024-08-29,09:35:00,HOLD,MIDCPNIFTY24SEP13100CE,328.85,60.0,Monitoring
2024-08-29,09:40:00,HOLD,MIDCPNIFTY24SEP13100CE,328.85,60.0,Monitoring
2024-08-29,09:45:00,HOLD,MIDCPNIFTY24SEP13100CE,328.85,60.0,Monitoring
2024-08-29,09:50:00,HOLD,MIDCPNIFTY24SEP13100CE,328.85,60.0,Monitoring
2024-08-29,09:55:00,HOLD,MIDCPNIFTY24SEP13100CE,328.85,60.0,Monitoring
2024-08-29,10:00:00,HOLD,MIDCPNIFTY24SEP13100CE,328.85,60.0,Monitoring
2024-08-29,10:05:00,HOLD,MIDCPNIFTY24SEP13100CE,328.85,60.0,Monitoring
2024-08-29,10:10:00,HOLD,MIDCPNIFTY24SEP13100CE,328.85,60.0,Monitoring
2024-08-29,10:15:00,HOLD,MIDCPNIFTY24SEP13100CE,300.0,3522.0,Monitoring
2024-08-29,10:20:00,HOLD,MIDCPNIFTY24SEP13100CE,300.0,3522.0,Monitoring
2024-08-29,10:25:00,HOLD,MIDCPNIFTY24SEP13100CE,300.0,3522.0,Monitoring
2024-08-29,10:30:00,HOLD,MIDCPNIFTY24SEP13100CE,300.0,3522.0,Monitoring
2024-08-29,10:35:00,HOLD,MIDCPNIFTY24SEP13100CE,300.0,3522.0,Monitoring
2024-08-29,10:40:00,HOLD,MIDCPNIFTY24SEP13100CE,300.0,3522.0,Monitoring
2024-08-29,10:45:00,HOLD,MIDCPNIFTY24SEP13100CE,300.0,3522.0,Monitoring
2024-08-29,10:50:00,HOLD,MIDCPNIFTY24SEP13100CE,300.0,3522.0,Monitoring
2024-08-29,10:55:00,HOLD,MIDCPNIFTY24SEP13100CE,300.0,3522.0,Monitoring
2024-08-29,11:00:00,HOLD,MIDCPNIFTY24SEP13100CE,267.8,7386.0,Monitoring
2024-08-29,11:05:00,HOLD,MIDCPNIFTY24SEP13100CE,267.8,7386.0,Monitoring
2024-08-29,11:10:00,HOLD,MIDCPNIFTY24SEP13100CE,267.8,7386.0,Monitoring
2024-08-29,11:15:00,HOLD,MIDCPNIFTY24SEP13100CE,267.8,7386.0,Monitoring
2024-08-29,11:20:00,HOLD,MIDCPNIFTY24SEP13100CE,269.8,7146.0,Monitoring
2024-08-29,11:25:00,HOLD,MIDCPNIFTY24SEP13100CE,269.8,7146.0,Monitoring
2024-08-29,11:30:00,HOLD,MIDCPNIFTY24SEP13100CE,269.8,7146.0,Monitoring
2024-08-29,11:35:00,HOLD,MIDCPNIFTY24SEP13100CE,269.8,7146.0,Monitoring
2024-08-29,11:40:00,HOLD,MIDCPNIFTY24SEP13100CE,269.8,7146.0,Monitoring
2024-08-29,11:45:00,HOLD,MIDCPNIFTY24SEP13100CE,269.8,7146.0,Monitoring
2024-08-29,11:50:00,HOLD,MIDCPNIFTY24SEP13100CE,269.8,7146.0,Monitoring
2024-08-29,11:55:00,HOLD,MIDCPNIFTY24SEP13100CE,269.8,7146.0,Monitoring
2024-08-29,12:00:00,HOLD,MIDCPNIFTY24SEP13100CE,269.8,7146.0,Monitoring
2024-08-29,12:05:00,HOLD,MIDCPNIFTY24SEP13100CE,269.8,7146.0,Monitoring
2024-08-29,12:10:00,HOLD,MIDCPNIFTY24SEP13100CE,319.4,1194.0,Monitoring
2024-08-29,12:15:00,HOLD,MIDCPNIFTY24SEP13100CE,319.4,1194.0,Monitoring
2024-08-29,12:20:00,HOLD,MIDCPNIFTY24SEP13100CE,319.4,1194.0,Monitoring
2024-08-29,12:25:00,HOLD,MIDCPNIFTY24SEP13100CE,319.4,1194.0,Monitoring
2024-08-29,12:30:00,HOLD,MIDCPNIFTY24SEP13100CE,314.0,1842.0,Monitoring
2024-08-29,12:35:00,HOLD,MIDCPNIFTY24SEP13100CE,314.0,1842.0,Monitoring
2024-08-29,12:40:00,HOLD,MIDCPNIFTY24SEP13100CE,314.0,1842.0,Monitoring
2024-08-29,12:45:00,HOLD,MIDCPNIFTY24SEP13100CE,314.0,1842.0,Monitoring
2024-08-29,12:50:00,HOLD,MIDCPNIFTY24SEP13100CE,314.0,1842.0,Monitoring
2024-08-29,12:55:00,HOLD,MIDCPNIFTY24SEP13100CE,314.0,1842.0,Monitoring
2024-08-29,13:00:00,HOLD,MIDCPNIFTY24SEP13100CE,314.0,1842.0,Monitoring
2024-08-29,13:05:00,HOLD,MIDCPNIFTY24SEP13100CE,314.0,1842.0,Monitoring
2024-08-29,13:10:00,HOLD,MIDCPNIFTY24SEP13100CE,314.0,1842.0,Monitoring
2024-08-29,13:15:00,HOLD,MIDCPNIFTY24SEP13100CE,314.0,1842.0,Monitoring
2024-08-29,13:20:00,HOLD,MIDCPNIFTY24SEP13100CE,314.0,1842.0,Monitoring
2024-08-29,13:25:00,HOLD,MIDCPNIFTY24SEP13100CE,314.0,1842.0,Monitoring
2024-08-29,13:30:00,HOLD,MIDCPNIFTY24SEP13100CE,314.0,1842.0,Monitoring
2024-08-29,13:35:00,HOLD,MIDCPNIFTY24SEP13100CE,314.0,1842.0,Monitoring
2024-08-29,13:40:00,HOLD,MIDCPNIFTY24SEP13100CE,314.0,1842.0,Monitoring
2024-08-29,13:45:00,HOLD,MIDCPNIFTY24SEP13100CE,314.0,1842.0,Monitoring
2024-08-29,13:50:00,HOLD,MIDCPNIFTY24SEP13100CE,314.0,1842.0,Monitoring
2024-08-29,13:50:00,BUY_EXIT,MIDCPNIFTY24SEP13100CE,314.0,1842.0,EMA_REVERSAL_SL
