Date,Time,Event,Ticker,Price,PnL_INR,Info
2025-10-29,14:00:00,SELL_ENTRY,MIDCPNIFTY25NOV13300PE,170.0,0.0,Signal PE | Short
2025-10-29,14:05:00,HOLD,MIDCPNIFTY25NOV13300PE,169.05,114.0,Monitoring
2025-10-29,14:10:00,HOLD,MIDCPNIFTY25NOV13300PE,165.4,552.0,Monitoring
2025-10-29,14:15:00,HOLD,MIDCPNIFTY25NOV13300PE,163.15,822.0,Monitoring
2025-10-29,14:20:00,HOLD,MIDCPNIFTY25NOV13300PE,163.8,744.0,Monitoring
2025-10-29,14:25:00,HOLD,MIDCPNIFTY25NOV13300PE,163.4,792.0,Monitoring
2025-10-29,14:30:00,HOLD,MIDCPNIFTY25NOV13300PE,163.95,726.0,Monitoring
2025-10-29,14:35:00,HOLD,MIDCPNIFTY25NOV13300PE,164.1,708.0,Monitoring
2025-10-29,14:40:00,HOLD,MIDCPNIFTY25NOV13300PE,164.95,606.0,Monitoring
2025-10-29,14:45:00,HOLD,MIDCPNIFTY25NOV13300PE,168.55,174.0,Monitoring
2025-10-29,14:50:00,HOLD,MIDCPNIFTY25NOV13300PE,165.25,570.0,Monitoring
2025-10-29,14:55:00,HOLD,MIDCPNIFTY25NOV13300PE,164.5,660.0,Monitoring
2025-10-29,15:00:00,HOLD,MIDCPNIFTY25NOV13300PE,166.55,414.0,Monitoring
2025-10-29,15:05:00,HOLD,MIDCPNIFTY25NOV13300PE,158.0,1440.0,Monitoring
2025-10-29,15:10:00,HOLD,MIDCPNIFTY25NOV13300PE,159.65,1242.0,Monitoring
2025-10-29,15:15:00,HOLD,MIDCPNIFTY25NOV13300PE,158.1,1428.0,Monitoring
2025-10-29,15:20:00,HOLD,MIDCPNIFTY25NOV13300PE,151.25,2250.0,Monitoring
2025-10-29,15:25:00,HOLD,MIDCPNIFTY25NOV13300PE,147.8,2664.0,Monitoring
2025-10-30,09:15:00,HOLD,MIDCPNIFTY25NOV13300PE,156.75,1590.0,Monitoring
2025-10-30,09:20:00,HOLD,MIDCPNIFTY25NOV13300PE,155.5,1740.0,Monitoring
2025-10-30,09:25:00,HOLD,MIDCPNIFTY25NOV13300PE,158.45,1386.0,Monitoring
2025-10-30,09:30:00,HOLD,MIDCPNIFTY25NOV13300PE,170.9,-108.0,Monitoring
2025-10-30,09:35:00,HOLD,MIDCPNIFTY25NOV13300PE,165.0,600.0,Monitoring
2025-10-30,09:40:00,HOLD,MIDCPNIFTY25NOV13300PE,170.7,-84.0,Monitoring
2025-10-30,09:45:00,HOLD,MIDCPNIFTY25NOV13300PE,171.2,-144.0,Monitoring
2025-10-30,09:50:00,HOLD,MIDCPNIFTY25NOV13300PE,179.8,-1176.0,Monitoring
2025-10-30,09:55:00,HOLD,MIDCPNIFTY25NOV13300PE,183.0,-1560.0,Monitoring
2025-10-30,10:00:00,HOLD,MIDCPNIFTY25NOV13300PE,180.65,-1278.0,Monitoring
2025-10-30,10:05:00,HOLD,MIDCPNIFTY25NOV13300PE,172.4,-288.0,Monitoring
2025-10-30,10:10:00,HOLD,MIDCPNIFTY25NOV13300PE,167.3,324.0,Monitoring
2025-10-30,10:15:00,HOLD,MIDCPNIFTY25NOV13300PE,173.4,-408.0,Monitoring
2025-10-30,10:20:00,HOLD,MIDCPNIFTY25NOV13300PE,168.9,132.0,Monitoring
2025-10-30,10:25:00,HOLD,MIDCPNIFTY25NOV13300PE,168.6,168.0,Monitoring
2025-10-30,10:30:00,HOLD,MIDCPNIFTY25NOV13300PE,171.9,-228.0,Monitoring
2025-10-30,10:35:00,HOLD,MIDCPNIFTY25NOV13300PE,165.4,552.0,Monitoring
2025-10-30,10:40:00,HOLD,MIDCPNIFTY25NOV13300PE,168.0,240.0,Monitoring
2025-10-30,10:45:00,HOLD,MIDCPNIFTY25NOV13300PE,163.65,762.0,Monitoring
2025-10-30,10:50:00,HOLD,MIDCPNIFTY25NOV13300PE,161.6,1008.0,Monitoring
2025-10-30,10:55:00,HOLD,MIDCPNIFTY25NOV13300PE,167.3,324.0,Monitoring
2025-10-30,11:00:00,HOLD,MIDCPNIFTY25NOV13300PE,160.0,1200.0,Monitoring
2025-10-30,11:05:00,HOLD,MIDCPNIFTY25NOV13300PE,158.0,1440.0,Monitoring
2025-10-30,11:10:00,HOLD,MIDCPNIFTY25NOV13300PE,153.3,2004.0,Monitoring
2025-10-30,11:15:00,HOLD,MIDCPNIFTY25NOV13300PE,153.4,1992.0,Monitoring
2025-10-30,11:20:00,HOLD,MIDCPNIFTY25NOV13300PE,147.95,2646.0,Monitoring
2025-10-30,11:25:00,HOLD,MIDCPNIFTY25NOV13300PE,146.5,2820.0,Monitoring
2025-10-30,11:30:00,HOLD,MIDCPNIFTY25NOV13300PE,147.6,2688.0,Monitoring
2025-10-30,11:35:00,HOLD,MIDCPNIFTY25NOV13300PE,152.6,2088.0,Monitoring
2025-10-30,11:40:00,HOLD,MIDCPNIFTY25NOV13300PE,151.55,2214.0,Monitoring
2025-10-30,11:45:00,HOLD,MIDCPNIFTY25NOV13300PE,153.1,2028.0,Monitoring
2025-10-30,11:50:00,HOLD,MIDCPNIFTY25NOV13300PE,154.95,1806.0,Monitoring
2025-10-30,11:55:00,HOLD,MIDCPNIFTY25NOV13300PE,155.0,1800.0,Monitoring
2025-10-30,12:00:00,HOLD,MIDCPNIFTY25NOV13300PE,153.5,1980.0,Monitoring
2025-10-30,12:05:00,HOLD,MIDCPNIFTY25NOV13300PE,155.3,1764.0,Monitoring
2025-10-30,12:10:00,HOLD,MIDCPNIFTY25NOV13300PE,156.05,1674.0,Monitoring
2025-10-30,12:15:00,HOLD,MIDCPNIFTY25NOV13300PE,157.9,1452.0,Monitoring
2025-10-30,12:20:00,HOLD,MIDCPNIFTY25NOV13300PE,150.55,2334.0,Monitoring
2025-10-30,12:25:00,HOLD,MIDCPNIFTY25NOV13300PE,153.2,2016.0,Monitoring
2025-10-30,12:30:00,HOLD,MIDCPNIFTY25NOV13300PE,149.8,2424.0,Monitoring
2025-10-30,12:35:00,HOLD,MIDCPNIFTY25NOV13300PE,148.45,2586.0,Monitoring
2025-10-30,12:40:00,HOLD,MIDCPNIFTY25NOV13300PE,148.0,2640.0,Monitoring
2025-10-30,12:45:00,HOLD,MIDCPNIFTY25NOV13300PE,147.85,2658.0,Monitoring
2025-10-30,12:50:00,HOLD,MIDCPNIFTY25NOV13300PE,147.0,2760.0,Monitoring
2025-10-30,12:55:00,HOLD,MIDCPNIFTY25NOV13300PE,152.7,2076.0,Monitoring
2025-10-30,13:00:00,HOLD,MIDCPNIFTY25NOV13300PE,149.5,2460.0,Monitoring
2025-10-30,13:05:00,HOLD,MIDCPNIFTY25NOV13300PE,152.65,2082.0,Monitoring
2025-10-30,13:10:00,HOLD,MIDCPNIFTY25NOV13300PE,147.0,2760.0,Monitoring
2025-10-30,13:15:00,HOLD,MIDCPNIFTY25NOV13300PE,147.15,2742.0,Monitoring
2025-10-30,13:20:00,HOLD,MIDCPNIFTY25NOV13300PE,149.55,2454.0,Monitoring
2025-10-30,13:25:00,HOLD,MIDCPNIFTY25NOV13300PE,152.85,2058.0,Monitoring
2025-10-30,13:30:00,HOLD,MIDCPNIFTY25NOV13300PE,156.9,1572.0,Monitoring
2025-10-30,13:35:00,HOLD,MIDCPNIFTY25NOV13300PE,156.0,1680.0,Monitoring
2025-10-30,13:40:00,HOLD,MIDCPNIFTY25NOV13300PE,155.05,1794.0,Monitoring
2025-10-30,13:45:00,HOLD,MIDCPNIFTY25NOV13300PE,158.05,1434.0,Monitoring
2025-10-30,13:50:00,HOLD,MIDCPNIFTY25NOV13300PE,156.85,1578.0,Monitoring
2025-10-30,13:55:00,HOLD,MIDCPNIFTY25NOV13300PE,152.3,2124.0,Monitoring
2025-10-30,14:00:00,HOLD,MIDCPNIFTY25NOV13300PE,154.45,1866.0,Monitoring
2025-10-30,14:05:00,HOLD,MIDCPNIFTY25NOV13300PE,155.25,1770.0,Monitoring
2025-10-30,14:10:00,HOLD,MIDCPNIFTY25NOV13300PE,147.9,2652.0,Monitoring
2025-10-30,14:15:00,HOLD,MIDCPNIFTY25NOV13300PE,150.15,2382.0,Monitoring
2025-10-30,14:20:00,HOLD,MIDCPNIFTY25NOV13300PE,145.0,3000.0,Monitoring
2025-10-30,14:25:00,HOLD,MIDCPNIFTY25NOV13300PE,145.6,2928.0,Monitoring
2025-10-30,14:30:00,HOLD,MIDCPNIFTY25NOV13300PE,146.6,2808.0,Monitoring
2025-10-30,14:35:00,HOLD,MIDCPNIFTY25NOV13300PE,144.4,3072.0,Monitoring
2025-10-30,14:40:00,HOLD,MIDCPNIFTY25NOV13300PE,143.9,3132.0,Monitoring
2025-10-30,14:45:00,HOLD,MIDCPNIFTY25NOV13300PE,146.0,2880.0,Monitoring
2025-10-30,14:50:00,HOLD,MIDCPNIFTY25NOV13300PE,149.0,2520.0,Monitoring
2025-10-30,14:55:00,HOLD,MIDCPNIFTY25NOV13300PE,150.5,2340.0,Monitoring
2025-10-30,15:00:00,HOLD,MIDCPNIFTY25NOV13300PE,148.4,2592.0,Monitoring
2025-10-30,15:05:00,HOLD,MIDCPNIFTY25NOV13300PE,148.15,2622.0,Monitoring
2025-10-30,15:10:00,HOLD,MIDCPNIFTY25NOV13300PE,145.0,3000.0,Monitoring
2025-10-30,15:15:00,HOLD,MIDCPNIFTY25NOV13300PE,141.5,3420.0,Monitoring
2025-10-30,15:20:00,HOLD,MIDCPNIFTY25NOV13300PE,142.0,3360.0,Monitoring
2025-10-30,15:25:00,HOLD,MIDCPNIFTY25NOV13300PE,139.25,3690.0,Monitoring
2025-10-31,09:15:00,HOLD,MIDCPNIFTY25NOV13300PE,131.75,4590.0,Monitoring
2025-10-31,09:20:00,HOLD,MIDCPNIFTY25NOV13300PE,128.3,5004.0,Monitoring
2025-10-31,09:25:00,HOLD,MIDCPNIFTY25NOV13300PE,124.0,5520.0,Monitoring
2025-10-31,09:30:00,HOLD,MIDCPNIFTY25NOV13300PE,119.9,6012.0,Monitoring
2025-10-31,09:35:00,HOLD,MIDCPNIFTY25NOV13300PE,123.05,5634.0,Monitoring
2025-10-31,09:40:00,HOLD,MIDCPNIFTY25NOV13300PE,122.7,5676.0,Monitoring
2025-10-31,09:45:00,HOLD,MIDCPNIFTY25NOV13300PE,118.85,6138.0,Monitoring
2025-10-31,09:50:00,HOLD,MIDCPNIFTY25NOV13300PE,117.95,6246.0,Monitoring
2025-10-31,09:55:00,HOLD,MIDCPNIFTY25NOV13300PE,115.7,6516.0,Monitoring
2025-10-31,10:00:00,HOLD,MIDCPNIFTY25NOV13300PE,122.7,5676.0,Monitoring
2025-10-31,10:05:00,HOLD,MIDCPNIFTY25NOV13300PE,122.7,5676.0,Monitoring
2025-10-31,10:10:00,HOLD,MIDCPNIFTY25NOV13300PE,122.5,5700.0,Monitoring
2025-10-31,10:15:00,HOLD,MIDCPNIFTY25NOV13300PE,122.45,5706.0,Monitoring
2025-10-31,10:20:00,HOLD,MIDCPNIFTY25NOV13300PE,124.2,5496.0,Monitoring
2025-10-31,10:25:00,HOLD,MIDCPNIFTY25NOV13300PE,122.9,5652.0,Monitoring
2025-10-31,10:30:00,HOLD,MIDCPNIFTY25NOV13300PE,127.2,5136.0,Monitoring
2025-10-31,10:35:00,HOLD,MIDCPNIFTY25NOV13300PE,131.35,4638.0,Monitoring
2025-10-31,10:40:00,HOLD,MIDCPNIFTY25NOV13300PE,126.2,5256.0,Monitoring
2025-10-31,10:45:00,HOLD,MIDCPNIFTY25NOV13300PE,124.7,5436.0,Monitoring
2025-10-31,10:50:00,HOLD,MIDCPNIFTY25NOV13300PE,134.2,4296.0,Monitoring
2025-10-31,10:55:00,HOLD,MIDCPNIFTY25NOV13300PE,134.85,4218.0,Monitoring
2025-10-31,11:00:00,HOLD,MIDCPNIFTY25NOV13300PE,137.0,3960.0,Monitoring
2025-10-31,11:05:00,HOLD,MIDCPNIFTY25NOV13300PE,139.65,3642.0,Monitoring
2025-10-31,11:10:00,HOLD,MIDCPNIFTY25NOV13300PE,136.15,4062.0,Monitoring
2025-10-31,11:15:00,HOLD,MIDCPNIFTY25NOV13300PE,127.5,5100.0,Monitoring
2025-10-31,11:20:00,HOLD,MIDCPNIFTY25NOV13300PE,128.5,4980.0,Monitoring
2025-10-31,11:25:00,HOLD,MIDCPNIFTY25NOV13300PE,130.0,4800.0,Monitoring
2025-10-31,11:30:00,HOLD,MIDCPNIFTY25NOV13300PE,125.35,5358.0,Monitoring
2025-10-31,11:35:00,HOLD,MIDCPNIFTY25NOV13300PE,123.15,5622.0,Monitoring
2025-10-31,11:40:00,HOLD,MIDCPNIFTY25NOV13300PE,120.0,6000.0,Monitoring
2025-10-31,11:45:00,HOLD,MIDCPNIFTY25NOV13300PE,121.6,5808.0,Monitoring
2025-10-31,11:50:00,HOLD,MIDCPNIFTY25NOV13300PE,116.4,6432.0,Monitoring
2025-10-31,11:55:00,HOLD,MIDCPNIFTY25NOV13300PE,112.5,6900.0,Monitoring
2025-10-31,12:00:00,HOLD,MIDCPNIFTY25NOV13300PE,112.55,6894.0,Monitoring
2025-10-31,12:05:00,HOLD,MIDCPNIFTY25NOV13300PE,115.35,6558.0,Monitoring
2025-10-31,12:10:00,HOLD,MIDCPNIFTY25NOV13300PE,120.35,5958.0,Monitoring
2025-10-31,12:15:00,HOLD,MIDCPNIFTY25NOV13300PE,118.75,6150.0,Monitoring
2025-10-31,12:20:00,HOLD,MIDCPNIFTY25NOV13300PE,119.1,6108.0,Monitoring
2025-10-31,12:25:00,HOLD,MIDCPNIFTY25NOV13300PE,120.35,5958.0,Monitoring
2025-10-31,12:30:00,HOLD,MIDCPNIFTY25NOV13300PE,119.0,6120.0,Monitoring
2025-10-31,12:35:00,HOLD,MIDCPNIFTY25NOV13300PE,118.65,6162.0,Monitoring
2025-10-31,12:40:00,HOLD,MIDCPNIFTY25NOV13300PE,118.9,6132.0,Monitoring
2025-10-31,12:45:00,HOLD,MIDCPNIFTY25NOV13300PE,119.3,6084.0,Monitoring
2025-10-31,12:50:00,HOLD,MIDCPNIFTY25NOV13300PE,117.75,6270.0,Monitoring
2025-10-31,12:55:00,HOLD,MIDCPNIFTY25NOV13300PE,120.1,5988.0,Monitoring
2025-10-31,13:00:00,HOLD,MIDCPNIFTY25NOV13300PE,118.9,6132.0,Monitoring
2025-10-31,13:05:00,HOLD,MIDCPNIFTY25NOV13300PE,118.25,6210.0,Monitoring
2025-10-31,13:10:00,HOLD,MIDCPNIFTY25NOV13300PE,116.05,6474.0,Monitoring
2025-10-31,13:15:00,HOLD,MIDCPNIFTY25NOV13300PE,116.85,6378.0,Monitoring
2025-10-31,13:20:00,HOLD,MIDCPNIFTY25NOV13300PE,121.0,5880.0,Monitoring
2025-10-31,13:25:00,HOLD,MIDCPNIFTY25NOV13300PE,122.05,5754.0,Monitoring
2025-10-31,13:30:00,HOLD,MIDCPNIFTY25NOV13300PE,121.5,5820.0,Monitoring
2025-10-31,13:35:00,HOLD,MIDCPNIFTY25NOV13300PE,122.5,5700.0,Monitoring
2025-10-31,13:40:00,HOLD,MIDCPNIFTY25NOV13300PE,125.25,5370.0,Monitoring
2025-10-31,13:45:00,HOLD,MIDCPNIFTY25NOV13300PE,124.5,5460.0,Monitoring
2025-10-31,13:50:00,HOLD,MIDCPNIFTY25NOV13300PE,117.3,6324.0,Monitoring
2025-10-31,13:55:00,HOLD,MIDCPNIFTY25NOV13300PE,117.7,6276.0,Monitoring
2025-10-31,14:00:00,HOLD,MIDCPNIFTY25NOV13300PE,115.9,6492.0,Monitoring
2025-10-31,14:05:00,HOLD,MIDCPNIFTY25NOV13300PE,117.75,6270.0,Monitoring
2025-10-31,14:10:00,HOLD,MIDCPNIFTY25NOV13300PE,117.0,6360.0,Monitoring
2025-10-31,14:15:00,HOLD,MIDCPNIFTY25NOV13300PE,118.4,6192.0,Monitoring
2025-10-31,14:20:00,HOLD,MIDCPNIFTY25NOV13300PE,119.6,6048.0,Monitoring
2025-10-31,14:25:00,HOLD,MIDCPNIFTY25NOV13300PE,118.6,6168.0,Monitoring
2025-10-31,14:30:00,HOLD,MIDCPNIFTY25NOV13300PE,117.25,6330.0,Monitoring
2025-10-31,14:35:00,HOLD,MIDCPNIFTY25NOV13300PE,119.35,6078.0,Monitoring
2025-10-31,14:40:00,HOLD,MIDCPNIFTY25NOV13300PE,121.0,5880.0,Monitoring
2025-10-31,14:45:00,HOLD,MIDCPNIFTY25NOV13300PE,124.0,5520.0,Monitoring
2025-10-31,14:50:00,HOLD,MIDCPNIFTY25NOV13300PE,126.9,5172.0,Monitoring
2025-10-31,14:55:00,HOLD,MIDCPNIFTY25NOV13300PE,128.1,5028.0,Monitoring
2025-10-31,15:00:00,HOLD,MIDCPNIFTY25NOV13300PE,138.6,3768.0,Monitoring
2025-10-31,15:05:00,HOLD,MIDCPNIFTY25NOV13300PE,145.6,2928.0,Monitoring
2025-10-31,15:10:00,HOLD,MIDCPNIFTY25NOV13300PE,147.05,2754.0,Monitoring
2025-10-31,15:10:00,BUY_EXIT,MIDCPNIFTY25NOV13300PE,147.05,2754.0,EMA_REVERSAL_SL
