Date,Time,Event,Ticker,Price,PnL_INR,Info
2024-07-19,14:00:00,SELL_ENTRY,MIDCPNIFTY24JUL12500CE,105.15,0.0,Signal CE | Short
2024-07-19,14:05:00,HOLD,MIDCPNIFTY24JUL12500CE,105.95,-96.0,Monitoring
2024-07-19,14:10:00,HOLD,MIDCPNIFTY24JUL12500CE,100.25,588.0,Monitoring
2024-07-19,14:15:00,HOLD,MIDCPNIFTY24JUL12500CE,102.0,378.0,Monitoring
2024-07-19,14:20:00,HOLD,MIDCPNIFTY24JUL12500CE,101.15,480.0,Monitoring
2024-07-19,14:25:00,HOLD,MIDCPNIFTY24JUL12500CE,100.55,552.0,Monitoring
2024-07-19,14:30:00,HOLD,MIDCPNIFTY24JUL12500CE,96.05,1092.0,Monitoring
2024-07-19,14:35:00,HOLD,MIDCPNIFTY24JUL12500CE,94.85,1236.0,Monitoring
2024-07-19,14:40:00,HOLD,MIDCPNIFTY24JUL12500CE,100.3,582.0,Monitoring
2024-07-19,14:45:00,HOLD,MIDCPNIFTY24JUL12500CE,100.0,618.0,Monitoring
2024-07-19,14:50:00,HOLD,MIDCPNIFTY24JUL12500CE,98.15,840.0,Monitoring
2024-07-19,14:55:00,HOLD,MIDCPNIFTY24JUL12500CE,97.0,978.0,Monitoring
2024-07-19,15:00:00,HOLD,MIDCPNIFTY24JUL12500CE,93.25,1428.0,Monitoring
2024-07-19,15:05:00,HOLD,MIDCPNIFTY24JUL12500CE,91.25,1668.0,Monitoring
2024-07-19,15:10:00,HOLD,MIDCPNIFTY24JUL12500CE,92.0,1578.0,Monitoring
2024-07-19,15:15:00,HOLD,MIDCPNIFTY24JUL12500CE,90.6,1746.0,Monitoring
2024-07-19,15:20:00,HOLD,MIDCPNIFTY24JUL12500CE,89.35,1896.0,Monitoring
2024-07-19,15:25:00,HOLD,MIDCPNIFTY24JUL12500CE,89.95,1824.0,Monitoring
2024-07-22,09:15:00,HOLD,MIDCPNIFTY24JUL12500CE,73.1,3846.0,Monitoring
2024-07-22,09:20:00,HOLD,MIDCPNIFTY24JUL12500CE,74.1,3726.0,Monitoring
2024-07-22,09:25:00,HOLD,MIDCPNIFTY24JUL12500CE,79.0,3138.0,Monitoring
2024-07-22,09:30:00,HOLD,MIDCPNIFTY24JUL12500CE,84.45,2484.0,Monitoring
2024-07-22,09:35:00,HOLD,MIDCPNIFTY24JUL12500CE,91.5,1638.0,Monitoring
2024-07-22,09:40:00,HOLD,MIDCPNIFTY24JUL12500CE,92.0,1578.0,Monitoring
2024-07-22,09:45:00,HOLD,MIDCPNIFTY24JUL12500CE,97.95,864.0,Monitoring
2024-07-22,09:50:00,HOLD,MIDCPNIFTY24JUL12500CE,100.0,618.0,Monitoring
2024-07-22,09:55:00,HOLD,MIDCPNIFTY24JUL12500CE,103.0,258.0,Monitoring
2024-07-22,10:00:00,HOLD,MIDCPNIFTY24JUL12500CE,107.5,-282.0,Monitoring
2024-07-22,10:05:00,HOLD,MIDCPNIFTY24JUL12500CE,113.9,-1050.0,Monitoring
2024-07-22,10:10:00,HOLD,MIDCPNIFTY24JUL12500CE,120.0,-1782.0,Monitoring
2024-07-22,10:15:00,HOLD,MIDCPNIFTY24JUL12500CE,117.25,-1452.0,Monitoring
2024-07-22,10:20:00,HOLD,MIDCPNIFTY24JUL12500CE,118.8,-1638.0,Monitoring
2024-07-22,10:25:00,HOLD,MIDCPNIFTY24JUL12500CE,134.0,-3462.0,Monitoring
2024-07-22,10:30:00,HOLD,MIDCPNIFTY24JUL12500CE,150.0,-5382.0,Monitoring
2024-07-22,10:30:00,BUY_EXIT,MIDCPNIFTY24JUL12500CE,150.0,-5382.0,EMA_REVERSAL_SL
