Date,Time,Event,Ticker,Price,PnL_INR,Info
2025-09-12,14:00:00,SELL_ENTRY,MIDCPNIFTY25SEP13000PE,116.2,0.0,Signal PE | Short
2025-09-12,14:05:00,HOLD,MIDCPNIFTY25SEP13000PE,117.3,-132.0,Monitoring
2025-09-12,14:10:00,HOLD,MIDCPNIFTY25SEP13000PE,118.2,-240.0,Monitoring
2025-09-12,14:15:00,HOLD,MIDCPNIFTY25SEP13000PE,119.8,-432.0,Monitoring
2025-09-12,14:20:00,HOLD,MIDCPNIFTY25SEP13000PE,116.5,-36.0,Monitoring
2025-09-12,14:25:00,HOLD,MIDCPNIFTY25SEP13000PE,119.15,-354.0,Monitoring
2025-09-12,14:30:00,HOLD,MIDCPNIFTY25SEP13000PE,122.8,-792.0,Monitoring
2025-09-12,14:35:00,HOLD,MIDCPNIFTY25SEP13000PE,120.4,-504.0,Monitoring
2025-09-12,14:40:00,HOLD,MIDCPNIFTY25SEP13000PE,121.0,-576.0,Monitoring
2025-09-12,14:45:00,HOLD,MIDCPNIFTY25SEP13000PE,121.35,-618.0,Monitoring
2025-09-12,14:50:00,HOLD,MIDCPNIFTY25SEP13000PE,120.25,-486.0,Monitoring
2025-09-12,14:55:00,HOLD,MIDCPNIFTY25SEP13000PE,121.3,-612.0,Monitoring
2025-09-12,15:00:00,HOLD,MIDCPNIFTY25SEP13000PE,120.95,-570.0,Monitoring
2025-09-12,15:05:00,HOLD,MIDCPNIFTY25SEP13000PE,118.2,-240.0,Monitoring
2025-09-12,15:10:00,HOLD,MIDCPNIFTY25SEP13000PE,119.3,-372.0,Monitoring
2025-09-12,15:15:00,HOLD,MIDCPNIFTY25SEP13000PE,115.0,144.0,Monitoring
2025-09-12,15:20:00,HOLD,MIDCPNIFTY25SEP13000PE,116.0,24.0,Monitoring
2025-09-12,15:25:00,HOLD,MIDCPNIFTY25SEP13000PE,117.05,-102.0,Monitoring
2025-09-15,09:15:00,HOLD,MIDCPNIFTY25SEP13000PE,116.75,-66.0,Monitoring
2025-09-15,09:20:00,HOLD,MIDCPNIFTY25SEP13000PE,107.7,1020.0,Monitoring
2025-09-15,09:25:00,HOLD,MIDCPNIFTY25SEP13000PE,103.75,1494.0,Monitoring
2025-09-15,09:30:00,HOLD,MIDCPNIFTY25SEP13000PE,108.95,870.0,Monitoring
2025-09-15,09:35:00,HOLD,MIDCPNIFTY25SEP13000PE,105.25,1314.0,Monitoring
2025-09-15,09:40:00,HOLD,MIDCPNIFTY25SEP13000PE,103.25,1554.0,Monitoring
2025-09-15,09:45:00,HOLD,MIDCPNIFTY25SEP13000PE,102.3,1668.0,Monitoring
2025-09-15,09:50:00,HOLD,MIDCPNIFTY25SEP13000PE,102.65,1626.0,Monitoring
2025-09-15,09:55:00,HOLD,MIDCPNIFTY25SEP13000PE,104.1,1452.0,Monitoring
2025-09-15,10:00:00,HOLD,MIDCPNIFTY25SEP13000PE,105.25,1314.0,Monitoring
2025-09-15,10:05:00,HOLD,MIDCPNIFTY25SEP13000PE,110.95,630.0,Monitoring
2025-09-15,10:10:00,HOLD,MIDCPNIFTY25SEP13000PE,109.0,864.0,Monitoring
2025-09-15,10:15:00,HOLD,MIDCPNIFTY25SEP13000PE,109.15,846.0,Monitoring
2025-09-15,10:20:00,HOLD,MIDCPNIFTY25SEP13000PE,112.95,390.0,Monitoring
2025-09-15,10:25:00,HOLD,MIDCPNIFTY25SEP13000PE,111.0,624.0,Monitoring
2025-09-15,10:30:00,HOLD,MIDCPNIFTY25SEP13000PE,107.05,1098.0,Monitoring
2025-09-15,10:35:00,HOLD,MIDCPNIFTY25SEP13000PE,106.9,1116.0,Monitoring
2025-09-15,10:40:00,HOLD,MIDCPNIFTY25SEP13000PE,112.95,390.0,Monitoring
2025-09-15,10:45:00,HOLD,MIDCPNIFTY25SEP13000PE,114.4,216.0,Monitoring
2025-09-15,10:50:00,HOLD,MIDCPNIFTY25SEP13000PE,115.95,30.0,Monitoring
2025-09-15,10:55:00,HOLD,MIDCPNIFTY25SEP13000PE,114.05,258.0,Monitoring
2025-09-15,11:00:00,HOLD,MIDCPNIFTY25SEP13000PE,113.8,288.0,Monitoring
2025-09-15,11:05:00,HOLD,MIDCPNIFTY25SEP13000PE,113.15,366.0,Monitoring
2025-09-15,11:10:00,HOLD,MIDCPNIFTY25SEP13000PE,115.3,108.0,Monitoring
2025-09-15,11:15:00,HOLD,MIDCPNIFTY25SEP13000PE,114.1,252.0,Monitoring
2025-09-15,11:20:00,HOLD,MIDCPNIFTY25SEP13000PE,111.55,558.0,Monitoring
2025-09-15,11:25:00,HOLD,MIDCPNIFTY25SEP13000PE,111.05,618.0,Monitoring
2025-09-15,11:30:00,HOLD,MIDCPNIFTY25SEP13000PE,112.1,492.0,Monitoring
2025-09-15,11:35:00,HOLD,MIDCPNIFTY25SEP13000PE,109.5,804.0,Monitoring
2025-09-15,11:40:00,HOLD,MIDCPNIFTY25SEP13000PE,109.15,846.0,Monitoring
2025-09-15,11:45:00,HOLD,MIDCPNIFTY25SEP13000PE,104.3,1428.0,Monitoring
2025-09-15,11:50:00,HOLD,MIDCPNIFTY25SEP13000PE,102.0,1704.0,Monitoring
2025-09-15,11:55:00,HOLD,MIDCPNIFTY25SEP13000PE,99.65,1986.0,Monitoring
2025-09-15,12:00:00,HOLD,MIDCPNIFTY25SEP13000PE,101.75,1734.0,Monitoring
2025-09-15,12:05:00,HOLD,MIDCPNIFTY25SEP13000PE,101.9,1716.0,Monitoring
2025-09-15,12:10:00,HOLD,MIDCPNIFTY25SEP13000PE,100.15,1926.0,Monitoring
2025-09-15,12:15:00,HOLD,MIDCPNIFTY25SEP13000PE,100.15,1926.0,Monitoring
2025-09-15,12:20:00,HOLD,MIDCPNIFTY25SEP13000PE,99.2,2040.0,Monitoring
2025-09-15,12:25:00,HOLD,MIDCPNIFTY25SEP13000PE,99.0,2064.0,Monitoring
2025-09-15,12:30:00,HOLD,MIDCPNIFTY25SEP13000PE,97.6,2232.0,Monitoring
2025-09-15,12:35:00,HOLD,MIDCPNIFTY25SEP13000PE,99.6,1992.0,Monitoring
2025-09-15,12:40:00,HOLD,MIDCPNIFTY25SEP13000PE,99.0,2064.0,Monitoring
2025-09-15,12:45:00,HOLD,MIDCPNIFTY25SEP13000PE,98.05,2178.0,Monitoring
2025-09-15,12:50:00,HOLD,MIDCPNIFTY25SEP13000PE,98.95,2070.0,Monitoring
2025-09-15,12:55:00,HOLD,MIDCPNIFTY25SEP13000PE,95.1,2532.0,Monitoring
2025-09-15,13:00:00,HOLD,MIDCPNIFTY25SEP13000PE,92.8,2808.0,Monitoring
2025-09-15,13:05:00,HOLD,MIDCPNIFTY25SEP13000PE,91.35,2982.0,Monitoring
2025-09-15,13:10:00,HOLD,MIDCPNIFTY25SEP13000PE,90.55,3078.0,Monitoring
2025-09-15,13:15:00,HOLD,MIDCPNIFTY25SEP13000PE,90.0,3144.0,Monitoring
2025-09-15,13:20:00,HOLD,MIDCPNIFTY25SEP13000PE,93.15,2766.0,Monitoring
2025-09-15,13:25:00,HOLD,MIDCPNIFTY25SEP13000PE,92.4,2856.0,Monitoring
2025-09-15,13:30:00,HOLD,MIDCPNIFTY25SEP13000PE,93.2,2760.0,Monitoring
2025-09-15,13:35:00,HOLD,MIDCPNIFTY25SEP13000PE,94.65,2586.0,Monitoring
2025-09-15,13:40:00,HOLD,MIDCPNIFTY25SEP13000PE,95.9,2436.0,Monitoring
2025-09-15,13:45:00,HOLD,MIDCPNIFTY25SEP13000PE,97.85,2202.0,Monitoring
2025-09-15,13:50:00,HOLD,MIDCPNIFTY25SEP13000PE,96.9,2316.0,Monitoring
2025-09-15,13:55:00,HOLD,MIDCPNIFTY25SEP13000PE,99.65,1986.0,Monitoring
2025-09-15,14:00:00,HOLD,MIDCPNIFTY25SEP13000PE,97.35,2262.0,Monitoring
2025-09-15,14:05:00,HOLD,MIDCPNIFTY25SEP13000PE,96.5,2364.0,Monitoring
2025-09-15,14:10:00,HOLD,MIDCPNIFTY25SEP13000PE,97.0,2304.0,Monitoring
2025-09-15,14:15:00,HOLD,MIDCPNIFTY25SEP13000PE,95.85,2442.0,Monitoring
2025-09-15,14:20:00,HOLD,MIDCPNIFTY25SEP13000PE,95.9,2436.0,Monitoring
2025-09-15,14:25:00,HOLD,MIDCPNIFTY25SEP13000PE,94.2,2640.0,Monitoring
2025-09-15,14:30:00,HOLD,MIDCPNIFTY25SEP13000PE,92.4,2856.0,Monitoring
2025-09-15,14:35:00,HOLD,MIDCPNIFTY25SEP13000PE,94.7,2580.0,Monitoring
2025-09-15,14:40:00,HOLD,MIDCPNIFTY25SEP13000PE,94.2,2640.0,Monitoring
2025-09-15,14:45:00,HOLD,MIDCPNIFTY25SEP13000PE,94.0,2664.0,Monitoring
2025-09-15,14:50:00,HOLD,MIDCPNIFTY25SEP13000PE,95.3,2508.0,Monitoring
2025-09-15,14:55:00,HOLD,MIDCPNIFTY25SEP13000PE,96.65,2346.0,Monitoring
2025-09-15,15:00:00,HOLD,MIDCPNIFTY25SEP13000PE,94.95,2550.0,Monitoring
2025-09-15,15:05:00,HOLD,MIDCPNIFTY25SEP13000PE,96.8,2328.0,Monitoring
2025-09-15,15:10:00,HOLD,MIDCPNIFTY25SEP13000PE,95.25,2514.0,Monitoring
2025-09-15,15:15:00,HOLD,MIDCPNIFTY25SEP13000PE,93.3,2748.0,Monitoring
2025-09-15,15:20:00,HOLD,MIDCPNIFTY25SEP13000PE,93.35,2742.0,Monitoring
2025-09-15,15:25:00,HOLD,MIDCPNIFTY25SEP13000PE,96.35,2382.0,Monitoring
2025-09-16,09:15:00,HOLD,MIDCPNIFTY25SEP13000PE,96.95,2310.0,Monitoring
2025-09-16,09:20:00,HOLD,MIDCPNIFTY25SEP13000PE,93.85,2682.0,Monitoring
2025-09-16,09:25:00,HOLD,MIDCPNIFTY25SEP13000PE,94.0,2664.0,Monitoring
2025-09-16,09:30:00,HOLD,MIDCPNIFTY25SEP13000PE,92.6,2832.0,Monitoring
2025-09-16,09:35:00,HOLD,MIDCPNIFTY25SEP13000PE,92.75,2814.0,Monitoring
2025-09-16,09:40:00,HOLD,MIDCPNIFTY25SEP13000PE,94.75,2574.0,Monitoring
2025-09-16,09:45:00,HOLD,MIDCPNIFTY25SEP13000PE,96.3,2388.0,Monitoring
2025-09-16,09:50:00,HOLD,MIDCPNIFTY25SEP13000PE,95.5,2484.0,Monitoring
2025-09-16,09:55:00,HOLD,MIDCPNIFTY25SEP13000PE,91.3,2988.0,Monitoring
2025-09-16,10:00:00,HOLD,MIDCPNIFTY25SEP13000PE,91.5,2964.0,Monitoring
2025-09-16,10:05:00,HOLD,MIDCPNIFTY25SEP13000PE,92.05,2898.0,Monitoring
2025-09-16,10:10:00,HOLD,MIDCPNIFTY25SEP13000PE,93.2,2760.0,Monitoring
2025-09-16,10:15:00,HOLD,MIDCPNIFTY25SEP13000PE,94.45,2610.0,Monitoring
2025-09-16,10:20:00,HOLD,MIDCPNIFTY25SEP13000PE,95.45,2490.0,Monitoring
2025-09-16,10:25:00,HOLD,MIDCPNIFTY25SEP13000PE,92.8,2808.0,Monitoring
2025-09-16,10:30:00,HOLD,MIDCPNIFTY25SEP13000PE,91.25,2994.0,Monitoring
2025-09-16,10:35:00,HOLD,MIDCPNIFTY25SEP13000PE,92.3,2868.0,Monitoring
2025-09-16,10:40:00,HOLD,MIDCPNIFTY25SEP13000PE,93.1,2772.0,Monitoring
2025-09-16,10:45:00,HOLD,MIDCPNIFTY25SEP13000PE,93.5,2724.0,Monitoring
2025-09-16,10:50:00,HOLD,MIDCPNIFTY25SEP13000PE,92.25,2874.0,Monitoring
2025-09-16,10:55:00,HOLD,MIDCPNIFTY25SEP13000PE,92.85,2802.0,Monitoring
2025-09-16,11:00:00,HOLD,MIDCPNIFTY25SEP13000PE,93.3,2748.0,Monitoring
2025-09-16,11:05:00,HOLD,MIDCPNIFTY25SEP13000PE,92.0,2904.0,Monitoring
2025-09-16,11:10:00,HOLD,MIDCPNIFTY25SEP13000PE,90.0,3144.0,Monitoring
2025-09-16,11:15:00,HOLD,MIDCPNIFTY25SEP13000PE,91.8,2928.0,Monitoring
2025-09-16,11:20:00,HOLD,MIDCPNIFTY25SEP13000PE,90.5,3084.0,Monitoring
2025-09-16,11:25:00,HOLD,MIDCPNIFTY25SEP13000PE,92.6,2832.0,Monitoring
2025-09-16,11:30:00,HOLD,MIDCPNIFTY25SEP13000PE,91.25,2994.0,Monitoring
2025-09-16,11:35:00,HOLD,MIDCPNIFTY25SEP13000PE,93.0,2784.0,Monitoring
2025-09-16,11:40:00,HOLD,MIDCPNIFTY25SEP13000PE,94.05,2658.0,Monitoring
2025-09-16,11:45:00,HOLD,MIDCPNIFTY25SEP13000PE,95.8,2448.0,Monitoring
2025-09-16,11:50:00,HOLD,MIDCPNIFTY25SEP13000PE,96.0,2424.0,Monitoring
2025-09-16,11:55:00,HOLD,MIDCPNIFTY25SEP13000PE,98.7,2100.0,Monitoring
2025-09-16,12:00:00,HOLD,MIDCPNIFTY25SEP13000PE,100.0,1944.0,Monitoring
2025-09-16,12:05:00,HOLD,MIDCPNIFTY25SEP13000PE,99.65,1986.0,Monitoring
2025-09-16,12:10:00,HOLD,MIDCPNIFTY25SEP13000PE,97.45,2250.0,Monitoring
2025-09-16,12:15:00,HOLD,MIDCPNIFTY25SEP13000PE,97.0,2304.0,Monitoring
2025-09-16,12:20:00,HOLD,MIDCPNIFTY25SEP13000PE,94.4,2616.0,Monitoring
2025-09-16,12:25:00,HOLD,MIDCPNIFTY25SEP13000PE,93.9,2676.0,Monitoring
2025-09-16,12:30:00,HOLD,MIDCPNIFTY25SEP13000PE,94.1,2652.0,Monitoring
2025-09-16,12:35:00,HOLD,MIDCPNIFTY25SEP13000PE,93.85,2682.0,Monitoring
2025-09-16,12:40:00,HOLD,MIDCPNIFTY25SEP13000PE,93.0,2784.0,Monitoring
2025-09-16,12:45:00,HOLD,MIDCPNIFTY25SEP13000PE,92.8,2808.0,Monitoring
2025-09-16,12:50:00,HOLD,MIDCPNIFTY25SEP13000PE,91.8,2928.0,Monitoring
2025-09-16,12:55:00,HOLD,MIDCPNIFTY25SEP13000PE,92.65,2826.0,Monitoring
2025-09-16,13:00:00,HOLD,MIDCPNIFTY25SEP13000PE,91.45,2970.0,Monitoring
2025-09-16,13:05:00,HOLD,MIDCPNIFTY25SEP13000PE,92.0,2904.0,Monitoring
2025-09-16,13:10:00,HOLD,MIDCPNIFTY25SEP13000PE,94.0,2664.0,Monitoring
2025-09-16,13:15:00,HOLD,MIDCPNIFTY25SEP13000PE,95.95,2430.0,Monitoring
2025-09-16,13:20:00,HOLD,MIDCPNIFTY25SEP13000PE,94.0,2664.0,Monitoring
2025-09-16,13:25:00,HOLD,MIDCPNIFTY25SEP13000PE,95.05,2538.0,Monitoring
2025-09-16,13:30:00,HOLD,MIDCPNIFTY25SEP13000PE,95.05,2538.0,Monitoring
2025-09-16,13:35:00,HOLD,MIDCPNIFTY25SEP13000PE,95.65,2466.0,Monitoring
2025-09-16,13:40:00,HOLD,MIDCPNIFTY25SEP13000PE,93.85,2682.0,Monitoring
2025-09-16,13:45:00,HOLD,MIDCPNIFTY25SEP13000PE,95.0,2544.0,Monitoring
2025-09-16,13:50:00,HOLD,MIDCPNIFTY25SEP13000PE,94.0,2664.0,Monitoring
2025-09-16,13:55:00,HOLD,MIDCPNIFTY25SEP13000PE,91.0,3024.0,Monitoring
2025-09-16,14:00:00,HOLD,MIDCPNIFTY25SEP13000PE,88.2,3360.0,Monitoring
2025-09-16,14:05:00,HOLD,MIDCPNIFTY25SEP13000PE,90.0,3144.0,Monitoring
2025-09-16,14:10:00,HOLD,MIDCPNIFTY25SEP13000PE,88.35,3342.0,Monitoring
2025-09-16,14:15:00,HOLD,MIDCPNIFTY25SEP13000PE,85.8,3648.0,Monitoring
2025-09-16,14:20:00,HOLD,MIDCPNIFTY25SEP13000PE,85.0,3744.0,Monitoring
2025-09-16,14:25:00,HOLD,MIDCPNIFTY25SEP13000PE,86.7,3540.0,Monitoring
2025-09-16,14:30:00,HOLD,MIDCPNIFTY25SEP13000PE,86.4,3576.0,Monitoring
2025-09-16,14:35:00,HOLD,MIDCPNIFTY25SEP13000PE,85.55,3678.0,Monitoring
2025-09-16,14:40:00,HOLD,MIDCPNIFTY25SEP13000PE,87.3,3468.0,Monitoring
2025-09-16,14:45:00,HOLD,MIDCPNIFTY25SEP13000PE,86.35,3582.0,Monitoring
2025-09-16,14:50:00,HOLD,MIDCPNIFTY25SEP13000PE,87.0,3504.0,Monitoring
2025-09-16,14:55:00,HOLD,MIDCPNIFTY25SEP13000PE,87.25,3474.0,Monitoring
2025-09-16,15:00:00,HOLD,MIDCPNIFTY25SEP13000PE,80.5,4284.0,Monitoring
2025-09-16,15:05:00,HOLD,MIDCPNIFTY25SEP13000PE,80.0,4344.0,Monitoring
2025-09-16,15:10:00,HOLD,MIDCPNIFTY25SEP13000PE,75.65,4866.0,Monitoring
2025-09-16,15:15:00,HOLD,MIDCPNIFTY25SEP13000PE,73.2,5160.0,Monitoring
2025-09-16,15:20:00,HOLD,MIDCPNIFTY25SEP13000PE,73.2,5160.0,Monitoring
2025-09-16,15:25:00,HOLD,MIDCPNIFTY25SEP13000PE,71.05,5418.0,Monitoring
2025-09-17,09:15:00,HOLD,MIDCPNIFTY25SEP13000PE,68.1,5772.0,Monitoring
2025-09-17,09:20:00,HOLD,MIDCPNIFTY25SEP13000PE,62.6,6432.0,Monitoring
2025-09-17,09:25:00,HOLD,MIDCPNIFTY25SEP13000PE,61.2,6600.0,Monitoring
2025-09-17,09:30:00,HOLD,MIDCPNIFTY25SEP13000PE,60.75,6654.0,Monitoring
2025-09-17,09:35:00,HOLD,MIDCPNIFTY25SEP13000PE,60.55,6678.0,Monitoring
2025-09-17,09:40:00,HOLD,MIDCPNIFTY25SEP13000PE,61.2,6600.0,Monitoring
2025-09-17,09:45:00,HOLD,MIDCPNIFTY25SEP13000PE,67.2,5880.0,Monitoring
2025-09-17,09:50:00,HOLD,MIDCPNIFTY25SEP13000PE,67.75,5814.0,Monitoring
2025-09-17,09:55:00,HOLD,MIDCPNIFTY25SEP13000PE,66.15,6006.0,Monitoring
2025-09-17,10:00:00,HOLD,MIDCPNIFTY25SEP13000PE,65.7,6060.0,Monitoring
2025-09-17,10:05:00,HOLD,MIDCPNIFTY25SEP13000PE,64.9,6156.0,Monitoring
2025-09-17,10:10:00,HOLD,MIDCPNIFTY25SEP13000PE,66.55,5958.0,Monitoring
2025-09-17,10:15:00,HOLD,MIDCPNIFTY25SEP13000PE,68.05,5778.0,Monitoring
2025-09-17,10:20:00,HOLD,MIDCPNIFTY25SEP13000PE,64.85,6162.0,Monitoring
2025-09-17,10:25:00,HOLD,MIDCPNIFTY25SEP13000PE,65.25,6114.0,Monitoring
2025-09-17,10:30:00,HOLD,MIDCPNIFTY25SEP13000PE,65.9,6036.0,Monitoring
2025-09-17,10:35:00,HOLD,MIDCPNIFTY25SEP13000PE,64.85,6162.0,Monitoring
2025-09-17,10:40:00,HOLD,MIDCPNIFTY25SEP13000PE,68.9,5676.0,Monitoring
2025-09-17,10:45:00,HOLD,MIDCPNIFTY25SEP13000PE,71.2,5400.0,Monitoring
2025-09-17,10:50:00,HOLD,MIDCPNIFTY25SEP13000PE,69.6,5592.0,Monitoring
2025-09-17,10:55:00,HOLD,MIDCPNIFTY25SEP13000PE,68.0,5784.0,Monitoring
2025-09-17,11:00:00,HOLD,MIDCPNIFTY25SEP13000PE,69.0,5664.0,Monitoring
2025-09-17,11:05:00,HOLD,MIDCPNIFTY25SEP13000PE,69.0,5664.0,Monitoring
2025-09-17,11:10:00,HOLD,MIDCPNIFTY25SEP13000PE,67.5,5844.0,Monitoring
2025-09-17,11:15:00,HOLD,MIDCPNIFTY25SEP13000PE,68.5,5724.0,Monitoring
2025-09-17,11:20:00,HOLD,MIDCPNIFTY25SEP13000PE,66.75,5934.0,Monitoring
2025-09-17,11:25:00,HOLD,MIDCPNIFTY25SEP13000PE,66.9,5916.0,Monitoring
2025-09-17,11:30:00,HOLD,MIDCPNIFTY25SEP13000PE,67.7,5820.0,Monitoring
2025-09-17,11:35:00,HOLD,MIDCPNIFTY25SEP13000PE,68.1,5772.0,Monitoring
2025-09-17,11:40:00,HOLD,MIDCPNIFTY25SEP13000PE,67.75,5814.0,Monitoring
2025-09-17,11:45:00,HOLD,MIDCPNIFTY25SEP13000PE,66.35,5982.0,Monitoring
2025-09-17,11:50:00,HOLD,MIDCPNIFTY25SEP13000PE,66.05,6018.0,Monitoring
2025-09-17,11:55:00,HOLD,MIDCPNIFTY25SEP13000PE,65.0,6144.0,Monitoring
2025-09-17,12:00:00,HOLD,MIDCPNIFTY25SEP13000PE,65.2,6120.0,Monitoring
2025-09-17,12:05:00,HOLD,MIDCPNIFTY25SEP13000PE,64.0,6264.0,Monitoring
2025-09-17,12:10:00,HOLD,MIDCPNIFTY25SEP13000PE,64.4,6216.0,Monitoring
2025-09-17,12:15:00,HOLD,MIDCPNIFTY25SEP13000PE,65.5,6084.0,Monitoring
2025-09-17,12:20:00,HOLD,MIDCPNIFTY25SEP13000PE,64.35,6222.0,Monitoring
2025-09-17,12:25:00,HOLD,MIDCPNIFTY25SEP13000PE,62.9,6396.0,Monitoring
2025-09-17,12:30:00,HOLD,MIDCPNIFTY25SEP13000PE,63.3,6348.0,Monitoring
2025-09-17,12:35:00,HOLD,MIDCPNIFTY25SEP13000PE,64.0,6264.0,Monitoring
2025-09-17,12:40:00,HOLD,MIDCPNIFTY25SEP13000PE,63.0,6384.0,Monitoring
2025-09-17,12:45:00,HOLD,MIDCPNIFTY25SEP13000PE,63.0,6384.0,Monitoring
2025-09-17,12:50:00,HOLD,MIDCPNIFTY25SEP13000PE,62.7,6420.0,Monitoring
2025-09-17,12:55:00,HOLD,MIDCPNIFTY25SEP13000PE,62.25,6474.0,Monitoring
2025-09-17,13:00:00,HOLD,MIDCPNIFTY25SEP13000PE,62.95,6390.0,Monitoring
2025-09-17,13:05:00,HOLD,MIDCPNIFTY25SEP13000PE,62.55,6438.0,Monitoring
2025-09-17,13:10:00,HOLD,MIDCPNIFTY25SEP13000PE,62.4,6456.0,Monitoring
2025-09-17,13:15:00,HOLD,MIDCPNIFTY25SEP13000PE,61.95,6510.0,Monitoring
2025-09-17,13:20:00,HOLD,MIDCPNIFTY25SEP13000PE,62.4,6456.0,Monitoring
2025-09-17,13:25:00,HOLD,MIDCPNIFTY25SEP13000PE,62.75,6414.0,Monitoring
2025-09-17,13:30:00,HOLD,MIDCPNIFTY25SEP13000PE,61.4,6576.0,Monitoring
2025-09-17,13:35:00,HOLD,MIDCPNIFTY25SEP13000PE,62.1,6492.0,Monitoring
2025-09-17,13:40:00,HOLD,MIDCPNIFTY25SEP13000PE,63.55,6318.0,Monitoring
2025-09-17,13:45:00,HOLD,MIDCPNIFTY25SEP13000PE,64.3,6228.0,Monitoring
2025-09-17,13:50:00,HOLD,MIDCPNIFTY25SEP13000PE,64.95,6150.0,Monitoring
2025-09-17,13:55:00,HOLD,MIDCPNIFTY25SEP13000PE,64.35,6222.0,Monitoring
2025-09-17,14:00:00,HOLD,MIDCPNIFTY25SEP13000PE,67.25,5874.0,Monitoring
2025-09-17,14:05:00,HOLD,MIDCPNIFTY25SEP13000PE,72.0,5304.0,Monitoring
2025-09-17,14:10:00,HOLD,MIDCPNIFTY25SEP13000PE,72.9,5196.0,Monitoring
2025-09-17,14:15:00,HOLD,MIDCPNIFTY25SEP13000PE,69.45,5610.0,Monitoring
2025-09-17,14:20:00,HOLD,MIDCPNIFTY25SEP13000PE,69.9,5556.0,Monitoring
2025-09-17,14:25:00,HOLD,MIDCPNIFTY25SEP13000PE,71.65,5346.0,Monitoring
2025-09-17,14:30:00,HOLD,MIDCPNIFTY25SEP13000PE,71.2,5400.0,Monitoring
2025-09-17,14:35:00,HOLD,MIDCPNIFTY25SEP13000PE,71.0,5424.0,Monitoring
2025-09-17,14:40:00,HOLD,MIDCPNIFTY25SEP13000PE,69.9,5556.0,Monitoring
2025-09-17,14:45:00,HOLD,MIDCPNIFTY25SEP13000PE,68.05,5778.0,Monitoring
2025-09-17,14:50:00,HOLD,MIDCPNIFTY25SEP13000PE,67.05,5898.0,Monitoring
2025-09-17,14:55:00,HOLD,MIDCPNIFTY25SEP13000PE,67.0,5904.0,Monitoring
2025-09-17,15:00:00,HOLD,MIDCPNIFTY25SEP13000PE,66.4,5976.0,Monitoring
2025-09-17,15:05:00,HOLD,MIDCPNIFTY25SEP13000PE,66.6,5952.0,Monitoring
2025-09-17,15:10:00,HOLD,MIDCPNIFTY25SEP13000PE,66.4,5976.0,Monitoring
2025-09-17,15:15:00,HOLD,MIDCPNIFTY25SEP13000PE,66.0,6024.0,Monitoring
2025-09-17,15:20:00,HOLD,MIDCPNIFTY25SEP13000PE,68.7,5700.0,Monitoring
2025-09-17,15:25:00,HOLD,MIDCPNIFTY25SEP13000PE,69.65,5586.0,Monitoring
2025-09-18,09:15:00,HOLD,MIDCPNIFTY25SEP13000PE,56.7,7140.0,Monitoring
2025-09-18,09:20:00,HOLD,MIDCPNIFTY25SEP13000PE,52.0,7704.0,Monitoring
2025-09-18,09:25:00,HOLD,MIDCPNIFTY25SEP13000PE,48.8,8088.0,Monitoring
2025-09-18,09:30:00,HOLD,MIDCPNIFTY25SEP13000PE,47.8,8208.0,Monitoring
2025-09-18,09:35:00,HOLD,MIDCPNIFTY25SEP13000PE,50.65,7866.0,Monitoring
2025-09-18,09:40:00,HOLD,MIDCPNIFTY25SEP13000PE,48.05,8178.0,Monitoring
2025-09-18,09:45:00,HOLD,MIDCPNIFTY25SEP13000PE,45.1,8532.0,Monitoring
2025-09-18,09:50:00,HOLD,MIDCPNIFTY25SEP13000PE,47.4,8256.0,Monitoring
2025-09-18,09:55:00,HOLD,MIDCPNIFTY25SEP13000PE,47.5,8244.0,Monitoring
2025-09-18,10:00:00,HOLD,MIDCPNIFTY25SEP13000PE,47.2,8280.0,Monitoring
2025-09-18,10:05:00,HOLD,MIDCPNIFTY25SEP13000PE,47.95,8190.0,Monitoring
2025-09-18,10:10:00,HOLD,MIDCPNIFTY25SEP13000PE,49.7,7980.0,Monitoring
2025-09-18,10:15:00,HOLD,MIDCPNIFTY25SEP13000PE,50.5,7884.0,Monitoring
2025-09-18,10:20:00,HOLD,MIDCPNIFTY25SEP13000PE,49.0,8064.0,Monitoring
2025-09-18,10:25:00,HOLD,MIDCPNIFTY25SEP13000PE,47.4,8256.0,Monitoring
2025-09-18,10:30:00,HOLD,MIDCPNIFTY25SEP13000PE,47.85,8202.0,Monitoring
2025-09-18,10:35:00,HOLD,MIDCPNIFTY25SEP13000PE,49.35,8022.0,Monitoring
2025-09-18,10:40:00,HOLD,MIDCPNIFTY25SEP13000PE,48.2,8160.0,Monitoring
2025-09-18,10:45:00,HOLD,MIDCPNIFTY25SEP13000PE,49.0,8064.0,Monitoring
2025-09-18,10:50:00,HOLD,MIDCPNIFTY25SEP13000PE,48.7,8100.0,Monitoring
2025-09-18,10:55:00,HOLD,MIDCPNIFTY25SEP13000PE,48.3,8148.0,Monitoring
2025-09-18,11:00:00,HOLD,MIDCPNIFTY25SEP13000PE,49.0,8064.0,Monitoring
2025-09-18,11:05:00,HOLD,MIDCPNIFTY25SEP13000PE,48.1,8172.0,Monitoring
2025-09-18,11:10:00,HOLD,MIDCPNIFTY25SEP13000PE,49.15,8046.0,Monitoring
2025-09-18,11:15:00,HOLD,MIDCPNIFTY25SEP13000PE,48.25,8154.0,Monitoring
2025-09-18,11:20:00,HOLD,MIDCPNIFTY25SEP13000PE,49.0,8064.0,Monitoring
2025-09-18,11:25:00,HOLD,MIDCPNIFTY25SEP13000PE,49.4,8016.0,Monitoring
2025-09-18,11:30:00,HOLD,MIDCPNIFTY25SEP13000PE,49.2,8040.0,Monitoring
2025-09-18,11:35:00,HOLD,MIDCPNIFTY25SEP13000PE,50.8,7848.0,Monitoring
2025-09-18,11:40:00,HOLD,MIDCPNIFTY25SEP13000PE,54.2,7440.0,Monitoring
2025-09-18,11:45:00,HOLD,MIDCPNIFTY25SEP13000PE,57.4,7056.0,Monitoring
2025-09-18,11:50:00,HOLD,MIDCPNIFTY25SEP13000PE,56.2,7200.0,Monitoring
2025-09-18,11:55:00,HOLD,MIDCPNIFTY25SEP13000PE,56.6,7152.0,Monitoring
2025-09-18,12:00:00,HOLD,MIDCPNIFTY25SEP13000PE,55.3,7308.0,Monitoring
2025-09-18,12:05:00,HOLD,MIDCPNIFTY25SEP13000PE,56.65,7146.0,Monitoring
2025-09-18,12:10:00,HOLD,MIDCPNIFTY25SEP13000PE,55.25,7314.0,Monitoring
2025-09-18,12:15:00,HOLD,MIDCPNIFTY25SEP13000PE,55.1,7332.0,Monitoring
2025-09-18,12:20:00,HOLD,MIDCPNIFTY25SEP13000PE,56.3,7188.0,Monitoring
2025-09-18,12:25:00,HOLD,MIDCPNIFTY25SEP13000PE,56.05,7218.0,Monitoring
2025-09-18,12:30:00,HOLD,MIDCPNIFTY25SEP13000PE,58.1,6972.0,Monitoring
2025-09-18,12:35:00,HOLD,MIDCPNIFTY25SEP13000PE,58.75,6894.0,Monitoring
2025-09-18,12:40:00,HOLD,MIDCPNIFTY25SEP13000PE,63.0,6384.0,Monitoring
2025-09-18,12:45:00,HOLD,MIDCPNIFTY25SEP13000PE,62.45,6450.0,Monitoring
2025-09-18,12:50:00,HOLD,MIDCPNIFTY25SEP13000PE,59.4,6816.0,Monitoring
2025-09-18,12:55:00,HOLD,MIDCPNIFTY25SEP13000PE,57.95,6990.0,Monitoring
2025-09-18,13:00:00,HOLD,MIDCPNIFTY25SEP13000PE,61.65,6546.0,Monitoring
2025-09-18,13:05:00,HOLD,MIDCPNIFTY25SEP13000PE,57.75,7014.0,Monitoring
2025-09-18,13:10:00,HOLD,MIDCPNIFTY25SEP13000PE,58.9,6876.0,Monitoring
2025-09-18,13:15:00,HOLD,MIDCPNIFTY25SEP13000PE,55.65,7266.0,Monitoring
2025-09-18,13:20:00,HOLD,MIDCPNIFTY25SEP13000PE,53.25,7554.0,Monitoring
2025-09-18,13:25:00,HOLD,MIDCPNIFTY25SEP13000PE,52.25,7674.0,Monitoring
2025-09-18,13:30:00,HOLD,MIDCPNIFTY25SEP13000PE,51.0,7824.0,Monitoring
2025-09-18,13:35:00,HOLD,MIDCPNIFTY25SEP13000PE,50.0,7944.0,Monitoring
2025-09-18,13:40:00,HOLD,MIDCPNIFTY25SEP13000PE,49.05,8058.0,Monitoring
2025-09-18,13:45:00,HOLD,MIDCPNIFTY25SEP13000PE,48.7,8100.0,Monitoring
2025-09-18,13:50:00,HOLD,MIDCPNIFTY25SEP13000PE,50.65,7866.0,Monitoring
2025-09-18,13:55:00,HOLD,MIDCPNIFTY25SEP13000PE,51.1,7812.0,Monitoring
2025-09-18,14:00:00,HOLD,MIDCPNIFTY25SEP13000PE,49.25,8034.0,Monitoring
2025-09-18,14:05:00,HOLD,MIDCPNIFTY25SEP13000PE,50.7,7860.0,Monitoring
2025-09-18,14:10:00,HOLD,MIDCPNIFTY25SEP13000PE,49.9,7956.0,Monitoring
2025-09-18,14:15:00,HOLD,MIDCPNIFTY25SEP13000PE,50.0,7944.0,Monitoring
2025-09-18,14:20:00,HOLD,MIDCPNIFTY25SEP13000PE,50.6,7872.0,Monitoring
2025-09-18,14:25:00,HOLD,MIDCPNIFTY25SEP13000PE,50.55,7878.0,Monitoring
2025-09-18,14:30:00,HOLD,MIDCPNIFTY25SEP13000PE,48.7,8100.0,Monitoring
2025-09-18,14:35:00,HOLD,MIDCPNIFTY25SEP13000PE,48.65,8106.0,Monitoring
2025-09-18,14:40:00,HOLD,MIDCPNIFTY25SEP13000PE,48.2,8160.0,Monitoring
2025-09-18,14:45:00,HOLD,MIDCPNIFTY25SEP13000PE,42.7,8820.0,Monitoring
2025-09-18,14:50:00,HOLD,MIDCPNIFTY25SEP13000PE,42.25,8874.0,Monitoring
2025-09-18,14:55:00,HOLD,MIDCPNIFTY25SEP13000PE,41.55,8958.0,Monitoring
2025-09-18,15:00:00,HOLD,MIDCPNIFTY25SEP13000PE,40.55,9078.0,Monitoring
2025-09-18,15:05:00,HOLD,MIDCPNIFTY25SEP13000PE,40.75,9054.0,Monitoring
2025-09-18,15:10:00,HOLD,MIDCPNIFTY25SEP13000PE,40.6,9072.0,Monitoring
2025-09-18,15:15:00,HOLD,MIDCPNIFTY25SEP13000PE,40.3,9108.0,Monitoring
2025-09-18,15:20:00,HOLD,MIDCPNIFTY25SEP13000PE,41.05,9018.0,Monitoring
2025-09-18,15:25:00,HOLD,MIDCPNIFTY25SEP13000PE,38.35,9342.0,Monitoring
2025-09-19,09:15:00,HOLD,MIDCPNIFTY25SEP13000PE,42.25,8874.0,Monitoring
2025-09-19,09:20:00,HOLD,MIDCPNIFTY25SEP13000PE,43.95,8670.0,Monitoring
2025-09-19,09:25:00,HOLD,MIDCPNIFTY25SEP13000PE,41.4,8976.0,Monitoring
2025-09-19,09:30:00,HOLD,MIDCPNIFTY25SEP13000PE,44.15,8646.0,Monitoring
2025-09-19,09:35:00,HOLD,MIDCPNIFTY25SEP13000PE,43.4,8736.0,Monitoring
2025-09-19,09:40:00,HOLD,MIDCPNIFTY25SEP13000PE,41.65,8946.0,Monitoring
2025-09-19,09:45:00,HOLD,MIDCPNIFTY25SEP13000PE,41.9,8916.0,Monitoring
2025-09-19,09:50:00,HOLD,MIDCPNIFTY25SEP13000PE,40.7,9060.0,Monitoring
2025-09-19,09:55:00,HOLD,MIDCPNIFTY25SEP13000PE,44.05,8658.0,Monitoring
2025-09-19,10:00:00,HOLD,MIDCPNIFTY25SEP13000PE,42.2,8880.0,Monitoring
2025-09-19,10:05:00,HOLD,MIDCPNIFTY25SEP13000PE,42.45,8850.0,Monitoring
2025-09-19,10:10:00,HOLD,MIDCPNIFTY25SEP13000PE,42.75,8814.0,Monitoring
2025-09-19,10:15:00,HOLD,MIDCPNIFTY25SEP13000PE,42.45,8850.0,Monitoring
2025-09-19,10:20:00,HOLD,MIDCPNIFTY25SEP13000PE,41.8,8928.0,Monitoring
2025-09-19,10:25:00,HOLD,MIDCPNIFTY25SEP13000PE,41.25,8994.0,Monitoring
2025-09-19,10:30:00,HOLD,MIDCPNIFTY25SEP13000PE,42.2,8880.0,Monitoring
2025-09-19,10:35:00,HOLD,MIDCPNIFTY25SEP13000PE,42.4,8856.0,Monitoring
2025-09-19,10:40:00,HOLD,MIDCPNIFTY25SEP13000PE,43.6,8712.0,Monitoring
2025-09-19,10:45:00,HOLD,MIDCPNIFTY25SEP13000PE,43.55,8718.0,Monitoring
2025-09-19,10:50:00,HOLD,MIDCPNIFTY25SEP13000PE,43.5,8724.0,Monitoring
2025-09-19,10:55:00,HOLD,MIDCPNIFTY25SEP13000PE,43.25,8754.0,Monitoring
2025-09-19,11:00:00,HOLD,MIDCPNIFTY25SEP13000PE,45.85,8442.0,Monitoring
2025-09-19,11:05:00,HOLD,MIDCPNIFTY25SEP13000PE,45.4,8496.0,Monitoring
2025-09-19,11:10:00,HOLD,MIDCPNIFTY25SEP13000PE,46.05,8418.0,Monitoring
2025-09-19,11:15:00,HOLD,MIDCPNIFTY25SEP13000PE,46.65,8346.0,Monitoring
2025-09-19,11:20:00,HOLD,MIDCPNIFTY25SEP13000PE,43.9,8676.0,Monitoring
2025-09-19,11:25:00,HOLD,MIDCPNIFTY25SEP13000PE,42.3,8868.0,Monitoring
2025-09-19,11:30:00,HOLD,MIDCPNIFTY25SEP13000PE,43.15,8766.0,Monitoring
2025-09-19,11:35:00,HOLD,MIDCPNIFTY25SEP13000PE,43.65,8706.0,Monitoring
2025-09-19,11:40:00,HOLD,MIDCPNIFTY25SEP13000PE,40.25,9114.0,Monitoring
2025-09-19,11:45:00,HOLD,MIDCPNIFTY25SEP13000PE,43.0,8784.0,Monitoring
2025-09-19,11:50:00,HOLD,MIDCPNIFTY25SEP13000PE,40.1,9132.0,Monitoring
2025-09-19,11:55:00,HOLD,MIDCPNIFTY25SEP13000PE,41.25,8994.0,Monitoring
2025-09-19,12:00:00,HOLD,MIDCPNIFTY25SEP13000PE,41.25,8994.0,Monitoring
2025-09-19,12:05:00,HOLD,MIDCPNIFTY25SEP13000PE,40.75,9054.0,Monitoring
2025-09-19,12:10:00,HOLD,MIDCPNIFTY25SEP13000PE,36.65,9546.0,Monitoring
2025-09-19,12:15:00,HOLD,MIDCPNIFTY25SEP13000PE,38.95,9270.0,Monitoring
2025-09-19,12:20:00,HOLD,MIDCPNIFTY25SEP13000PE,38.05,9378.0,Monitoring
2025-09-19,12:25:00,HOLD,MIDCPNIFTY25SEP13000PE,38.55,9318.0,Monitoring
2025-09-19,12:30:00,HOLD,MIDCPNIFTY25SEP13000PE,39.45,9210.0,Monitoring
2025-09-19,12:35:00,HOLD,MIDCPNIFTY25SEP13000PE,38.0,9384.0,Monitoring
2025-09-19,12:40:00,HOLD,MIDCPNIFTY25SEP13000PE,37.95,9390.0,Monitoring
2025-09-19,12:45:00,HOLD,MIDCPNIFTY25SEP13000PE,38.35,9342.0,Monitoring
2025-09-19,12:50:00,HOLD,MIDCPNIFTY25SEP13000PE,38.1,9372.0,Monitoring
2025-09-19,12:55:00,HOLD,MIDCPNIFTY25SEP13000PE,36.75,9534.0,Monitoring
2025-09-19,13:00:00,HOLD,MIDCPNIFTY25SEP13000PE,35.2,9720.0,Monitoring
2025-09-19,13:05:00,HOLD,MIDCPNIFTY25SEP13000PE,35.5,9684.0,Monitoring
2025-09-19,13:10:00,HOLD,MIDCPNIFTY25SEP13000PE,35.05,9738.0,Monitoring
2025-09-19,13:15:00,HOLD,MIDCPNIFTY25SEP13000PE,35.55,9678.0,Monitoring
2025-09-19,13:20:00,HOLD,MIDCPNIFTY25SEP13000PE,35.0,9744.0,Monitoring
2025-09-19,13:25:00,HOLD,MIDCPNIFTY25SEP13000PE,34.95,9750.0,Monitoring
2025-09-19,13:30:00,HOLD,MIDCPNIFTY25SEP13000PE,34.6,9792.0,Monitoring
2025-09-19,13:35:00,HOLD,MIDCPNIFTY25SEP13000PE,35.2,9720.0,Monitoring
2025-09-19,13:40:00,HOLD,MIDCPNIFTY25SEP13000PE,34.95,9750.0,Monitoring
2025-09-19,13:45:00,HOLD,MIDCPNIFTY25SEP13000PE,34.35,9822.0,Monitoring
2025-09-19,13:50:00,HOLD,MIDCPNIFTY25SEP13000PE,33.9,9876.0,Monitoring
2025-09-19,13:55:00,HOLD,MIDCPNIFTY25SEP13000PE,33.45,9930.0,Monitoring
2025-09-19,14:00:00,HOLD,MIDCPNIFTY25SEP13000PE,31.95,10110.0,Monitoring
2025-09-19,14:05:00,HOLD,MIDCPNIFTY25SEP13000PE,32.3,10068.0,Monitoring
2025-09-19,14:10:00,HOLD,MIDCPNIFTY25SEP13000PE,32.0,10104.0,Monitoring
2025-09-19,14:15:00,HOLD,MIDCPNIFTY25SEP13000PE,33.65,9906.0,Monitoring
2025-09-19,14:20:00,HOLD,MIDCPNIFTY25SEP13000PE,35.1,9732.0,Monitoring
2025-09-19,14:25:00,HOLD,MIDCPNIFTY25SEP13000PE,36.8,9528.0,Monitoring
2025-09-19,14:30:00,HOLD,MIDCPNIFTY25SEP13000PE,36.6,9552.0,Monitoring
2025-09-19,14:35:00,HOLD,MIDCPNIFTY25SEP13000PE,36.6,9552.0,Monitoring
2025-09-19,14:40:00,HOLD,MIDCPNIFTY25SEP13000PE,36.6,9552.0,Monitoring
2025-09-19,14:45:00,HOLD,MIDCPNIFTY25SEP13000PE,36.75,9534.0,Monitoring
2025-09-19,14:50:00,HOLD,MIDCPNIFTY25SEP13000PE,34.95,9750.0,Monitoring
2025-09-19,14:55:00,HOLD,MIDCPNIFTY25SEP13000PE,34.3,9828.0,Monitoring
2025-09-19,15:00:00,HOLD,MIDCPNIFTY25SEP13000PE,36.2,9600.0,Monitoring
2025-09-19,15:05:00,HOLD,MIDCPNIFTY25SEP13000PE,36.15,9606.0,Monitoring
2025-09-19,15:10:00,HOLD,MIDCPNIFTY25SEP13000PE,35.25,9714.0,Monitoring
2025-09-19,15:15:00,HOLD,MIDCPNIFTY25SEP13000PE,32.95,9990.0,Monitoring
2025-09-19,15:20:00,HOLD,MIDCPNIFTY25SEP13000PE,33.85,9882.0,Monitoring
2025-09-19,15:25:00,HOLD,MIDCPNIFTY25SEP13000PE,33.9,9876.0,Monitoring
2025-09-22,09:15:00,HOLD,MIDCPNIFTY25SEP13000PE,40.0,9144.0,Monitoring
2025-09-22,09:20:00,HOLD,MIDCPNIFTY25SEP13000PE,38.3,9348.0,Monitoring
2025-09-22,09:25:00,HOLD,MIDCPNIFTY25SEP13000PE,37.7,9420.0,Monitoring
2025-09-22,09:30:00,HOLD,MIDCPNIFTY25SEP13000PE,36.35,9582.0,Monitoring
2025-09-22,09:35:00,HOLD,MIDCPNIFTY25SEP13000PE,36.85,9522.0,Monitoring
2025-09-22,09:40:00,HOLD,MIDCPNIFTY25SEP13000PE,37.75,9414.0,Monitoring
2025-09-22,09:45:00,HOLD,MIDCPNIFTY25SEP13000PE,35.85,9642.0,Monitoring
2025-09-22,09:50:00,HOLD,MIDCPNIFTY25SEP13000PE,37.9,9396.0,Monitoring
2025-09-22,09:55:00,HOLD,MIDCPNIFTY25SEP13000PE,40.05,9138.0,Monitoring
2025-09-22,10:00:00,HOLD,MIDCPNIFTY25SEP13000PE,38.25,9354.0,Monitoring
2025-09-22,10:05:00,HOLD,MIDCPNIFTY25SEP13000PE,39.0,9264.0,Monitoring
2025-09-22,10:10:00,HOLD,MIDCPNIFTY25SEP13000PE,39.05,9258.0,Monitoring
2025-09-22,10:15:00,HOLD,MIDCPNIFTY25SEP13000PE,38.45,9330.0,Monitoring
2025-09-22,10:20:00,HOLD,MIDCPNIFTY25SEP13000PE,38.5,9324.0,Monitoring
2025-09-22,10:25:00,HOLD,MIDCPNIFTY25SEP13000PE,36.5,9564.0,Monitoring
2025-09-22,10:30:00,HOLD,MIDCPNIFTY25SEP13000PE,36.5,9564.0,Monitoring
2025-09-22,10:35:00,HOLD,MIDCPNIFTY25SEP13000PE,38.05,9378.0,Monitoring
2025-09-22,10:40:00,HOLD,MIDCPNIFTY25SEP13000PE,37.5,9444.0,Monitoring
2025-09-22,10:45:00,HOLD,MIDCPNIFTY25SEP13000PE,38.45,9330.0,Monitoring
2025-09-22,10:50:00,HOLD,MIDCPNIFTY25SEP13000PE,37.85,9402.0,Monitoring
2025-09-22,10:55:00,HOLD,MIDCPNIFTY25SEP13000PE,37.45,9450.0,Monitoring
2025-09-22,11:00:00,HOLD,MIDCPNIFTY25SEP13000PE,38.6,9312.0,Monitoring
2025-09-22,11:05:00,HOLD,MIDCPNIFTY25SEP13000PE,39.5,9204.0,Monitoring
2025-09-22,11:10:00,HOLD,MIDCPNIFTY25SEP13000PE,39.55,9198.0,Monitoring
2025-09-22,11:15:00,HOLD,MIDCPNIFTY25SEP13000PE,40.3,9108.0,Monitoring
2025-09-22,11:20:00,HOLD,MIDCPNIFTY25SEP13000PE,43.35,8742.0,Monitoring
2025-09-22,11:25:00,HOLD,MIDCPNIFTY25SEP13000PE,43.45,8730.0,Monitoring
2025-09-22,11:30:00,HOLD,MIDCPNIFTY25SEP13000PE,45.65,8466.0,Monitoring
2025-09-22,11:35:00,HOLD,MIDCPNIFTY25SEP13000PE,41.85,8922.0,Monitoring
2025-09-22,11:40:00,HOLD,MIDCPNIFTY25SEP13000PE,40.45,9090.0,Monitoring
2025-09-22,11:45:00,HOLD,MIDCPNIFTY25SEP13000PE,40.35,9102.0,Monitoring
2025-09-22,11:50:00,HOLD,MIDCPNIFTY25SEP13000PE,40.3,9108.0,Monitoring
2025-09-22,11:55:00,HOLD,MIDCPNIFTY25SEP13000PE,39.8,9168.0,Monitoring
2025-09-22,12:00:00,HOLD,MIDCPNIFTY25SEP13000PE,40.55,9078.0,Monitoring
2025-09-22,12:05:00,HOLD,MIDCPNIFTY25SEP13000PE,39.35,9222.0,Monitoring
2025-09-22,12:10:00,HOLD,MIDCPNIFTY25SEP13000PE,38.4,9336.0,Monitoring
2025-09-22,12:15:00,HOLD,MIDCPNIFTY25SEP13000PE,38.1,9372.0,Monitoring
2025-09-22,12:20:00,HOLD,MIDCPNIFTY25SEP13000PE,38.1,9372.0,Monitoring
2025-09-22,12:25:00,HOLD,MIDCPNIFTY25SEP13000PE,38.5,9324.0,Monitoring
2025-09-22,12:30:00,HOLD,MIDCPNIFTY25SEP13000PE,37.7,9420.0,Monitoring
2025-09-22,12:35:00,HOLD,MIDCPNIFTY25SEP13000PE,35.2,9720.0,Monitoring
2025-09-22,12:40:00,HOLD,MIDCPNIFTY25SEP13000PE,34.2,9840.0,Monitoring
2025-09-22,12:45:00,HOLD,MIDCPNIFTY25SEP13000PE,34.35,9822.0,Monitoring
2025-09-22,12:50:00,HOLD,MIDCPNIFTY25SEP13000PE,35.9,9636.0,Monitoring
2025-09-22,12:55:00,HOLD,MIDCPNIFTY25SEP13000PE,35.7,9660.0,Monitoring
2025-09-22,13:00:00,HOLD,MIDCPNIFTY25SEP13000PE,34.95,9750.0,Monitoring
2025-09-22,13:05:00,HOLD,MIDCPNIFTY25SEP13000PE,36.05,9618.0,Monitoring
2025-09-22,13:10:00,HOLD,MIDCPNIFTY25SEP13000PE,35.45,9690.0,Monitoring
2025-09-22,13:15:00,HOLD,MIDCPNIFTY25SEP13000PE,36.95,9510.0,Monitoring
2025-09-22,13:20:00,HOLD,MIDCPNIFTY25SEP13000PE,37.6,9432.0,Monitoring
2025-09-22,13:25:00,HOLD,MIDCPNIFTY25SEP13000PE,36.55,9558.0,Monitoring
2025-09-22,13:30:00,HOLD,MIDCPNIFTY25SEP13000PE,36.9,9516.0,Monitoring
2025-09-22,13:35:00,HOLD,MIDCPNIFTY25SEP13000PE,37.75,9414.0,Monitoring
2025-09-22,13:40:00,HOLD,MIDCPNIFTY25SEP13000PE,38.95,9270.0,Monitoring
2025-09-22,13:45:00,HOLD,MIDCPNIFTY25SEP13000PE,39.45,9210.0,Monitoring
2025-09-22,13:50:00,HOLD,MIDCPNIFTY25SEP13000PE,40.55,9078.0,Monitoring
2025-09-22,13:55:00,HOLD,MIDCPNIFTY25SEP13000PE,45.9,8436.0,Monitoring
2025-09-22,14:00:00,HOLD,MIDCPNIFTY25SEP13000PE,46.6,8352.0,Monitoring
2025-09-22,14:05:00,HOLD,MIDCPNIFTY25SEP13000PE,44.15,8646.0,Monitoring
2025-09-22,14:10:00,HOLD,MIDCPNIFTY25SEP13000PE,44.5,8604.0,Monitoring
2025-09-22,14:10:00,BUY_EXIT,MIDCPNIFTY25SEP13000PE,44.5,8604.0,EMA_REVERSAL_SL
