Date,Time,Event,Ticker,Price,PnL_INR,Info
2025-08-11,14:35:00,SELL_ENTRY,MIDCPNIFTY25AUG12400PE,100.1,0.0,Signal PE | Short
2025-08-11,14:40:00,HOLD,MIDCPNIFTY25AUG12400PE,101.3,-144.0,Monitoring
2025-08-11,14:45:00,HOLD,MIDCPNIFTY25AUG12400PE,99.0,132.0,Monitoring
2025-08-11,14:50:00,HOLD,MIDCPNIFTY25AUG12400PE,99.75,42.0,Monitoring
2025-08-11,14:55:00,HOLD,MIDCPNIFTY25AUG12400PE,97.9,264.0,Monitoring
2025-08-11,15:00:00,HOLD,MIDCPNIFTY25AUG12400PE,99.65,54.0,Monitoring
2025-08-11,15:05:00,HOLD,MIDCPNIFTY25AUG12400PE,99.05,126.0,Monitoring
2025-08-11,15:10:00,HOLD,MIDCPNIFTY25AUG12400PE,103.15,-366.0,Monitoring
2025-08-11,15:15:00,HOLD,MIDCPNIFTY25AUG12400PE,104.3,-504.0,Monitoring
2025-08-11,15:20:00,HOLD,MIDCPNIFTY25AUG12400PE,107.35,-870.0,Monitoring
2025-08-11,15:25:00,HOLD,MIDCPNIFTY25AUG12400PE,108.1,-960.0,Monitoring
2025-08-12,09:15:00,HOLD,MIDCPNIFTY25AUG12400PE,100.05,6.0,Monitoring
2025-08-12,09:20:00,HOLD,MIDCPNIFTY25AUG12400PE,95.85,510.0,Monitoring
2025-08-12,09:25:00,HOLD,MIDCPNIFTY25AUG12400PE,103.2,-372.0,Monitoring
2025-08-12,09:30:00,HOLD,MIDCPNIFTY25AUG12400PE,99.65,54.0,Monitoring
2025-08-12,09:35:00,HOLD,MIDCPNIFTY25AUG12400PE,107.0,-828.0,Monitoring
2025-08-12,09:40:00,HOLD,MIDCPNIFTY25AUG12400PE,107.15,-846.0,Monitoring
2025-08-12,09:45:00,HOLD,MIDCPNIFTY25AUG12400PE,102.15,-246.0,Monitoring
2025-08-12,09:50:00,HOLD,MIDCPNIFTY25AUG12400PE,96.0,492.0,Monitoring
2025-08-12,09:55:00,HOLD,MIDCPNIFTY25AUG12400PE,92.8,876.0,Monitoring
2025-08-12,10:00:00,HOLD,MIDCPNIFTY25AUG12400PE,89.5,1272.0,Monitoring
2025-08-12,10:05:00,HOLD,MIDCPNIFTY25AUG12400PE,92.8,876.0,Monitoring
2025-08-12,10:10:00,HOLD,MIDCPNIFTY25AUG12400PE,97.6,300.0,Monitoring
2025-08-12,10:15:00,HOLD,MIDCPNIFTY25AUG12400PE,98.25,222.0,Monitoring
2025-08-12,10:20:00,HOLD,MIDCPNIFTY25AUG12400PE,98.0,252.0,Monitoring
2025-08-12,10:25:00,HOLD,MIDCPNIFTY25AUG12400PE,109.65,-1146.0,Monitoring
2025-08-12,10:30:00,HOLD,MIDCPNIFTY25AUG12400PE,113.65,-1626.0,Monitoring
2025-08-12,10:35:00,HOLD,MIDCPNIFTY25AUG12400PE,113.05,-1554.0,Monitoring
2025-08-12,10:40:00,HOLD,MIDCPNIFTY25AUG12400PE,113.3,-1584.0,Monitoring
2025-08-12,10:45:00,HOLD,MIDCPNIFTY25AUG12400PE,111.3,-1344.0,Monitoring
2025-08-12,10:50:00,HOLD,MIDCPNIFTY25AUG12400PE,113.95,-1662.0,Monitoring
2025-08-12,10:55:00,HOLD,MIDCPNIFTY25AUG12400PE,113.35,-1590.0,Monitoring
2025-08-12,11:00:00,HOLD,MIDCPNIFTY25AUG12400PE,116.7,-1992.0,Monitoring
2025-08-12,11:05:00,HOLD,MIDCPNIFTY25AUG12400PE,121.5,-2568.0,Monitoring
2025-08-12,11:10:00,HOLD,MIDCPNIFTY25AUG12400PE,117.45,-2082.0,Monitoring
2025-08-12,11:15:00,HOLD,MIDCPNIFTY25AUG12400PE,111.6,-1380.0,Monitoring
2025-08-12,11:20:00,HOLD,MIDCPNIFTY25AUG12400PE,109.2,-1092.0,Monitoring
2025-08-12,11:25:00,HOLD,MIDCPNIFTY25AUG12400PE,114.15,-1686.0,Monitoring
2025-08-12,11:30:00,HOLD,MIDCPNIFTY25AUG12400PE,114.1,-1680.0,Monitoring
2025-08-12,11:35:00,HOLD,MIDCPNIFTY25AUG12400PE,111.65,-1386.0,Monitoring
2025-08-12,11:40:00,HOLD,MIDCPNIFTY25AUG12400PE,109.8,-1164.0,Monitoring
2025-08-12,11:45:00,HOLD,MIDCPNIFTY25AUG12400PE,113.95,-1662.0,Monitoring
2025-08-12,11:50:00,HOLD,MIDCPNIFTY25AUG12400PE,109.8,-1164.0,Monitoring
2025-08-12,11:55:00,HOLD,MIDCPNIFTY25AUG12400PE,105.0,-588.0,Monitoring
2025-08-12,12:00:00,HOLD,MIDCPNIFTY25AUG12400PE,106.2,-732.0,Monitoring
2025-08-12,12:05:00,HOLD,MIDCPNIFTY25AUG12400PE,104.8,-564.0,Monitoring
2025-08-12,12:10:00,HOLD,MIDCPNIFTY25AUG12400PE,103.3,-384.0,Monitoring
2025-08-12,12:15:00,HOLD,MIDCPNIFTY25AUG12400PE,101.0,-108.0,Monitoring
2025-08-12,12:20:00,HOLD,MIDCPNIFTY25AUG12400PE,98.1,240.0,Monitoring
2025-08-12,12:25:00,HOLD,MIDCPNIFTY25AUG12400PE,101.85,-210.0,Monitoring
2025-08-12,12:30:00,HOLD,MIDCPNIFTY25AUG12400PE,100.0,12.0,Monitoring
2025-08-12,12:35:00,HOLD,MIDCPNIFTY25AUG12400PE,95.5,552.0,Monitoring
2025-08-12,12:40:00,HOLD,MIDCPNIFTY25AUG12400PE,97.4,324.0,Monitoring
2025-08-12,12:45:00,HOLD,MIDCPNIFTY25AUG12400PE,100.3,-24.0,Monitoring
2025-08-12,12:50:00,HOLD,MIDCPNIFTY25AUG12400PE,100.2,-12.0,Monitoring
2025-08-12,12:55:00,HOLD,MIDCPNIFTY25AUG12400PE,101.65,-186.0,Monitoring
2025-08-12,13:00:00,HOLD,MIDCPNIFTY25AUG12400PE,97.0,372.0,Monitoring
2025-08-12,13:05:00,HOLD,MIDCPNIFTY25AUG12400PE,98.6,180.0,Monitoring
2025-08-12,13:10:00,HOLD,MIDCPNIFTY25AUG12400PE,99.25,102.0,Monitoring
2025-08-12,13:15:00,HOLD,MIDCPNIFTY25AUG12400PE,102.0,-228.0,Monitoring
2025-08-12,13:20:00,HOLD,MIDCPNIFTY25AUG12400PE,99.0,132.0,Monitoring
2025-08-12,13:25:00,HOLD,MIDCPNIFTY25AUG12400PE,100.0,12.0,Monitoring
2025-08-12,13:30:00,HOLD,MIDCPNIFTY25AUG12400PE,104.1,-480.0,Monitoring
2025-08-12,13:35:00,HOLD,MIDCPNIFTY25AUG12400PE,100.45,-42.0,Monitoring
2025-08-12,13:40:00,HOLD,MIDCPNIFTY25AUG12400PE,100.1,0.0,Monitoring
2025-08-12,13:45:00,HOLD,MIDCPNIFTY25AUG12400PE,97.85,270.0,Monitoring
2025-08-12,13:50:00,HOLD,MIDCPNIFTY25AUG12400PE,94.15,714.0,Monitoring
2025-08-12,13:55:00,HOLD,MIDCPNIFTY25AUG12400PE,87.8,1476.0,Monitoring
2025-08-12,14:00:00,HOLD,MIDCPNIFTY25AUG12400PE,91.15,1074.0,Monitoring
2025-08-12,14:05:00,HOLD,MIDCPNIFTY25AUG12400PE,95.0,612.0,Monitoring
2025-08-12,14:10:00,HOLD,MIDCPNIFTY25AUG12400PE,97.0,372.0,Monitoring
2025-08-12,14:15:00,HOLD,MIDCPNIFTY25AUG12400PE,101.2,-132.0,Monitoring
2025-08-12,14:20:00,HOLD,MIDCPNIFTY25AUG12400PE,101.7,-192.0,Monitoring
2025-08-12,14:25:00,HOLD,MIDCPNIFTY25AUG12400PE,100.0,12.0,Monitoring
2025-08-12,14:30:00,HOLD,MIDCPNIFTY25AUG12400PE,105.8,-684.0,Monitoring
2025-08-12,14:35:00,HOLD,MIDCPNIFTY25AUG12400PE,102.8,-324.0,Monitoring
2025-08-12,14:40:00,HOLD,MIDCPNIFTY25AUG12400PE,108.0,-948.0,Monitoring
2025-08-12,14:45:00,HOLD,MIDCPNIFTY25AUG12400PE,110.7,-1272.0,Monitoring
2025-08-12,14:50:00,HOLD,MIDCPNIFTY25AUG12400PE,110.4,-1236.0,Monitoring
2025-08-12,14:55:00,HOLD,MIDCPNIFTY25AUG12400PE,110.0,-1188.0,Monitoring
2025-08-12,15:00:00,HOLD,MIDCPNIFTY25AUG12400PE,120.9,-2496.0,Monitoring
2025-08-12,15:05:00,HOLD,MIDCPNIFTY25AUG12400PE,113.45,-1602.0,Monitoring
2025-08-12,15:10:00,HOLD,MIDCPNIFTY25AUG12400PE,115.25,-1818.0,Monitoring
2025-08-12,15:15:00,HOLD,MIDCPNIFTY25AUG12400PE,110.15,-1206.0,Monitoring
2025-08-12,15:20:00,HOLD,MIDCPNIFTY25AUG12400PE,112.75,-1518.0,Monitoring
2025-08-12,15:25:00,HOLD,MIDCPNIFTY25AUG12400PE,115.0,-1788.0,Monitoring
2025-08-12,15:25:00,BUY_EXIT,MIDCPNIFTY25AUG12400PE,115.0,-1788.0,EMA_REVERSAL_SL
