Date,Time,Event,Ticker,Price,PnL_INR,Info
2025-11-26,14:00:00,SELL_ENTRY,MIDCPNIFTY25DEC13800PE,131.45,0.0,Signal PE | Short
2025-11-26,14:05:00,HOLD,MIDCPNIFTY25DEC13800PE,132.05,-72.0,Monitoring
2025-11-26,14:10:00,HOLD,MIDCPNIFTY25DEC13800PE,130.05,168.0,Monitoring
2025-11-26,14:15:00,HOLD,MIDCPNIFTY25DEC13800PE,130.2,150.0,Monitoring
2025-11-26,14:20:00,HOLD,MIDCPNIFTY25DEC13800PE,130.8,78.0,Monitoring
2025-11-26,14:25:00,HOLD,MIDCPNIFTY25DEC13800PE,132.15,-84.0,Monitoring
2025-11-26,14:30:00,HOLD,MIDCPNIFTY25DEC13800PE,132.05,-72.0,Monitoring
2025-11-26,14:35:00,HOLD,MIDCPNIFTY25DEC13800PE,133.4,-234.0,Monitoring
2025-11-26,14:40:00,HOLD,MIDCPNIFTY25DEC13800PE,131.95,-60.0,Monitoring
2025-11-26,14:45:00,HOLD,MIDCPNIFTY25DEC13800PE,132.6,-138.0,Monitoring
2025-11-26,14:50:00,HOLD,MIDCPNIFTY25DEC13800PE,131.85,-48.0,Monitoring
2025-11-26,14:55:00,HOLD,MIDCPNIFTY25DEC13800PE,129.6,222.0,Monitoring
2025-11-26,15:00:00,HOLD,MIDCPNIFTY25DEC13800PE,126.55,588.0,Monitoring
2025-11-26,15:05:00,HOLD,MIDCPNIFTY25DEC13800PE,121.95,1140.0,Monitoring
2025-11-26,15:10:00,HOLD,MIDCPNIFTY25DEC13800PE,120.9,1266.0,Monitoring
2025-11-26,15:15:00,HOLD,MIDCPNIFTY25DEC13800PE,123.95,900.0,Monitoring
2025-11-26,15:20:00,HOLD,MIDCPNIFTY25DEC13800PE,127.0,534.0,Monitoring
2025-11-26,15:25:00,HOLD,MIDCPNIFTY25DEC13800PE,126.2,630.0,Monitoring
2025-11-27,09:15:00,HOLD,MIDCPNIFTY25DEC13800PE,111.0,2454.0,Monitoring
2025-11-27,09:20:00,HOLD,MIDCPNIFTY25DEC13800PE,113.25,2184.0,Monitoring
2025-11-27,09:25:00,HOLD,MIDCPNIFTY25DEC13800PE,112.05,2328.0,Monitoring
2025-11-27,09:30:00,HOLD,MIDCPNIFTY25DEC13800PE,111.65,2376.0,Monitoring
2025-11-27,09:35:00,HOLD,MIDCPNIFTY25DEC13800PE,116.0,1854.0,Monitoring
2025-11-27,09:40:00,HOLD,MIDCPNIFTY25DEC13800PE,114.9,1986.0,Monitoring
2025-11-27,09:45:00,HOLD,MIDCPNIFTY25DEC13800PE,114.2,2070.0,Monitoring
2025-11-27,09:50:00,HOLD,MIDCPNIFTY25DEC13800PE,113.5,2154.0,Monitoring
2025-11-27,09:55:00,HOLD,MIDCPNIFTY25DEC13800PE,105.9,3066.0,Monitoring
2025-11-27,10:00:00,HOLD,MIDCPNIFTY25DEC13800PE,105.35,3132.0,Monitoring
2025-11-27,10:05:00,HOLD,MIDCPNIFTY25DEC13800PE,105.25,3144.0,Monitoring
2025-11-27,10:10:00,HOLD,MIDCPNIFTY25DEC13800PE,105.7,3090.0,Monitoring
2025-11-27,10:15:00,HOLD,MIDCPNIFTY25DEC13800PE,105.3,3138.0,Monitoring
2025-11-27,10:20:00,HOLD,MIDCPNIFTY25DEC13800PE,107.0,2934.0,Monitoring
2025-11-27,10:25:00,HOLD,MIDCPNIFTY25DEC13800PE,110.0,2574.0,Monitoring
2025-11-27,10:30:00,HOLD,MIDCPNIFTY25DEC13800PE,109.0,2694.0,Monitoring
2025-11-27,10:35:00,HOLD,MIDCPNIFTY25DEC13800PE,107.85,2832.0,Monitoring
2025-11-27,10:40:00,HOLD,MIDCPNIFTY25DEC13800PE,108.45,2760.0,Monitoring
2025-11-27,10:45:00,HOLD,MIDCPNIFTY25DEC13800PE,106.45,3000.0,Monitoring
2025-11-27,10:50:00,HOLD,MIDCPNIFTY25DEC13800PE,110.7,2490.0,Monitoring
2025-11-27,10:55:00,HOLD,MIDCPNIFTY25DEC13800PE,109.7,2610.0,Monitoring
2025-11-27,11:00:00,HOLD,MIDCPNIFTY25DEC13800PE,110.45,2520.0,Monitoring
2025-11-27,11:05:00,HOLD,MIDCPNIFTY25DEC13800PE,110.0,2574.0,Monitoring
2025-11-27,11:10:00,HOLD,MIDCPNIFTY25DEC13800PE,112.75,2244.0,Monitoring
2025-11-27,11:15:00,HOLD,MIDCPNIFTY25DEC13800PE,116.6,1782.0,Monitoring
2025-11-27,11:20:00,HOLD,MIDCPNIFTY25DEC13800PE,114.6,2022.0,Monitoring
2025-11-27,11:25:00,HOLD,MIDCPNIFTY25DEC13800PE,114.3,2058.0,Monitoring
2025-11-27,11:30:00,HOLD,MIDCPNIFTY25DEC13800PE,117.35,1692.0,Monitoring
2025-11-27,11:35:00,HOLD,MIDCPNIFTY25DEC13800PE,116.1,1842.0,Monitoring
2025-11-27,11:40:00,HOLD,MIDCPNIFTY25DEC13800PE,115.5,1914.0,Monitoring
2025-11-27,11:45:00,HOLD,MIDCPNIFTY25DEC13800PE,120.0,1374.0,Monitoring
2025-11-27,11:50:00,HOLD,MIDCPNIFTY25DEC13800PE,118.2,1590.0,Monitoring
2025-11-27,11:55:00,HOLD,MIDCPNIFTY25DEC13800PE,119.55,1428.0,Monitoring
2025-11-27,12:00:00,HOLD,MIDCPNIFTY25DEC13800PE,118.0,1614.0,Monitoring
2025-11-27,12:05:00,HOLD,MIDCPNIFTY25DEC13800PE,122.0,1134.0,Monitoring
2025-11-27,12:10:00,HOLD,MIDCPNIFTY25DEC13800PE,120.5,1314.0,Monitoring
2025-11-27,12:15:00,HOLD,MIDCPNIFTY25DEC13800PE,118.45,1560.0,Monitoring
2025-11-27,12:20:00,HOLD,MIDCPNIFTY25DEC13800PE,122.4,1086.0,Monitoring
2025-11-27,12:25:00,HOLD,MIDCPNIFTY25DEC13800PE,121.3,1218.0,Monitoring
2025-11-27,12:30:00,HOLD,MIDCPNIFTY25DEC13800PE,121.4,1206.0,Monitoring
2025-11-27,12:35:00,HOLD,MIDCPNIFTY25DEC13800PE,123.65,936.0,Monitoring
2025-11-27,12:40:00,HOLD,MIDCPNIFTY25DEC13800PE,116.05,1848.0,Monitoring
2025-11-27,12:45:00,HOLD,MIDCPNIFTY25DEC13800PE,113.15,2196.0,Monitoring
2025-11-27,12:50:00,HOLD,MIDCPNIFTY25DEC13800PE,114.1,2082.0,Monitoring
2025-11-27,12:55:00,HOLD,MIDCPNIFTY25DEC13800PE,113.0,2214.0,Monitoring
2025-11-27,13:00:00,HOLD,MIDCPNIFTY25DEC13800PE,116.0,1854.0,Monitoring
2025-11-27,13:05:00,HOLD,MIDCPNIFTY25DEC13800PE,115.65,1896.0,Monitoring
2025-11-27,13:10:00,HOLD,MIDCPNIFTY25DEC13800PE,125.5,714.0,Monitoring
2025-11-27,13:15:00,HOLD,MIDCPNIFTY25DEC13800PE,126.8,558.0,Monitoring
2025-11-27,13:20:00,HOLD,MIDCPNIFTY25DEC13800PE,132.7,-150.0,Monitoring
2025-11-27,13:25:00,HOLD,MIDCPNIFTY25DEC13800PE,132.35,-108.0,Monitoring
2025-11-27,13:30:00,HOLD,MIDCPNIFTY25DEC13800PE,130.0,174.0,Monitoring
2025-11-27,13:35:00,HOLD,MIDCPNIFTY25DEC13800PE,131.0,54.0,Monitoring
2025-11-27,13:35:00,BUY_EXIT,MIDCPNIFTY25DEC13800PE,131.0,54.0,EMA_REVERSAL_SL
