Date,Time,Event,Ticker,Price,PnL_INR,Info
2024-06-04,14:00:00,SELL_ENTRY,MIDCPNIFTY24JUN11800CE,100.0,0.0,Signal CE | Short
2024-06-04,14:05:00,HOLD,MIDCPNIFTY24JUN11800CE,100.0,0.0,Monitoring
2024-06-04,14:10:00,HOLD,MIDCPNIFTY24JUN11800CE,100.0,0.0,Monitoring
2024-06-04,14:15:00,HOLD,MIDCPNIFTY24JUN11800CE,100.0,0.0,Monitoring
2024-06-04,14:20:00,HOLD,MIDCPNIFTY24JUN11800CE,100.0,0.0,Monitoring
2024-06-04,14:25:00,HOLD,MIDCPNIFTY24JUN11800CE,100.0,0.0,Monitoring
2024-06-04,14:30:00,HOLD,MIDCPNIFTY24JUN11800CE,100.0,0.0,Monitoring
2024-06-04,14:35:00,HOLD,MIDCPNIFTY24JUN11800CE,100.0,0.0,Monitoring
2024-06-04,14:40:00,HOLD,MIDCPNIFTY24JUN11800CE,100.0,0.0,Monitoring
2024-06-04,14:45:00,HOLD,MIDCPNIFTY24JUN11800CE,100.0,0.0,Monitoring
2024-06-04,14:50:00,HOLD,MIDCPNIFTY24JUN11800CE,100.0,0.0,Monitoring
2024-06-04,14:55:00,HOLD,MIDCPNIFTY24JUN11800CE,100.0,0.0,Monitoring
2024-06-04,15:00:00,HOLD,MIDCPNIFTY24JUN11800CE,100.0,0.0,Monitoring
2024-06-04,15:05:00,HOLD,MIDCPNIFTY24JUN11800CE,100.0,0.0,Monitoring
2024-06-04,15:10:00,HOLD,MIDCPNIFTY24JUN11800CE,100.0,0.0,Monitoring
2024-06-04,15:15:00,HOLD,MIDCPNIFTY24JUN11800CE,100.0,0.0,Monitoring
2024-06-04,15:20:00,HOLD,MIDCPNIFTY24JUN11800CE,100.0,0.0,Monitoring
2024-06-04,15:25:00,HOLD,MIDCPNIFTY24JUN11800CE,100.0,0.0,Monitoring
2024-06-05,09:15:00,HOLD,MIDCPNIFTY24JUN11800CE,100.0,0.0,Monitoring
2024-06-05,09:20:00,HOLD,MIDCPNIFTY24JUN11800CE,100.0,0.0,Monitoring
2024-06-05,09:25:00,HOLD,MIDCPNIFTY24JUN11800CE,100.0,0.0,Monitoring
2024-06-05,09:30:00,HOLD,MIDCPNIFTY24JUN11800CE,100.0,0.0,Monitoring
2024-06-05,09:35:00,HOLD,MIDCPNIFTY24JUN11800CE,100.0,0.0,Monitoring
2024-06-05,09:50:00,HOLD,MIDCPNIFTY24JUN11800CE,100.0,0.0,Monitoring
2024-06-05,09:55:00,HOLD,MIDCPNIFTY24JUN11800CE,100.0,0.0,Monitoring
2024-06-05,10:00:00,HOLD,MIDCPNIFTY24JUN11800CE,100.0,0.0,Monitoring
2024-06-05,10:05:00,HOLD,MIDCPNIFTY24JUN11800CE,100.0,0.0,Monitoring
2024-06-05,11:25:00,HOLD,MIDCPNIFTY24JUN11800CE,100.0,0.0,Monitoring
2024-06-05,11:30:00,HOLD,MIDCPNIFTY24JUN11800CE,100.0,0.0,Monitoring
2024-06-05,11:35:00,HOLD,MIDCPNIFTY24JUN11800CE,100.0,0.0,Monitoring
2024-06-05,11:40:00,HOLD,MIDCPNIFTY24JUN11800CE,100.0,0.0,Monitoring
2024-06-05,11:45:00,HOLD,MIDCPNIFTY24JUN11800CE,100.0,0.0,Monitoring
2024-06-05,11:50:00,HOLD,MIDCPNIFTY24JUN11800CE,100.0,0.0,Monitoring
2024-06-05,11:55:00,HOLD,MIDCPNIFTY24JUN11800CE,100.0,0.0,Monitoring
2024-06-05,12:00:00,HOLD,MIDCPNIFTY24JUN11800CE,100.0,0.0,Monitoring
2024-06-05,12:25:00,HOLD,MIDCPNIFTY24JUN11800CE,100.0,0.0,Monitoring
2024-06-05,12:30:00,HOLD,MIDCPNIFTY24JUN11800CE,100.0,0.0,Monitoring
2024-06-05,12:35:00,HOLD,MIDCPNIFTY24JUN11800CE,100.0,0.0,Monitoring
2024-06-05,12:40:00,HOLD,MIDCPNIFTY24JUN11800CE,100.0,0.0,Monitoring
2024-06-05,12:55:00,HOLD,MIDCPNIFTY24JUN11800CE,100.0,0.0,Monitoring
2024-06-05,13:00:00,HOLD,MIDCPNIFTY24JUN11800CE,100.0,0.0,Monitoring
2024-06-05,13:05:00,HOLD,MIDCPNIFTY24JUN11800CE,100.0,0.0,Monitoring
2024-06-05,13:10:00,HOLD,MIDCPNIFTY24JUN11800CE,100.0,0.0,Monitoring
2024-06-05,13:15:00,HOLD,MIDCPNIFTY24JUN11800CE,100.0,0.0,Monitoring
2024-06-05,13:20:00,HOLD,MIDCPNIFTY24JUN11800CE,100.0,0.0,Monitoring
2024-06-05,13:25:00,HOLD,MIDCPNIFTY24JUN11800CE,100.0,0.0,Monitoring
2024-06-05,13:30:00,HOLD,MIDCPNIFTY24JUN11800CE,100.0,0.0,Monitoring
2024-06-05,13:35:00,HOLD,MIDCPNIFTY24JUN11800CE,100.0,0.0,Monitoring
2024-06-05,13:40:00,HOLD,MIDCPNIFTY24JUN11800CE,100.0,0.0,Monitoring
2024-06-05,13:45:00,HOLD,MIDCPNIFTY24JUN11800CE,100.0,0.0,Monitoring
2024-06-05,13:50:00,HOLD,MIDCPNIFTY24JUN11800CE,100.0,0.0,Monitoring
2024-06-05,13:55:00,HOLD,MIDCPNIFTY24JUN11800CE,100.0,0.0,Monitoring
2024-06-05,14:00:00,HOLD,MIDCPNIFTY24JUN11800CE,100.0,0.0,Monitoring
2024-06-05,14:05:00,HOLD,MIDCPNIFTY24JUN11800CE,100.0,0.0,Monitoring
2024-06-05,14:10:00,HOLD,MIDCPNIFTY24JUN11800CE,100.0,0.0,Monitoring
2024-06-05,14:15:00,HOLD,MIDCPNIFTY24JUN11800CE,100.0,0.0,Monitoring
2024-06-05,14:20:00,HOLD,MIDCPNIFTY24JUN11800CE,100.0,0.0,Monitoring
2024-06-05,14:25:00,HOLD,MIDCPNIFTY24JUN11800CE,100.0,0.0,Monitoring
2024-06-05,14:30:00,HOLD,MIDCPNIFTY24JUN11800CE,129.95,-3594.0,Monitoring
2024-06-05,14:35:00,HOLD,MIDCPNIFTY24JUN11800CE,129.95,-3594.0,Monitoring
2024-06-05,14:40:00,HOLD,MIDCPNIFTY24JUN11800CE,136.5,-4380.0,Monitoring
2024-06-05,14:45:00,HOLD,MIDCPNIFTY24JUN11800CE,129.45,-3534.0,Monitoring
2024-06-05,14:45:00,BUY_EXIT,MIDCPNIFTY24JUN11800CE,129.45,-3534.0,EMA_REVERSAL_SL
