Date,Time,Event,Ticker,Price,PnL_INR,Info
2025-04-24,14:25:00,SELL_ENTRY,MIDCPNIFTY25MAY12300CE,329.7,0.0,Signal CE | Short
2025-04-24,14:30:00,HOLD,MIDCPNIFTY25MAY12300CE,325.7,480.0,Monitoring
2025-04-24,14:35:00,HOLD,MIDCPNIFTY25MAY12300CE,325.5,504.0,Monitoring
2025-04-24,14:40:00,HOLD,MIDCPNIFTY25MAY12300CE,326.95,330.0,Monitoring
2025-04-24,14:45:00,HOLD,MIDCPNIFTY25MAY12300CE,322.9,816.0,Monitoring
2025-04-24,14:50:00,HOLD,MIDCPNIFTY25MAY12300CE,314.9,1776.0,Monitoring
2025-04-24,14:55:00,HOLD,MIDCPNIFTY25MAY12300CE,315.0,1764.0,Monitoring
2025-04-24,15:00:00,HOLD,MIDCPNIFTY25MAY12300CE,320.0,1164.0,Monitoring
2025-04-24,15:05:00,HOLD,MIDCPNIFTY25MAY12300CE,321.55,978.0,Monitoring
2025-04-24,15:10:00,HOLD,MIDCPNIFTY25MAY12300CE,324.75,594.0,Monitoring
2025-04-24,15:15:00,HOLD,MIDCPNIFTY25MAY12300CE,325.0,564.0,Monitoring
2025-04-24,15:20:00,HOLD,MIDCPNIFTY25MAY12300CE,322.5,864.0,Monitoring
2025-04-24,15:25:00,HOLD,MIDCPNIFTY25MAY12300CE,309.25,2454.0,Monitoring
2025-04-25,09:15:00,HOLD,MIDCPNIFTY25MAY12300CE,331.2,-180.0,Monitoring
2025-04-25,09:20:00,HOLD,MIDCPNIFTY25MAY12300CE,336.95,-870.0,Monitoring
2025-04-25,09:25:00,HOLD,MIDCPNIFTY25MAY12300CE,340.0,-1236.0,Monitoring
2025-04-25,09:30:00,HOLD,MIDCPNIFTY25MAY12300CE,313.4,1956.0,Monitoring
2025-04-25,09:35:00,HOLD,MIDCPNIFTY25MAY12300CE,287.45,5070.0,Monitoring
2025-04-25,09:40:00,HOLD,MIDCPNIFTY25MAY12300CE,272.0,6924.0,Monitoring
2025-04-25,09:45:00,HOLD,MIDCPNIFTY25MAY12300CE,260.3,8328.0,Monitoring
2025-04-25,09:50:00,HOLD,MIDCPNIFTY25MAY12300CE,251.45,9390.0,Monitoring
2025-04-25,09:55:00,HOLD,MIDCPNIFTY25MAY12300CE,232.75,11634.0,Monitoring
2025-04-25,10:00:00,HOLD,MIDCPNIFTY25MAY12300CE,207.3,14688.0,Monitoring
2025-04-25,10:05:00,HOLD,MIDCPNIFTY25MAY12300CE,203.35,15162.0,Monitoring
2025-04-25,10:10:00,HOLD,MIDCPNIFTY25MAY12300CE,223.25,12774.0,Monitoring
2025-04-25,10:15:00,HOLD,MIDCPNIFTY25MAY12300CE,213.0,14004.0,Monitoring
2025-04-25,10:20:00,HOLD,MIDCPNIFTY25MAY12300CE,215.9,13656.0,Monitoring
2025-04-25,10:25:00,HOLD,MIDCPNIFTY25MAY12300CE,187.05,17118.0,Monitoring
2025-04-25,10:30:00,HOLD,MIDCPNIFTY25MAY12300CE,186.0,17244.0,Monitoring
2025-04-25,10:35:00,HOLD,MIDCPNIFTY25MAY12300CE,189.45,16830.0,Monitoring
2025-04-25,10:40:00,HOLD,MIDCPNIFTY25MAY12300CE,200.2,15540.0,Monitoring
2025-04-25,10:45:00,HOLD,MIDCPNIFTY25MAY12300CE,209.25,14454.0,Monitoring
2025-04-25,10:50:00,HOLD,MIDCPNIFTY25MAY12300CE,202.7,15240.0,Monitoring
2025-04-25,10:55:00,HOLD,MIDCPNIFTY25MAY12300CE,205.4,14916.0,Monitoring
2025-04-25,11:00:00,HOLD,MIDCPNIFTY25MAY12300CE,186.0,17244.0,Monitoring
2025-04-25,11:05:00,HOLD,MIDCPNIFTY25MAY12300CE,196.55,15978.0,Monitoring
2025-04-25,11:10:00,HOLD,MIDCPNIFTY25MAY12300CE,198.8,15708.0,Monitoring
2025-04-25,11:15:00,HOLD,MIDCPNIFTY25MAY12300CE,183.05,17598.0,Monitoring
2025-04-25,11:20:00,HOLD,MIDCPNIFTY25MAY12300CE,180.5,17904.0,Monitoring
2025-04-25,11:25:00,HOLD,MIDCPNIFTY25MAY12300CE,189.0,16884.0,Monitoring
2025-04-25,11:30:00,HOLD,MIDCPNIFTY25MAY12300CE,184.0,17484.0,Monitoring
2025-04-25,11:35:00,HOLD,MIDCPNIFTY25MAY12300CE,196.0,16044.0,Monitoring
2025-04-25,11:40:00,HOLD,MIDCPNIFTY25MAY12300CE,188.75,16914.0,Monitoring
2025-04-25,11:45:00,HOLD,MIDCPNIFTY25MAY12300CE,184.2,17460.0,Monitoring
2025-04-25,11:50:00,HOLD,MIDCPNIFTY25MAY12300CE,194.85,16182.0,Monitoring
2025-04-25,11:55:00,HOLD,MIDCPNIFTY25MAY12300CE,194.55,16218.0,Monitoring
2025-04-25,12:00:00,HOLD,MIDCPNIFTY25MAY12300CE,198.5,15744.0,Monitoring
2025-04-25,12:05:00,HOLD,MIDCPNIFTY25MAY12300CE,207.35,14682.0,Monitoring
2025-04-25,12:10:00,HOLD,MIDCPNIFTY25MAY12300CE,212.7,14040.0,Monitoring
2025-04-25,12:15:00,HOLD,MIDCPNIFTY25MAY12300CE,218.1,13392.0,Monitoring
2025-04-25,12:20:00,HOLD,MIDCPNIFTY25MAY12300CE,217.05,13518.0,Monitoring
2025-04-25,12:25:00,HOLD,MIDCPNIFTY25MAY12300CE,214.6,13812.0,Monitoring
2025-04-25,12:30:00,HOLD,MIDCPNIFTY25MAY12300CE,213.6,13932.0,Monitoring
2025-04-25,12:35:00,HOLD,MIDCPNIFTY25MAY12300CE,222.95,12810.0,Monitoring
2025-04-25,12:40:00,HOLD,MIDCPNIFTY25MAY12300CE,210.4,14316.0,Monitoring
2025-04-25,12:45:00,HOLD,MIDCPNIFTY25MAY12300CE,215.5,13704.0,Monitoring
2025-04-25,12:50:00,HOLD,MIDCPNIFTY25MAY12300CE,220.0,13164.0,Monitoring
2025-04-25,12:55:00,HOLD,MIDCPNIFTY25MAY12300CE,228.55,12138.0,Monitoring
2025-04-25,13:00:00,HOLD,MIDCPNIFTY25MAY12300CE,224.05,12678.0,Monitoring
2025-04-25,13:05:00,HOLD,MIDCPNIFTY25MAY12300CE,225.0,12564.0,Monitoring
2025-04-25,13:10:00,HOLD,MIDCPNIFTY25MAY12300CE,223.9,12696.0,Monitoring
2025-04-25,13:15:00,HOLD,MIDCPNIFTY25MAY12300CE,226.05,12438.0,Monitoring
2025-04-25,13:20:00,HOLD,MIDCPNIFTY25MAY12300CE,230.5,11904.0,Monitoring
2025-04-25,13:25:00,HOLD,MIDCPNIFTY25MAY12300CE,220.0,13164.0,Monitoring
2025-04-25,13:30:00,HOLD,MIDCPNIFTY25MAY12300CE,230.0,11964.0,Monitoring
2025-04-25,13:35:00,HOLD,MIDCPNIFTY25MAY12300CE,226.35,12402.0,Monitoring
2025-04-25,13:40:00,HOLD,MIDCPNIFTY25MAY12300CE,230.4,11916.0,Monitoring
2025-04-25,13:45:00,HOLD,MIDCPNIFTY25MAY12300CE,240.0,10764.0,Monitoring
2025-04-25,13:50:00,HOLD,MIDCPNIFTY25MAY12300CE,247.8,9828.0,Monitoring
2025-04-25,13:55:00,HOLD,MIDCPNIFTY25MAY12300CE,255.45,8910.0,Monitoring
2025-04-25,14:00:00,HOLD,MIDCPNIFTY25MAY12300CE,246.6,9972.0,Monitoring
2025-04-25,14:05:00,HOLD,MIDCPNIFTY25MAY12300CE,216.2,13620.0,Monitoring
2025-04-25,14:10:00,HOLD,MIDCPNIFTY25MAY12300CE,217.65,13446.0,Monitoring
2025-04-25,14:15:00,HOLD,MIDCPNIFTY25MAY12300CE,229.1,12072.0,Monitoring
2025-04-25,14:20:00,HOLD,MIDCPNIFTY25MAY12300CE,229.35,12042.0,Monitoring
2025-04-25,14:25:00,HOLD,MIDCPNIFTY25MAY12300CE,221.15,13026.0,Monitoring
2025-04-25,14:30:00,HOLD,MIDCPNIFTY25MAY12300CE,208.0,14604.0,Monitoring
2025-04-25,14:35:00,HOLD,MIDCPNIFTY25MAY12300CE,212.7,14040.0,Monitoring
2025-04-25,14:40:00,HOLD,MIDCPNIFTY25MAY12300CE,208.25,14574.0,Monitoring
2025-04-25,14:45:00,HOLD,MIDCPNIFTY25MAY12300CE,209.7,14400.0,Monitoring
2025-04-25,14:50:00,HOLD,MIDCPNIFTY25MAY12300CE,217.2,13500.0,Monitoring
2025-04-25,14:55:00,HOLD,MIDCPNIFTY25MAY12300CE,209.2,14460.0,Monitoring
2025-04-25,15:00:00,HOLD,MIDCPNIFTY25MAY12300CE,213.05,13998.0,Monitoring
2025-04-25,15:05:00,HOLD,MIDCPNIFTY25MAY12300CE,210.4,14316.0,Monitoring
2025-04-25,15:10:00,HOLD,MIDCPNIFTY25MAY12300CE,203.4,15156.0,Monitoring
2025-04-25,15:15:00,HOLD,MIDCPNIFTY25MAY12300CE,198.0,15804.0,Monitoring
2025-04-25,15:20:00,HOLD,MIDCPNIFTY25MAY12300CE,190.3,16728.0,Monitoring
2025-04-25,15:25:00,HOLD,MIDCPNIFTY25MAY12300CE,196.75,15954.0,Monitoring
2025-04-28,09:15:00,HOLD,MIDCPNIFTY25MAY12300CE,229.0,12084.0,Monitoring
2025-04-28,09:20:00,HOLD,MIDCPNIFTY25MAY12300CE,210.0,14364.0,Monitoring
2025-04-28,09:25:00,HOLD,MIDCPNIFTY25MAY12300CE,225.0,12564.0,Monitoring
2025-04-28,09:30:00,HOLD,MIDCPNIFTY25MAY12300CE,240.75,10674.0,Monitoring
2025-04-28,09:35:00,HOLD,MIDCPNIFTY25MAY12300CE,237.55,11058.0,Monitoring
2025-04-28,09:40:00,HOLD,MIDCPNIFTY25MAY12300CE,222.45,12870.0,Monitoring
2025-04-28,09:45:00,HOLD,MIDCPNIFTY25MAY12300CE,228.0,12204.0,Monitoring
2025-04-28,09:50:00,HOLD,MIDCPNIFTY25MAY12300CE,223.0,12804.0,Monitoring
2025-04-28,09:55:00,HOLD,MIDCPNIFTY25MAY12300CE,230.45,11910.0,Monitoring
2025-04-28,10:00:00,HOLD,MIDCPNIFTY25MAY12300CE,238.3,10968.0,Monitoring
2025-04-28,10:05:00,HOLD,MIDCPNIFTY25MAY12300CE,248.5,9744.0,Monitoring
2025-04-28,10:10:00,HOLD,MIDCPNIFTY25MAY12300CE,249.15,9666.0,Monitoring
2025-04-28,10:15:00,HOLD,MIDCPNIFTY25MAY12300CE,239.3,10848.0,Monitoring
2025-04-28,10:20:00,HOLD,MIDCPNIFTY25MAY12300CE,226.85,12342.0,Monitoring
2025-04-28,10:25:00,HOLD,MIDCPNIFTY25MAY12300CE,223.9,12696.0,Monitoring
2025-04-28,10:30:00,HOLD,MIDCPNIFTY25MAY12300CE,233.65,11526.0,Monitoring
2025-04-28,10:35:00,HOLD,MIDCPNIFTY25MAY12300CE,235.25,11334.0,Monitoring
2025-04-28,10:40:00,HOLD,MIDCPNIFTY25MAY12300CE,232.3,11688.0,Monitoring
2025-04-28,10:45:00,HOLD,MIDCPNIFTY25MAY12300CE,233.0,11604.0,Monitoring
2025-04-28,10:50:00,HOLD,MIDCPNIFTY25MAY12300CE,236.35,11202.0,Monitoring
2025-04-28,10:55:00,HOLD,MIDCPNIFTY25MAY12300CE,239.3,10848.0,Monitoring
2025-04-28,11:00:00,HOLD,MIDCPNIFTY25MAY12300CE,239.8,10788.0,Monitoring
2025-04-28,11:05:00,HOLD,MIDCPNIFTY25MAY12300CE,242.45,10470.0,Monitoring
2025-04-28,11:10:00,HOLD,MIDCPNIFTY25MAY12300CE,223.0,12804.0,Monitoring
2025-04-28,11:15:00,HOLD,MIDCPNIFTY25MAY12300CE,224.55,12618.0,Monitoring
2025-04-28,11:20:00,HOLD,MIDCPNIFTY25MAY12300CE,232.25,11694.0,Monitoring
2025-04-28,11:25:00,HOLD,MIDCPNIFTY25MAY12300CE,242.0,10524.0,Monitoring
2025-04-28,11:30:00,HOLD,MIDCPNIFTY25MAY12300CE,245.6,10092.0,Monitoring
2025-04-28,11:35:00,HOLD,MIDCPNIFTY25MAY12300CE,246.0,10044.0,Monitoring
2025-04-28,11:40:00,HOLD,MIDCPNIFTY25MAY12300CE,244.15,10266.0,Monitoring
2025-04-28,11:45:00,HOLD,MIDCPNIFTY25MAY12300CE,245.95,10050.0,Monitoring
2025-04-28,11:45:00,BUY_EXIT,MIDCPNIFTY25MAY12300CE,245.95,10050.0,EMA_REVERSAL_SL
