Date,Time,Event,Ticker,Price,PnL_INR,Info
2025-05-12,14:00:00,SELL_ENTRY,MIDCPNIFTY25MAY12300PE,187.5,0.0,Signal PE | Short
2025-05-12,14:05:00,HOLD,MIDCPNIFTY25MAY12300PE,186.0,180.0,Monitoring
2025-05-12,14:10:00,HOLD,MIDCPNIFTY25MAY12300PE,181.1,768.0,Monitoring
2025-05-12,14:15:00,HOLD,MIDCPNIFTY25MAY12300PE,175.75,1410.0,Monitoring
2025-05-12,14:20:00,HOLD,MIDCPNIFTY25MAY12300PE,175.15,1482.0,Monitoring
2025-05-12,14:25:00,HOLD,MIDCPNIFTY25MAY12300PE,173.0,1740.0,Monitoring
2025-05-12,14:30:00,HOLD,MIDCPNIFTY25MAY12300PE,171.45,1926.0,Monitoring
2025-05-12,14:35:00,HOLD,MIDCPNIFTY25MAY12300PE,174.0,1620.0,Monitoring
2025-05-12,14:40:00,HOLD,MIDCPNIFTY25MAY12300PE,174.0,1620.0,Monitoring
2025-05-12,14:45:00,HOLD,MIDCPNIFTY25MAY12300PE,172.35,1818.0,Monitoring
2025-05-12,14:50:00,HOLD,MIDCPNIFTY25MAY12300PE,167.6,2388.0,Monitoring
2025-05-12,14:55:00,HOLD,MIDCPNIFTY25MAY12300PE,162.8,2964.0,Monitoring
2025-05-12,15:00:00,HOLD,MIDCPNIFTY25MAY12300PE,161.0,3180.0,Monitoring
2025-05-12,15:05:00,HOLD,MIDCPNIFTY25MAY12300PE,158.2,3516.0,Monitoring
2025-05-12,15:10:00,HOLD,MIDCPNIFTY25MAY12300PE,165.0,2700.0,Monitoring
2025-05-12,15:15:00,HOLD,MIDCPNIFTY25MAY12300PE,163.85,2838.0,Monitoring
2025-05-12,15:20:00,HOLD,MIDCPNIFTY25MAY12300PE,167.95,2346.0,Monitoring
2025-05-12,15:25:00,HOLD,MIDCPNIFTY25MAY12300PE,164.4,2772.0,Monitoring
2025-05-13,09:15:00,HOLD,MIDCPNIFTY25MAY12300PE,173.2,1716.0,Monitoring
2025-05-13,09:20:00,HOLD,MIDCPNIFTY25MAY12300PE,165.75,2610.0,Monitoring
2025-05-13,09:25:00,HOLD,MIDCPNIFTY25MAY12300PE,171.6,1908.0,Monitoring
2025-05-13,09:30:00,HOLD,MIDCPNIFTY25MAY12300PE,166.3,2544.0,Monitoring
2025-05-13,09:35:00,HOLD,MIDCPNIFTY25MAY12300PE,156.0,3780.0,Monitoring
2025-05-13,09:40:00,HOLD,MIDCPNIFTY25MAY12300PE,160.95,3186.0,Monitoring
2025-05-13,09:45:00,HOLD,MIDCPNIFTY25MAY12300PE,167.65,2382.0,Monitoring
2025-05-13,09:50:00,HOLD,MIDCPNIFTY25MAY12300PE,158.55,3474.0,Monitoring
2025-05-13,09:55:00,HOLD,MIDCPNIFTY25MAY12300PE,168.4,2292.0,Monitoring
2025-05-13,10:00:00,HOLD,MIDCPNIFTY25MAY12300PE,165.05,2694.0,Monitoring
2025-05-13,10:05:00,HOLD,MIDCPNIFTY25MAY12300PE,158.1,3528.0,Monitoring
2025-05-13,10:10:00,HOLD,MIDCPNIFTY25MAY12300PE,155.1,3888.0,Monitoring
2025-05-13,10:15:00,HOLD,MIDCPNIFTY25MAY12300PE,164.95,2706.0,Monitoring
2025-05-13,10:20:00,HOLD,MIDCPNIFTY25MAY12300PE,163.0,2940.0,Monitoring
2025-05-13,10:25:00,HOLD,MIDCPNIFTY25MAY12300PE,169.15,2202.0,Monitoring
2025-05-13,10:30:00,HOLD,MIDCPNIFTY25MAY12300PE,164.8,2724.0,Monitoring
2025-05-13,10:35:00,HOLD,MIDCPNIFTY25MAY12300PE,157.0,3660.0,Monitoring
2025-05-13,10:40:00,HOLD,MIDCPNIFTY25MAY12300PE,157.1,3648.0,Monitoring
2025-05-13,10:45:00,HOLD,MIDCPNIFTY25MAY12300PE,156.0,3780.0,Monitoring
2025-05-13,10:50:00,HOLD,MIDCPNIFTY25MAY12300PE,158.55,3474.0,Monitoring
2025-05-13,10:55:00,HOLD,MIDCPNIFTY25MAY12300PE,153.9,4032.0,Monitoring
2025-05-13,11:00:00,HOLD,MIDCPNIFTY25MAY12300PE,153.25,4110.0,Monitoring
2025-05-13,11:05:00,HOLD,MIDCPNIFTY25MAY12300PE,156.0,3780.0,Monitoring
2025-05-13,11:10:00,HOLD,MIDCPNIFTY25MAY12300PE,159.75,3330.0,Monitoring
2025-05-13,11:15:00,HOLD,MIDCPNIFTY25MAY12300PE,148.55,4674.0,Monitoring
2025-05-13,11:20:00,HOLD,MIDCPNIFTY25MAY12300PE,151.35,4338.0,Monitoring
2025-05-13,11:25:00,HOLD,MIDCPNIFTY25MAY12300PE,148.55,4674.0,Monitoring
2025-05-13,11:30:00,HOLD,MIDCPNIFTY25MAY12300PE,150.65,4422.0,Monitoring
2025-05-13,11:35:00,HOLD,MIDCPNIFTY25MAY12300PE,150.8,4404.0,Monitoring
2025-05-13,11:40:00,HOLD,MIDCPNIFTY25MAY12300PE,151.05,4374.0,Monitoring
2025-05-13,11:45:00,HOLD,MIDCPNIFTY25MAY12300PE,151.0,4380.0,Monitoring
2025-05-13,11:50:00,HOLD,MIDCPNIFTY25MAY12300PE,148.1,4728.0,Monitoring
2025-05-13,11:55:00,HOLD,MIDCPNIFTY25MAY12300PE,146.8,4884.0,Monitoring
2025-05-13,12:00:00,HOLD,MIDCPNIFTY25MAY12300PE,147.7,4776.0,Monitoring
2025-05-13,12:05:00,HOLD,MIDCPNIFTY25MAY12300PE,142.85,5358.0,Monitoring
2025-05-13,12:10:00,HOLD,MIDCPNIFTY25MAY12300PE,143.0,5340.0,Monitoring
2025-05-13,12:15:00,HOLD,MIDCPNIFTY25MAY12300PE,141.0,5580.0,Monitoring
2025-05-13,12:20:00,HOLD,MIDCPNIFTY25MAY12300PE,142.7,5376.0,Monitoring
2025-05-13,12:25:00,HOLD,MIDCPNIFTY25MAY12300PE,143.5,5280.0,Monitoring
2025-05-13,12:30:00,HOLD,MIDCPNIFTY25MAY12300PE,147.0,4860.0,Monitoring
2025-05-13,12:35:00,HOLD,MIDCPNIFTY25MAY12300PE,145.85,4998.0,Monitoring
2025-05-13,12:40:00,HOLD,MIDCPNIFTY25MAY12300PE,149.0,4620.0,Monitoring
2025-05-13,12:45:00,HOLD,MIDCPNIFTY25MAY12300PE,151.3,4344.0,Monitoring
2025-05-13,12:50:00,HOLD,MIDCPNIFTY25MAY12300PE,159.85,3318.0,Monitoring
2025-05-13,12:55:00,HOLD,MIDCPNIFTY25MAY12300PE,156.25,3750.0,Monitoring
2025-05-13,13:00:00,HOLD,MIDCPNIFTY25MAY12300PE,150.9,4392.0,Monitoring
2025-05-13,13:05:00,HOLD,MIDCPNIFTY25MAY12300PE,155.0,3900.0,Monitoring
2025-05-13,13:10:00,HOLD,MIDCPNIFTY25MAY12300PE,155.0,3900.0,Monitoring
2025-05-13,13:15:00,HOLD,MIDCPNIFTY25MAY12300PE,157.25,3630.0,Monitoring
2025-05-13,13:20:00,HOLD,MIDCPNIFTY25MAY12300PE,155.0,3900.0,Monitoring
2025-05-13,13:25:00,HOLD,MIDCPNIFTY25MAY12300PE,154.8,3924.0,Monitoring
2025-05-13,13:30:00,HOLD,MIDCPNIFTY25MAY12300PE,152.65,4182.0,Monitoring
2025-05-13,13:35:00,HOLD,MIDCPNIFTY25MAY12300PE,156.5,3720.0,Monitoring
2025-05-13,13:40:00,HOLD,MIDCPNIFTY25MAY12300PE,149.6,4548.0,Monitoring
2025-05-13,13:45:00,HOLD,MIDCPNIFTY25MAY12300PE,151.0,4380.0,Monitoring
2025-05-13,13:50:00,HOLD,MIDCPNIFTY25MAY12300PE,156.05,3774.0,Monitoring
2025-05-13,13:55:00,HOLD,MIDCPNIFTY25MAY12300PE,158.0,3540.0,Monitoring
2025-05-13,14:00:00,HOLD,MIDCPNIFTY25MAY12300PE,152.6,4188.0,Monitoring
2025-05-13,14:05:00,HOLD,MIDCPNIFTY25MAY12300PE,147.55,4794.0,Monitoring
2025-05-13,14:10:00,HOLD,MIDCPNIFTY25MAY12300PE,152.9,4152.0,Monitoring
2025-05-13,14:15:00,HOLD,MIDCPNIFTY25MAY12300PE,160.55,3234.0,Monitoring
2025-05-13,14:20:00,HOLD,MIDCPNIFTY25MAY12300PE,149.95,4506.0,Monitoring
2025-05-13,14:25:00,HOLD,MIDCPNIFTY25MAY12300PE,153.0,4140.0,Monitoring
2025-05-13,14:30:00,HOLD,MIDCPNIFTY25MAY12300PE,154.75,3930.0,Monitoring
2025-05-13,14:35:00,HOLD,MIDCPNIFTY25MAY12300PE,151.0,4380.0,Monitoring
2025-05-13,14:40:00,HOLD,MIDCPNIFTY25MAY12300PE,153.4,4092.0,Monitoring
2025-05-13,14:45:00,HOLD,MIDCPNIFTY25MAY12300PE,152.5,4200.0,Monitoring
2025-05-13,14:50:00,HOLD,MIDCPNIFTY25MAY12300PE,153.15,4122.0,Monitoring
2025-05-13,14:55:00,HOLD,MIDCPNIFTY25MAY12300PE,154.85,3918.0,Monitoring
2025-05-13,15:00:00,HOLD,MIDCPNIFTY25MAY12300PE,158.3,3504.0,Monitoring
2025-05-13,15:05:00,HOLD,MIDCPNIFTY25MAY12300PE,158.0,3540.0,Monitoring
2025-05-13,15:10:00,HOLD,MIDCPNIFTY25MAY12300PE,160.75,3210.0,Monitoring
2025-05-13,15:15:00,HOLD,MIDCPNIFTY25MAY12300PE,156.55,3714.0,Monitoring
2025-05-13,15:20:00,HOLD,MIDCPNIFTY25MAY12300PE,157.35,3618.0,Monitoring
2025-05-13,15:25:00,HOLD,MIDCPNIFTY25MAY12300PE,152.85,4158.0,Monitoring
2025-05-14,09:15:00,HOLD,MIDCPNIFTY25MAY12300PE,146.05,4974.0,Monitoring
2025-05-14,09:20:00,HOLD,MIDCPNIFTY25MAY12300PE,133.45,6486.0,Monitoring
2025-05-14,09:25:00,HOLD,MIDCPNIFTY25MAY12300PE,131.3,6744.0,Monitoring
2025-05-14,09:30:00,HOLD,MIDCPNIFTY25MAY12300PE,135.95,6186.0,Monitoring
2025-05-14,09:35:00,HOLD,MIDCPNIFTY25MAY12300PE,138.0,5940.0,Monitoring
2025-05-14,09:40:00,HOLD,MIDCPNIFTY25MAY12300PE,131.0,6780.0,Monitoring
2025-05-14,09:45:00,HOLD,MIDCPNIFTY25MAY12300PE,126.1,7368.0,Monitoring
2025-05-14,09:50:00,HOLD,MIDCPNIFTY25MAY12300PE,128.5,7080.0,Monitoring
2025-05-14,09:55:00,HOLD,MIDCPNIFTY25MAY12300PE,121.75,7890.0,Monitoring
2025-05-14,10:00:00,HOLD,MIDCPNIFTY25MAY12300PE,122.7,7776.0,Monitoring
2025-05-14,10:05:00,HOLD,MIDCPNIFTY25MAY12300PE,123.05,7734.0,Monitoring
2025-05-14,10:10:00,HOLD,MIDCPNIFTY25MAY12300PE,122.7,7776.0,Monitoring
2025-05-14,10:15:00,HOLD,MIDCPNIFTY25MAY12300PE,116.0,8580.0,Monitoring
2025-05-14,10:20:00,HOLD,MIDCPNIFTY25MAY12300PE,113.95,8826.0,Monitoring
2025-05-14,10:25:00,HOLD,MIDCPNIFTY25MAY12300PE,119.8,8124.0,Monitoring
2025-05-14,10:30:00,HOLD,MIDCPNIFTY25MAY12300PE,120.1,8088.0,Monitoring
2025-05-14,10:35:00,HOLD,MIDCPNIFTY25MAY12300PE,118.15,8322.0,Monitoring
2025-05-14,10:40:00,HOLD,MIDCPNIFTY25MAY12300PE,116.0,8580.0,Monitoring
2025-05-14,10:45:00,HOLD,MIDCPNIFTY25MAY12300PE,121.9,7872.0,Monitoring
2025-05-14,10:50:00,HOLD,MIDCPNIFTY25MAY12300PE,122.0,7860.0,Monitoring
2025-05-14,10:55:00,HOLD,MIDCPNIFTY25MAY12300PE,126.0,7380.0,Monitoring
2025-05-14,11:00:00,HOLD,MIDCPNIFTY25MAY12300PE,125.25,7470.0,Monitoring
2025-05-14,11:05:00,HOLD,MIDCPNIFTY25MAY12300PE,122.7,7776.0,Monitoring
2025-05-14,11:10:00,HOLD,MIDCPNIFTY25MAY12300PE,125.2,7476.0,Monitoring
2025-05-14,11:15:00,HOLD,MIDCPNIFTY25MAY12300PE,122.95,7746.0,Monitoring
2025-05-14,11:20:00,HOLD,MIDCPNIFTY25MAY12300PE,119.15,8202.0,Monitoring
2025-05-14,11:25:00,HOLD,MIDCPNIFTY25MAY12300PE,115.45,8646.0,Monitoring
2025-05-14,11:30:00,HOLD,MIDCPNIFTY25MAY12300PE,118.2,8316.0,Monitoring
2025-05-14,11:35:00,HOLD,MIDCPNIFTY25MAY12300PE,120.5,8040.0,Monitoring
2025-05-14,11:40:00,HOLD,MIDCPNIFTY25MAY12300PE,123.0,7740.0,Monitoring
2025-05-14,11:45:00,HOLD,MIDCPNIFTY25MAY12300PE,130.2,6876.0,Monitoring
2025-05-14,11:50:00,HOLD,MIDCPNIFTY25MAY12300PE,134.0,6420.0,Monitoring
2025-05-14,11:55:00,HOLD,MIDCPNIFTY25MAY12300PE,127.0,7260.0,Monitoring
2025-05-14,12:00:00,HOLD,MIDCPNIFTY25MAY12300PE,125.15,7482.0,Monitoring
2025-05-14,12:05:00,HOLD,MIDCPNIFTY25MAY12300PE,127.4,7212.0,Monitoring
2025-05-14,12:10:00,HOLD,MIDCPNIFTY25MAY12300PE,124.0,7620.0,Monitoring
2025-05-14,12:15:00,HOLD,MIDCPNIFTY25MAY12300PE,123.4,7692.0,Monitoring
2025-05-14,12:20:00,HOLD,MIDCPNIFTY25MAY12300PE,127.2,7236.0,Monitoring
2025-05-14,12:25:00,HOLD,MIDCPNIFTY25MAY12300PE,124.9,7512.0,Monitoring
2025-05-14,12:30:00,HOLD,MIDCPNIFTY25MAY12300PE,127.0,7260.0,Monitoring
2025-05-14,12:35:00,HOLD,MIDCPNIFTY25MAY12300PE,132.95,6546.0,Monitoring
2025-05-14,12:40:00,HOLD,MIDCPNIFTY25MAY12300PE,131.0,6780.0,Monitoring
2025-05-14,12:45:00,HOLD,MIDCPNIFTY25MAY12300PE,139.15,5802.0,Monitoring
2025-05-14,12:50:00,HOLD,MIDCPNIFTY25MAY12300PE,139.05,5814.0,Monitoring
2025-05-14,12:55:00,HOLD,MIDCPNIFTY25MAY12300PE,135.0,6300.0,Monitoring
2025-05-14,13:00:00,HOLD,MIDCPNIFTY25MAY12300PE,129.25,6990.0,Monitoring
2025-05-14,13:05:00,HOLD,MIDCPNIFTY25MAY12300PE,123.75,7650.0,Monitoring
2025-05-14,13:10:00,HOLD,MIDCPNIFTY25MAY12300PE,125.35,7458.0,Monitoring
2025-05-14,13:15:00,HOLD,MIDCPNIFTY25MAY12300PE,128.1,7128.0,Monitoring
2025-05-14,13:20:00,HOLD,MIDCPNIFTY25MAY12300PE,125.7,7416.0,Monitoring
2025-05-14,13:25:00,HOLD,MIDCPNIFTY25MAY12300PE,122.25,7830.0,Monitoring
2025-05-14,13:30:00,HOLD,MIDCPNIFTY25MAY12300PE,121.5,7920.0,Monitoring
2025-05-14,13:35:00,HOLD,MIDCPNIFTY25MAY12300PE,120.55,8034.0,Monitoring
2025-05-14,13:40:00,HOLD,MIDCPNIFTY25MAY12300PE,118.9,8232.0,Monitoring
2025-05-14,13:45:00,HOLD,MIDCPNIFTY25MAY12300PE,120.0,8100.0,Monitoring
2025-05-14,13:50:00,HOLD,MIDCPNIFTY25MAY12300PE,120.5,8040.0,Monitoring
2025-05-14,13:55:00,HOLD,MIDCPNIFTY25MAY12300PE,119.7,8136.0,Monitoring
2025-05-14,14:00:00,HOLD,MIDCPNIFTY25MAY12300PE,126.7,7296.0,Monitoring
2025-05-14,14:05:00,HOLD,MIDCPNIFTY25MAY12300PE,123.2,7716.0,Monitoring
2025-05-14,14:10:00,HOLD,MIDCPNIFTY25MAY12300PE,122.1,7848.0,Monitoring
2025-05-14,14:15:00,HOLD,MIDCPNIFTY25MAY12300PE,123.2,7716.0,Monitoring
2025-05-14,14:20:00,HOLD,MIDCPNIFTY25MAY12300PE,118.05,8334.0,Monitoring
2025-05-14,14:25:00,HOLD,MIDCPNIFTY25MAY12300PE,118.5,8280.0,Monitoring
2025-05-14,14:30:00,HOLD,MIDCPNIFTY25MAY12300PE,121.25,7950.0,Monitoring
2025-05-14,14:35:00,HOLD,MIDCPNIFTY25MAY12300PE,120.0,8100.0,Monitoring
2025-05-14,14:40:00,HOLD,MIDCPNIFTY25MAY12300PE,115.8,8604.0,Monitoring
2025-05-14,14:45:00,HOLD,MIDCPNIFTY25MAY12300PE,115.7,8616.0,Monitoring
2025-05-14,14:50:00,HOLD,MIDCPNIFTY25MAY12300PE,120.05,8094.0,Monitoring
2025-05-14,14:55:00,HOLD,MIDCPNIFTY25MAY12300PE,121.65,7902.0,Monitoring
2025-05-14,15:00:00,HOLD,MIDCPNIFTY25MAY12300PE,122.55,7794.0,Monitoring
2025-05-14,15:05:00,HOLD,MIDCPNIFTY25MAY12300PE,114.8,8724.0,Monitoring
2025-05-14,15:10:00,HOLD,MIDCPNIFTY25MAY12300PE,112.3,9024.0,Monitoring
2025-05-14,15:15:00,HOLD,MIDCPNIFTY25MAY12300PE,110.0,9300.0,Monitoring
2025-05-14,15:20:00,HOLD,MIDCPNIFTY25MAY12300PE,105.0,9900.0,Monitoring
2025-05-14,15:25:00,HOLD,MIDCPNIFTY25MAY12300PE,104.0,10020.0,Monitoring
2025-05-15,09:15:00,HOLD,MIDCPNIFTY25MAY12300PE,108.15,9522.0,Monitoring
2025-05-15,09:20:00,HOLD,MIDCPNIFTY25MAY12300PE,102.4,10212.0,Monitoring
2025-05-15,09:25:00,HOLD,MIDCPNIFTY25MAY12300PE,105.35,9858.0,Monitoring
2025-05-15,09:30:00,HOLD,MIDCPNIFTY25MAY12300PE,102.65,10182.0,Monitoring
2025-05-15,09:35:00,HOLD,MIDCPNIFTY25MAY12300PE,107.4,9612.0,Monitoring
2025-05-15,09:40:00,HOLD,MIDCPNIFTY25MAY12300PE,108.05,9534.0,Monitoring
2025-05-15,09:45:00,HOLD,MIDCPNIFTY25MAY12300PE,107.65,9582.0,Monitoring
2025-05-15,09:50:00,HOLD,MIDCPNIFTY25MAY12300PE,111.95,9066.0,Monitoring
2025-05-15,09:55:00,HOLD,MIDCPNIFTY25MAY12300PE,115.6,8628.0,Monitoring
2025-05-15,10:00:00,HOLD,MIDCPNIFTY25MAY12300PE,113.0,8940.0,Monitoring
2025-05-15,10:05:00,HOLD,MIDCPNIFTY25MAY12300PE,112.3,9024.0,Monitoring
2025-05-15,10:10:00,HOLD,MIDCPNIFTY25MAY12300PE,115.0,8700.0,Monitoring
2025-05-15,10:15:00,HOLD,MIDCPNIFTY25MAY12300PE,113.0,8940.0,Monitoring
2025-05-15,10:20:00,HOLD,MIDCPNIFTY25MAY12300PE,110.8,9204.0,Monitoring
2025-05-15,10:25:00,HOLD,MIDCPNIFTY25MAY12300PE,109.0,9420.0,Monitoring
2025-05-15,10:30:00,HOLD,MIDCPNIFTY25MAY12300PE,106.1,9768.0,Monitoring
2025-05-15,10:35:00,HOLD,MIDCPNIFTY25MAY12300PE,100.0,10500.0,Monitoring
2025-05-15,10:40:00,HOLD,MIDCPNIFTY25MAY12300PE,100.65,10422.0,Monitoring
2025-05-15,10:45:00,HOLD,MIDCPNIFTY25MAY12300PE,99.05,10614.0,Monitoring
2025-05-15,10:50:00,HOLD,MIDCPNIFTY25MAY12300PE,101.85,10278.0,Monitoring
2025-05-15,10:55:00,HOLD,MIDCPNIFTY25MAY12300PE,98.2,10716.0,Monitoring
2025-05-15,11:00:00,HOLD,MIDCPNIFTY25MAY12300PE,100.3,10464.0,Monitoring
2025-05-15,11:05:00,HOLD,MIDCPNIFTY25MAY12300PE,102.95,10146.0,Monitoring
2025-05-15,11:10:00,HOLD,MIDCPNIFTY25MAY12300PE,106.0,9780.0,Monitoring
2025-05-15,11:15:00,HOLD,MIDCPNIFTY25MAY12300PE,97.95,10746.0,Monitoring
2025-05-15,11:20:00,HOLD,MIDCPNIFTY25MAY12300PE,103.55,10074.0,Monitoring
2025-05-15,11:25:00,HOLD,MIDCPNIFTY25MAY12300PE,98.95,10626.0,Monitoring
2025-05-15,11:30:00,HOLD,MIDCPNIFTY25MAY12300PE,102.4,10212.0,Monitoring
2025-05-15,11:35:00,HOLD,MIDCPNIFTY25MAY12300PE,105.55,9834.0,Monitoring
2025-05-15,11:40:00,HOLD,MIDCPNIFTY25MAY12300PE,102.55,10194.0,Monitoring
2025-05-15,11:45:00,HOLD,MIDCPNIFTY25MAY12300PE,100.45,10446.0,Monitoring
2025-05-15,11:50:00,HOLD,MIDCPNIFTY25MAY12300PE,101.6,10308.0,Monitoring
2025-05-15,11:55:00,HOLD,MIDCPNIFTY25MAY12300PE,102.6,10188.0,Monitoring
2025-05-15,12:00:00,HOLD,MIDCPNIFTY25MAY12300PE,100.3,10464.0,Monitoring
2025-05-15,12:05:00,HOLD,MIDCPNIFTY25MAY12300PE,98.8,10644.0,Monitoring
2025-05-15,12:10:00,HOLD,MIDCPNIFTY25MAY12300PE,101.25,10350.0,Monitoring
2025-05-15,12:15:00,HOLD,MIDCPNIFTY25MAY12300PE,98.85,10638.0,Monitoring
2025-05-15,12:20:00,HOLD,MIDCPNIFTY25MAY12300PE,103.7,10056.0,Monitoring
2025-05-15,12:25:00,HOLD,MIDCPNIFTY25MAY12300PE,104.3,9984.0,Monitoring
2025-05-15,12:30:00,HOLD,MIDCPNIFTY25MAY12300PE,103.8,10044.0,Monitoring
2025-05-15,12:35:00,HOLD,MIDCPNIFTY25MAY12300PE,100.85,10398.0,Monitoring
2025-05-15,12:40:00,HOLD,MIDCPNIFTY25MAY12300PE,105.9,9792.0,Monitoring
2025-05-15,12:45:00,HOLD,MIDCPNIFTY25MAY12300PE,106.7,9696.0,Monitoring
2025-05-15,12:50:00,HOLD,MIDCPNIFTY25MAY12300PE,103.6,10068.0,Monitoring
2025-05-15,12:55:00,HOLD,MIDCPNIFTY25MAY12300PE,103.0,10140.0,Monitoring
2025-05-15,13:00:00,HOLD,MIDCPNIFTY25MAY12300PE,101.25,10350.0,Monitoring
2025-05-15,13:05:00,HOLD,MIDCPNIFTY25MAY12300PE,96.35,10938.0,Monitoring
2025-05-15,13:10:00,HOLD,MIDCPNIFTY25MAY12300PE,93.35,11298.0,Monitoring
2025-05-15,13:15:00,HOLD,MIDCPNIFTY25MAY12300PE,91.2,11556.0,Monitoring
2025-05-15,13:20:00,HOLD,MIDCPNIFTY25MAY12300PE,93.0,11340.0,Monitoring
2025-05-15,13:25:00,HOLD,MIDCPNIFTY25MAY12300PE,93.8,11244.0,Monitoring
2025-05-15,13:30:00,HOLD,MIDCPNIFTY25MAY12300PE,88.0,11940.0,Monitoring
2025-05-15,13:35:00,HOLD,MIDCPNIFTY25MAY12300PE,87.0,12060.0,Monitoring
2025-05-15,13:40:00,HOLD,MIDCPNIFTY25MAY12300PE,87.75,11970.0,Monitoring
2025-05-15,13:45:00,HOLD,MIDCPNIFTY25MAY12300PE,83.3,12504.0,Monitoring
2025-05-15,13:50:00,HOLD,MIDCPNIFTY25MAY12300PE,85.2,12276.0,Monitoring
2025-05-15,13:55:00,HOLD,MIDCPNIFTY25MAY12300PE,83.9,12432.0,Monitoring
2025-05-15,14:00:00,HOLD,MIDCPNIFTY25MAY12300PE,88.0,11940.0,Monitoring
2025-05-15,14:05:00,HOLD,MIDCPNIFTY25MAY12300PE,87.0,12060.0,Monitoring
2025-05-15,14:10:00,HOLD,MIDCPNIFTY25MAY12300PE,86.2,12156.0,Monitoring
2025-05-15,14:15:00,HOLD,MIDCPNIFTY25MAY12300PE,83.0,12540.0,Monitoring
2025-05-15,14:20:00,HOLD,MIDCPNIFTY25MAY12300PE,85.75,12210.0,Monitoring
2025-05-15,14:25:00,HOLD,MIDCPNIFTY25MAY12300PE,83.35,12498.0,Monitoring
2025-05-15,14:30:00,HOLD,MIDCPNIFTY25MAY12300PE,85.35,12258.0,Monitoring
2025-05-15,14:35:00,HOLD,MIDCPNIFTY25MAY12300PE,83.5,12480.0,Monitoring
2025-05-15,14:40:00,HOLD,MIDCPNIFTY25MAY12300PE,80.0,12900.0,Monitoring
2025-05-15,14:45:00,HOLD,MIDCPNIFTY25MAY12300PE,79.3,12984.0,Monitoring
2025-05-15,14:50:00,HOLD,MIDCPNIFTY25MAY12300PE,78.35,13098.0,Monitoring
2025-05-15,14:55:00,HOLD,MIDCPNIFTY25MAY12300PE,76.8,13284.0,Monitoring
2025-05-15,15:00:00,HOLD,MIDCPNIFTY25MAY12300PE,77.9,13152.0,Monitoring
2025-05-15,15:05:00,HOLD,MIDCPNIFTY25MAY12300PE,77.6,13188.0,Monitoring
2025-05-15,15:10:00,HOLD,MIDCPNIFTY25MAY12300PE,79.95,12906.0,Monitoring
2025-05-15,15:15:00,HOLD,MIDCPNIFTY25MAY12300PE,79.8,12924.0,Monitoring
2025-05-15,15:20:00,HOLD,MIDCPNIFTY25MAY12300PE,79.95,12906.0,Monitoring
2025-05-15,15:25:00,HOLD,MIDCPNIFTY25MAY12300PE,79.0,13020.0,Monitoring
2025-05-16,09:15:00,HOLD,MIDCPNIFTY25MAY12300PE,73.75,13650.0,Monitoring
2025-05-16,09:20:00,HOLD,MIDCPNIFTY25MAY12300PE,75.7,13416.0,Monitoring
2025-05-16,09:25:00,HOLD,MIDCPNIFTY25MAY12300PE,73.0,13740.0,Monitoring
2025-05-16,09:30:00,HOLD,MIDCPNIFTY25MAY12300PE,73.5,13680.0,Monitoring
2025-05-16,09:35:00,HOLD,MIDCPNIFTY25MAY12300PE,73.5,13680.0,Monitoring
2025-05-16,09:40:00,HOLD,MIDCPNIFTY25MAY12300PE,70.3,14064.0,Monitoring
2025-05-16,09:45:00,HOLD,MIDCPNIFTY25MAY12300PE,65.55,14634.0,Monitoring
2025-05-16,09:50:00,HOLD,MIDCPNIFTY25MAY12300PE,70.9,13992.0,Monitoring
2025-05-16,09:55:00,HOLD,MIDCPNIFTY25MAY12300PE,71.8,13884.0,Monitoring
2025-05-16,10:00:00,HOLD,MIDCPNIFTY25MAY12300PE,68.85,14238.0,Monitoring
2025-05-16,10:05:00,HOLD,MIDCPNIFTY25MAY12300PE,69.3,14184.0,Monitoring
2025-05-16,10:10:00,HOLD,MIDCPNIFTY25MAY12300PE,69.0,14220.0,Monitoring
2025-05-16,10:15:00,HOLD,MIDCPNIFTY25MAY12300PE,62.65,14982.0,Monitoring
2025-05-16,10:20:00,HOLD,MIDCPNIFTY25MAY12300PE,65.75,14610.0,Monitoring
2025-05-16,10:25:00,HOLD,MIDCPNIFTY25MAY12300PE,66.3,14544.0,Monitoring
2025-05-16,10:30:00,HOLD,MIDCPNIFTY25MAY12300PE,65.0,14700.0,Monitoring
2025-05-16,10:35:00,HOLD,MIDCPNIFTY25MAY12300PE,65.7,14616.0,Monitoring
2025-05-16,10:40:00,HOLD,MIDCPNIFTY25MAY12300PE,64.85,14718.0,Monitoring
2025-05-16,10:45:00,HOLD,MIDCPNIFTY25MAY12300PE,64.6,14748.0,Monitoring
2025-05-16,10:50:00,HOLD,MIDCPNIFTY25MAY12300PE,63.2,14916.0,Monitoring
2025-05-16,10:55:00,HOLD,MIDCPNIFTY25MAY12300PE,62.55,14994.0,Monitoring
2025-05-16,11:00:00,HOLD,MIDCPNIFTY25MAY12300PE,62.05,15054.0,Monitoring
2025-05-16,11:05:00,HOLD,MIDCPNIFTY25MAY12300PE,64.0,14820.0,Monitoring
2025-05-16,11:10:00,HOLD,MIDCPNIFTY25MAY12300PE,60.0,15300.0,Monitoring
2025-05-16,11:15:00,HOLD,MIDCPNIFTY25MAY12300PE,60.0,15300.0,Monitoring
2025-05-16,11:20:00,HOLD,MIDCPNIFTY25MAY12300PE,62.15,15042.0,Monitoring
2025-05-16,11:25:00,HOLD,MIDCPNIFTY25MAY12300PE,62.5,15000.0,Monitoring
2025-05-16,11:30:00,HOLD,MIDCPNIFTY25MAY12300PE,60.9,15192.0,Monitoring
2025-05-16,11:35:00,HOLD,MIDCPNIFTY25MAY12300PE,59.8,15324.0,Monitoring
2025-05-16,11:40:00,HOLD,MIDCPNIFTY25MAY12300PE,60.9,15192.0,Monitoring
2025-05-16,11:45:00,HOLD,MIDCPNIFTY25MAY12300PE,59.0,15420.0,Monitoring
2025-05-16,11:50:00,HOLD,MIDCPNIFTY25MAY12300PE,60.8,15204.0,Monitoring
2025-05-16,11:55:00,HOLD,MIDCPNIFTY25MAY12300PE,60.3,15264.0,Monitoring
2025-05-16,12:00:00,HOLD,MIDCPNIFTY25MAY12300PE,59.95,15306.0,Monitoring
2025-05-16,12:05:00,HOLD,MIDCPNIFTY25MAY12300PE,59.35,15378.0,Monitoring
2025-05-16,12:10:00,HOLD,MIDCPNIFTY25MAY12300PE,59.45,15366.0,Monitoring
2025-05-16,12:15:00,HOLD,MIDCPNIFTY25MAY12300PE,58.8,15444.0,Monitoring
2025-05-16,12:20:00,HOLD,MIDCPNIFTY25MAY12300PE,58.45,15486.0,Monitoring
2025-05-16,12:25:00,HOLD,MIDCPNIFTY25MAY12300PE,58.05,15534.0,Monitoring
2025-05-16,12:30:00,HOLD,MIDCPNIFTY25MAY12300PE,54.8,15924.0,Monitoring
2025-05-16,12:35:00,HOLD,MIDCPNIFTY25MAY12300PE,57.1,15648.0,Monitoring
2025-05-16,12:40:00,HOLD,MIDCPNIFTY25MAY12300PE,54.5,15960.0,Monitoring
2025-05-16,12:45:00,HOLD,MIDCPNIFTY25MAY12300PE,53.9,16032.0,Monitoring
2025-05-16,12:50:00,HOLD,MIDCPNIFTY25MAY12300PE,54.0,16020.0,Monitoring
2025-05-16,12:55:00,HOLD,MIDCPNIFTY25MAY12300PE,55.9,15792.0,Monitoring
2025-05-16,13:00:00,HOLD,MIDCPNIFTY25MAY12300PE,54.15,16002.0,Monitoring
2025-05-16,13:05:00,HOLD,MIDCPNIFTY25MAY12300PE,55.7,15816.0,Monitoring
2025-05-16,13:10:00,HOLD,MIDCPNIFTY25MAY12300PE,54.0,16020.0,Monitoring
2025-05-16,13:15:00,HOLD,MIDCPNIFTY25MAY12300PE,54.65,15942.0,Monitoring
2025-05-16,13:20:00,HOLD,MIDCPNIFTY25MAY12300PE,54.0,16020.0,Monitoring
2025-05-16,13:25:00,HOLD,MIDCPNIFTY25MAY12300PE,52.3,16224.0,Monitoring
2025-05-16,13:30:00,HOLD,MIDCPNIFTY25MAY12300PE,53.6,16068.0,Monitoring
2025-05-16,13:35:00,HOLD,MIDCPNIFTY25MAY12300PE,53.9,16032.0,Monitoring
2025-05-16,13:40:00,HOLD,MIDCPNIFTY25MAY12300PE,57.0,15660.0,Monitoring
2025-05-16,13:45:00,HOLD,MIDCPNIFTY25MAY12300PE,54.5,15960.0,Monitoring
2025-05-16,13:50:00,HOLD,MIDCPNIFTY25MAY12300PE,53.2,16116.0,Monitoring
2025-05-16,13:55:00,HOLD,MIDCPNIFTY25MAY12300PE,54.0,16020.0,Monitoring
2025-05-16,14:00:00,HOLD,MIDCPNIFTY25MAY12300PE,52.3,16224.0,Monitoring
2025-05-16,14:05:00,HOLD,MIDCPNIFTY25MAY12300PE,52.5,16200.0,Monitoring
2025-05-16,14:10:00,HOLD,MIDCPNIFTY25MAY12300PE,52.55,16194.0,Monitoring
2025-05-16,14:15:00,HOLD,MIDCPNIFTY25MAY12300PE,54.9,15912.0,Monitoring
2025-05-16,14:20:00,HOLD,MIDCPNIFTY25MAY12300PE,55.3,15864.0,Monitoring
2025-05-16,14:25:00,HOLD,MIDCPNIFTY25MAY12300PE,61.45,15126.0,Monitoring
2025-05-16,14:30:00,HOLD,MIDCPNIFTY25MAY12300PE,62.25,15030.0,Monitoring
2025-05-16,14:35:00,HOLD,MIDCPNIFTY25MAY12300PE,61.8,15084.0,Monitoring
2025-05-16,14:40:00,HOLD,MIDCPNIFTY25MAY12300PE,65.0,14700.0,Monitoring
2025-05-16,14:45:00,HOLD,MIDCPNIFTY25MAY12300PE,61.4,15132.0,Monitoring
2025-05-16,14:50:00,HOLD,MIDCPNIFTY25MAY12300PE,60.55,15234.0,Monitoring
2025-05-16,14:55:00,HOLD,MIDCPNIFTY25MAY12300PE,59.7,15336.0,Monitoring
2025-05-16,15:00:00,HOLD,MIDCPNIFTY25MAY12300PE,55.7,15816.0,Monitoring
2025-05-16,15:05:00,HOLD,MIDCPNIFTY25MAY12300PE,54.25,15990.0,Monitoring
2025-05-16,15:10:00,HOLD,MIDCPNIFTY25MAY12300PE,55.8,15804.0,Monitoring
2025-05-16,15:15:00,HOLD,MIDCPNIFTY25MAY12300PE,55.9,15792.0,Monitoring
2025-05-16,15:20:00,HOLD,MIDCPNIFTY25MAY12300PE,55.0,15900.0,Monitoring
2025-05-16,15:25:00,HOLD,MIDCPNIFTY25MAY12300PE,57.3,15624.0,Monitoring
2025-05-19,09:15:00,HOLD,MIDCPNIFTY25MAY12300PE,54.4,15972.0,Monitoring
2025-05-19,09:20:00,HOLD,MIDCPNIFTY25MAY12300PE,50.0,16500.0,Monitoring
2025-05-19,09:25:00,HOLD,MIDCPNIFTY25MAY12300PE,54.4,15972.0,Monitoring
2025-05-19,09:30:00,HOLD,MIDCPNIFTY25MAY12300PE,52.5,16200.0,Monitoring
2025-05-19,09:35:00,HOLD,MIDCPNIFTY25MAY12300PE,67.45,14406.0,Monitoring
2025-05-19,09:40:00,HOLD,MIDCPNIFTY25MAY12300PE,64.5,14760.0,Monitoring
2025-05-19,09:45:00,HOLD,MIDCPNIFTY25MAY12300PE,62.2,15036.0,Monitoring
2025-05-19,09:50:00,HOLD,MIDCPNIFTY25MAY12300PE,60.5,15240.0,Monitoring
2025-05-19,09:55:00,HOLD,MIDCPNIFTY25MAY12300PE,61.15,15162.0,Monitoring
2025-05-19,10:00:00,HOLD,MIDCPNIFTY25MAY12300PE,57.5,15600.0,Monitoring
2025-05-19,10:05:00,HOLD,MIDCPNIFTY25MAY12300PE,54.7,15936.0,Monitoring
2025-05-19,10:10:00,HOLD,MIDCPNIFTY25MAY12300PE,55.05,15894.0,Monitoring
2025-05-19,10:15:00,HOLD,MIDCPNIFTY25MAY12300PE,55.8,15804.0,Monitoring
2025-05-19,10:20:00,HOLD,MIDCPNIFTY25MAY12300PE,52.65,16182.0,Monitoring
2025-05-19,10:25:00,HOLD,MIDCPNIFTY25MAY12300PE,55.45,15846.0,Monitoring
2025-05-19,10:30:00,HOLD,MIDCPNIFTY25MAY12300PE,54.75,15930.0,Monitoring
2025-05-19,10:35:00,HOLD,MIDCPNIFTY25MAY12300PE,54.25,15990.0,Monitoring
2025-05-19,10:40:00,HOLD,MIDCPNIFTY25MAY12300PE,57.0,15660.0,Monitoring
2025-05-19,10:45:00,HOLD,MIDCPNIFTY25MAY12300PE,55.75,15810.0,Monitoring
2025-05-19,10:50:00,HOLD,MIDCPNIFTY25MAY12300PE,51.8,16284.0,Monitoring
2025-05-19,10:55:00,HOLD,MIDCPNIFTY25MAY12300PE,51.55,16314.0,Monitoring
2025-05-19,11:00:00,HOLD,MIDCPNIFTY25MAY12300PE,49.95,16506.0,Monitoring
2025-05-19,11:05:00,HOLD,MIDCPNIFTY25MAY12300PE,51.95,16266.0,Monitoring
2025-05-19,11:10:00,HOLD,MIDCPNIFTY25MAY12300PE,52.2,16236.0,Monitoring
2025-05-19,11:15:00,HOLD,MIDCPNIFTY25MAY12300PE,52.4,16212.0,Monitoring
2025-05-19,11:20:00,HOLD,MIDCPNIFTY25MAY12300PE,52.25,16230.0,Monitoring
2025-05-19,11:25:00,HOLD,MIDCPNIFTY25MAY12300PE,53.55,16074.0,Monitoring
2025-05-19,11:30:00,HOLD,MIDCPNIFTY25MAY12300PE,56.45,15726.0,Monitoring
2025-05-19,11:35:00,HOLD,MIDCPNIFTY25MAY12300PE,52.3,16224.0,Monitoring
2025-05-19,11:40:00,HOLD,MIDCPNIFTY25MAY12300PE,51.2,16356.0,Monitoring
2025-05-19,11:45:00,HOLD,MIDCPNIFTY25MAY12300PE,52.75,16170.0,Monitoring
2025-05-19,11:50:00,HOLD,MIDCPNIFTY25MAY12300PE,51.3,16344.0,Monitoring
2025-05-19,11:55:00,HOLD,MIDCPNIFTY25MAY12300PE,52.9,16152.0,Monitoring
2025-05-19,12:00:00,HOLD,MIDCPNIFTY25MAY12300PE,54.95,15906.0,Monitoring
2025-05-19,12:05:00,HOLD,MIDCPNIFTY25MAY12300PE,57.5,15600.0,Monitoring
2025-05-19,12:10:00,HOLD,MIDCPNIFTY25MAY12300PE,62.0,15060.0,Monitoring
2025-05-19,12:15:00,HOLD,MIDCPNIFTY25MAY12300PE,60.0,15300.0,Monitoring
2025-05-19,12:20:00,HOLD,MIDCPNIFTY25MAY12300PE,57.45,15606.0,Monitoring
2025-05-19,12:25:00,HOLD,MIDCPNIFTY25MAY12300PE,57.25,15630.0,Monitoring
2025-05-19,12:30:00,HOLD,MIDCPNIFTY25MAY12300PE,56.9,15672.0,Monitoring
2025-05-19,12:35:00,HOLD,MIDCPNIFTY25MAY12300PE,58.25,15510.0,Monitoring
2025-05-19,12:40:00,HOLD,MIDCPNIFTY25MAY12300PE,56.25,15750.0,Monitoring
2025-05-19,12:45:00,HOLD,MIDCPNIFTY25MAY12300PE,56.35,15738.0,Monitoring
2025-05-19,12:50:00,HOLD,MIDCPNIFTY25MAY12300PE,55.05,15894.0,Monitoring
2025-05-19,12:55:00,HOLD,MIDCPNIFTY25MAY12300PE,55.55,15834.0,Monitoring
2025-05-19,13:00:00,HOLD,MIDCPNIFTY25MAY12300PE,57.8,15564.0,Monitoring
2025-05-19,13:05:00,HOLD,MIDCPNIFTY25MAY12300PE,58.5,15480.0,Monitoring
2025-05-19,13:10:00,HOLD,MIDCPNIFTY25MAY12300PE,57.9,15552.0,Monitoring
2025-05-19,13:15:00,HOLD,MIDCPNIFTY25MAY12300PE,63.5,14880.0,Monitoring
2025-05-19,13:20:00,HOLD,MIDCPNIFTY25MAY12300PE,59.3,15384.0,Monitoring
2025-05-19,13:25:00,HOLD,MIDCPNIFTY25MAY12300PE,59.8,15324.0,Monitoring
2025-05-19,13:30:00,HOLD,MIDCPNIFTY25MAY12300PE,60.65,15222.0,Monitoring
2025-05-19,13:35:00,HOLD,MIDCPNIFTY25MAY12300PE,59.45,15366.0,Monitoring
2025-05-19,13:40:00,HOLD,MIDCPNIFTY25MAY12300PE,58.1,15528.0,Monitoring
2025-05-19,13:45:00,HOLD,MIDCPNIFTY25MAY12300PE,59.3,15384.0,Monitoring
2025-05-19,13:50:00,HOLD,MIDCPNIFTY25MAY12300PE,56.0,15780.0,Monitoring
2025-05-19,13:55:00,HOLD,MIDCPNIFTY25MAY12300PE,59.0,15420.0,Monitoring
2025-05-19,14:00:00,HOLD,MIDCPNIFTY25MAY12300PE,60.45,15246.0,Monitoring
2025-05-19,14:05:00,HOLD,MIDCPNIFTY25MAY12300PE,58.45,15486.0,Monitoring
2025-05-19,14:10:00,HOLD,MIDCPNIFTY25MAY12300PE,61.3,15144.0,Monitoring
2025-05-19,14:15:00,HOLD,MIDCPNIFTY25MAY12300PE,58.2,15516.0,Monitoring
2025-05-19,14:20:00,HOLD,MIDCPNIFTY25MAY12300PE,57.35,15618.0,Monitoring
2025-05-19,14:25:00,HOLD,MIDCPNIFTY25MAY12300PE,60.5,15240.0,Monitoring
2025-05-19,14:30:00,HOLD,MIDCPNIFTY25MAY12300PE,59.05,15414.0,Monitoring
2025-05-19,14:35:00,HOLD,MIDCPNIFTY25MAY12300PE,60.4,15252.0,Monitoring
2025-05-19,14:40:00,HOLD,MIDCPNIFTY25MAY12300PE,59.4,15372.0,Monitoring
2025-05-19,14:45:00,HOLD,MIDCPNIFTY25MAY12300PE,61.5,15120.0,Monitoring
2025-05-19,14:50:00,HOLD,MIDCPNIFTY25MAY12300PE,61.15,15162.0,Monitoring
2025-05-19,14:55:00,HOLD,MIDCPNIFTY25MAY12300PE,60.85,15198.0,Monitoring
2025-05-19,15:00:00,HOLD,MIDCPNIFTY25MAY12300PE,60.75,15210.0,Monitoring
2025-05-19,15:05:00,HOLD,MIDCPNIFTY25MAY12300PE,59.15,15402.0,Monitoring
2025-05-19,15:10:00,HOLD,MIDCPNIFTY25MAY12300PE,60.05,15294.0,Monitoring
2025-05-19,15:15:00,HOLD,MIDCPNIFTY25MAY12300PE,59.25,15390.0,Monitoring
2025-05-19,15:20:00,HOLD,MIDCPNIFTY25MAY12300PE,59.8,15324.0,Monitoring
2025-05-19,15:25:00,HOLD,MIDCPNIFTY25MAY12300PE,58.0,15540.0,Monitoring
2025-05-20,09:15:00,HOLD,MIDCPNIFTY25MAY12300PE,54.5,15960.0,Monitoring
2025-05-20,09:20:00,HOLD,MIDCPNIFTY25MAY12300PE,55.95,15786.0,Monitoring
2025-05-20,09:25:00,HOLD,MIDCPNIFTY25MAY12300PE,61.8,15084.0,Monitoring
2025-05-20,09:30:00,HOLD,MIDCPNIFTY25MAY12300PE,60.45,15246.0,Monitoring
2025-05-20,09:35:00,HOLD,MIDCPNIFTY25MAY12300PE,54.0,16020.0,Monitoring
2025-05-20,09:40:00,HOLD,MIDCPNIFTY25MAY12300PE,56.25,15750.0,Monitoring
2025-05-20,09:45:00,HOLD,MIDCPNIFTY25MAY12300PE,59.9,15312.0,Monitoring
2025-05-20,09:50:00,HOLD,MIDCPNIFTY25MAY12300PE,61.45,15126.0,Monitoring
2025-05-20,09:55:00,HOLD,MIDCPNIFTY25MAY12300PE,55.65,15822.0,Monitoring
2025-05-20,10:00:00,HOLD,MIDCPNIFTY25MAY12300PE,55.9,15792.0,Monitoring
2025-05-20,10:05:00,HOLD,MIDCPNIFTY25MAY12300PE,55.8,15804.0,Monitoring
2025-05-20,10:10:00,HOLD,MIDCPNIFTY25MAY12300PE,55.05,15894.0,Monitoring
2025-05-20,10:15:00,HOLD,MIDCPNIFTY25MAY12300PE,57.25,15630.0,Monitoring
2025-05-20,10:20:00,HOLD,MIDCPNIFTY25MAY12300PE,56.3,15744.0,Monitoring
2025-05-20,10:25:00,HOLD,MIDCPNIFTY25MAY12300PE,56.15,15762.0,Monitoring
2025-05-20,10:30:00,HOLD,MIDCPNIFTY25MAY12300PE,53.1,16128.0,Monitoring
2025-05-20,10:35:00,HOLD,MIDCPNIFTY25MAY12300PE,50.05,16494.0,Monitoring
2025-05-20,10:40:00,HOLD,MIDCPNIFTY25MAY12300PE,50.0,16500.0,Monitoring
2025-05-20,10:45:00,HOLD,MIDCPNIFTY25MAY12300PE,49.4,16572.0,Monitoring
2025-05-20,10:50:00,HOLD,MIDCPNIFTY25MAY12300PE,49.65,16542.0,Monitoring
2025-05-20,10:55:00,HOLD,MIDCPNIFTY25MAY12300PE,49.8,16524.0,Monitoring
2025-05-20,11:00:00,HOLD,MIDCPNIFTY25MAY12300PE,50.55,16434.0,Monitoring
2025-05-20,11:05:00,HOLD,MIDCPNIFTY25MAY12300PE,50.85,16398.0,Monitoring
2025-05-20,11:10:00,HOLD,MIDCPNIFTY25MAY12300PE,52.45,16206.0,Monitoring
2025-05-20,11:15:00,HOLD,MIDCPNIFTY25MAY12300PE,53.4,16092.0,Monitoring
2025-05-20,11:20:00,HOLD,MIDCPNIFTY25MAY12300PE,53.45,16086.0,Monitoring
2025-05-20,11:25:00,HOLD,MIDCPNIFTY25MAY12300PE,53.45,16086.0,Monitoring
2025-05-20,11:30:00,HOLD,MIDCPNIFTY25MAY12300PE,52.75,16170.0,Monitoring
2025-05-20,11:35:00,HOLD,MIDCPNIFTY25MAY12300PE,53.8,16044.0,Monitoring
2025-05-20,11:40:00,HOLD,MIDCPNIFTY25MAY12300PE,53.9,16032.0,Monitoring
2025-05-20,11:45:00,HOLD,MIDCPNIFTY25MAY12300PE,56.95,15666.0,Monitoring
2025-05-20,11:50:00,HOLD,MIDCPNIFTY25MAY12300PE,57.5,15600.0,Monitoring
2025-05-20,11:55:00,HOLD,MIDCPNIFTY25MAY12300PE,57.0,15660.0,Monitoring
2025-05-20,12:00:00,HOLD,MIDCPNIFTY25MAY12300PE,56.25,15750.0,Monitoring
2025-05-20,12:05:00,HOLD,MIDCPNIFTY25MAY12300PE,54.3,15984.0,Monitoring
2025-05-20,12:10:00,HOLD,MIDCPNIFTY25MAY12300PE,55.1,15888.0,Monitoring
2025-05-20,12:15:00,HOLD,MIDCPNIFTY25MAY12300PE,55.0,15900.0,Monitoring
2025-05-20,12:20:00,HOLD,MIDCPNIFTY25MAY12300PE,55.0,15900.0,Monitoring
2025-05-20,12:25:00,HOLD,MIDCPNIFTY25MAY12300PE,54.35,15978.0,Monitoring
2025-05-20,12:30:00,HOLD,MIDCPNIFTY25MAY12300PE,55.95,15786.0,Monitoring
2025-05-20,12:35:00,HOLD,MIDCPNIFTY25MAY12300PE,54.8,15924.0,Monitoring
2025-05-20,12:40:00,HOLD,MIDCPNIFTY25MAY12300PE,54.45,15966.0,Monitoring
2025-05-20,12:45:00,HOLD,MIDCPNIFTY25MAY12300PE,58.0,15540.0,Monitoring
2025-05-20,12:50:00,HOLD,MIDCPNIFTY25MAY12300PE,64.3,14784.0,Monitoring
2025-05-20,12:55:00,HOLD,MIDCPNIFTY25MAY12300PE,64.35,14778.0,Monitoring
2025-05-20,13:00:00,HOLD,MIDCPNIFTY25MAY12300PE,62.0,15060.0,Monitoring
2025-05-20,13:05:00,HOLD,MIDCPNIFTY25MAY12300PE,61.0,15180.0,Monitoring
2025-05-20,13:10:00,HOLD,MIDCPNIFTY25MAY12300PE,60.65,15222.0,Monitoring
2025-05-20,13:15:00,HOLD,MIDCPNIFTY25MAY12300PE,65.6,14628.0,Monitoring
2025-05-20,13:15:00,BUY_EXIT,MIDCPNIFTY25MAY12300PE,65.6,14628.0,EMA_REVERSAL_SL
