Date,Time,Event,Ticker,Price,PnL_INR,Info
2024-05-07,14:00:00,SELL_ENTRY,MIDCPNIFTY24MAY11100CE,77.7,0.0,Signal CE | Short
2024-05-07,14:05:00,HOLD,MIDCPNIFTY24MAY11100CE,97.0,-2316.0,Monitoring
2024-05-07,14:10:00,HOLD,MIDCPNIFTY24MAY11100CE,97.0,-2316.0,Monitoring
2024-05-07,14:15:00,HOLD,MIDCPNIFTY24MAY11100CE,97.0,-2316.0,Monitoring
2024-05-07,14:20:00,HOLD,MIDCPNIFTY24MAY11100CE,97.0,-2316.0,Monitoring
2024-05-07,14:25:00,HOLD,MIDCPNIFTY24MAY11100CE,97.0,-2316.0,Monitoring
2024-05-07,14:30:00,HOLD,MIDCPNIFTY24MAY11100CE,97.0,-2316.0,Monitoring
2024-05-07,14:35:00,HOLD,MIDCPNIFTY24MAY11100CE,97.0,-2316.0,Monitoring
2024-05-07,14:40:00,HOLD,MIDCPNIFTY24MAY11100CE,97.0,-2316.0,Monitoring
2024-05-07,14:45:00,HOLD,MIDCPNIFTY24MAY11100CE,97.0,-2316.0,Monitoring
2024-05-07,14:50:00,HOLD,MIDCPNIFTY24MAY11100CE,97.0,-2316.0,Monitoring
2024-05-07,14:55:00,HOLD,MIDCPNIFTY24MAY11100CE,97.0,-2316.0,Monitoring
2024-05-07,15:00:00,HOLD,MIDCPNIFTY24MAY11100CE,97.0,-2316.0,Monitoring
2024-05-07,15:05:00,HOLD,MIDCPNIFTY24MAY11100CE,97.0,-2316.0,Monitoring
2024-05-07,15:10:00,HOLD,MIDCPNIFTY24MAY11100CE,97.0,-2316.0,Monitoring
2024-05-07,15:15:00,HOLD,MIDCPNIFTY24MAY11100CE,97.0,-2316.0,Monitoring
2024-05-07,15:25:00,HOLD,MIDCPNIFTY24MAY11100CE,97.0,-2316.0,Monitoring
2024-05-08,09:15:00,HOLD,MIDCPNIFTY24MAY11100CE,97.0,-2316.0,Monitoring
2024-05-08,09:20:00,HOLD,MIDCPNIFTY24MAY11100CE,97.0,-2316.0,Monitoring
2024-05-08,09:25:00,HOLD,MIDCPNIFTY24MAY11100CE,97.0,-2316.0,Monitoring
2024-05-08,09:30:00,HOLD,MIDCPNIFTY24MAY11100CE,97.0,-2316.0,Monitoring
2024-05-08,09:35:00,HOLD,MIDCPNIFTY24MAY11100CE,97.0,-2316.0,Monitoring
2024-05-08,09:40:00,HOLD,MIDCPNIFTY24MAY11100CE,97.0,-2316.0,Monitoring
2024-05-08,09:45:00,HOLD,MIDCPNIFTY24MAY11100CE,97.0,-2316.0,Monitoring
2024-05-08,09:50:00,HOLD,MIDCPNIFTY24MAY11100CE,97.0,-2316.0,Monitoring
2024-05-08,09:55:00,HOLD,MIDCPNIFTY24MAY11100CE,97.0,-2316.0,Monitoring
2024-05-08,10:00:00,HOLD,MIDCPNIFTY24MAY11100CE,97.0,-2316.0,Monitoring
2024-05-08,10:05:00,HOLD,MIDCPNIFTY24MAY11100CE,97.0,-2316.0,Monitoring
2024-05-08,10:10:00,HOLD,MIDCPNIFTY24MAY11100CE,97.0,-2316.0,Monitoring
2024-05-08,10:15:00,HOLD,MIDCPNIFTY24MAY11100CE,97.0,-2316.0,Monitoring
2024-05-08,10:20:00,HOLD,MIDCPNIFTY24MAY11100CE,97.0,-2316.0,Monitoring
2024-05-08,10:25:00,HOLD,MIDCPNIFTY24MAY11100CE,97.0,-2316.0,Monitoring
2024-05-08,10:30:00,HOLD,MIDCPNIFTY24MAY11100CE,97.0,-2316.0,Monitoring
2024-05-08,10:35:00,HOLD,MIDCPNIFTY24MAY11100CE,97.0,-2316.0,Monitoring
2024-05-08,10:40:00,HOLD,MIDCPNIFTY24MAY11100CE,97.0,-2316.0,Monitoring
2024-05-08,10:45:00,HOLD,MIDCPNIFTY24MAY11100CE,97.0,-2316.0,Monitoring
2024-05-08,10:50:00,HOLD,MIDCPNIFTY24MAY11100CE,97.0,-2316.0,Monitoring
2024-05-08,10:55:00,HOLD,MIDCPNIFTY24MAY11100CE,97.0,-2316.0,Monitoring
2024-05-08,11:00:00,HOLD,MIDCPNIFTY24MAY11100CE,97.0,-2316.0,Monitoring
2024-05-08,11:05:00,HOLD,MIDCPNIFTY24MAY11100CE,97.0,-2316.0,Monitoring
2024-05-08,11:30:00,HOLD,MIDCPNIFTY24MAY11100CE,97.0,-2316.0,Monitoring
2024-05-08,11:35:00,HOLD,MIDCPNIFTY24MAY11100CE,97.0,-2316.0,Monitoring
2024-05-08,11:40:00,HOLD,MIDCPNIFTY24MAY11100CE,97.0,-2316.0,Monitoring
2024-05-08,11:45:00,HOLD,MIDCPNIFTY24MAY11100CE,97.0,-2316.0,Monitoring
2024-05-08,11:50:00,HOLD,MIDCPNIFTY24MAY11100CE,97.0,-2316.0,Monitoring
2024-05-08,11:55:00,HOLD,MIDCPNIFTY24MAY11100CE,97.0,-2316.0,Monitoring
2024-05-08,12:00:00,HOLD,MIDCPNIFTY24MAY11100CE,97.0,-2316.0,Monitoring
2024-05-08,12:05:00,HOLD,MIDCPNIFTY24MAY11100CE,97.0,-2316.0,Monitoring
2024-05-08,12:20:00,HOLD,MIDCPNIFTY24MAY11100CE,145.2,-8100.0,Monitoring
2024-05-08,12:25:00,HOLD,MIDCPNIFTY24MAY11100CE,145.2,-8100.0,Monitoring
2024-05-08,12:30:00,HOLD,MIDCPNIFTY24MAY11100CE,145.2,-8100.0,Monitoring
2024-05-08,12:35:00,HOLD,MIDCPNIFTY24MAY11100CE,145.2,-8100.0,Monitoring
2024-05-08,12:40:00,HOLD,MIDCPNIFTY24MAY11100CE,145.2,-8100.0,Monitoring
2024-05-08,12:45:00,HOLD,MIDCPNIFTY24MAY11100CE,145.2,-8100.0,Monitoring
2024-05-08,12:50:00,HOLD,MIDCPNIFTY24MAY11100CE,145.2,-8100.0,Monitoring
2024-05-08,12:55:00,HOLD,MIDCPNIFTY24MAY11100CE,145.2,-8100.0,Monitoring
2024-05-08,12:55:00,BUY_EXIT,MIDCPNIFTY24MAY11100CE,145.2,-8100.0,EMA_REVERSAL_SL
