Date,Time,Event,Ticker,Price,PnL_INR,Info
2024-12-13,14:00:00,SELL_ENTRY,MIDCPNIFTY24DEC13000PE,106.95,0.0,Signal PE | Short
2024-12-13,14:05:00,HOLD,MIDCPNIFTY24DEC13000PE,106.55,48.0,Monitoring
2024-12-13,14:10:00,HOLD,MIDCPNIFTY24DEC13000PE,105.2,210.0,Monitoring
2024-12-13,14:15:00,HOLD,MIDCPNIFTY24DEC13000PE,101.15,696.0,Monitoring
2024-12-13,14:20:00,HOLD,MIDCPNIFTY24DEC13000PE,101.5,654.0,Monitoring
2024-12-13,14:25:00,HOLD,MIDCPNIFTY24DEC13000PE,100.75,744.0,Monitoring
2024-12-13,14:30:00,HOLD,MIDCPNIFTY24DEC13000PE,96.75,1224.0,Monitoring
2024-12-13,14:35:00,HOLD,MIDCPNIFTY24DEC13000PE,100.6,762.0,Monitoring
2024-12-13,14:40:00,HOLD,MIDCPNIFTY24DEC13000PE,100.0,834.0,Monitoring
2024-12-13,14:45:00,HOLD,MIDCPNIFTY24DEC13000PE,102.75,504.0,Monitoring
2024-12-13,14:50:00,HOLD,MIDCPNIFTY24DEC13000PE,100.15,816.0,Monitoring
2024-12-13,14:55:00,HOLD,MIDCPNIFTY24DEC13000PE,93.75,1584.0,Monitoring
2024-12-13,15:00:00,HOLD,MIDCPNIFTY24DEC13000PE,88.0,2274.0,Monitoring
2024-12-13,15:05:00,HOLD,MIDCPNIFTY24DEC13000PE,83.5,2814.0,Monitoring
2024-12-13,15:10:00,HOLD,MIDCPNIFTY24DEC13000PE,83.3,2838.0,Monitoring
2024-12-13,15:15:00,HOLD,MIDCPNIFTY24DEC13000PE,84.5,2694.0,Monitoring
2024-12-13,15:20:00,HOLD,MIDCPNIFTY24DEC13000PE,81.95,3000.0,Monitoring
2024-12-13,15:25:00,HOLD,MIDCPNIFTY24DEC13000PE,81.2,3090.0,Monitoring
2024-12-16,09:15:00,HOLD,MIDCPNIFTY24DEC13000PE,82.55,2928.0,Monitoring
2024-12-16,09:20:00,HOLD,MIDCPNIFTY24DEC13000PE,81.15,3096.0,Monitoring
2024-12-16,09:25:00,HOLD,MIDCPNIFTY24DEC13000PE,84.0,2754.0,Monitoring
2024-12-16,09:30:00,HOLD,MIDCPNIFTY24DEC13000PE,83.3,2838.0,Monitoring
2024-12-16,09:35:00,HOLD,MIDCPNIFTY24DEC13000PE,86.4,2466.0,Monitoring
2024-12-16,09:40:00,HOLD,MIDCPNIFTY24DEC13000PE,79.35,3312.0,Monitoring
2024-12-16,09:45:00,HOLD,MIDCPNIFTY24DEC13000PE,77.7,3510.0,Monitoring
2024-12-16,09:50:00,HOLD,MIDCPNIFTY24DEC13000PE,75.3,3798.0,Monitoring
2024-12-16,09:55:00,HOLD,MIDCPNIFTY24DEC13000PE,77.45,3540.0,Monitoring
2024-12-16,10:00:00,HOLD,MIDCPNIFTY24DEC13000PE,75.7,3750.0,Monitoring
2024-12-16,10:05:00,HOLD,MIDCPNIFTY24DEC13000PE,74.1,3942.0,Monitoring
2024-12-16,10:10:00,HOLD,MIDCPNIFTY24DEC13000PE,76.0,3714.0,Monitoring
2024-12-16,10:15:00,HOLD,MIDCPNIFTY24DEC13000PE,78.15,3456.0,Monitoring
2024-12-16,10:20:00,HOLD,MIDCPNIFTY24DEC13000PE,78.6,3402.0,Monitoring
2024-12-16,10:25:00,HOLD,MIDCPNIFTY24DEC13000PE,82.35,2952.0,Monitoring
2024-12-16,10:30:00,HOLD,MIDCPNIFTY24DEC13000PE,81.55,3048.0,Monitoring
2024-12-16,10:35:00,HOLD,MIDCPNIFTY24DEC13000PE,78.2,3450.0,Monitoring
2024-12-16,10:40:00,HOLD,MIDCPNIFTY24DEC13000PE,82.0,2994.0,Monitoring
2024-12-16,10:45:00,HOLD,MIDCPNIFTY24DEC13000PE,83.25,2844.0,Monitoring
2024-12-16,10:50:00,HOLD,MIDCPNIFTY24DEC13000PE,83.0,2874.0,Monitoring
2024-12-16,10:55:00,HOLD,MIDCPNIFTY24DEC13000PE,85.5,2574.0,Monitoring
2024-12-16,11:00:00,HOLD,MIDCPNIFTY24DEC13000PE,83.9,2766.0,Monitoring
2024-12-16,11:05:00,HOLD,MIDCPNIFTY24DEC13000PE,79.45,3300.0,Monitoring
2024-12-16,11:10:00,HOLD,MIDCPNIFTY24DEC13000PE,88.15,2256.0,Monitoring
2024-12-16,11:15:00,HOLD,MIDCPNIFTY24DEC13000PE,83.45,2820.0,Monitoring
2024-12-16,11:20:00,HOLD,MIDCPNIFTY24DEC13000PE,81.85,3012.0,Monitoring
2024-12-16,11:25:00,HOLD,MIDCPNIFTY24DEC13000PE,82.95,2880.0,Monitoring
2024-12-16,11:30:00,HOLD,MIDCPNIFTY24DEC13000PE,83.0,2874.0,Monitoring
2024-12-16,11:35:00,HOLD,MIDCPNIFTY24DEC13000PE,81.65,3036.0,Monitoring
2024-12-16,11:40:00,HOLD,MIDCPNIFTY24DEC13000PE,84.9,2646.0,Monitoring
2024-12-16,11:45:00,HOLD,MIDCPNIFTY24DEC13000PE,83.3,2838.0,Monitoring
2024-12-16,11:50:00,HOLD,MIDCPNIFTY24DEC13000PE,85.2,2610.0,Monitoring
2024-12-16,11:55:00,HOLD,MIDCPNIFTY24DEC13000PE,86.25,2484.0,Monitoring
2024-12-16,12:00:00,HOLD,MIDCPNIFTY24DEC13000PE,83.0,2874.0,Monitoring
2024-12-16,12:05:00,HOLD,MIDCPNIFTY24DEC13000PE,85.85,2532.0,Monitoring
2024-12-16,12:10:00,HOLD,MIDCPNIFTY24DEC13000PE,84.95,2640.0,Monitoring
2024-12-16,12:15:00,HOLD,MIDCPNIFTY24DEC13000PE,84.75,2664.0,Monitoring
2024-12-16,12:20:00,HOLD,MIDCPNIFTY24DEC13000PE,84.05,2748.0,Monitoring
2024-12-16,12:25:00,HOLD,MIDCPNIFTY24DEC13000PE,83.4,2826.0,Monitoring
2024-12-16,12:30:00,HOLD,MIDCPNIFTY24DEC13000PE,79.2,3330.0,Monitoring
2024-12-16,12:35:00,HOLD,MIDCPNIFTY24DEC13000PE,81.0,3114.0,Monitoring
2024-12-16,12:40:00,HOLD,MIDCPNIFTY24DEC13000PE,80.0,3234.0,Monitoring
2024-12-16,12:45:00,HOLD,MIDCPNIFTY24DEC13000PE,80.7,3150.0,Monitoring
2024-12-16,12:50:00,HOLD,MIDCPNIFTY24DEC13000PE,80.3,3198.0,Monitoring
2024-12-16,12:55:00,HOLD,MIDCPNIFTY24DEC13000PE,79.0,3354.0,Monitoring
2024-12-16,13:00:00,HOLD,MIDCPNIFTY24DEC13000PE,78.25,3444.0,Monitoring
2024-12-16,13:05:00,HOLD,MIDCPNIFTY24DEC13000PE,76.85,3612.0,Monitoring
2024-12-16,13:10:00,HOLD,MIDCPNIFTY24DEC13000PE,77.45,3540.0,Monitoring
2024-12-16,13:15:00,HOLD,MIDCPNIFTY24DEC13000PE,75.95,3720.0,Monitoring
2024-12-16,13:20:00,HOLD,MIDCPNIFTY24DEC13000PE,75.5,3774.0,Monitoring
2024-12-16,13:25:00,HOLD,MIDCPNIFTY24DEC13000PE,74.85,3852.0,Monitoring
2024-12-16,13:30:00,HOLD,MIDCPNIFTY24DEC13000PE,75.25,3804.0,Monitoring
2024-12-16,13:35:00,HOLD,MIDCPNIFTY24DEC13000PE,74.15,3936.0,Monitoring
2024-12-16,13:40:00,HOLD,MIDCPNIFTY24DEC13000PE,73.65,3996.0,Monitoring
2024-12-16,13:45:00,HOLD,MIDCPNIFTY24DEC13000PE,75.1,3822.0,Monitoring
2024-12-16,13:50:00,HOLD,MIDCPNIFTY24DEC13000PE,72.5,4134.0,Monitoring
2024-12-16,13:55:00,HOLD,MIDCPNIFTY24DEC13000PE,70.7,4350.0,Monitoring
2024-12-16,14:00:00,HOLD,MIDCPNIFTY24DEC13000PE,69.4,4506.0,Monitoring
2024-12-16,14:05:00,HOLD,MIDCPNIFTY24DEC13000PE,67.5,4734.0,Monitoring
2024-12-16,14:10:00,HOLD,MIDCPNIFTY24DEC13000PE,68.9,4566.0,Monitoring
2024-12-16,14:15:00,HOLD,MIDCPNIFTY24DEC13000PE,70.3,4398.0,Monitoring
2024-12-16,14:20:00,HOLD,MIDCPNIFTY24DEC13000PE,70.8,4338.0,Monitoring
2024-12-16,14:25:00,HOLD,MIDCPNIFTY24DEC13000PE,71.0,4314.0,Monitoring
2024-12-16,14:30:00,HOLD,MIDCPNIFTY24DEC13000PE,69.45,4500.0,Monitoring
2024-12-16,14:35:00,HOLD,MIDCPNIFTY24DEC13000PE,69.35,4512.0,Monitoring
2024-12-16,14:40:00,HOLD,MIDCPNIFTY24DEC13000PE,69.05,4548.0,Monitoring
2024-12-16,14:45:00,HOLD,MIDCPNIFTY24DEC13000PE,70.6,4362.0,Monitoring
2024-12-16,14:50:00,HOLD,MIDCPNIFTY24DEC13000PE,70.7,4350.0,Monitoring
2024-12-16,14:55:00,HOLD,MIDCPNIFTY24DEC13000PE,69.6,4482.0,Monitoring
2024-12-16,15:00:00,HOLD,MIDCPNIFTY24DEC13000PE,67.2,4770.0,Monitoring
2024-12-16,15:05:00,HOLD,MIDCPNIFTY24DEC13000PE,67.2,4770.0,Monitoring
2024-12-16,15:10:00,HOLD,MIDCPNIFTY24DEC13000PE,68.6,4602.0,Monitoring
2024-12-16,15:15:00,HOLD,MIDCPNIFTY24DEC13000PE,70.3,4398.0,Monitoring
2024-12-16,15:20:00,HOLD,MIDCPNIFTY24DEC13000PE,70.4,4386.0,Monitoring
2024-12-16,15:25:00,HOLD,MIDCPNIFTY24DEC13000PE,68.1,4662.0,Monitoring
2024-12-17,09:15:00,HOLD,MIDCPNIFTY24DEC13000PE,73.0,4074.0,Monitoring
2024-12-17,09:20:00,HOLD,MIDCPNIFTY24DEC13000PE,72.2,4170.0,Monitoring
2024-12-17,09:25:00,HOLD,MIDCPNIFTY24DEC13000PE,72.9,4086.0,Monitoring
2024-12-17,09:30:00,HOLD,MIDCPNIFTY24DEC13000PE,70.4,4386.0,Monitoring
2024-12-17,09:35:00,HOLD,MIDCPNIFTY24DEC13000PE,70.5,4374.0,Monitoring
2024-12-17,09:40:00,HOLD,MIDCPNIFTY24DEC13000PE,69.5,4494.0,Monitoring
2024-12-17,09:45:00,HOLD,MIDCPNIFTY24DEC13000PE,73.3,4038.0,Monitoring
2024-12-17,09:50:00,HOLD,MIDCPNIFTY24DEC13000PE,73.9,3966.0,Monitoring
2024-12-17,09:55:00,HOLD,MIDCPNIFTY24DEC13000PE,74.55,3888.0,Monitoring
2024-12-17,10:00:00,HOLD,MIDCPNIFTY24DEC13000PE,78.8,3378.0,Monitoring
2024-12-17,10:05:00,HOLD,MIDCPNIFTY24DEC13000PE,76.1,3702.0,Monitoring
2024-12-17,10:10:00,HOLD,MIDCPNIFTY24DEC13000PE,75.45,3780.0,Monitoring
2024-12-17,10:15:00,HOLD,MIDCPNIFTY24DEC13000PE,78.6,3402.0,Monitoring
2024-12-17,10:20:00,HOLD,MIDCPNIFTY24DEC13000PE,88.35,2232.0,Monitoring
2024-12-17,10:25:00,HOLD,MIDCPNIFTY24DEC13000PE,89.05,2148.0,Monitoring
2024-12-17,10:30:00,HOLD,MIDCPNIFTY24DEC13000PE,92.3,1758.0,Monitoring
2024-12-17,10:35:00,HOLD,MIDCPNIFTY24DEC13000PE,94.2,1530.0,Monitoring
2024-12-17,10:35:00,BUY_EXIT,MIDCPNIFTY24DEC13000PE,94.2,1530.0,EMA_REVERSAL_SL
