Date,Time,Event,Ticker,Price,PnL_INR,Info
2025-05-29,15:05:00,SELL_ENTRY,MIDCPNIFTY25JUN12600PE,244.8,0.0,Signal PE | Short
2025-05-29,15:10:00,HOLD,MIDCPNIFTY25JUN12600PE,242.0,336.0,Monitoring
2025-05-29,15:15:00,HOLD,MIDCPNIFTY25JUN12600PE,244.85,-6.0,Monitoring
2025-05-29,15:20:00,HOLD,MIDCPNIFTY25JUN12600PE,239.4,648.0,Monitoring
2025-05-29,15:25:00,HOLD,MIDCPNIFTY25JUN12600PE,243.35,174.0,Monitoring
2025-05-30,09:15:00,HOLD,MIDCPNIFTY25JUN12600PE,232.5,1476.0,Monitoring
2025-05-30,09:20:00,HOLD,MIDCPNIFTY25JUN12600PE,228.0,2016.0,Monitoring
2025-05-30,09:25:00,HOLD,MIDCPNIFTY25JUN12600PE,230.3,1740.0,Monitoring
2025-05-30,09:30:00,HOLD,MIDCPNIFTY25JUN12600PE,235.3,1140.0,Monitoring
2025-05-30,09:35:00,HOLD,MIDCPNIFTY25JUN12600PE,235.75,1086.0,Monitoring
2025-05-30,09:40:00,HOLD,MIDCPNIFTY25JUN12600PE,228.75,1926.0,Monitoring
2025-05-30,09:45:00,HOLD,MIDCPNIFTY25JUN12600PE,234.15,1278.0,Monitoring
2025-05-30,09:50:00,HOLD,MIDCPNIFTY25JUN12600PE,235.15,1158.0,Monitoring
2025-05-30,09:55:00,HOLD,MIDCPNIFTY25JUN12600PE,239.3,660.0,Monitoring
2025-05-30,10:00:00,HOLD,MIDCPNIFTY25JUN12600PE,237.0,936.0,Monitoring
2025-05-30,10:05:00,HOLD,MIDCPNIFTY25JUN12600PE,242.9,228.0,Monitoring
2025-05-30,10:10:00,HOLD,MIDCPNIFTY25JUN12600PE,246.5,-204.0,Monitoring
2025-05-30,10:15:00,HOLD,MIDCPNIFTY25JUN12600PE,249.7,-588.0,Monitoring
2025-05-30,10:20:00,HOLD,MIDCPNIFTY25JUN12600PE,253.6,-1056.0,Monitoring
2025-05-30,10:25:00,HOLD,MIDCPNIFTY25JUN12600PE,245.1,-36.0,Monitoring
2025-05-30,10:30:00,HOLD,MIDCPNIFTY25JUN12600PE,253.45,-1038.0,Monitoring
2025-05-30,10:35:00,HOLD,MIDCPNIFTY25JUN12600PE,252.8,-960.0,Monitoring
2025-05-30,10:40:00,HOLD,MIDCPNIFTY25JUN12600PE,252.0,-864.0,Monitoring
2025-05-30,10:45:00,HOLD,MIDCPNIFTY25JUN12600PE,261.1,-1956.0,Monitoring
2025-05-30,10:50:00,HOLD,MIDCPNIFTY25JUN12600PE,250.65,-702.0,Monitoring
2025-05-30,10:55:00,HOLD,MIDCPNIFTY25JUN12600PE,250.4,-672.0,Monitoring
2025-05-30,11:00:00,HOLD,MIDCPNIFTY25JUN12600PE,246.0,-144.0,Monitoring
2025-05-30,11:05:00,HOLD,MIDCPNIFTY25JUN12600PE,241.45,402.0,Monitoring
2025-05-30,11:10:00,HOLD,MIDCPNIFTY25JUN12600PE,245.45,-78.0,Monitoring
2025-05-30,11:15:00,HOLD,MIDCPNIFTY25JUN12600PE,242.9,228.0,Monitoring
2025-05-30,11:20:00,HOLD,MIDCPNIFTY25JUN12600PE,239.0,696.0,Monitoring
2025-05-30,11:25:00,HOLD,MIDCPNIFTY25JUN12600PE,235.0,1176.0,Monitoring
2025-05-30,11:30:00,HOLD,MIDCPNIFTY25JUN12600PE,235.0,1176.0,Monitoring
2025-05-30,11:35:00,HOLD,MIDCPNIFTY25JUN12600PE,235.2,1152.0,Monitoring
2025-05-30,11:40:00,HOLD,MIDCPNIFTY25JUN12600PE,232.05,1530.0,Monitoring
2025-05-30,11:45:00,HOLD,MIDCPNIFTY25JUN12600PE,233.5,1356.0,Monitoring
2025-05-30,11:50:00,HOLD,MIDCPNIFTY25JUN12600PE,231.25,1626.0,Monitoring
2025-05-30,11:55:00,HOLD,MIDCPNIFTY25JUN12600PE,230.0,1776.0,Monitoring
2025-05-30,12:00:00,HOLD,MIDCPNIFTY25JUN12600PE,235.55,1110.0,Monitoring
2025-05-30,12:05:00,HOLD,MIDCPNIFTY25JUN12600PE,229.55,1830.0,Monitoring
2025-05-30,12:10:00,HOLD,MIDCPNIFTY25JUN12600PE,230.6,1704.0,Monitoring
2025-05-30,12:15:00,HOLD,MIDCPNIFTY25JUN12600PE,228.7,1932.0,Monitoring
2025-05-30,12:20:00,HOLD,MIDCPNIFTY25JUN12600PE,229.1,1884.0,Monitoring
2025-05-30,12:25:00,HOLD,MIDCPNIFTY25JUN12600PE,229.1,1884.0,Monitoring
2025-05-30,12:30:00,HOLD,MIDCPNIFTY25JUN12600PE,230.1,1764.0,Monitoring
2025-05-30,12:35:00,HOLD,MIDCPNIFTY25JUN12600PE,229.05,1890.0,Monitoring
2025-05-30,12:40:00,HOLD,MIDCPNIFTY25JUN12600PE,229.95,1782.0,Monitoring
2025-05-30,12:45:00,HOLD,MIDCPNIFTY25JUN12600PE,227.55,2070.0,Monitoring
2025-05-30,12:50:00,HOLD,MIDCPNIFTY25JUN12600PE,221.15,2838.0,Monitoring
2025-05-30,12:55:00,HOLD,MIDCPNIFTY25JUN12600PE,223.7,2532.0,Monitoring
2025-05-30,13:00:00,HOLD,MIDCPNIFTY25JUN12600PE,223.0,2616.0,Monitoring
2025-05-30,13:05:00,HOLD,MIDCPNIFTY25JUN12600PE,223.0,2616.0,Monitoring
2025-05-30,13:10:00,HOLD,MIDCPNIFTY25JUN12600PE,225.95,2262.0,Monitoring
2025-05-30,13:15:00,HOLD,MIDCPNIFTY25JUN12600PE,225.0,2376.0,Monitoring
2025-05-30,13:20:00,HOLD,MIDCPNIFTY25JUN12600PE,231.45,1602.0,Monitoring
2025-05-30,13:25:00,HOLD,MIDCPNIFTY25JUN12600PE,230.05,1770.0,Monitoring
2025-05-30,13:30:00,HOLD,MIDCPNIFTY25JUN12600PE,228.0,2016.0,Monitoring
2025-05-30,13:35:00,HOLD,MIDCPNIFTY25JUN12600PE,224.3,2460.0,Monitoring
2025-05-30,13:40:00,HOLD,MIDCPNIFTY25JUN12600PE,223.9,2508.0,Monitoring
2025-05-30,13:45:00,HOLD,MIDCPNIFTY25JUN12600PE,230.05,1770.0,Monitoring
2025-05-30,13:50:00,HOLD,MIDCPNIFTY25JUN12600PE,229.85,1794.0,Monitoring
2025-05-30,13:55:00,HOLD,MIDCPNIFTY25JUN12600PE,226.95,2142.0,Monitoring
2025-05-30,14:00:00,HOLD,MIDCPNIFTY25JUN12600PE,229.3,1860.0,Monitoring
2025-05-30,14:05:00,HOLD,MIDCPNIFTY25JUN12600PE,228.55,1950.0,Monitoring
2025-05-30,14:10:00,HOLD,MIDCPNIFTY25JUN12600PE,227.3,2100.0,Monitoring
2025-05-30,14:15:00,HOLD,MIDCPNIFTY25JUN12600PE,225.0,2376.0,Monitoring
2025-05-30,14:20:00,HOLD,MIDCPNIFTY25JUN12600PE,225.0,2376.0,Monitoring
2025-05-30,14:25:00,HOLD,MIDCPNIFTY25JUN12600PE,227.65,2058.0,Monitoring
2025-05-30,14:30:00,HOLD,MIDCPNIFTY25JUN12600PE,222.0,2736.0,Monitoring
2025-05-30,14:35:00,HOLD,MIDCPNIFTY25JUN12600PE,226.15,2238.0,Monitoring
2025-05-30,14:40:00,HOLD,MIDCPNIFTY25JUN12600PE,227.3,2100.0,Monitoring
2025-05-30,14:45:00,HOLD,MIDCPNIFTY25JUN12600PE,227.15,2118.0,Monitoring
2025-05-30,14:50:00,HOLD,MIDCPNIFTY25JUN12600PE,226.0,2256.0,Monitoring
2025-05-30,14:55:00,HOLD,MIDCPNIFTY25JUN12600PE,224.35,2454.0,Monitoring
2025-05-30,15:00:00,HOLD,MIDCPNIFTY25JUN12600PE,236.0,1056.0,Monitoring
2025-05-30,15:05:00,HOLD,MIDCPNIFTY25JUN12600PE,235.45,1122.0,Monitoring
2025-05-30,15:10:00,HOLD,MIDCPNIFTY25JUN12600PE,236.0,1056.0,Monitoring
2025-05-30,15:15:00,HOLD,MIDCPNIFTY25JUN12600PE,241.0,456.0,Monitoring
2025-05-30,15:20:00,HOLD,MIDCPNIFTY25JUN12600PE,240.1,564.0,Monitoring
2025-05-30,15:25:00,HOLD,MIDCPNIFTY25JUN12600PE,238.0,816.0,Monitoring
2025-06-02,09:15:00,HOLD,MIDCPNIFTY25JUN12600PE,265.0,-2424.0,Monitoring
2025-06-02,09:20:00,HOLD,MIDCPNIFTY25JUN12600PE,251.65,-822.0,Monitoring
2025-06-02,09:25:00,HOLD,MIDCPNIFTY25JUN12600PE,253.4,-1032.0,Monitoring
2025-06-02,09:25:00,BUY_EXIT,MIDCPNIFTY25JUN12600PE,253.4,-1032.0,EMA_REVERSAL_SL
