Date,Time,Event,Ticker,Price,PnL_INR,Info
2025-05-20,14:00:00,SELL_ENTRY,MIDCPNIFTY25MAY12900CE,103.45,0.0,Signal CE | Short
2025-05-20,14:05:00,HOLD,MIDCPNIFTY25MAY12900CE,96.0,894.0,Monitoring
2025-05-20,14:10:00,HOLD,MIDCPNIFTY25MAY12900CE,95.55,948.0,Monitoring
2025-05-20,14:15:00,HOLD,MIDCPNIFTY25MAY12900CE,92.0,1374.0,Monitoring
2025-05-20,14:20:00,HOLD,MIDCPNIFTY25MAY12900CE,84.2,2310.0,Monitoring
2025-05-20,14:25:00,HOLD,MIDCPNIFTY25MAY12900CE,80.95,2700.0,Monitoring
2025-05-20,14:30:00,HOLD,MIDCPNIFTY25MAY12900CE,79.65,2856.0,Monitoring
2025-05-20,14:35:00,HOLD,MIDCPNIFTY25MAY12900CE,79.3,2898.0,Monitoring
2025-05-20,14:40:00,HOLD,MIDCPNIFTY25MAY12900CE,73.0,3654.0,Monitoring
2025-05-20,14:45:00,HOLD,MIDCPNIFTY25MAY12900CE,80.35,2772.0,Monitoring
2025-05-20,14:50:00,HOLD,MIDCPNIFTY25MAY12900CE,73.55,3588.0,Monitoring
2025-05-20,14:55:00,HOLD,MIDCPNIFTY25MAY12900CE,70.95,3900.0,Monitoring
2025-05-20,15:00:00,HOLD,MIDCPNIFTY25MAY12900CE,73.4,3606.0,Monitoring
2025-05-20,15:05:00,HOLD,MIDCPNIFTY25MAY12900CE,77.0,3174.0,Monitoring
2025-05-20,15:10:00,HOLD,MIDCPNIFTY25MAY12900CE,78.95,2940.0,Monitoring
2025-05-20,15:15:00,HOLD,MIDCPNIFTY25MAY12900CE,78.0,3054.0,Monitoring
2025-05-20,15:20:00,HOLD,MIDCPNIFTY25MAY12900CE,76.55,3228.0,Monitoring
2025-05-20,15:25:00,HOLD,MIDCPNIFTY25MAY12900CE,80.4,2766.0,Monitoring
2025-05-21,09:15:00,HOLD,MIDCPNIFTY25MAY12900CE,65.0,4614.0,Monitoring
2025-05-21,09:20:00,HOLD,MIDCPNIFTY25MAY12900CE,64.8,4638.0,Monitoring
2025-05-21,09:25:00,HOLD,MIDCPNIFTY25MAY12900CE,64.75,4644.0,Monitoring
2025-05-21,09:30:00,HOLD,MIDCPNIFTY25MAY12900CE,71.55,3828.0,Monitoring
2025-05-21,09:35:00,HOLD,MIDCPNIFTY25MAY12900CE,75.0,3414.0,Monitoring
2025-05-21,09:40:00,HOLD,MIDCPNIFTY25MAY12900CE,71.95,3780.0,Monitoring
2025-05-21,09:45:00,HOLD,MIDCPNIFTY25MAY12900CE,77.25,3144.0,Monitoring
2025-05-21,09:50:00,HOLD,MIDCPNIFTY25MAY12900CE,77.55,3108.0,Monitoring
2025-05-21,09:55:00,HOLD,MIDCPNIFTY25MAY12900CE,67.6,4302.0,Monitoring
2025-05-21,10:00:00,HOLD,MIDCPNIFTY25MAY12900CE,75.0,3414.0,Monitoring
2025-05-21,10:05:00,HOLD,MIDCPNIFTY25MAY12900CE,77.3,3138.0,Monitoring
2025-05-21,10:10:00,HOLD,MIDCPNIFTY25MAY12900CE,89.0,1734.0,Monitoring
2025-05-21,10:15:00,HOLD,MIDCPNIFTY25MAY12900CE,95.5,954.0,Monitoring
2025-05-21,10:20:00,HOLD,MIDCPNIFTY25MAY12900CE,97.0,774.0,Monitoring
2025-05-21,10:25:00,HOLD,MIDCPNIFTY25MAY12900CE,94.5,1074.0,Monitoring
2025-05-21,10:30:00,HOLD,MIDCPNIFTY25MAY12900CE,100.0,414.0,Monitoring
2025-05-21,10:35:00,HOLD,MIDCPNIFTY25MAY12900CE,104.25,-96.0,Monitoring
2025-05-21,10:40:00,HOLD,MIDCPNIFTY25MAY12900CE,101.95,180.0,Monitoring
2025-05-21,10:45:00,HOLD,MIDCPNIFTY25MAY12900CE,104.7,-150.0,Monitoring
2025-05-21,10:50:00,HOLD,MIDCPNIFTY25MAY12900CE,101.4,246.0,Monitoring
2025-05-21,10:55:00,HOLD,MIDCPNIFTY25MAY12900CE,99.95,420.0,Monitoring
2025-05-21,11:00:00,HOLD,MIDCPNIFTY25MAY12900CE,92.15,1356.0,Monitoring
2025-05-21,11:05:00,HOLD,MIDCPNIFTY25MAY12900CE,94.75,1044.0,Monitoring
2025-05-21,11:10:00,HOLD,MIDCPNIFTY25MAY12900CE,93.65,1176.0,Monitoring
2025-05-21,11:15:00,HOLD,MIDCPNIFTY25MAY12900CE,98.0,654.0,Monitoring
2025-05-21,11:20:00,HOLD,MIDCPNIFTY25MAY12900CE,91.3,1458.0,Monitoring
2025-05-21,11:25:00,HOLD,MIDCPNIFTY25MAY12900CE,87.25,1944.0,Monitoring
2025-05-21,11:30:00,HOLD,MIDCPNIFTY25MAY12900CE,82.55,2508.0,Monitoring
2025-05-21,11:35:00,HOLD,MIDCPNIFTY25MAY12900CE,86.0,2094.0,Monitoring
2025-05-21,11:40:00,HOLD,MIDCPNIFTY25MAY12900CE,83.35,2412.0,Monitoring
2025-05-21,11:45:00,HOLD,MIDCPNIFTY25MAY12900CE,79.6,2862.0,Monitoring
2025-05-21,11:50:00,HOLD,MIDCPNIFTY25MAY12900CE,77.75,3084.0,Monitoring
2025-05-21,11:55:00,HOLD,MIDCPNIFTY25MAY12900CE,81.0,2694.0,Monitoring
2025-05-21,12:00:00,HOLD,MIDCPNIFTY25MAY12900CE,70.0,4014.0,Monitoring
2025-05-21,12:05:00,HOLD,MIDCPNIFTY25MAY12900CE,69.0,4134.0,Monitoring
2025-05-21,12:10:00,HOLD,MIDCPNIFTY25MAY12900CE,64.95,4620.0,Monitoring
2025-05-21,12:15:00,HOLD,MIDCPNIFTY25MAY12900CE,61.5,5034.0,Monitoring
2025-05-21,12:20:00,HOLD,MIDCPNIFTY25MAY12900CE,69.35,4092.0,Monitoring
2025-05-21,12:25:00,HOLD,MIDCPNIFTY25MAY12900CE,69.0,4134.0,Monitoring
2025-05-21,12:30:00,HOLD,MIDCPNIFTY25MAY12900CE,71.95,3780.0,Monitoring
2025-05-21,12:35:00,HOLD,MIDCPNIFTY25MAY12900CE,74.45,3480.0,Monitoring
2025-05-21,12:40:00,HOLD,MIDCPNIFTY25MAY12900CE,73.95,3540.0,Monitoring
2025-05-21,12:45:00,HOLD,MIDCPNIFTY25MAY12900CE,71.85,3792.0,Monitoring
2025-05-21,12:50:00,HOLD,MIDCPNIFTY25MAY12900CE,66.7,4410.0,Monitoring
2025-05-21,12:55:00,HOLD,MIDCPNIFTY25MAY12900CE,70.05,4008.0,Monitoring
2025-05-21,13:00:00,HOLD,MIDCPNIFTY25MAY12900CE,71.55,3828.0,Monitoring
2025-05-21,13:05:00,HOLD,MIDCPNIFTY25MAY12900CE,72.2,3750.0,Monitoring
2025-05-21,13:10:00,HOLD,MIDCPNIFTY25MAY12900CE,76.6,3222.0,Monitoring
2025-05-21,13:15:00,HOLD,MIDCPNIFTY25MAY12900CE,77.45,3120.0,Monitoring
2025-05-21,13:20:00,HOLD,MIDCPNIFTY25MAY12900CE,74.6,3462.0,Monitoring
2025-05-21,13:25:00,HOLD,MIDCPNIFTY25MAY12900CE,67.35,4332.0,Monitoring
2025-05-21,13:30:00,HOLD,MIDCPNIFTY25MAY12900CE,72.3,3738.0,Monitoring
2025-05-21,13:35:00,HOLD,MIDCPNIFTY25MAY12900CE,69.55,4068.0,Monitoring
2025-05-21,13:40:00,HOLD,MIDCPNIFTY25MAY12900CE,68.5,4194.0,Monitoring
2025-05-21,13:45:00,HOLD,MIDCPNIFTY25MAY12900CE,70.25,3984.0,Monitoring
2025-05-21,13:50:00,HOLD,MIDCPNIFTY25MAY12900CE,69.0,4134.0,Monitoring
2025-05-21,13:55:00,HOLD,MIDCPNIFTY25MAY12900CE,68.3,4218.0,Monitoring
2025-05-21,14:00:00,HOLD,MIDCPNIFTY25MAY12900CE,64.5,4674.0,Monitoring
2025-05-21,14:05:00,HOLD,MIDCPNIFTY25MAY12900CE,67.6,4302.0,Monitoring
2025-05-21,14:10:00,HOLD,MIDCPNIFTY25MAY12900CE,73.8,3558.0,Monitoring
2025-05-21,14:15:00,HOLD,MIDCPNIFTY25MAY12900CE,72.6,3702.0,Monitoring
2025-05-21,14:20:00,HOLD,MIDCPNIFTY25MAY12900CE,74.0,3534.0,Monitoring
2025-05-21,14:25:00,HOLD,MIDCPNIFTY25MAY12900CE,75.7,3330.0,Monitoring
2025-05-21,14:30:00,HOLD,MIDCPNIFTY25MAY12900CE,87.0,1974.0,Monitoring
2025-05-21,14:35:00,HOLD,MIDCPNIFTY25MAY12900CE,85.8,2118.0,Monitoring
2025-05-21,14:40:00,HOLD,MIDCPNIFTY25MAY12900CE,81.85,2592.0,Monitoring
2025-05-21,14:45:00,HOLD,MIDCPNIFTY25MAY12900CE,84.0,2334.0,Monitoring
2025-05-21,14:50:00,HOLD,MIDCPNIFTY25MAY12900CE,83.7,2370.0,Monitoring
2025-05-21,14:55:00,HOLD,MIDCPNIFTY25MAY12900CE,81.95,2580.0,Monitoring
2025-05-21,15:00:00,HOLD,MIDCPNIFTY25MAY12900CE,82.85,2472.0,Monitoring
2025-05-21,15:05:00,HOLD,MIDCPNIFTY25MAY12900CE,83.6,2382.0,Monitoring
2025-05-21,15:10:00,HOLD,MIDCPNIFTY25MAY12900CE,77.8,3078.0,Monitoring
2025-05-21,15:15:00,HOLD,MIDCPNIFTY25MAY12900CE,79.8,2838.0,Monitoring
2025-05-21,15:20:00,HOLD,MIDCPNIFTY25MAY12900CE,75.7,3330.0,Monitoring
2025-05-21,15:25:00,HOLD,MIDCPNIFTY25MAY12900CE,75.2,3390.0,Monitoring
2025-05-22,09:15:00,HOLD,MIDCPNIFTY25MAY12900CE,48.3,6618.0,Monitoring
2025-05-22,09:20:00,HOLD,MIDCPNIFTY25MAY12900CE,44.95,7020.0,Monitoring
2025-05-22,09:25:00,HOLD,MIDCPNIFTY25MAY12900CE,49.95,6420.0,Monitoring
2025-05-22,09:30:00,HOLD,MIDCPNIFTY25MAY12900CE,45.0,7014.0,Monitoring
2025-05-22,09:35:00,HOLD,MIDCPNIFTY25MAY12900CE,48.8,6558.0,Monitoring
2025-05-22,09:40:00,HOLD,MIDCPNIFTY25MAY12900CE,49.9,6426.0,Monitoring
2025-05-22,09:45:00,HOLD,MIDCPNIFTY25MAY12900CE,47.35,6732.0,Monitoring
2025-05-22,09:50:00,HOLD,MIDCPNIFTY25MAY12900CE,48.0,6654.0,Monitoring
2025-05-22,09:55:00,HOLD,MIDCPNIFTY25MAY12900CE,51.45,6240.0,Monitoring
2025-05-22,10:00:00,HOLD,MIDCPNIFTY25MAY12900CE,46.55,6828.0,Monitoring
2025-05-22,10:05:00,HOLD,MIDCPNIFTY25MAY12900CE,46.85,6792.0,Monitoring
2025-05-22,10:10:00,HOLD,MIDCPNIFTY25MAY12900CE,49.3,6498.0,Monitoring
2025-05-22,10:15:00,HOLD,MIDCPNIFTY25MAY12900CE,48.5,6594.0,Monitoring
2025-05-22,10:20:00,HOLD,MIDCPNIFTY25MAY12900CE,51.5,6234.0,Monitoring
2025-05-22,10:25:00,HOLD,MIDCPNIFTY25MAY12900CE,49.95,6420.0,Monitoring
2025-05-22,10:30:00,HOLD,MIDCPNIFTY25MAY12900CE,49.1,6522.0,Monitoring
2025-05-22,10:35:00,HOLD,MIDCPNIFTY25MAY12900CE,48.5,6594.0,Monitoring
2025-05-22,10:40:00,HOLD,MIDCPNIFTY25MAY12900CE,49.75,6444.0,Monitoring
2025-05-22,10:45:00,HOLD,MIDCPNIFTY25MAY12900CE,49.1,6522.0,Monitoring
2025-05-22,10:50:00,HOLD,MIDCPNIFTY25MAY12900CE,49.75,6444.0,Monitoring
2025-05-22,10:55:00,HOLD,MIDCPNIFTY25MAY12900CE,49.7,6450.0,Monitoring
2025-05-22,11:00:00,HOLD,MIDCPNIFTY25MAY12900CE,46.05,6888.0,Monitoring
2025-05-22,11:05:00,HOLD,MIDCPNIFTY25MAY12900CE,46.6,6822.0,Monitoring
2025-05-22,11:10:00,HOLD,MIDCPNIFTY25MAY12900CE,39.3,7698.0,Monitoring
2025-05-22,11:15:00,HOLD,MIDCPNIFTY25MAY12900CE,41.2,7470.0,Monitoring
2025-05-22,11:20:00,HOLD,MIDCPNIFTY25MAY12900CE,40.8,7518.0,Monitoring
2025-05-22,11:25:00,HOLD,MIDCPNIFTY25MAY12900CE,43.35,7212.0,Monitoring
2025-05-22,11:30:00,HOLD,MIDCPNIFTY25MAY12900CE,40.0,7614.0,Monitoring
2025-05-22,11:35:00,HOLD,MIDCPNIFTY25MAY12900CE,39.9,7626.0,Monitoring
2025-05-22,11:40:00,HOLD,MIDCPNIFTY25MAY12900CE,40.35,7572.0,Monitoring
2025-05-22,11:45:00,HOLD,MIDCPNIFTY25MAY12900CE,41.0,7494.0,Monitoring
2025-05-22,11:50:00,HOLD,MIDCPNIFTY25MAY12900CE,42.9,7266.0,Monitoring
2025-05-22,11:55:00,HOLD,MIDCPNIFTY25MAY12900CE,42.0,7374.0,Monitoring
2025-05-22,12:00:00,HOLD,MIDCPNIFTY25MAY12900CE,43.6,7182.0,Monitoring
2025-05-22,12:05:00,HOLD,MIDCPNIFTY25MAY12900CE,42.1,7362.0,Monitoring
2025-05-22,12:10:00,HOLD,MIDCPNIFTY25MAY12900CE,43.25,7224.0,Monitoring
2025-05-22,12:15:00,HOLD,MIDCPNIFTY25MAY12900CE,43.45,7200.0,Monitoring
2025-05-22,12:20:00,HOLD,MIDCPNIFTY25MAY12900CE,41.0,7494.0,Monitoring
2025-05-22,12:25:00,HOLD,MIDCPNIFTY25MAY12900CE,39.8,7638.0,Monitoring
2025-05-22,12:30:00,HOLD,MIDCPNIFTY25MAY12900CE,38.35,7812.0,Monitoring
2025-05-22,12:35:00,HOLD,MIDCPNIFTY25MAY12900CE,38.4,7806.0,Monitoring
2025-05-22,12:40:00,HOLD,MIDCPNIFTY25MAY12900CE,37.4,7926.0,Monitoring
2025-05-22,12:45:00,HOLD,MIDCPNIFTY25MAY12900CE,36.0,8094.0,Monitoring
2025-05-22,12:50:00,HOLD,MIDCPNIFTY25MAY12900CE,35.55,8148.0,Monitoring
2025-05-22,12:55:00,HOLD,MIDCPNIFTY25MAY12900CE,37.0,7974.0,Monitoring
2025-05-22,13:00:00,HOLD,MIDCPNIFTY25MAY12900CE,37.05,7968.0,Monitoring
2025-05-22,13:05:00,HOLD,MIDCPNIFTY25MAY12900CE,36.7,8010.0,Monitoring
2025-05-22,13:10:00,HOLD,MIDCPNIFTY25MAY12900CE,39.55,7668.0,Monitoring
2025-05-22,13:15:00,HOLD,MIDCPNIFTY25MAY12900CE,38.55,7788.0,Monitoring
2025-05-22,13:20:00,HOLD,MIDCPNIFTY25MAY12900CE,40.0,7614.0,Monitoring
2025-05-22,13:25:00,HOLD,MIDCPNIFTY25MAY12900CE,40.0,7614.0,Monitoring
2025-05-22,13:30:00,HOLD,MIDCPNIFTY25MAY12900CE,39.25,7704.0,Monitoring
2025-05-22,13:35:00,HOLD,MIDCPNIFTY25MAY12900CE,37.5,7914.0,Monitoring
2025-05-22,13:40:00,HOLD,MIDCPNIFTY25MAY12900CE,34.0,8334.0,Monitoring
2025-05-22,13:45:00,HOLD,MIDCPNIFTY25MAY12900CE,36.4,8046.0,Monitoring
2025-05-22,13:50:00,HOLD,MIDCPNIFTY25MAY12900CE,35.0,8214.0,Monitoring
2025-05-22,13:55:00,HOLD,MIDCPNIFTY25MAY12900CE,35.25,8184.0,Monitoring
2025-05-22,14:00:00,HOLD,MIDCPNIFTY25MAY12900CE,35.75,8124.0,Monitoring
2025-05-22,14:05:00,HOLD,MIDCPNIFTY25MAY12900CE,35.0,8214.0,Monitoring
2025-05-22,14:10:00,HOLD,MIDCPNIFTY25MAY12900CE,35.7,8130.0,Monitoring
2025-05-22,14:15:00,HOLD,MIDCPNIFTY25MAY12900CE,31.55,8628.0,Monitoring
2025-05-22,14:20:00,HOLD,MIDCPNIFTY25MAY12900CE,29.85,8832.0,Monitoring
2025-05-22,14:20:00,BUY_EXIT,MIDCPNIFTY25MAY12900CE,29.85,8832.0,TARGET_LTP_30
