Date,Time,Event,Ticker,Price,PnL_INR,Info
2024-12-17,14:00:00,SELL_ENTRY,MIDCPNIFTY24DEC13300CE,84.9,0.0,Signal CE | Short
2024-12-17,14:05:00,HOLD,MIDCPNIFTY24DEC13300CE,81.05,462.0,Monitoring
2024-12-17,14:10:00,HOLD,MIDCPNIFTY24DEC13300CE,79.75,618.0,Monitoring
2024-12-17,14:15:00,HOLD,MIDCPNIFTY24DEC13300CE,79.95,594.0,Monitoring
2024-12-17,14:20:00,HOLD,MIDCPNIFTY24DEC13300CE,77.0,948.0,Monitoring
2024-12-17,14:25:00,HOLD,MIDCPNIFTY24DEC13300CE,74.85,1206.0,Monitoring
2024-12-17,14:30:00,HOLD,MIDCPNIFTY24DEC13300CE,79.05,702.0,Monitoring
2024-12-17,14:35:00,HOLD,MIDCPNIFTY24DEC13300CE,83.2,204.0,Monitoring
2024-12-17,14:40:00,HOLD,MIDCPNIFTY24DEC13300CE,77.25,918.0,Monitoring
2024-12-17,14:45:00,HOLD,MIDCPNIFTY24DEC13300CE,81.15,450.0,Monitoring
2024-12-17,14:50:00,HOLD,MIDCPNIFTY24DEC13300CE,78.75,738.0,Monitoring
2024-12-17,14:55:00,HOLD,MIDCPNIFTY24DEC13300CE,81.4,420.0,Monitoring
2024-12-17,15:00:00,HOLD,MIDCPNIFTY24DEC13300CE,86.95,-246.0,Monitoring
2024-12-17,15:05:00,HOLD,MIDCPNIFTY24DEC13300CE,86.25,-162.0,Monitoring
2024-12-17,15:10:00,HOLD,MIDCPNIFTY24DEC13300CE,81.0,468.0,Monitoring
2024-12-17,15:15:00,HOLD,MIDCPNIFTY24DEC13300CE,82.25,318.0,Monitoring
2024-12-17,15:20:00,HOLD,MIDCPNIFTY24DEC13300CE,80.1,576.0,Monitoring
2024-12-17,15:25:00,HOLD,MIDCPNIFTY24DEC13300CE,80.2,564.0,Monitoring
2024-12-18,09:15:00,HOLD,MIDCPNIFTY24DEC13300CE,82.35,306.0,Monitoring
2024-12-18,09:20:00,HOLD,MIDCPNIFTY24DEC13300CE,79.4,660.0,Monitoring
2024-12-18,09:25:00,HOLD,MIDCPNIFTY24DEC13300CE,74.25,1278.0,Monitoring
2024-12-18,09:30:00,HOLD,MIDCPNIFTY24DEC13300CE,68.55,1962.0,Monitoring
2024-12-18,09:35:00,HOLD,MIDCPNIFTY24DEC13300CE,71.5,1608.0,Monitoring
2024-12-18,09:40:00,HOLD,MIDCPNIFTY24DEC13300CE,78.45,774.0,Monitoring
2024-12-18,09:45:00,HOLD,MIDCPNIFTY24DEC13300CE,79.65,630.0,Monitoring
2024-12-18,09:50:00,HOLD,MIDCPNIFTY24DEC13300CE,71.55,1602.0,Monitoring
2024-12-18,09:55:00,HOLD,MIDCPNIFTY24DEC13300CE,59.65,3030.0,Monitoring
2024-12-18,10:00:00,HOLD,MIDCPNIFTY24DEC13300CE,62.4,2700.0,Monitoring
2024-12-18,10:05:00,HOLD,MIDCPNIFTY24DEC13300CE,60.0,2988.0,Monitoring
2024-12-18,10:10:00,HOLD,MIDCPNIFTY24DEC13300CE,58.15,3210.0,Monitoring
2024-12-18,10:15:00,HOLD,MIDCPNIFTY24DEC13300CE,58.15,3210.0,Monitoring
2024-12-18,10:20:00,HOLD,MIDCPNIFTY24DEC13300CE,63.15,2610.0,Monitoring
2024-12-18,10:25:00,HOLD,MIDCPNIFTY24DEC13300CE,60.2,2964.0,Monitoring
2024-12-18,10:30:00,HOLD,MIDCPNIFTY24DEC13300CE,66.8,2172.0,Monitoring
2024-12-18,10:35:00,HOLD,MIDCPNIFTY24DEC13300CE,66.0,2268.0,Monitoring
2024-12-18,10:40:00,HOLD,MIDCPNIFTY24DEC13300CE,67.25,2118.0,Monitoring
2024-12-18,10:45:00,HOLD,MIDCPNIFTY24DEC13300CE,66.45,2214.0,Monitoring
2024-12-18,10:50:00,HOLD,MIDCPNIFTY24DEC13300CE,62.85,2646.0,Monitoring
2024-12-18,10:55:00,HOLD,MIDCPNIFTY24DEC13300CE,61.75,2778.0,Monitoring
2024-12-18,11:00:00,HOLD,MIDCPNIFTY24DEC13300CE,63.75,2538.0,Monitoring
2024-12-18,11:05:00,HOLD,MIDCPNIFTY24DEC13300CE,61.5,2808.0,Monitoring
2024-12-18,11:10:00,HOLD,MIDCPNIFTY24DEC13300CE,65.3,2352.0,Monitoring
2024-12-18,11:15:00,HOLD,MIDCPNIFTY24DEC13300CE,68.25,1998.0,Monitoring
2024-12-18,11:20:00,HOLD,MIDCPNIFTY24DEC13300CE,67.65,2070.0,Monitoring
2024-12-18,11:25:00,HOLD,MIDCPNIFTY24DEC13300CE,75.2,1164.0,Monitoring
2024-12-18,11:30:00,HOLD,MIDCPNIFTY24DEC13300CE,73.45,1374.0,Monitoring
2024-12-18,11:35:00,HOLD,MIDCPNIFTY24DEC13300CE,71.95,1554.0,Monitoring
2024-12-18,11:40:00,HOLD,MIDCPNIFTY24DEC13300CE,68.9,1920.0,Monitoring
2024-12-18,11:45:00,HOLD,MIDCPNIFTY24DEC13300CE,68.95,1914.0,Monitoring
2024-12-18,11:50:00,HOLD,MIDCPNIFTY24DEC13300CE,68.35,1986.0,Monitoring
2024-12-18,11:55:00,HOLD,MIDCPNIFTY24DEC13300CE,69.65,1830.0,Monitoring
2024-12-18,12:00:00,HOLD,MIDCPNIFTY24DEC13300CE,68.55,1962.0,Monitoring
2024-12-18,12:05:00,HOLD,MIDCPNIFTY24DEC13300CE,68.65,1950.0,Monitoring
2024-12-18,12:10:00,HOLD,MIDCPNIFTY24DEC13300CE,66.0,2268.0,Monitoring
2024-12-18,12:15:00,HOLD,MIDCPNIFTY24DEC13300CE,63.45,2574.0,Monitoring
2024-12-18,12:20:00,HOLD,MIDCPNIFTY24DEC13300CE,62.45,2694.0,Monitoring
2024-12-18,12:25:00,HOLD,MIDCPNIFTY24DEC13300CE,65.0,2388.0,Monitoring
2024-12-18,12:30:00,HOLD,MIDCPNIFTY24DEC13300CE,61.15,2850.0,Monitoring
2024-12-18,12:35:00,HOLD,MIDCPNIFTY24DEC13300CE,53.95,3714.0,Monitoring
2024-12-18,12:40:00,HOLD,MIDCPNIFTY24DEC13300CE,55.3,3552.0,Monitoring
2024-12-18,12:45:00,HOLD,MIDCPNIFTY24DEC13300CE,52.4,3900.0,Monitoring
2024-12-18,12:50:00,HOLD,MIDCPNIFTY24DEC13300CE,50.7,4104.0,Monitoring
2024-12-18,12:55:00,HOLD,MIDCPNIFTY24DEC13300CE,52.8,3852.0,Monitoring
2024-12-18,13:00:00,HOLD,MIDCPNIFTY24DEC13300CE,56.15,3450.0,Monitoring
2024-12-18,13:05:00,HOLD,MIDCPNIFTY24DEC13300CE,59.15,3090.0,Monitoring
2024-12-18,13:10:00,HOLD,MIDCPNIFTY24DEC13300CE,57.65,3270.0,Monitoring
2024-12-18,13:15:00,HOLD,MIDCPNIFTY24DEC13300CE,57.6,3276.0,Monitoring
2024-12-18,13:20:00,HOLD,MIDCPNIFTY24DEC13300CE,58.75,3138.0,Monitoring
2024-12-18,13:25:00,HOLD,MIDCPNIFTY24DEC13300CE,60.65,2910.0,Monitoring
2024-12-18,13:30:00,HOLD,MIDCPNIFTY24DEC13300CE,57.55,3282.0,Monitoring
2024-12-18,13:35:00,HOLD,MIDCPNIFTY24DEC13300CE,55.45,3534.0,Monitoring
2024-12-18,13:40:00,HOLD,MIDCPNIFTY24DEC13300CE,55.6,3516.0,Monitoring
2024-12-18,13:45:00,HOLD,MIDCPNIFTY24DEC13300CE,56.4,3420.0,Monitoring
2024-12-18,13:50:00,HOLD,MIDCPNIFTY24DEC13300CE,54.7,3624.0,Monitoring
2024-12-18,13:55:00,HOLD,MIDCPNIFTY24DEC13300CE,60.3,2952.0,Monitoring
2024-12-18,14:00:00,HOLD,MIDCPNIFTY24DEC13300CE,60.6,2916.0,Monitoring
2024-12-18,14:05:00,HOLD,MIDCPNIFTY24DEC13300CE,56.0,3468.0,Monitoring
2024-12-18,14:10:00,HOLD,MIDCPNIFTY24DEC13300CE,56.25,3438.0,Monitoring
2024-12-18,14:15:00,HOLD,MIDCPNIFTY24DEC13300CE,58.7,3144.0,Monitoring
2024-12-18,14:20:00,HOLD,MIDCPNIFTY24DEC13300CE,57.6,3276.0,Monitoring
2024-12-18,14:25:00,HOLD,MIDCPNIFTY24DEC13300CE,56.55,3402.0,Monitoring
2024-12-18,14:30:00,HOLD,MIDCPNIFTY24DEC13300CE,56.15,3450.0,Monitoring
2024-12-18,14:35:00,HOLD,MIDCPNIFTY24DEC13300CE,55.0,3588.0,Monitoring
2024-12-18,14:40:00,HOLD,MIDCPNIFTY24DEC13300CE,58.3,3192.0,Monitoring
2024-12-18,14:45:00,HOLD,MIDCPNIFTY24DEC13300CE,60.1,2976.0,Monitoring
2024-12-18,14:50:00,HOLD,MIDCPNIFTY24DEC13300CE,57.75,3258.0,Monitoring
2024-12-18,14:55:00,HOLD,MIDCPNIFTY24DEC13300CE,55.55,3522.0,Monitoring
2024-12-18,15:00:00,HOLD,MIDCPNIFTY24DEC13300CE,60.0,2988.0,Monitoring
2024-12-18,15:05:00,HOLD,MIDCPNIFTY24DEC13300CE,58.5,3168.0,Monitoring
2024-12-18,15:10:00,HOLD,MIDCPNIFTY24DEC13300CE,57.55,3282.0,Monitoring
2024-12-18,15:15:00,HOLD,MIDCPNIFTY24DEC13300CE,58.9,3120.0,Monitoring
2024-12-18,15:20:00,HOLD,MIDCPNIFTY24DEC13300CE,58.65,3150.0,Monitoring
2024-12-18,15:25:00,HOLD,MIDCPNIFTY24DEC13300CE,57.55,3282.0,Monitoring
2024-12-19,09:15:00,HOLD,MIDCPNIFTY24DEC13300CE,28.2,6804.0,Monitoring
2024-12-19,09:15:00,BUY_EXIT,MIDCPNIFTY24DEC13300CE,28.2,6804.0,TARGET_LTP_30
