Date,Time,Event,Ticker,Price,PnL_INR,Info
2025-01-06,14:00:00,SELL_ENTRY,MIDCPNIFTY25JAN13100CE,111.65,0.0,Signal CE | Short
2025-01-06,14:05:00,HOLD,MIDCPNIFTY25JAN13100CE,115.05,-408.0,Monitoring
2025-01-06,14:10:00,HOLD,MIDCPNIFTY25JAN13100CE,110.0,198.0,Monitoring
2025-01-06,14:15:00,HOLD,MIDCPNIFTY25JAN13100CE,112.15,-60.0,Monitoring
2025-01-06,14:20:00,HOLD,MIDCPNIFTY25JAN13100CE,110.65,120.0,Monitoring
2025-01-06,14:25:00,HOLD,MIDCPNIFTY25JAN13100CE,108.3,402.0,Monitoring
2025-01-06,14:30:00,HOLD,MIDCPNIFTY25JAN13100CE,108.0,438.0,Monitoring
2025-01-06,14:35:00,HOLD,MIDCPNIFTY25JAN13100CE,107.2,534.0,Monitoring
2025-01-06,14:40:00,HOLD,MIDCPNIFTY25JAN13100CE,107.95,444.0,Monitoring
2025-01-06,14:45:00,HOLD,MIDCPNIFTY25JAN13100CE,114.35,-324.0,Monitoring
2025-01-06,14:50:00,HOLD,MIDCPNIFTY25JAN13100CE,114.7,-366.0,Monitoring
2025-01-06,14:55:00,HOLD,MIDCPNIFTY25JAN13100CE,119.15,-900.0,Monitoring
2025-01-06,15:00:00,HOLD,MIDCPNIFTY25JAN13100CE,115.65,-480.0,Monitoring
2025-01-06,15:05:00,HOLD,MIDCPNIFTY25JAN13100CE,119.15,-900.0,Monitoring
2025-01-06,15:10:00,HOLD,MIDCPNIFTY25JAN13100CE,114.7,-366.0,Monitoring
2025-01-06,15:15:00,HOLD,MIDCPNIFTY25JAN13100CE,115.0,-402.0,Monitoring
2025-01-06,15:20:00,HOLD,MIDCPNIFTY25JAN13100CE,110.9,90.0,Monitoring
2025-01-06,15:25:00,HOLD,MIDCPNIFTY25JAN13100CE,114.95,-396.0,Monitoring
2025-01-07,09:15:00,HOLD,MIDCPNIFTY25JAN13100CE,124.05,-1488.0,Monitoring
2025-01-07,09:20:00,HOLD,MIDCPNIFTY25JAN13100CE,126.3,-1758.0,Monitoring
2025-01-07,09:25:00,HOLD,MIDCPNIFTY25JAN13100CE,128.0,-1962.0,Monitoring
2025-01-07,09:30:00,HOLD,MIDCPNIFTY25JAN13100CE,139.7,-3366.0,Monitoring
2025-01-07,09:35:00,HOLD,MIDCPNIFTY25JAN13100CE,147.25,-4272.0,Monitoring
2025-01-07,09:40:00,HOLD,MIDCPNIFTY25JAN13100CE,144.55,-3948.0,Monitoring
2025-01-07,09:45:00,HOLD,MIDCPNIFTY25JAN13100CE,120.6,-1074.0,Monitoring
2025-01-07,09:50:00,HOLD,MIDCPNIFTY25JAN13100CE,122.45,-1296.0,Monitoring
2025-01-07,09:55:00,HOLD,MIDCPNIFTY25JAN13100CE,111.05,72.0,Monitoring
2025-01-07,10:00:00,HOLD,MIDCPNIFTY25JAN13100CE,108.5,378.0,Monitoring
2025-01-07,10:05:00,HOLD,MIDCPNIFTY25JAN13100CE,101.7,1194.0,Monitoring
2025-01-07,10:10:00,HOLD,MIDCPNIFTY25JAN13100CE,123.05,-1368.0,Monitoring
2025-01-07,10:15:00,HOLD,MIDCPNIFTY25JAN13100CE,120.0,-1002.0,Monitoring
2025-01-07,10:20:00,HOLD,MIDCPNIFTY25JAN13100CE,121.75,-1212.0,Monitoring
2025-01-07,10:25:00,HOLD,MIDCPNIFTY25JAN13100CE,130.0,-2202.0,Monitoring
2025-01-07,10:30:00,HOLD,MIDCPNIFTY25JAN13100CE,124.55,-1548.0,Monitoring
2025-01-07,10:35:00,HOLD,MIDCPNIFTY25JAN13100CE,122.55,-1308.0,Monitoring
2025-01-07,10:40:00,HOLD,MIDCPNIFTY25JAN13100CE,125.0,-1602.0,Monitoring
2025-01-07,10:45:00,HOLD,MIDCPNIFTY25JAN13100CE,125.95,-1716.0,Monitoring
2025-01-07,10:50:00,HOLD,MIDCPNIFTY25JAN13100CE,119.1,-894.0,Monitoring
2025-01-07,10:55:00,HOLD,MIDCPNIFTY25JAN13100CE,121.7,-1206.0,Monitoring
2025-01-07,11:00:00,HOLD,MIDCPNIFTY25JAN13100CE,125.8,-1698.0,Monitoring
2025-01-07,11:05:00,HOLD,MIDCPNIFTY25JAN13100CE,116.35,-564.0,Monitoring
2025-01-07,11:10:00,HOLD,MIDCPNIFTY25JAN13100CE,115.75,-492.0,Monitoring
2025-01-07,11:15:00,HOLD,MIDCPNIFTY25JAN13100CE,117.0,-642.0,Monitoring
2025-01-07,11:20:00,HOLD,MIDCPNIFTY25JAN13100CE,117.15,-660.0,Monitoring
2025-01-07,11:25:00,HOLD,MIDCPNIFTY25JAN13100CE,117.0,-642.0,Monitoring
2025-01-07,11:30:00,HOLD,MIDCPNIFTY25JAN13100CE,120.5,-1062.0,Monitoring
2025-01-07,11:35:00,HOLD,MIDCPNIFTY25JAN13100CE,119.0,-882.0,Monitoring
2025-01-07,11:40:00,HOLD,MIDCPNIFTY25JAN13100CE,116.85,-624.0,Monitoring
2025-01-07,11:45:00,HOLD,MIDCPNIFTY25JAN13100CE,114.15,-300.0,Monitoring
2025-01-07,11:50:00,HOLD,MIDCPNIFTY25JAN13100CE,118.15,-780.0,Monitoring
2025-01-07,11:55:00,HOLD,MIDCPNIFTY25JAN13100CE,107.4,510.0,Monitoring
2025-01-07,12:00:00,HOLD,MIDCPNIFTY25JAN13100CE,109.0,318.0,Monitoring
2025-01-07,12:05:00,HOLD,MIDCPNIFTY25JAN13100CE,109.15,300.0,Monitoring
2025-01-07,12:10:00,HOLD,MIDCPNIFTY25JAN13100CE,107.0,558.0,Monitoring
2025-01-07,12:15:00,HOLD,MIDCPNIFTY25JAN13100CE,103.0,1038.0,Monitoring
2025-01-07,12:20:00,HOLD,MIDCPNIFTY25JAN13100CE,103.9,930.0,Monitoring
2025-01-07,12:25:00,HOLD,MIDCPNIFTY25JAN13100CE,106.95,564.0,Monitoring
2025-01-07,12:30:00,HOLD,MIDCPNIFTY25JAN13100CE,110.35,156.0,Monitoring
2025-01-07,12:35:00,HOLD,MIDCPNIFTY25JAN13100CE,109.8,222.0,Monitoring
2025-01-07,12:40:00,HOLD,MIDCPNIFTY25JAN13100CE,111.75,-12.0,Monitoring
2025-01-07,12:45:00,HOLD,MIDCPNIFTY25JAN13100CE,113.75,-252.0,Monitoring
2025-01-07,12:50:00,HOLD,MIDCPNIFTY25JAN13100CE,116.15,-540.0,Monitoring
2025-01-07,12:55:00,HOLD,MIDCPNIFTY25JAN13100CE,110.75,108.0,Monitoring
2025-01-07,13:00:00,HOLD,MIDCPNIFTY25JAN13100CE,111.45,24.0,Monitoring
2025-01-07,13:05:00,HOLD,MIDCPNIFTY25JAN13100CE,115.8,-498.0,Monitoring
2025-01-07,13:10:00,HOLD,MIDCPNIFTY25JAN13100CE,114.0,-282.0,Monitoring
2025-01-07,13:15:00,HOLD,MIDCPNIFTY25JAN13100CE,111.6,6.0,Monitoring
2025-01-07,13:20:00,HOLD,MIDCPNIFTY25JAN13100CE,112.9,-150.0,Monitoring
2025-01-07,13:25:00,HOLD,MIDCPNIFTY25JAN13100CE,112.35,-84.0,Monitoring
2025-01-07,13:30:00,HOLD,MIDCPNIFTY25JAN13100CE,118.1,-774.0,Monitoring
2025-01-07,13:35:00,HOLD,MIDCPNIFTY25JAN13100CE,115.0,-402.0,Monitoring
2025-01-07,13:40:00,HOLD,MIDCPNIFTY25JAN13100CE,112.0,-42.0,Monitoring
2025-01-07,13:45:00,HOLD,MIDCPNIFTY25JAN13100CE,107.55,492.0,Monitoring
2025-01-07,13:50:00,HOLD,MIDCPNIFTY25JAN13100CE,104.1,906.0,Monitoring
2025-01-07,13:55:00,HOLD,MIDCPNIFTY25JAN13100CE,103.5,978.0,Monitoring
2025-01-07,14:00:00,HOLD,MIDCPNIFTY25JAN13100CE,106.15,660.0,Monitoring
2025-01-07,14:05:00,HOLD,MIDCPNIFTY25JAN13100CE,108.15,420.0,Monitoring
2025-01-07,14:10:00,HOLD,MIDCPNIFTY25JAN13100CE,109.3,282.0,Monitoring
2025-01-07,14:15:00,HOLD,MIDCPNIFTY25JAN13100CE,110.6,126.0,Monitoring
2025-01-07,14:20:00,HOLD,MIDCPNIFTY25JAN13100CE,107.4,510.0,Monitoring
2025-01-07,14:25:00,HOLD,MIDCPNIFTY25JAN13100CE,105.0,798.0,Monitoring
2025-01-07,14:30:00,HOLD,MIDCPNIFTY25JAN13100CE,104.6,846.0,Monitoring
2025-01-07,14:35:00,HOLD,MIDCPNIFTY25JAN13100CE,102.0,1158.0,Monitoring
2025-01-07,14:40:00,HOLD,MIDCPNIFTY25JAN13100CE,102.5,1098.0,Monitoring
2025-01-07,14:45:00,HOLD,MIDCPNIFTY25JAN13100CE,105.0,798.0,Monitoring
2025-01-07,14:50:00,HOLD,MIDCPNIFTY25JAN13100CE,108.6,366.0,Monitoring
2025-01-07,14:55:00,HOLD,MIDCPNIFTY25JAN13100CE,109.85,216.0,Monitoring
2025-01-07,15:00:00,HOLD,MIDCPNIFTY25JAN13100CE,105.8,702.0,Monitoring
2025-01-07,15:05:00,HOLD,MIDCPNIFTY25JAN13100CE,105.0,798.0,Monitoring
2025-01-07,15:10:00,HOLD,MIDCPNIFTY25JAN13100CE,105.35,756.0,Monitoring
2025-01-07,15:15:00,HOLD,MIDCPNIFTY25JAN13100CE,107.0,558.0,Monitoring
2025-01-07,15:20:00,HOLD,MIDCPNIFTY25JAN13100CE,105.7,714.0,Monitoring
2025-01-07,15:25:00,HOLD,MIDCPNIFTY25JAN13100CE,105.95,684.0,Monitoring
2025-01-08,09:15:00,HOLD,MIDCPNIFTY25JAN13100CE,84.6,3246.0,Monitoring
2025-01-08,09:20:00,HOLD,MIDCPNIFTY25JAN13100CE,78.3,4002.0,Monitoring
2025-01-08,09:25:00,HOLD,MIDCPNIFTY25JAN13100CE,72.65,4680.0,Monitoring
2025-01-08,09:30:00,HOLD,MIDCPNIFTY25JAN13100CE,67.95,5244.0,Monitoring
2025-01-08,09:35:00,HOLD,MIDCPNIFTY25JAN13100CE,73.45,4584.0,Monitoring
2025-01-08,09:40:00,HOLD,MIDCPNIFTY25JAN13100CE,70.0,4998.0,Monitoring
2025-01-08,09:45:00,HOLD,MIDCPNIFTY25JAN13100CE,66.65,5400.0,Monitoring
2025-01-08,09:50:00,HOLD,MIDCPNIFTY25JAN13100CE,74.15,4500.0,Monitoring
2025-01-08,09:55:00,HOLD,MIDCPNIFTY25JAN13100CE,74.4,4470.0,Monitoring
2025-01-08,10:00:00,HOLD,MIDCPNIFTY25JAN13100CE,73.2,4614.0,Monitoring
2025-01-08,10:05:00,HOLD,MIDCPNIFTY25JAN13100CE,67.15,5340.0,Monitoring
2025-01-08,10:10:00,HOLD,MIDCPNIFTY25JAN13100CE,69.45,5064.0,Monitoring
2025-01-08,10:15:00,HOLD,MIDCPNIFTY25JAN13100CE,67.05,5352.0,Monitoring
2025-01-08,10:20:00,HOLD,MIDCPNIFTY25JAN13100CE,61.0,6078.0,Monitoring
2025-01-08,10:25:00,HOLD,MIDCPNIFTY25JAN13100CE,60.15,6180.0,Monitoring
2025-01-08,10:30:00,HOLD,MIDCPNIFTY25JAN13100CE,58.35,6396.0,Monitoring
2025-01-08,10:35:00,HOLD,MIDCPNIFTY25JAN13100CE,57.2,6534.0,Monitoring
2025-01-08,10:40:00,HOLD,MIDCPNIFTY25JAN13100CE,56.0,6678.0,Monitoring
2025-01-08,10:45:00,HOLD,MIDCPNIFTY25JAN13100CE,57.7,6474.0,Monitoring
2025-01-08,10:50:00,HOLD,MIDCPNIFTY25JAN13100CE,57.0,6558.0,Monitoring
2025-01-08,10:55:00,HOLD,MIDCPNIFTY25JAN13100CE,57.85,6456.0,Monitoring
2025-01-08,11:00:00,HOLD,MIDCPNIFTY25JAN13100CE,56.4,6630.0,Monitoring
2025-01-08,11:05:00,HOLD,MIDCPNIFTY25JAN13100CE,56.25,6648.0,Monitoring
2025-01-08,11:10:00,HOLD,MIDCPNIFTY25JAN13100CE,56.95,6564.0,Monitoring
2025-01-08,11:15:00,HOLD,MIDCPNIFTY25JAN13100CE,56.95,6564.0,Monitoring
2025-01-08,11:20:00,HOLD,MIDCPNIFTY25JAN13100CE,56.25,6648.0,Monitoring
2025-01-08,11:25:00,HOLD,MIDCPNIFTY25JAN13100CE,56.55,6612.0,Monitoring
2025-01-08,11:30:00,HOLD,MIDCPNIFTY25JAN13100CE,58.3,6402.0,Monitoring
2025-01-08,11:35:00,HOLD,MIDCPNIFTY25JAN13100CE,55.0,6798.0,Monitoring
2025-01-08,11:40:00,HOLD,MIDCPNIFTY25JAN13100CE,52.9,7050.0,Monitoring
2025-01-08,11:45:00,HOLD,MIDCPNIFTY25JAN13100CE,53.2,7014.0,Monitoring
2025-01-08,11:50:00,HOLD,MIDCPNIFTY25JAN13100CE,51.85,7176.0,Monitoring
2025-01-08,11:55:00,HOLD,MIDCPNIFTY25JAN13100CE,51.8,7182.0,Monitoring
2025-01-08,12:00:00,HOLD,MIDCPNIFTY25JAN13100CE,52.6,7086.0,Monitoring
2025-01-08,12:05:00,HOLD,MIDCPNIFTY25JAN13100CE,53.3,7002.0,Monitoring
2025-01-08,12:10:00,HOLD,MIDCPNIFTY25JAN13100CE,52.5,7098.0,Monitoring
2025-01-08,12:15:00,HOLD,MIDCPNIFTY25JAN13100CE,52.25,7128.0,Monitoring
2025-01-08,12:20:00,HOLD,MIDCPNIFTY25JAN13100CE,52.85,7056.0,Monitoring
2025-01-08,12:25:00,HOLD,MIDCPNIFTY25JAN13100CE,52.35,7116.0,Monitoring
2025-01-08,12:30:00,HOLD,MIDCPNIFTY25JAN13100CE,50.75,7308.0,Monitoring
2025-01-08,12:35:00,HOLD,MIDCPNIFTY25JAN13100CE,50.5,7338.0,Monitoring
2025-01-08,12:40:00,HOLD,MIDCPNIFTY25JAN13100CE,51.45,7224.0,Monitoring
2025-01-08,12:45:00,HOLD,MIDCPNIFTY25JAN13100CE,49.0,7518.0,Monitoring
2025-01-08,12:50:00,HOLD,MIDCPNIFTY25JAN13100CE,49.8,7422.0,Monitoring
2025-01-08,12:55:00,HOLD,MIDCPNIFTY25JAN13100CE,50.0,7398.0,Monitoring
2025-01-08,13:00:00,HOLD,MIDCPNIFTY25JAN13100CE,48.85,7536.0,Monitoring
2025-01-08,13:05:00,HOLD,MIDCPNIFTY25JAN13100CE,48.75,7548.0,Monitoring
2025-01-08,13:10:00,HOLD,MIDCPNIFTY25JAN13100CE,48.4,7590.0,Monitoring
2025-01-08,13:15:00,HOLD,MIDCPNIFTY25JAN13100CE,46.45,7824.0,Monitoring
2025-01-08,13:20:00,HOLD,MIDCPNIFTY25JAN13100CE,49.55,7452.0,Monitoring
2025-01-08,13:25:00,HOLD,MIDCPNIFTY25JAN13100CE,50.2,7374.0,Monitoring
2025-01-08,13:30:00,HOLD,MIDCPNIFTY25JAN13100CE,48.3,7602.0,Monitoring
2025-01-08,13:35:00,HOLD,MIDCPNIFTY25JAN13100CE,48.45,7584.0,Monitoring
2025-01-08,13:40:00,HOLD,MIDCPNIFTY25JAN13100CE,49.95,7404.0,Monitoring
2025-01-08,13:45:00,HOLD,MIDCPNIFTY25JAN13100CE,53.95,6924.0,Monitoring
2025-01-08,13:50:00,HOLD,MIDCPNIFTY25JAN13100CE,57.4,6510.0,Monitoring
2025-01-08,13:55:00,HOLD,MIDCPNIFTY25JAN13100CE,60.0,6198.0,Monitoring
2025-01-08,14:00:00,HOLD,MIDCPNIFTY25JAN13100CE,61.8,5982.0,Monitoring
2025-01-08,14:05:00,HOLD,MIDCPNIFTY25JAN13100CE,65.1,5586.0,Monitoring
2025-01-08,14:10:00,HOLD,MIDCPNIFTY25JAN13100CE,64.9,5610.0,Monitoring
2025-01-08,14:15:00,HOLD,MIDCPNIFTY25JAN13100CE,65.8,5502.0,Monitoring
2025-01-08,14:20:00,HOLD,MIDCPNIFTY25JAN13100CE,70.35,4956.0,Monitoring
2025-01-08,14:25:00,HOLD,MIDCPNIFTY25JAN13100CE,62.2,5934.0,Monitoring
2025-01-08,14:30:00,HOLD,MIDCPNIFTY25JAN13100CE,62.0,5958.0,Monitoring
2025-01-08,14:35:00,HOLD,MIDCPNIFTY25JAN13100CE,60.35,6156.0,Monitoring
2025-01-08,14:40:00,HOLD,MIDCPNIFTY25JAN13100CE,62.3,5922.0,Monitoring
2025-01-08,14:45:00,HOLD,MIDCPNIFTY25JAN13100CE,64.55,5652.0,Monitoring
2025-01-08,14:50:00,HOLD,MIDCPNIFTY25JAN13100CE,65.0,5598.0,Monitoring
2025-01-08,14:55:00,HOLD,MIDCPNIFTY25JAN13100CE,60.85,6096.0,Monitoring
2025-01-08,15:00:00,HOLD,MIDCPNIFTY25JAN13100CE,60.65,6120.0,Monitoring
2025-01-08,15:05:00,HOLD,MIDCPNIFTY25JAN13100CE,62.55,5892.0,Monitoring
2025-01-08,15:10:00,HOLD,MIDCPNIFTY25JAN13100CE,63.25,5808.0,Monitoring
2025-01-08,15:15:00,HOLD,MIDCPNIFTY25JAN13100CE,62.25,5928.0,Monitoring
2025-01-08,15:20:00,HOLD,MIDCPNIFTY25JAN13100CE,62.85,5856.0,Monitoring
2025-01-08,15:25:00,HOLD,MIDCPNIFTY25JAN13100CE,63.85,5736.0,Monitoring
2025-01-09,09:15:00,HOLD,MIDCPNIFTY25JAN13100CE,63.0,5838.0,Monitoring
2025-01-09,09:20:00,HOLD,MIDCPNIFTY25JAN13100CE,57.9,6450.0,Monitoring
2025-01-09,09:25:00,HOLD,MIDCPNIFTY25JAN13100CE,59.0,6318.0,Monitoring
2025-01-09,09:30:00,HOLD,MIDCPNIFTY25JAN13100CE,62.65,5880.0,Monitoring
2025-01-09,09:35:00,HOLD,MIDCPNIFTY25JAN13100CE,61.7,5994.0,Monitoring
2025-01-09,09:40:00,HOLD,MIDCPNIFTY25JAN13100CE,62.3,5922.0,Monitoring
2025-01-09,09:45:00,HOLD,MIDCPNIFTY25JAN13100CE,61.6,6006.0,Monitoring
2025-01-09,09:50:00,HOLD,MIDCPNIFTY25JAN13100CE,62.9,5850.0,Monitoring
2025-01-09,09:55:00,HOLD,MIDCPNIFTY25JAN13100CE,69.5,5058.0,Monitoring
2025-01-09,10:00:00,HOLD,MIDCPNIFTY25JAN13100CE,66.2,5454.0,Monitoring
2025-01-09,10:05:00,HOLD,MIDCPNIFTY25JAN13100CE,65.8,5502.0,Monitoring
2025-01-09,10:10:00,HOLD,MIDCPNIFTY25JAN13100CE,73.35,4596.0,Monitoring
2025-01-09,10:15:00,HOLD,MIDCPNIFTY25JAN13100CE,74.8,4422.0,Monitoring
2025-01-09,10:15:00,BUY_EXIT,MIDCPNIFTY25JAN13100CE,74.8,4422.0,EMA_REVERSAL_SL
