Date,Time,Event,Ticker,Price,PnL_INR,Info
2025-10-14,14:00:00,SELL_ENTRY,MIDCPNIFTY25OCT13300CE,67.7,0.0,Signal CE | Short
2025-10-14,14:05:00,HOLD,MIDCPNIFTY25OCT13300CE,68.25,-66.0,Monitoring
2025-10-14,14:10:00,HOLD,MIDCPNIFTY25OCT13300CE,67.85,-18.0,Monitoring
2025-10-14,14:15:00,HOLD,MIDCPNIFTY25OCT13300CE,66.05,198.0,Monitoring
2025-10-14,14:20:00,HOLD,MIDCPNIFTY25OCT13300CE,68.6,-108.0,Monitoring
2025-10-14,14:25:00,HOLD,MIDCPNIFTY25OCT13300CE,68.75,-126.0,Monitoring
2025-10-14,14:30:00,HOLD,MIDCPNIFTY25OCT13300CE,74.2,-780.0,Monitoring
2025-10-14,14:35:00,HOLD,MIDCPNIFTY25OCT13300CE,75.0,-876.0,Monitoring
2025-10-14,14:40:00,HOLD,MIDCPNIFTY25OCT13300CE,74.65,-834.0,Monitoring
2025-10-14,14:45:00,HOLD,MIDCPNIFTY25OCT13300CE,72.65,-594.0,Monitoring
2025-10-14,14:50:00,HOLD,MIDCPNIFTY25OCT13300CE,72.4,-564.0,Monitoring
2025-10-14,14:55:00,HOLD,MIDCPNIFTY25OCT13300CE,71.75,-486.0,Monitoring
2025-10-14,15:00:00,HOLD,MIDCPNIFTY25OCT13300CE,69.25,-186.0,Monitoring
2025-10-14,15:05:00,HOLD,MIDCPNIFTY25OCT13300CE,72.0,-516.0,Monitoring
2025-10-14,15:10:00,HOLD,MIDCPNIFTY25OCT13300CE,67.65,6.0,Monitoring
2025-10-14,15:15:00,HOLD,MIDCPNIFTY25OCT13300CE,70.2,-300.0,Monitoring
2025-10-14,15:20:00,HOLD,MIDCPNIFTY25OCT13300CE,66.0,204.0,Monitoring
2025-10-14,15:25:00,HOLD,MIDCPNIFTY25OCT13300CE,65.4,276.0,Monitoring
2025-10-15,09:15:00,HOLD,MIDCPNIFTY25OCT13300CE,86.25,-2226.0,Monitoring
2025-10-15,09:20:00,HOLD,MIDCPNIFTY25OCT13300CE,88.35,-2478.0,Monitoring
2025-10-15,09:25:00,HOLD,MIDCPNIFTY25OCT13300CE,95.45,-3330.0,Monitoring
2025-10-15,09:30:00,HOLD,MIDCPNIFTY25OCT13300CE,97.15,-3534.0,Monitoring
2025-10-15,09:35:00,HOLD,MIDCPNIFTY25OCT13300CE,89.5,-2616.0,Monitoring
2025-10-15,09:40:00,HOLD,MIDCPNIFTY25OCT13300CE,96.8,-3492.0,Monitoring
2025-10-15,09:45:00,HOLD,MIDCPNIFTY25OCT13300CE,95.75,-3366.0,Monitoring
2025-10-15,09:45:00,BUY_EXIT,MIDCPNIFTY25OCT13300CE,95.75,-3366.0,EMA_REVERSAL_SL
