Date,Time,Event,Ticker,Price,PnL_INR,Info
2025-01-30,14:00:00,SELL_ENTRY,MIDCPNIFTY25FEB11900CE,379.95,0.0,Signal CE | Short
2025-01-30,14:05:00,HOLD,MIDCPNIFTY25FEB11900CE,369.0,1314.0,Monitoring
2025-01-30,14:10:00,HOLD,MIDCPNIFTY25FEB11900CE,378.9,126.0,Monitoring
2025-01-30,14:15:00,HOLD,MIDCPNIFTY25FEB11900CE,380.0,-6.0,Monitoring
2025-01-30,14:20:00,HOLD,MIDCPNIFTY25FEB11900CE,384.4,-534.0,Monitoring
2025-01-30,14:25:00,HOLD,MIDCPNIFTY25FEB11900CE,380.05,-12.0,Monitoring
2025-01-30,14:30:00,HOLD,MIDCPNIFTY25FEB11900CE,377.1,342.0,Monitoring
2025-01-30,14:35:00,HOLD,MIDCPNIFTY25FEB11900CE,387.75,-936.0,Monitoring
2025-01-30,14:40:00,HOLD,MIDCPNIFTY25FEB11900CE,387.9,-954.0,Monitoring
2025-01-30,14:45:00,HOLD,MIDCPNIFTY25FEB11900CE,392.2,-1470.0,Monitoring
2025-01-30,14:50:00,HOLD,MIDCPNIFTY25FEB11900CE,386.75,-816.0,Monitoring
2025-01-30,14:55:00,HOLD,MIDCPNIFTY25FEB11900CE,396.55,-1992.0,Monitoring
2025-01-30,15:00:00,HOLD,MIDCPNIFTY25FEB11900CE,399.0,-2286.0,Monitoring
2025-01-30,15:05:00,HOLD,MIDCPNIFTY25FEB11900CE,395.05,-1812.0,Monitoring
2025-01-30,15:10:00,HOLD,MIDCPNIFTY25FEB11900CE,390.5,-1266.0,Monitoring
2025-01-30,15:15:00,HOLD,MIDCPNIFTY25FEB11900CE,391.1,-1338.0,Monitoring
2025-01-30,15:20:00,HOLD,MIDCPNIFTY25FEB11900CE,381.65,-204.0,Monitoring
2025-01-30,15:25:00,HOLD,MIDCPNIFTY25FEB11900CE,386.95,-840.0,Monitoring
2025-01-31,09:15:00,HOLD,MIDCPNIFTY25FEB11900CE,398.9,-2274.0,Monitoring
2025-01-31,09:20:00,HOLD,MIDCPNIFTY25FEB11900CE,426.35,-5568.0,Monitoring
2025-01-31,09:25:00,HOLD,MIDCPNIFTY25FEB11900CE,416.35,-4368.0,Monitoring
2025-01-31,09:30:00,HOLD,MIDCPNIFTY25FEB11900CE,420.5,-4866.0,Monitoring
2025-01-31,09:35:00,HOLD,MIDCPNIFTY25FEB11900CE,397.25,-2076.0,Monitoring
2025-01-31,09:40:00,HOLD,MIDCPNIFTY25FEB11900CE,401.25,-2556.0,Monitoring
2025-01-31,09:45:00,HOLD,MIDCPNIFTY25FEB11900CE,415.15,-4224.0,Monitoring
2025-01-31,09:45:00,BUY_EXIT,MIDCPNIFTY25FEB11900CE,415.15,-4224.0,EMA_REVERSAL_SL
