Date,Time,Event,Ticker,Price,PnL_INR,Info
2025-02-18,15:10:00,SELL_ENTRY,MIDCPNIFTY25FEB11100PE,176.2,0.0,Signal PE | Short
2025-02-18,15:15:00,HOLD,MIDCPNIFTY25FEB11100PE,186.0,-1176.0,Monitoring
2025-02-18,15:20:00,HOLD,MIDCPNIFTY25FEB11100PE,186.05,-1182.0,Monitoring
2025-02-18,15:25:00,HOLD,MIDCPNIFTY25FEB11100PE,191.0,-1776.0,Monitoring
2025-02-19,09:15:00,HOLD,MIDCPNIFTY25FEB11100PE,218.05,-5022.0,Monitoring
2025-02-19,09:20:00,HOLD,MIDCPNIFTY25FEB11100PE,209.5,-3996.0,Monitoring
2025-02-19,09:25:00,HOLD,MIDCPNIFTY25FEB11100PE,214.45,-4590.0,Monitoring
2025-02-19,09:30:00,HOLD,MIDCPNIFTY25FEB11100PE,191.0,-1776.0,Monitoring
2025-02-19,09:35:00,HOLD,MIDCPNIFTY25FEB11100PE,177.1,-108.0,Monitoring
2025-02-19,09:40:00,HOLD,MIDCPNIFTY25FEB11100PE,166.05,1218.0,Monitoring
2025-02-19,09:45:00,HOLD,MIDCPNIFTY25FEB11100PE,135.1,4932.0,Monitoring
2025-02-19,09:50:00,HOLD,MIDCPNIFTY25FEB11100PE,117.9,6996.0,Monitoring
2025-02-19,09:55:00,HOLD,MIDCPNIFTY25FEB11100PE,109.85,7962.0,Monitoring
2025-02-19,10:00:00,HOLD,MIDCPNIFTY25FEB11100PE,117.0,7104.0,Monitoring
2025-02-19,10:05:00,HOLD,MIDCPNIFTY25FEB11100PE,123.6,6312.0,Monitoring
2025-02-19,10:10:00,HOLD,MIDCPNIFTY25FEB11100PE,114.5,7404.0,Monitoring
2025-02-19,10:15:00,HOLD,MIDCPNIFTY25FEB11100PE,113.3,7548.0,Monitoring
2025-02-19,10:20:00,HOLD,MIDCPNIFTY25FEB11100PE,120.35,6702.0,Monitoring
2025-02-19,10:25:00,HOLD,MIDCPNIFTY25FEB11100PE,120.85,6642.0,Monitoring
2025-02-19,10:30:00,HOLD,MIDCPNIFTY25FEB11100PE,125.55,6078.0,Monitoring
2025-02-19,10:35:00,HOLD,MIDCPNIFTY25FEB11100PE,117.0,7104.0,Monitoring
2025-02-19,10:40:00,HOLD,MIDCPNIFTY25FEB11100PE,124.0,6264.0,Monitoring
2025-02-19,10:45:00,HOLD,MIDCPNIFTY25FEB11100PE,140.7,4260.0,Monitoring
2025-02-19,10:50:00,HOLD,MIDCPNIFTY25FEB11100PE,160.1,1932.0,Monitoring
2025-02-19,10:55:00,HOLD,MIDCPNIFTY25FEB11100PE,168.0,984.0,Monitoring
2025-02-19,11:00:00,HOLD,MIDCPNIFTY25FEB11100PE,145.0,3744.0,Monitoring
2025-02-19,11:05:00,HOLD,MIDCPNIFTY25FEB11100PE,144.8,3768.0,Monitoring
2025-02-19,11:10:00,HOLD,MIDCPNIFTY25FEB11100PE,131.95,5310.0,Monitoring
2025-02-19,11:15:00,HOLD,MIDCPNIFTY25FEB11100PE,134.2,5040.0,Monitoring
2025-02-19,11:20:00,HOLD,MIDCPNIFTY25FEB11100PE,126.4,5976.0,Monitoring
2025-02-19,11:25:00,HOLD,MIDCPNIFTY25FEB11100PE,130.55,5478.0,Monitoring
2025-02-19,11:30:00,HOLD,MIDCPNIFTY25FEB11100PE,119.5,6804.0,Monitoring
2025-02-19,11:35:00,HOLD,MIDCPNIFTY25FEB11100PE,127.05,5898.0,Monitoring
2025-02-19,11:40:00,HOLD,MIDCPNIFTY25FEB11100PE,125.15,6126.0,Monitoring
2025-02-19,11:45:00,HOLD,MIDCPNIFTY25FEB11100PE,122.55,6438.0,Monitoring
2025-02-19,11:50:00,HOLD,MIDCPNIFTY25FEB11100PE,119.05,6858.0,Monitoring
2025-02-19,11:55:00,HOLD,MIDCPNIFTY25FEB11100PE,111.55,7758.0,Monitoring
2025-02-19,12:00:00,HOLD,MIDCPNIFTY25FEB11100PE,115.15,7326.0,Monitoring
2025-02-19,12:05:00,HOLD,MIDCPNIFTY25FEB11100PE,119.0,6864.0,Monitoring
2025-02-19,12:10:00,HOLD,MIDCPNIFTY25FEB11100PE,115.1,7332.0,Monitoring
2025-02-19,12:15:00,HOLD,MIDCPNIFTY25FEB11100PE,116.0,7224.0,Monitoring
2025-02-19,12:20:00,HOLD,MIDCPNIFTY25FEB11100PE,116.45,7170.0,Monitoring
2025-02-19,12:25:00,HOLD,MIDCPNIFTY25FEB11100PE,119.8,6768.0,Monitoring
2025-02-19,12:30:00,HOLD,MIDCPNIFTY25FEB11100PE,118.4,6936.0,Monitoring
2025-02-19,12:35:00,HOLD,MIDCPNIFTY25FEB11100PE,116.5,7164.0,Monitoring
2025-02-19,12:40:00,HOLD,MIDCPNIFTY25FEB11100PE,121.05,6618.0,Monitoring
2025-02-19,12:45:00,HOLD,MIDCPNIFTY25FEB11100PE,119.2,6840.0,Monitoring
2025-02-19,12:50:00,HOLD,MIDCPNIFTY25FEB11100PE,118.3,6948.0,Monitoring
2025-02-19,12:55:00,HOLD,MIDCPNIFTY25FEB11100PE,114.95,7350.0,Monitoring
2025-02-19,13:00:00,HOLD,MIDCPNIFTY25FEB11100PE,117.15,7086.0,Monitoring
2025-02-19,13:05:00,HOLD,MIDCPNIFTY25FEB11100PE,127.5,5844.0,Monitoring
2025-02-19,13:10:00,HOLD,MIDCPNIFTY25FEB11100PE,123.0,6384.0,Monitoring
2025-02-19,13:15:00,HOLD,MIDCPNIFTY25FEB11100PE,125.8,6048.0,Monitoring
2025-02-19,13:20:00,HOLD,MIDCPNIFTY25FEB11100PE,128.7,5700.0,Monitoring
2025-02-19,13:25:00,HOLD,MIDCPNIFTY25FEB11100PE,127.85,5802.0,Monitoring
2025-02-19,13:30:00,HOLD,MIDCPNIFTY25FEB11100PE,128.8,5688.0,Monitoring
2025-02-19,13:35:00,HOLD,MIDCPNIFTY25FEB11100PE,120.9,6636.0,Monitoring
2025-02-19,13:40:00,HOLD,MIDCPNIFTY25FEB11100PE,125.25,6114.0,Monitoring
2025-02-19,13:45:00,HOLD,MIDCPNIFTY25FEB11100PE,121.5,6564.0,Monitoring
2025-02-19,13:50:00,HOLD,MIDCPNIFTY25FEB11100PE,120.0,6744.0,Monitoring
2025-02-19,13:55:00,HOLD,MIDCPNIFTY25FEB11100PE,124.95,6150.0,Monitoring
2025-02-19,14:00:00,HOLD,MIDCPNIFTY25FEB11100PE,121.1,6612.0,Monitoring
2025-02-19,14:05:00,HOLD,MIDCPNIFTY25FEB11100PE,118.0,6984.0,Monitoring
2025-02-19,14:10:00,HOLD,MIDCPNIFTY25FEB11100PE,112.9,7596.0,Monitoring
2025-02-19,14:15:00,HOLD,MIDCPNIFTY25FEB11100PE,130.2,5520.0,Monitoring
2025-02-19,14:20:00,HOLD,MIDCPNIFTY25FEB11100PE,128.8,5688.0,Monitoring
2025-02-19,14:25:00,HOLD,MIDCPNIFTY25FEB11100PE,139.5,4404.0,Monitoring
2025-02-19,14:30:00,HOLD,MIDCPNIFTY25FEB11100PE,133.35,5142.0,Monitoring
2025-02-19,14:35:00,HOLD,MIDCPNIFTY25FEB11100PE,126.8,5928.0,Monitoring
2025-02-19,14:40:00,HOLD,MIDCPNIFTY25FEB11100PE,126.3,5988.0,Monitoring
2025-02-19,14:45:00,HOLD,MIDCPNIFTY25FEB11100PE,118.1,6972.0,Monitoring
2025-02-19,14:50:00,HOLD,MIDCPNIFTY25FEB11100PE,112.65,7626.0,Monitoring
2025-02-19,14:55:00,HOLD,MIDCPNIFTY25FEB11100PE,115.5,7284.0,Monitoring
2025-02-19,15:00:00,HOLD,MIDCPNIFTY25FEB11100PE,105.65,8466.0,Monitoring
2025-02-19,15:05:00,HOLD,MIDCPNIFTY25FEB11100PE,102.4,8856.0,Monitoring
2025-02-19,15:10:00,HOLD,MIDCPNIFTY25FEB11100PE,106.1,8412.0,Monitoring
2025-02-19,15:15:00,HOLD,MIDCPNIFTY25FEB11100PE,111.6,7752.0,Monitoring
2025-02-19,15:20:00,HOLD,MIDCPNIFTY25FEB11100PE,111.05,7818.0,Monitoring
2025-02-19,15:25:00,HOLD,MIDCPNIFTY25FEB11100PE,101.7,8940.0,Monitoring
2025-02-20,09:15:00,HOLD,MIDCPNIFTY25FEB11100PE,121.5,6564.0,Monitoring
2025-02-20,09:20:00,HOLD,MIDCPNIFTY25FEB11100PE,135.2,4920.0,Monitoring
2025-02-20,09:25:00,HOLD,MIDCPNIFTY25FEB11100PE,132.6,5232.0,Monitoring
2025-02-20,09:30:00,HOLD,MIDCPNIFTY25FEB11100PE,106.5,8364.0,Monitoring
2025-02-20,09:35:00,HOLD,MIDCPNIFTY25FEB11100PE,92.5,10044.0,Monitoring
2025-02-20,09:40:00,HOLD,MIDCPNIFTY25FEB11100PE,89.25,10434.0,Monitoring
2025-02-20,09:45:00,HOLD,MIDCPNIFTY25FEB11100PE,98.65,9306.0,Monitoring
2025-02-20,09:50:00,HOLD,MIDCPNIFTY25FEB11100PE,92.45,10050.0,Monitoring
2025-02-20,09:55:00,HOLD,MIDCPNIFTY25FEB11100PE,91.8,10128.0,Monitoring
2025-02-20,10:00:00,HOLD,MIDCPNIFTY25FEB11100PE,89.9,10356.0,Monitoring
2025-02-20,10:05:00,HOLD,MIDCPNIFTY25FEB11100PE,83.15,11166.0,Monitoring
2025-02-20,10:10:00,HOLD,MIDCPNIFTY25FEB11100PE,87.15,10686.0,Monitoring
2025-02-20,10:15:00,HOLD,MIDCPNIFTY25FEB11100PE,87.0,10704.0,Monitoring
2025-02-20,10:20:00,HOLD,MIDCPNIFTY25FEB11100PE,86.95,10710.0,Monitoring
2025-02-20,10:25:00,HOLD,MIDCPNIFTY25FEB11100PE,85.25,10914.0,Monitoring
2025-02-20,10:30:00,HOLD,MIDCPNIFTY25FEB11100PE,78.45,11730.0,Monitoring
2025-02-20,10:35:00,HOLD,MIDCPNIFTY25FEB11100PE,78.6,11712.0,Monitoring
2025-02-20,10:40:00,HOLD,MIDCPNIFTY25FEB11100PE,80.0,11544.0,Monitoring
2025-02-20,10:45:00,HOLD,MIDCPNIFTY25FEB11100PE,80.5,11484.0,Monitoring
2025-02-20,10:50:00,HOLD,MIDCPNIFTY25FEB11100PE,83.8,11088.0,Monitoring
2025-02-20,10:55:00,HOLD,MIDCPNIFTY25FEB11100PE,79.25,11634.0,Monitoring
2025-02-20,11:00:00,HOLD,MIDCPNIFTY25FEB11100PE,80.0,11544.0,Monitoring
2025-02-20,11:05:00,HOLD,MIDCPNIFTY25FEB11100PE,75.2,12120.0,Monitoring
2025-02-20,11:10:00,HOLD,MIDCPNIFTY25FEB11100PE,71.9,12516.0,Monitoring
2025-02-20,11:15:00,HOLD,MIDCPNIFTY25FEB11100PE,72.55,12438.0,Monitoring
2025-02-20,11:20:00,HOLD,MIDCPNIFTY25FEB11100PE,74.5,12204.0,Monitoring
2025-02-20,11:25:00,HOLD,MIDCPNIFTY25FEB11100PE,76.4,11976.0,Monitoring
2025-02-20,11:30:00,HOLD,MIDCPNIFTY25FEB11100PE,76.7,11940.0,Monitoring
2025-02-20,11:35:00,HOLD,MIDCPNIFTY25FEB11100PE,76.1,12012.0,Monitoring
2025-02-20,11:40:00,HOLD,MIDCPNIFTY25FEB11100PE,76.25,11994.0,Monitoring
2025-02-20,11:45:00,HOLD,MIDCPNIFTY25FEB11100PE,77.55,11838.0,Monitoring
2025-02-20,11:50:00,HOLD,MIDCPNIFTY25FEB11100PE,74.9,12156.0,Monitoring
2025-02-20,11:55:00,HOLD,MIDCPNIFTY25FEB11100PE,76.55,11958.0,Monitoring
2025-02-20,12:00:00,HOLD,MIDCPNIFTY25FEB11100PE,74.0,12264.0,Monitoring
2025-02-20,12:05:00,HOLD,MIDCPNIFTY25FEB11100PE,73.0,12384.0,Monitoring
2025-02-20,12:10:00,HOLD,MIDCPNIFTY25FEB11100PE,72.7,12420.0,Monitoring
2025-02-20,12:15:00,HOLD,MIDCPNIFTY25FEB11100PE,74.65,12186.0,Monitoring
2025-02-20,12:20:00,HOLD,MIDCPNIFTY25FEB11100PE,72.0,12504.0,Monitoring
2025-02-20,12:25:00,HOLD,MIDCPNIFTY25FEB11100PE,73.0,12384.0,Monitoring
2025-02-20,12:30:00,HOLD,MIDCPNIFTY25FEB11100PE,75.0,12144.0,Monitoring
2025-02-20,12:35:00,HOLD,MIDCPNIFTY25FEB11100PE,70.0,12744.0,Monitoring
2025-02-20,12:40:00,HOLD,MIDCPNIFTY25FEB11100PE,72.35,12462.0,Monitoring
2025-02-20,12:45:00,HOLD,MIDCPNIFTY25FEB11100PE,74.4,12216.0,Monitoring
2025-02-20,12:50:00,HOLD,MIDCPNIFTY25FEB11100PE,72.55,12438.0,Monitoring
2025-02-20,12:55:00,HOLD,MIDCPNIFTY25FEB11100PE,72.55,12438.0,Monitoring
2025-02-20,13:00:00,HOLD,MIDCPNIFTY25FEB11100PE,80.6,11472.0,Monitoring
2025-02-20,13:05:00,HOLD,MIDCPNIFTY25FEB11100PE,77.0,11904.0,Monitoring
2025-02-20,13:10:00,HOLD,MIDCPNIFTY25FEB11100PE,80.1,11532.0,Monitoring
2025-02-20,13:15:00,HOLD,MIDCPNIFTY25FEB11100PE,78.0,11784.0,Monitoring
2025-02-20,13:20:00,HOLD,MIDCPNIFTY25FEB11100PE,76.5,11964.0,Monitoring
2025-02-20,13:25:00,HOLD,MIDCPNIFTY25FEB11100PE,77.7,11820.0,Monitoring
2025-02-20,13:30:00,HOLD,MIDCPNIFTY25FEB11100PE,74.0,12264.0,Monitoring
2025-02-20,13:35:00,HOLD,MIDCPNIFTY25FEB11100PE,73.2,12360.0,Monitoring
2025-02-20,13:40:00,HOLD,MIDCPNIFTY25FEB11100PE,65.1,13332.0,Monitoring
2025-02-20,13:45:00,HOLD,MIDCPNIFTY25FEB11100PE,64.05,13458.0,Monitoring
2025-02-20,13:50:00,HOLD,MIDCPNIFTY25FEB11100PE,58.7,14100.0,Monitoring
2025-02-20,13:55:00,HOLD,MIDCPNIFTY25FEB11100PE,60.15,13926.0,Monitoring
2025-02-20,14:00:00,HOLD,MIDCPNIFTY25FEB11100PE,60.55,13878.0,Monitoring
2025-02-20,14:05:00,HOLD,MIDCPNIFTY25FEB11100PE,62.05,13698.0,Monitoring
2025-02-20,14:10:00,HOLD,MIDCPNIFTY25FEB11100PE,61.15,13806.0,Monitoring
2025-02-20,14:15:00,HOLD,MIDCPNIFTY25FEB11100PE,60.6,13872.0,Monitoring
2025-02-20,14:20:00,HOLD,MIDCPNIFTY25FEB11100PE,59.3,14028.0,Monitoring
2025-02-20,14:25:00,HOLD,MIDCPNIFTY25FEB11100PE,60.95,13830.0,Monitoring
2025-02-20,14:30:00,HOLD,MIDCPNIFTY25FEB11100PE,59.9,13956.0,Monitoring
2025-02-20,14:35:00,HOLD,MIDCPNIFTY25FEB11100PE,60.45,13890.0,Monitoring
2025-02-20,14:40:00,HOLD,MIDCPNIFTY25FEB11100PE,59.4,14016.0,Monitoring
2025-02-20,14:45:00,HOLD,MIDCPNIFTY25FEB11100PE,55.5,14484.0,Monitoring
2025-02-20,14:50:00,HOLD,MIDCPNIFTY25FEB11100PE,58.1,14172.0,Monitoring
2025-02-20,14:55:00,HOLD,MIDCPNIFTY25FEB11100PE,56.15,14406.0,Monitoring
2025-02-20,15:00:00,HOLD,MIDCPNIFTY25FEB11100PE,56.35,14382.0,Monitoring
2025-02-20,15:05:00,HOLD,MIDCPNIFTY25FEB11100PE,54.55,14598.0,Monitoring
2025-02-20,15:10:00,HOLD,MIDCPNIFTY25FEB11100PE,51.4,14976.0,Monitoring
2025-02-20,15:15:00,HOLD,MIDCPNIFTY25FEB11100PE,53.35,14742.0,Monitoring
2025-02-20,15:20:00,HOLD,MIDCPNIFTY25FEB11100PE,51.9,14916.0,Monitoring
2025-02-20,15:25:00,HOLD,MIDCPNIFTY25FEB11100PE,52.65,14826.0,Monitoring
2025-02-21,09:15:00,HOLD,MIDCPNIFTY25FEB11100PE,48.2,15360.0,Monitoring
2025-02-21,09:20:00,HOLD,MIDCPNIFTY25FEB11100PE,45.7,15660.0,Monitoring
2025-02-21,09:25:00,HOLD,MIDCPNIFTY25FEB11100PE,51.2,15000.0,Monitoring
2025-02-21,09:30:00,HOLD,MIDCPNIFTY25FEB11100PE,46.0,15624.0,Monitoring
2025-02-21,09:35:00,HOLD,MIDCPNIFTY25FEB11100PE,49.5,15204.0,Monitoring
2025-02-21,09:40:00,HOLD,MIDCPNIFTY25FEB11100PE,62.35,13662.0,Monitoring
2025-02-21,09:45:00,HOLD,MIDCPNIFTY25FEB11100PE,64.4,13416.0,Monitoring
2025-02-21,09:50:00,HOLD,MIDCPNIFTY25FEB11100PE,69.6,12792.0,Monitoring
2025-02-21,09:55:00,HOLD,MIDCPNIFTY25FEB11100PE,66.85,13122.0,Monitoring
2025-02-21,10:00:00,HOLD,MIDCPNIFTY25FEB11100PE,78.95,11670.0,Monitoring
2025-02-21,10:05:00,HOLD,MIDCPNIFTY25FEB11100PE,88.35,10542.0,Monitoring
2025-02-21,10:10:00,HOLD,MIDCPNIFTY25FEB11100PE,106.1,8412.0,Monitoring
2025-02-21,10:15:00,HOLD,MIDCPNIFTY25FEB11100PE,101.4,8976.0,Monitoring
2025-02-21,10:20:00,HOLD,MIDCPNIFTY25FEB11100PE,97.5,9444.0,Monitoring
2025-02-21,10:25:00,HOLD,MIDCPNIFTY25FEB11100PE,96.2,9600.0,Monitoring
2025-02-21,10:25:00,BUY_EXIT,MIDCPNIFTY25FEB11100PE,96.2,9600.0,EMA_REVERSAL_SL
