Date,Time,Event,Ticker,Price,PnL_INR,Info
2024-09-09,14:00:00,SELL_ENTRY,MIDCPNIFTY24SEP13100CE,211.8,0.0,Signal CE | Short
2024-09-09,14:05:00,HOLD,MIDCPNIFTY24SEP13100CE,238.95,-3258.0,Monitoring
2024-09-09,14:10:00,HOLD,MIDCPNIFTY24SEP13100CE,238.95,-3258.0,Monitoring
2024-09-09,14:15:00,HOLD,MIDCPNIFTY24SEP13100CE,238.95,-3258.0,Monitoring
2024-09-09,14:20:00,HOLD,MIDCPNIFTY24SEP13100CE,238.95,-3258.0,Monitoring
2024-09-09,14:25:00,HOLD,MIDCPNIFTY24SEP13100CE,238.95,-3258.0,Monitoring
2024-09-09,14:30:00,HOLD,MIDCPNIFTY24SEP13100CE,238.95,-3258.0,Monitoring
2024-09-09,14:35:00,HOLD,MIDCPNIFTY24SEP13100CE,238.95,-3258.0,Monitoring
2024-09-09,14:40:00,HOLD,MIDCPNIFTY24SEP13100CE,238.95,-3258.0,Monitoring
2024-09-09,14:40:00,BUY_EXIT,MIDCPNIFTY24SEP13100CE,238.95,-3258.0,EMA_REVERSAL_SL
