Date,Time,Event,Ticker,Price,PnL_INR,Info
2024-11-27,14:00:00,SELL_ENTRY,MIDCPNIFTY24DEC12600PE,214.95,0.0,Signal PE | Short
2024-11-27,14:05:00,HOLD,MIDCPNIFTY24DEC12600PE,215.0,-6.0,Monitoring
2024-11-27,14:10:00,HOLD,MIDCPNIFTY24DEC12600PE,218.65,-444.0,Monitoring
2024-11-27,14:15:00,HOLD,MIDCPNIFTY24DEC12600PE,216.05,-132.0,Monitoring
2024-11-27,14:20:00,HOLD,MIDCPNIFTY24DEC12600PE,217.0,-246.0,Monitoring
2024-11-27,14:25:00,HOLD,MIDCPNIFTY24DEC12600PE,210.45,540.0,Monitoring
2024-11-27,14:30:00,HOLD,MIDCPNIFTY24DEC12600PE,212.35,312.0,Monitoring
2024-11-27,14:35:00,HOLD,MIDCPNIFTY24DEC12600PE,213.95,120.0,Monitoring
2024-11-27,14:40:00,HOLD,MIDCPNIFTY24DEC12600PE,212.95,240.0,Monitoring
2024-11-27,14:45:00,HOLD,MIDCPNIFTY24DEC12600PE,215.1,-18.0,Monitoring
2024-11-27,14:50:00,HOLD,MIDCPNIFTY24DEC12600PE,209.05,708.0,Monitoring
2024-11-27,14:55:00,HOLD,MIDCPNIFTY24DEC12600PE,210.3,558.0,Monitoring
2024-11-27,15:00:00,HOLD,MIDCPNIFTY24DEC12600PE,212.0,354.0,Monitoring
2024-11-27,15:05:00,HOLD,MIDCPNIFTY24DEC12600PE,213.6,162.0,Monitoring
2024-11-27,15:10:00,HOLD,MIDCPNIFTY24DEC12600PE,213.85,132.0,Monitoring
2024-11-27,15:15:00,HOLD,MIDCPNIFTY24DEC12600PE,209.5,654.0,Monitoring
2024-11-27,15:20:00,HOLD,MIDCPNIFTY24DEC12600PE,209.5,654.0,Monitoring
2024-11-27,15:25:00,HOLD,MIDCPNIFTY24DEC12600PE,209.3,678.0,Monitoring
2024-11-28,09:15:00,HOLD,MIDCPNIFTY24DEC12600PE,207.3,918.0,Monitoring
2024-11-28,09:20:00,HOLD,MIDCPNIFTY24DEC12600PE,203.8,1338.0,Monitoring
2024-11-28,09:25:00,HOLD,MIDCPNIFTY24DEC12600PE,199.45,1860.0,Monitoring
2024-11-28,09:30:00,HOLD,MIDCPNIFTY24DEC12600PE,199.6,1842.0,Monitoring
2024-11-28,09:35:00,HOLD,MIDCPNIFTY24DEC12600PE,201.8,1578.0,Monitoring
2024-11-28,09:40:00,HOLD,MIDCPNIFTY24DEC12600PE,201.1,1662.0,Monitoring
2024-11-28,09:45:00,HOLD,MIDCPNIFTY24DEC12600PE,198.55,1968.0,Monitoring
2024-11-28,09:50:00,HOLD,MIDCPNIFTY24DEC12600PE,191.35,2832.0,Monitoring
2024-11-28,09:55:00,HOLD,MIDCPNIFTY24DEC12600PE,191.35,2832.0,Monitoring
2024-11-28,10:00:00,HOLD,MIDCPNIFTY24DEC12600PE,190.7,2910.0,Monitoring
2024-11-28,10:05:00,HOLD,MIDCPNIFTY24DEC12600PE,193.95,2520.0,Monitoring
2024-11-28,10:10:00,HOLD,MIDCPNIFTY24DEC12600PE,195.5,2334.0,Monitoring
2024-11-28,10:15:00,HOLD,MIDCPNIFTY24DEC12600PE,190.4,2946.0,Monitoring
2024-11-28,10:20:00,HOLD,MIDCPNIFTY24DEC12600PE,186.75,3384.0,Monitoring
2024-11-28,10:25:00,HOLD,MIDCPNIFTY24DEC12600PE,188.05,3228.0,Monitoring
2024-11-28,10:30:00,HOLD,MIDCPNIFTY24DEC12600PE,198.9,1926.0,Monitoring
2024-11-28,10:35:00,HOLD,MIDCPNIFTY24DEC12600PE,211.8,378.0,Monitoring
2024-11-28,10:40:00,HOLD,MIDCPNIFTY24DEC12600PE,221.35,-768.0,Monitoring
2024-11-28,10:45:00,HOLD,MIDCPNIFTY24DEC12600PE,244.55,-3552.0,Monitoring
2024-11-28,10:50:00,HOLD,MIDCPNIFTY24DEC12600PE,238.75,-2856.0,Monitoring
2024-11-28,10:55:00,HOLD,MIDCPNIFTY24DEC12600PE,230.75,-1896.0,Monitoring
2024-11-28,11:00:00,HOLD,MIDCPNIFTY24DEC12600PE,230.6,-1878.0,Monitoring
2024-11-28,11:05:00,HOLD,MIDCPNIFTY24DEC12600PE,239.5,-2946.0,Monitoring
2024-11-28,11:10:00,HOLD,MIDCPNIFTY24DEC12600PE,234.15,-2304.0,Monitoring
2024-11-28,11:15:00,HOLD,MIDCPNIFTY24DEC12600PE,246.0,-3726.0,Monitoring
2024-11-28,11:15:00,BUY_EXIT,MIDCPNIFTY24DEC12600PE,246.0,-3726.0,EMA_REVERSAL_SL
