Date,Time,Event,Ticker,Price,PnL_INR,Info
2024-10-09,15:05:00,SELL_ENTRY,MIDCPNIFTY24OCT12900PE,170.0,0.0,Signal PE | Short
2024-10-09,15:10:00,HOLD,MIDCPNIFTY24OCT12900PE,170.0,0.0,Monitoring
2024-10-09,15:15:00,HOLD,MIDCPNIFTY24OCT12900PE,170.0,0.0,Monitoring
2024-10-09,15:20:00,HOLD,MIDCPNIFTY24OCT12900PE,170.0,0.0,Monitoring
2024-10-09,15:25:00,HOLD,MIDCPNIFTY24OCT12900PE,170.0,0.0,Monitoring
2024-10-10,09:15:00,HOLD,MIDCPNIFTY24OCT12900PE,170.0,0.0,Monitoring
2024-10-10,09:20:00,HOLD,MIDCPNIFTY24OCT12900PE,170.0,0.0,Monitoring
2024-10-10,09:25:00,HOLD,MIDCPNIFTY24OCT12900PE,170.0,0.0,Monitoring
2024-10-10,09:30:00,HOLD,MIDCPNIFTY24OCT12900PE,170.0,0.0,Monitoring
2024-10-10,09:35:00,HOLD,MIDCPNIFTY24OCT12900PE,170.0,0.0,Monitoring
2024-10-10,09:40:00,HOLD,MIDCPNIFTY24OCT12900PE,170.0,0.0,Monitoring
2024-10-10,09:45:00,HOLD,MIDCPNIFTY24OCT12900PE,144.0,3120.0,Monitoring
2024-10-10,09:50:00,HOLD,MIDCPNIFTY24OCT12900PE,144.0,3120.0,Monitoring
2024-10-10,09:55:00,HOLD,MIDCPNIFTY24OCT12900PE,144.0,3120.0,Monitoring
2024-10-10,10:00:00,HOLD,MIDCPNIFTY24OCT12900PE,144.0,3120.0,Monitoring
2024-10-10,10:05:00,HOLD,MIDCPNIFTY24OCT12900PE,144.0,3120.0,Monitoring
2024-10-10,10:10:00,HOLD,MIDCPNIFTY24OCT12900PE,144.0,3120.0,Monitoring
2024-10-10,10:15:00,HOLD,MIDCPNIFTY24OCT12900PE,144.0,3120.0,Monitoring
2024-10-10,10:20:00,HOLD,MIDCPNIFTY24OCT12900PE,144.0,3120.0,Monitoring
2024-10-10,10:25:00,HOLD,MIDCPNIFTY24OCT12900PE,144.0,3120.0,Monitoring
2024-10-10,10:30:00,HOLD,MIDCPNIFTY24OCT12900PE,144.0,3120.0,Monitoring
2024-10-10,10:35:00,HOLD,MIDCPNIFTY24OCT12900PE,144.0,3120.0,Monitoring
2024-10-10,10:40:00,HOLD,MIDCPNIFTY24OCT12900PE,144.0,3120.0,Monitoring
2024-10-10,10:45:00,HOLD,MIDCPNIFTY24OCT12900PE,144.0,3120.0,Monitoring
2024-10-10,10:50:00,HOLD,MIDCPNIFTY24OCT12900PE,144.0,3120.0,Monitoring
2024-10-10,10:55:00,HOLD,MIDCPNIFTY24OCT12900PE,144.0,3120.0,Monitoring
2024-10-10,11:00:00,HOLD,MIDCPNIFTY24OCT12900PE,144.0,3120.0,Monitoring
2024-10-10,11:05:00,HOLD,MIDCPNIFTY24OCT12900PE,144.0,3120.0,Monitoring
2024-10-10,11:10:00,HOLD,MIDCPNIFTY24OCT12900PE,144.0,3120.0,Monitoring
2024-10-10,11:15:00,HOLD,MIDCPNIFTY24OCT12900PE,144.0,3120.0,Monitoring
2024-10-10,11:20:00,HOLD,MIDCPNIFTY24OCT12900PE,144.0,3120.0,Monitoring
2024-10-10,11:25:00,HOLD,MIDCPNIFTY24OCT12900PE,144.0,3120.0,Monitoring
2024-10-10,11:30:00,HOLD,MIDCPNIFTY24OCT12900PE,144.0,3120.0,Monitoring
2024-10-10,11:35:00,HOLD,MIDCPNIFTY24OCT12900PE,144.0,3120.0,Monitoring
2024-10-10,11:40:00,HOLD,MIDCPNIFTY24OCT12900PE,144.0,3120.0,Monitoring
2024-10-10,11:50:00,HOLD,MIDCPNIFTY24OCT12900PE,144.0,3120.0,Monitoring
2024-10-10,11:55:00,HOLD,MIDCPNIFTY24OCT12900PE,144.0,3120.0,Monitoring
2024-10-10,12:00:00,HOLD,MIDCPNIFTY24OCT12900PE,144.0,3120.0,Monitoring
2024-10-10,12:05:00,HOLD,MIDCPNIFTY24OCT12900PE,144.0,3120.0,Monitoring
2024-10-10,12:10:00,HOLD,MIDCPNIFTY24OCT12900PE,144.0,3120.0,Monitoring
2024-10-10,12:15:00,HOLD,MIDCPNIFTY24OCT12900PE,144.0,3120.0,Monitoring
2024-10-10,12:20:00,HOLD,MIDCPNIFTY24OCT12900PE,144.0,3120.0,Monitoring
2024-10-10,12:25:00,HOLD,MIDCPNIFTY24OCT12900PE,144.0,3120.0,Monitoring
2024-10-10,12:30:00,HOLD,MIDCPNIFTY24OCT12900PE,144.0,3120.0,Monitoring
2024-10-10,12:35:00,HOLD,MIDCPNIFTY24OCT12900PE,144.0,3120.0,Monitoring
2024-10-10,12:40:00,HOLD,MIDCPNIFTY24OCT12900PE,144.0,3120.0,Monitoring
2024-10-10,12:45:00,HOLD,MIDCPNIFTY24OCT12900PE,144.0,3120.0,Monitoring
2024-10-10,12:50:00,HOLD,MIDCPNIFTY24OCT12900PE,144.0,3120.0,Monitoring
2024-10-10,12:55:00,HOLD,MIDCPNIFTY24OCT12900PE,144.0,3120.0,Monitoring
2024-10-10,13:00:00,HOLD,MIDCPNIFTY24OCT12900PE,144.0,3120.0,Monitoring
2024-10-10,13:05:00,HOLD,MIDCPNIFTY24OCT12900PE,144.0,3120.0,Monitoring
2024-10-10,13:10:00,HOLD,MIDCPNIFTY24OCT12900PE,144.0,3120.0,Monitoring
2024-10-10,13:15:00,HOLD,MIDCPNIFTY24OCT12900PE,144.0,3120.0,Monitoring
2024-10-10,13:20:00,HOLD,MIDCPNIFTY24OCT12900PE,144.0,3120.0,Monitoring
2024-10-10,13:25:00,HOLD,MIDCPNIFTY24OCT12900PE,144.0,3120.0,Monitoring
2024-10-10,13:40:00,HOLD,MIDCPNIFTY24OCT12900PE,144.0,3120.0,Monitoring
2024-10-10,13:45:00,HOLD,MIDCPNIFTY24OCT12900PE,144.0,3120.0,Monitoring
2024-10-10,13:50:00,HOLD,MIDCPNIFTY24OCT12900PE,144.0,3120.0,Monitoring
2024-10-10,13:55:00,HOLD,MIDCPNIFTY24OCT12900PE,144.0,3120.0,Monitoring
2024-10-10,14:00:00,HOLD,MIDCPNIFTY24OCT12900PE,144.0,3120.0,Monitoring
2024-10-10,14:05:00,HOLD,MIDCPNIFTY24OCT12900PE,144.0,3120.0,Monitoring
2024-10-10,14:10:00,HOLD,MIDCPNIFTY24OCT12900PE,144.0,3120.0,Monitoring
2024-10-10,14:15:00,HOLD,MIDCPNIFTY24OCT12900PE,144.0,3120.0,Monitoring
2024-10-10,14:20:00,HOLD,MIDCPNIFTY24OCT12900PE,144.0,3120.0,Monitoring
2024-10-10,14:25:00,HOLD,MIDCPNIFTY24OCT12900PE,144.0,3120.0,Monitoring
2024-10-10,14:30:00,HOLD,MIDCPNIFTY24OCT12900PE,144.0,3120.0,Monitoring
2024-10-10,14:35:00,HOLD,MIDCPNIFTY24OCT12900PE,144.0,3120.0,Monitoring
2024-10-10,14:40:00,HOLD,MIDCPNIFTY24OCT12900PE,144.0,3120.0,Monitoring
2024-10-10,14:45:00,HOLD,MIDCPNIFTY24OCT12900PE,144.0,3120.0,Monitoring
2024-10-10,14:50:00,HOLD,MIDCPNIFTY24OCT12900PE,144.0,3120.0,Monitoring
2024-10-10,14:55:00,HOLD,MIDCPNIFTY24OCT12900PE,144.0,3120.0,Monitoring
2024-10-10,15:00:00,HOLD,MIDCPNIFTY24OCT12900PE,144.0,3120.0,Monitoring
2024-10-10,15:10:00,HOLD,MIDCPNIFTY24OCT12900PE,144.0,3120.0,Monitoring
2024-10-10,15:15:00,HOLD,MIDCPNIFTY24OCT12900PE,144.0,3120.0,Monitoring
2024-10-10,15:20:00,HOLD,MIDCPNIFTY24OCT12900PE,144.0,3120.0,Monitoring
2024-10-10,15:25:00,HOLD,MIDCPNIFTY24OCT12900PE,144.0,3120.0,Monitoring
2024-10-11,09:15:00,HOLD,MIDCPNIFTY24OCT12900PE,144.0,3120.0,Monitoring
2024-10-11,09:20:00,HOLD,MIDCPNIFTY24OCT12900PE,144.0,3120.0,Monitoring
2024-10-11,09:25:00,HOLD,MIDCPNIFTY24OCT12900PE,144.0,3120.0,Monitoring
2024-10-11,09:30:00,HOLD,MIDCPNIFTY24OCT12900PE,144.0,3120.0,Monitoring
2024-10-11,09:35:00,HOLD,MIDCPNIFTY24OCT12900PE,144.0,3120.0,Monitoring
2024-10-11,09:40:00,HOLD,MIDCPNIFTY24OCT12900PE,144.0,3120.0,Monitoring
2024-10-11,09:45:00,HOLD,MIDCPNIFTY24OCT12900PE,144.0,3120.0,Monitoring
2024-10-11,09:50:00,HOLD,MIDCPNIFTY24OCT12900PE,144.0,3120.0,Monitoring
2024-10-11,09:55:00,HOLD,MIDCPNIFTY24OCT12900PE,144.0,3120.0,Monitoring
2024-10-11,10:00:00,HOLD,MIDCPNIFTY24OCT12900PE,144.0,3120.0,Monitoring
2024-10-11,10:05:00,HOLD,MIDCPNIFTY24OCT12900PE,144.0,3120.0,Monitoring
2024-10-11,10:10:00,HOLD,MIDCPNIFTY24OCT12900PE,144.0,3120.0,Monitoring
2024-10-11,10:15:00,HOLD,MIDCPNIFTY24OCT12900PE,144.0,3120.0,Monitoring
2024-10-11,10:20:00,HOLD,MIDCPNIFTY24OCT12900PE,144.0,3120.0,Monitoring
2024-10-11,10:35:00,HOLD,MIDCPNIFTY24OCT12900PE,144.0,3120.0,Monitoring
2024-10-11,10:40:00,HOLD,MIDCPNIFTY24OCT12900PE,144.0,3120.0,Monitoring
2024-10-11,10:45:00,HOLD,MIDCPNIFTY24OCT12900PE,144.0,3120.0,Monitoring
2024-10-11,10:50:00,HOLD,MIDCPNIFTY24OCT12900PE,144.0,3120.0,Monitoring
2024-10-11,10:55:00,HOLD,MIDCPNIFTY24OCT12900PE,144.0,3120.0,Monitoring
2024-10-11,11:00:00,HOLD,MIDCPNIFTY24OCT12900PE,144.0,3120.0,Monitoring
2024-10-11,11:05:00,HOLD,MIDCPNIFTY24OCT12900PE,144.0,3120.0,Monitoring
2024-10-11,11:10:00,HOLD,MIDCPNIFTY24OCT12900PE,144.0,3120.0,Monitoring
2024-10-11,11:15:00,HOLD,MIDCPNIFTY24OCT12900PE,144.0,3120.0,Monitoring
2024-10-11,11:20:00,HOLD,MIDCPNIFTY24OCT12900PE,144.0,3120.0,Monitoring
2024-10-11,11:25:00,HOLD,MIDCPNIFTY24OCT12900PE,144.0,3120.0,Monitoring
2024-10-11,11:30:00,HOLD,MIDCPNIFTY24OCT12900PE,144.0,3120.0,Monitoring
2024-10-11,11:35:00,HOLD,MIDCPNIFTY24OCT12900PE,144.0,3120.0,Monitoring
2024-10-11,11:40:00,HOLD,MIDCPNIFTY24OCT12900PE,144.0,3120.0,Monitoring
2024-10-11,11:45:00,HOLD,MIDCPNIFTY24OCT12900PE,144.0,3120.0,Monitoring
2024-10-11,11:50:00,HOLD,MIDCPNIFTY24OCT12900PE,144.0,3120.0,Monitoring
2024-10-11,11:55:00,HOLD,MIDCPNIFTY24OCT12900PE,144.0,3120.0,Monitoring
2024-10-11,12:00:00,HOLD,MIDCPNIFTY24OCT12900PE,144.0,3120.0,Monitoring
2024-10-11,12:05:00,HOLD,MIDCPNIFTY24OCT12900PE,144.0,3120.0,Monitoring
2024-10-11,12:10:00,HOLD,MIDCPNIFTY24OCT12900PE,144.0,3120.0,Monitoring
2024-10-11,12:15:00,HOLD,MIDCPNIFTY24OCT12900PE,144.0,3120.0,Monitoring
2024-10-11,12:20:00,HOLD,MIDCPNIFTY24OCT12900PE,144.0,3120.0,Monitoring
2024-10-11,12:25:00,HOLD,MIDCPNIFTY24OCT12900PE,144.0,3120.0,Monitoring
2024-10-11,12:30:00,HOLD,MIDCPNIFTY24OCT12900PE,144.0,3120.0,Monitoring
2024-10-11,12:35:00,HOLD,MIDCPNIFTY24OCT12900PE,144.0,3120.0,Monitoring
2024-10-11,12:40:00,HOLD,MIDCPNIFTY24OCT12900PE,144.0,3120.0,Monitoring
2024-10-11,12:45:00,HOLD,MIDCPNIFTY24OCT12900PE,144.0,3120.0,Monitoring
2024-10-11,12:50:00,HOLD,MIDCPNIFTY24OCT12900PE,144.0,3120.0,Monitoring
2024-10-11,12:55:00,HOLD,MIDCPNIFTY24OCT12900PE,144.0,3120.0,Monitoring
2024-10-11,13:00:00,HOLD,MIDCPNIFTY24OCT12900PE,144.0,3120.0,Monitoring
2024-10-11,13:05:00,HOLD,MIDCPNIFTY24OCT12900PE,144.0,3120.0,Monitoring
2024-10-11,13:10:00,HOLD,MIDCPNIFTY24OCT12900PE,144.0,3120.0,Monitoring
2024-10-11,13:15:00,HOLD,MIDCPNIFTY24OCT12900PE,144.0,3120.0,Monitoring
2024-10-11,13:20:00,HOLD,MIDCPNIFTY24OCT12900PE,144.0,3120.0,Monitoring
2024-10-11,13:25:00,HOLD,MIDCPNIFTY24OCT12900PE,144.0,3120.0,Monitoring
2024-10-11,13:30:00,HOLD,MIDCPNIFTY24OCT12900PE,144.0,3120.0,Monitoring
2024-10-11,13:35:00,HOLD,MIDCPNIFTY24OCT12900PE,144.0,3120.0,Monitoring
2024-10-11,13:40:00,HOLD,MIDCPNIFTY24OCT12900PE,144.0,3120.0,Monitoring
2024-10-11,13:45:00,HOLD,MIDCPNIFTY24OCT12900PE,144.0,3120.0,Monitoring
2024-10-11,13:50:00,HOLD,MIDCPNIFTY24OCT12900PE,144.0,3120.0,Monitoring
2024-10-11,13:55:00,HOLD,MIDCPNIFTY24OCT12900PE,144.0,3120.0,Monitoring
2024-10-11,14:00:00,HOLD,MIDCPNIFTY24OCT12900PE,144.0,3120.0,Monitoring
2024-10-11,14:05:00,HOLD,MIDCPNIFTY24OCT12900PE,144.0,3120.0,Monitoring
2024-10-11,14:10:00,HOLD,MIDCPNIFTY24OCT12900PE,144.0,3120.0,Monitoring
2024-10-11,14:15:00,HOLD,MIDCPNIFTY24OCT12900PE,144.0,3120.0,Monitoring
2024-10-11,14:20:00,HOLD,MIDCPNIFTY24OCT12900PE,144.0,3120.0,Monitoring
2024-10-11,14:25:00,HOLD,MIDCPNIFTY24OCT12900PE,144.0,3120.0,Monitoring
2024-10-11,14:30:00,HOLD,MIDCPNIFTY24OCT12900PE,144.0,3120.0,Monitoring
2024-10-11,14:35:00,HOLD,MIDCPNIFTY24OCT12900PE,144.0,3120.0,Monitoring
2024-10-11,14:40:00,HOLD,MIDCPNIFTY24OCT12900PE,144.0,3120.0,Monitoring
2024-10-11,14:45:00,HOLD,MIDCPNIFTY24OCT12900PE,144.0,3120.0,Monitoring
2024-10-11,14:50:00,HOLD,MIDCPNIFTY24OCT12900PE,144.0,3120.0,Monitoring
2024-10-11,14:55:00,HOLD,MIDCPNIFTY24OCT12900PE,144.0,3120.0,Monitoring
2024-10-11,15:00:00,HOLD,MIDCPNIFTY24OCT12900PE,144.0,3120.0,Monitoring
2024-10-11,15:05:00,HOLD,MIDCPNIFTY24OCT12900PE,144.0,3120.0,Monitoring
2024-10-11,15:10:00,HOLD,MIDCPNIFTY24OCT12900PE,144.0,3120.0,Monitoring
2024-10-11,15:15:00,HOLD,MIDCPNIFTY24OCT12900PE,144.0,3120.0,Monitoring
2024-10-11,15:20:00,HOLD,MIDCPNIFTY24OCT12900PE,144.0,3120.0,Monitoring
2024-10-11,15:25:00,HOLD,MIDCPNIFTY24OCT12900PE,144.0,3120.0,Monitoring
2024-10-14,09:20:00,HOLD,MIDCPNIFTY24OCT12900PE,144.0,3120.0,Monitoring
2024-10-14,09:25:00,HOLD,MIDCPNIFTY24OCT12900PE,144.0,3120.0,Monitoring
2024-10-14,09:30:00,HOLD,MIDCPNIFTY24OCT12900PE,136.0,4080.0,Monitoring
2024-10-14,09:35:00,HOLD,MIDCPNIFTY24OCT12900PE,136.0,4080.0,Monitoring
2024-10-14,09:40:00,HOLD,MIDCPNIFTY24OCT12900PE,136.0,4080.0,Monitoring
2024-10-14,09:45:00,HOLD,MIDCPNIFTY24OCT12900PE,136.0,4080.0,Monitoring
2024-10-14,09:50:00,HOLD,MIDCPNIFTY24OCT12900PE,136.0,4080.0,Monitoring
2024-10-14,09:55:00,HOLD,MIDCPNIFTY24OCT12900PE,136.0,4080.0,Monitoring
2024-10-14,10:00:00,HOLD,MIDCPNIFTY24OCT12900PE,136.0,4080.0,Monitoring
2024-10-14,10:05:00,HOLD,MIDCPNIFTY24OCT12900PE,120.0,6000.0,Monitoring
2024-10-14,10:10:00,HOLD,MIDCPNIFTY24OCT12900PE,155.2,1776.0,Monitoring
2024-10-14,10:15:00,HOLD,MIDCPNIFTY24OCT12900PE,150.0,2400.0,Monitoring
2024-10-14,10:20:00,HOLD,MIDCPNIFTY24OCT12900PE,150.0,2400.0,Monitoring
2024-10-14,10:25:00,HOLD,MIDCPNIFTY24OCT12900PE,129.15,4902.0,Monitoring
2024-10-14,10:30:00,HOLD,MIDCPNIFTY24OCT12900PE,129.15,4902.0,Monitoring
2024-10-14,10:35:00,HOLD,MIDCPNIFTY24OCT12900PE,129.15,4902.0,Monitoring
2024-10-14,10:40:00,HOLD,MIDCPNIFTY24OCT12900PE,141.45,3426.0,Monitoring
2024-10-14,10:45:00,HOLD,MIDCPNIFTY24OCT12900PE,140.0,3600.0,Monitoring
2024-10-14,10:50:00,HOLD,MIDCPNIFTY24OCT12900PE,147.5,2700.0,Monitoring
2024-10-14,10:55:00,HOLD,MIDCPNIFTY24OCT12900PE,154.65,1842.0,Monitoring
2024-10-14,11:00:00,HOLD,MIDCPNIFTY24OCT12900PE,140.0,3600.0,Monitoring
2024-10-14,11:05:00,HOLD,MIDCPNIFTY24OCT12900PE,140.0,3600.0,Monitoring
2024-10-14,11:10:00,HOLD,MIDCPNIFTY24OCT12900PE,148.85,2538.0,Monitoring
2024-10-14,11:15:00,HOLD,MIDCPNIFTY24OCT12900PE,148.85,2538.0,Monitoring
2024-10-14,11:20:00,HOLD,MIDCPNIFTY24OCT12900PE,148.85,2538.0,Monitoring
2024-10-14,11:25:00,HOLD,MIDCPNIFTY24OCT12900PE,148.85,2538.0,Monitoring
2024-10-14,11:30:00,HOLD,MIDCPNIFTY24OCT12900PE,148.85,2538.0,Monitoring
2024-10-14,11:35:00,HOLD,MIDCPNIFTY24OCT12900PE,148.85,2538.0,Monitoring
2024-10-14,11:40:00,HOLD,MIDCPNIFTY24OCT12900PE,148.85,2538.0,Monitoring
2024-10-14,11:45:00,HOLD,MIDCPNIFTY24OCT12900PE,148.85,2538.0,Monitoring
2024-10-14,11:45:00,BUY_EXIT,MIDCPNIFTY24OCT12900PE,148.85,2538.0,EMA_REVERSAL_SL
