Date,Time,Event,Ticker,Price,PnL_INR,Info
2025-03-27,15:10:00,SELL_ENTRY,MIDCPNIFTY25APR11400PE,196.5,0.0,Signal PE | Short
2025-03-27,15:15:00,HOLD,MIDCPNIFTY25APR11400PE,172.35,2898.0,Monitoring
2025-03-27,15:20:00,HOLD,MIDCPNIFTY25APR11400PE,171.95,2946.0,Monitoring
2025-03-27,15:25:00,HOLD,MIDCPNIFTY25APR11400PE,158.5,4560.0,Monitoring
2025-03-28,09:15:00,HOLD,MIDCPNIFTY25APR11400PE,141.0,6660.0,Monitoring
2025-03-28,09:20:00,HOLD,MIDCPNIFTY25APR11400PE,166.85,3558.0,Monitoring
2025-03-28,09:25:00,HOLD,MIDCPNIFTY25APR11400PE,172.4,2892.0,Monitoring
2025-03-28,09:30:00,HOLD,MIDCPNIFTY25APR11400PE,171.4,3012.0,Monitoring
2025-03-28,09:35:00,HOLD,MIDCPNIFTY25APR11400PE,188.85,918.0,Monitoring
2025-03-28,09:40:00,HOLD,MIDCPNIFTY25APR11400PE,184.3,1464.0,Monitoring
2025-03-28,09:45:00,HOLD,MIDCPNIFTY25APR11400PE,178.4,2172.0,Monitoring
2025-03-28,09:50:00,HOLD,MIDCPNIFTY25APR11400PE,174.75,2610.0,Monitoring
2025-03-28,09:55:00,HOLD,MIDCPNIFTY25APR11400PE,173.15,2802.0,Monitoring
2025-03-28,10:00:00,HOLD,MIDCPNIFTY25APR11400PE,173.65,2742.0,Monitoring
2025-03-28,10:05:00,HOLD,MIDCPNIFTY25APR11400PE,178.55,2154.0,Monitoring
2025-03-28,10:10:00,HOLD,MIDCPNIFTY25APR11400PE,178.75,2130.0,Monitoring
2025-03-28,10:15:00,HOLD,MIDCPNIFTY25APR11400PE,179.25,2070.0,Monitoring
2025-03-28,10:20:00,HOLD,MIDCPNIFTY25APR11400PE,177.05,2334.0,Monitoring
2025-03-28,10:25:00,HOLD,MIDCPNIFTY25APR11400PE,174.65,2622.0,Monitoring
2025-03-28,10:30:00,HOLD,MIDCPNIFTY25APR11400PE,164.95,3786.0,Monitoring
2025-03-28,10:35:00,HOLD,MIDCPNIFTY25APR11400PE,160.85,4278.0,Monitoring
2025-03-28,10:40:00,HOLD,MIDCPNIFTY25APR11400PE,156.9,4752.0,Monitoring
2025-03-28,10:45:00,HOLD,MIDCPNIFTY25APR11400PE,150.25,5550.0,Monitoring
2025-03-28,10:50:00,HOLD,MIDCPNIFTY25APR11400PE,150.3,5544.0,Monitoring
2025-03-28,10:55:00,HOLD,MIDCPNIFTY25APR11400PE,153.6,5148.0,Monitoring
2025-03-28,11:00:00,HOLD,MIDCPNIFTY25APR11400PE,151.8,5364.0,Monitoring
2025-03-28,11:05:00,HOLD,MIDCPNIFTY25APR11400PE,154.75,5010.0,Monitoring
2025-03-28,11:10:00,HOLD,MIDCPNIFTY25APR11400PE,166.95,3546.0,Monitoring
2025-03-28,11:15:00,HOLD,MIDCPNIFTY25APR11400PE,163.15,4002.0,Monitoring
2025-03-28,11:20:00,HOLD,MIDCPNIFTY25APR11400PE,165.8,3684.0,Monitoring
2025-03-28,11:25:00,HOLD,MIDCPNIFTY25APR11400PE,166.9,3552.0,Monitoring
2025-03-28,11:30:00,HOLD,MIDCPNIFTY25APR11400PE,167.25,3510.0,Monitoring
2025-03-28,11:35:00,HOLD,MIDCPNIFTY25APR11400PE,162.35,4098.0,Monitoring
2025-03-28,11:40:00,HOLD,MIDCPNIFTY25APR11400PE,166.8,3564.0,Monitoring
2025-03-28,11:45:00,HOLD,MIDCPNIFTY25APR11400PE,165.5,3720.0,Monitoring
2025-03-28,11:50:00,HOLD,MIDCPNIFTY25APR11400PE,164.95,3786.0,Monitoring
2025-03-28,11:55:00,HOLD,MIDCPNIFTY25APR11400PE,164.4,3852.0,Monitoring
2025-03-28,12:00:00,HOLD,MIDCPNIFTY25APR11400PE,160.0,4380.0,Monitoring
2025-03-28,12:05:00,HOLD,MIDCPNIFTY25APR11400PE,157.65,4662.0,Monitoring
2025-03-28,12:10:00,HOLD,MIDCPNIFTY25APR11400PE,160.1,4368.0,Monitoring
2025-03-28,12:15:00,HOLD,MIDCPNIFTY25APR11400PE,172.9,2832.0,Monitoring
2025-03-28,12:20:00,HOLD,MIDCPNIFTY25APR11400PE,177.2,2316.0,Monitoring
2025-03-28,12:25:00,HOLD,MIDCPNIFTY25APR11400PE,182.0,1740.0,Monitoring
2025-03-28,12:30:00,HOLD,MIDCPNIFTY25APR11400PE,195.95,66.0,Monitoring
2025-03-28,12:35:00,HOLD,MIDCPNIFTY25APR11400PE,185.75,1290.0,Monitoring
2025-03-28,12:40:00,HOLD,MIDCPNIFTY25APR11400PE,186.6,1188.0,Monitoring
2025-03-28,12:45:00,HOLD,MIDCPNIFTY25APR11400PE,187.15,1122.0,Monitoring
2025-03-28,12:50:00,HOLD,MIDCPNIFTY25APR11400PE,186.85,1158.0,Monitoring
2025-03-28,12:55:00,HOLD,MIDCPNIFTY25APR11400PE,186.35,1218.0,Monitoring
2025-03-28,13:00:00,HOLD,MIDCPNIFTY25APR11400PE,200.15,-438.0,Monitoring
2025-03-28,13:05:00,HOLD,MIDCPNIFTY25APR11400PE,206.9,-1248.0,Monitoring
2025-03-28,13:10:00,HOLD,MIDCPNIFTY25APR11400PE,204.9,-1008.0,Monitoring
2025-03-28,13:15:00,HOLD,MIDCPNIFTY25APR11400PE,217.75,-2550.0,Monitoring
2025-03-28,13:15:00,BUY_EXIT,MIDCPNIFTY25APR11400PE,217.75,-2550.0,EMA_REVERSAL_SL
