Date,Time,Event,Ticker,Price,PnL_INR,Info
2025-10-20,14:00:00,SELL_ENTRY,MIDCPNIFTY25OCT13200PE,75.8,0.0,Signal PE | Short
2025-10-20,14:05:00,HOLD,MIDCPNIFTY25OCT13200PE,75.0,96.0,Monitoring
2025-10-20,14:10:00,HOLD,MIDCPNIFTY25OCT13200PE,73.15,318.0,Monitoring
2025-10-20,14:15:00,HOLD,MIDCPNIFTY25OCT13200PE,73.95,222.0,Monitoring
2025-10-20,14:20:00,HOLD,MIDCPNIFTY25OCT13200PE,75.25,66.0,Monitoring
2025-10-20,14:25:00,HOLD,MIDCPNIFTY25OCT13200PE,79.9,-492.0,Monitoring
2025-10-20,14:30:00,HOLD,MIDCPNIFTY25OCT13200PE,75.7,12.0,Monitoring
2025-10-20,14:35:00,HOLD,MIDCPNIFTY25OCT13200PE,74.95,102.0,Monitoring
2025-10-20,14:40:00,HOLD,MIDCPNIFTY25OCT13200PE,76.25,-54.0,Monitoring
2025-10-20,14:45:00,HOLD,MIDCPNIFTY25OCT13200PE,80.05,-510.0,Monitoring
2025-10-20,14:50:00,HOLD,MIDCPNIFTY25OCT13200PE,81.15,-642.0,Monitoring
2025-10-20,14:55:00,HOLD,MIDCPNIFTY25OCT13200PE,87.4,-1392.0,Monitoring
2025-10-20,15:00:00,HOLD,MIDCPNIFTY25OCT13200PE,90.05,-1710.0,Monitoring
2025-10-20,15:05:00,HOLD,MIDCPNIFTY25OCT13200PE,90.6,-1776.0,Monitoring
2025-10-20,15:10:00,HOLD,MIDCPNIFTY25OCT13200PE,89.2,-1608.0,Monitoring
2025-10-20,15:15:00,HOLD,MIDCPNIFTY25OCT13200PE,83.8,-960.0,Monitoring
2025-10-20,15:20:00,HOLD,MIDCPNIFTY25OCT13200PE,77.9,-252.0,Monitoring
2025-10-20,15:25:00,HOLD,MIDCPNIFTY25OCT13200PE,85.25,-1134.0,Monitoring
2025-10-21,13:45:00,HOLD,MIDCPNIFTY25OCT13200PE,80.05,-510.0,Monitoring
2025-10-21,13:50:00,HOLD,MIDCPNIFTY25OCT13200PE,80.85,-606.0,Monitoring
2025-10-21,13:55:00,HOLD,MIDCPNIFTY25OCT13200PE,80.5,-564.0,Monitoring
2025-10-21,14:00:00,HOLD,MIDCPNIFTY25OCT13200PE,77.65,-222.0,Monitoring
2025-10-21,14:05:00,HOLD,MIDCPNIFTY25OCT13200PE,77.05,-150.0,Monitoring
2025-10-21,14:10:00,HOLD,MIDCPNIFTY25OCT13200PE,78.6,-336.0,Monitoring
2025-10-21,14:15:00,HOLD,MIDCPNIFTY25OCT13200PE,79.95,-498.0,Monitoring
2025-10-21,14:20:00,HOLD,MIDCPNIFTY25OCT13200PE,79.95,-498.0,Monitoring
2025-10-21,14:25:00,HOLD,MIDCPNIFTY25OCT13200PE,79.85,-486.0,Monitoring
2025-10-21,14:30:00,HOLD,MIDCPNIFTY25OCT13200PE,81.0,-624.0,Monitoring
2025-10-21,14:35:00,HOLD,MIDCPNIFTY25OCT13200PE,90.3,-1740.0,Monitoring
2025-10-21,14:40:00,HOLD,MIDCPNIFTY25OCT13200PE,98.1,-2676.0,Monitoring
2025-10-21,14:45:00,HOLD,MIDCPNIFTY25OCT13200PE,98.1,-2676.0,Monitoring
2025-10-23,09:15:00,HOLD,MIDCPNIFTY25OCT13200PE,64.3,1380.0,Monitoring
2025-10-23,09:20:00,HOLD,MIDCPNIFTY25OCT13200PE,61.35,1734.0,Monitoring
2025-10-23,09:25:00,HOLD,MIDCPNIFTY25OCT13200PE,53.15,2718.0,Monitoring
2025-10-23,09:30:00,HOLD,MIDCPNIFTY25OCT13200PE,37.9,4548.0,Monitoring
2025-10-23,09:35:00,HOLD,MIDCPNIFTY25OCT13200PE,42.35,4014.0,Monitoring
2025-10-23,09:40:00,HOLD,MIDCPNIFTY25OCT13200PE,41.25,4146.0,Monitoring
2025-10-23,09:45:00,HOLD,MIDCPNIFTY25OCT13200PE,38.9,4428.0,Monitoring
2025-10-23,09:50:00,HOLD,MIDCPNIFTY25OCT13200PE,43.55,3870.0,Monitoring
2025-10-23,09:55:00,HOLD,MIDCPNIFTY25OCT13200PE,40.6,4224.0,Monitoring
2025-10-23,10:00:00,HOLD,MIDCPNIFTY25OCT13200PE,40.5,4236.0,Monitoring
2025-10-23,10:05:00,HOLD,MIDCPNIFTY25OCT13200PE,39.45,4362.0,Monitoring
2025-10-23,10:10:00,HOLD,MIDCPNIFTY25OCT13200PE,40.25,4266.0,Monitoring
2025-10-23,10:15:00,HOLD,MIDCPNIFTY25OCT13200PE,40.95,4182.0,Monitoring
2025-10-23,10:20:00,HOLD,MIDCPNIFTY25OCT13200PE,41.5,4116.0,Monitoring
2025-10-23,10:25:00,HOLD,MIDCPNIFTY25OCT13200PE,40.55,4230.0,Monitoring
2025-10-23,10:30:00,HOLD,MIDCPNIFTY25OCT13200PE,41.8,4080.0,Monitoring
2025-10-23,10:35:00,HOLD,MIDCPNIFTY25OCT13200PE,40.65,4218.0,Monitoring
2025-10-23,10:40:00,HOLD,MIDCPNIFTY25OCT13200PE,40.05,4290.0,Monitoring
2025-10-23,10:45:00,HOLD,MIDCPNIFTY25OCT13200PE,41.65,4098.0,Monitoring
2025-10-23,10:50:00,HOLD,MIDCPNIFTY25OCT13200PE,43.0,3936.0,Monitoring
2025-10-23,10:55:00,HOLD,MIDCPNIFTY25OCT13200PE,40.65,4218.0,Monitoring
2025-10-23,11:00:00,HOLD,MIDCPNIFTY25OCT13200PE,42.2,4032.0,Monitoring
2025-10-23,11:05:00,HOLD,MIDCPNIFTY25OCT13200PE,45.85,3594.0,Monitoring
2025-10-23,11:10:00,HOLD,MIDCPNIFTY25OCT13200PE,41.7,4092.0,Monitoring
2025-10-23,11:15:00,HOLD,MIDCPNIFTY25OCT13200PE,43.0,3936.0,Monitoring
2025-10-23,11:20:00,HOLD,MIDCPNIFTY25OCT13200PE,41.25,4146.0,Monitoring
2025-10-23,11:25:00,HOLD,MIDCPNIFTY25OCT13200PE,42.5,3996.0,Monitoring
2025-10-23,11:30:00,HOLD,MIDCPNIFTY25OCT13200PE,42.65,3978.0,Monitoring
2025-10-23,11:35:00,HOLD,MIDCPNIFTY25OCT13200PE,43.05,3930.0,Monitoring
2025-10-23,11:40:00,HOLD,MIDCPNIFTY25OCT13200PE,41.65,4098.0,Monitoring
2025-10-23,11:45:00,HOLD,MIDCPNIFTY25OCT13200PE,41.4,4128.0,Monitoring
2025-10-23,11:50:00,HOLD,MIDCPNIFTY25OCT13200PE,40.85,4194.0,Monitoring
2025-10-23,11:55:00,HOLD,MIDCPNIFTY25OCT13200PE,41.75,4086.0,Monitoring
2025-10-23,12:00:00,HOLD,MIDCPNIFTY25OCT13200PE,41.6,4104.0,Monitoring
2025-10-23,12:05:00,HOLD,MIDCPNIFTY25OCT13200PE,41.45,4122.0,Monitoring
2025-10-23,12:10:00,HOLD,MIDCPNIFTY25OCT13200PE,38.6,4464.0,Monitoring
2025-10-23,12:15:00,HOLD,MIDCPNIFTY25OCT13200PE,41.05,4170.0,Monitoring
2025-10-23,12:20:00,HOLD,MIDCPNIFTY25OCT13200PE,39.35,4374.0,Monitoring
2025-10-23,12:25:00,HOLD,MIDCPNIFTY25OCT13200PE,39.5,4356.0,Monitoring
2025-10-23,12:30:00,HOLD,MIDCPNIFTY25OCT13200PE,39.95,4302.0,Monitoring
2025-10-23,12:35:00,HOLD,MIDCPNIFTY25OCT13200PE,40.2,4272.0,Monitoring
2025-10-23,12:40:00,HOLD,MIDCPNIFTY25OCT13200PE,41.55,4110.0,Monitoring
2025-10-23,12:45:00,HOLD,MIDCPNIFTY25OCT13200PE,42.15,4038.0,Monitoring
2025-10-23,12:50:00,HOLD,MIDCPNIFTY25OCT13200PE,41.85,4074.0,Monitoring
2025-10-23,12:55:00,HOLD,MIDCPNIFTY25OCT13200PE,42.35,4014.0,Monitoring
2025-10-23,13:00:00,HOLD,MIDCPNIFTY25OCT13200PE,42.5,3996.0,Monitoring
2025-10-23,13:05:00,HOLD,MIDCPNIFTY25OCT13200PE,42.55,3990.0,Monitoring
2025-10-23,13:10:00,HOLD,MIDCPNIFTY25OCT13200PE,43.35,3894.0,Monitoring
2025-10-23,13:15:00,HOLD,MIDCPNIFTY25OCT13200PE,41.9,4068.0,Monitoring
2025-10-23,13:20:00,HOLD,MIDCPNIFTY25OCT13200PE,48.0,3336.0,Monitoring
2025-10-23,13:25:00,HOLD,MIDCPNIFTY25OCT13200PE,46.45,3522.0,Monitoring
2025-10-23,13:30:00,HOLD,MIDCPNIFTY25OCT13200PE,49.5,3156.0,Monitoring
2025-10-23,13:35:00,HOLD,MIDCPNIFTY25OCT13200PE,48.25,3306.0,Monitoring
2025-10-23,13:40:00,HOLD,MIDCPNIFTY25OCT13200PE,46.45,3522.0,Monitoring
2025-10-23,13:45:00,HOLD,MIDCPNIFTY25OCT13200PE,45.4,3648.0,Monitoring
2025-10-23,13:50:00,HOLD,MIDCPNIFTY25OCT13200PE,45.1,3684.0,Monitoring
2025-10-23,13:55:00,HOLD,MIDCPNIFTY25OCT13200PE,51.75,2886.0,Monitoring
2025-10-23,14:00:00,HOLD,MIDCPNIFTY25OCT13200PE,53.85,2634.0,Monitoring
2025-10-23,14:05:00,HOLD,MIDCPNIFTY25OCT13200PE,53.4,2688.0,Monitoring
2025-10-23,14:10:00,HOLD,MIDCPNIFTY25OCT13200PE,48.45,3282.0,Monitoring
2025-10-23,14:15:00,HOLD,MIDCPNIFTY25OCT13200PE,51.2,2952.0,Monitoring
2025-10-23,14:20:00,HOLD,MIDCPNIFTY25OCT13200PE,54.5,2556.0,Monitoring
2025-10-23,14:25:00,HOLD,MIDCPNIFTY25OCT13200PE,51.2,2952.0,Monitoring
2025-10-23,14:30:00,HOLD,MIDCPNIFTY25OCT13200PE,49.55,3150.0,Monitoring
2025-10-23,14:35:00,HOLD,MIDCPNIFTY25OCT13200PE,45.35,3654.0,Monitoring
2025-10-23,14:40:00,HOLD,MIDCPNIFTY25OCT13200PE,43.15,3918.0,Monitoring
2025-10-23,14:45:00,HOLD,MIDCPNIFTY25OCT13200PE,41.55,4110.0,Monitoring
2025-10-23,14:50:00,HOLD,MIDCPNIFTY25OCT13200PE,42.55,3990.0,Monitoring
2025-10-23,14:55:00,HOLD,MIDCPNIFTY25OCT13200PE,44.8,3720.0,Monitoring
2025-10-23,15:00:00,HOLD,MIDCPNIFTY25OCT13200PE,55.6,2424.0,Monitoring
2025-10-23,15:05:00,HOLD,MIDCPNIFTY25OCT13200PE,66.35,1134.0,Monitoring
2025-10-23,15:10:00,HOLD,MIDCPNIFTY25OCT13200PE,80.15,-522.0,Monitoring
2025-10-23,15:15:00,HOLD,MIDCPNIFTY25OCT13200PE,72.8,360.0,Monitoring
2025-10-23,15:15:00,BUY_EXIT,MIDCPNIFTY25OCT13200PE,72.8,360.0,EMA_REVERSAL_SL
