Date,Time,Event,Ticker,Price,PnL_INR,Info
2025-04-17,14:00:00,SELL_ENTRY,MIDCPNIFTY25APR11500PE,75.1,0.0,Signal PE | Short
2025-04-17,14:05:00,HOLD,MIDCPNIFTY25APR11500PE,76.05,-114.0,Monitoring
2025-04-17,14:10:00,HOLD,MIDCPNIFTY25APR11500PE,78.25,-378.0,Monitoring
2025-04-17,14:15:00,HOLD,MIDCPNIFTY25APR11500PE,77.45,-282.0,Monitoring
2025-04-17,14:20:00,HOLD,MIDCPNIFTY25APR11500PE,78.75,-438.0,Monitoring
2025-04-17,14:25:00,HOLD,MIDCPNIFTY25APR11500PE,73.9,144.0,Monitoring
2025-04-17,14:30:00,HOLD,MIDCPNIFTY25APR11500PE,69.3,696.0,Monitoring
2025-04-17,14:35:00,HOLD,MIDCPNIFTY25APR11500PE,71.05,486.0,Monitoring
2025-04-17,14:40:00,HOLD,MIDCPNIFTY25APR11500PE,70.25,582.0,Monitoring
2025-04-17,14:45:00,HOLD,MIDCPNIFTY25APR11500PE,70.1,600.0,Monitoring
2025-04-17,14:50:00,HOLD,MIDCPNIFTY25APR11500PE,71.3,456.0,Monitoring
2025-04-17,14:55:00,HOLD,MIDCPNIFTY25APR11500PE,72.7,288.0,Monitoring
2025-04-17,15:00:00,HOLD,MIDCPNIFTY25APR11500PE,77.4,-276.0,Monitoring
2025-04-17,15:05:00,HOLD,MIDCPNIFTY25APR11500PE,71.9,384.0,Monitoring
2025-04-17,15:10:00,HOLD,MIDCPNIFTY25APR11500PE,69.35,690.0,Monitoring
2025-04-17,15:15:00,HOLD,MIDCPNIFTY25APR11500PE,70.4,564.0,Monitoring
2025-04-17,15:20:00,HOLD,MIDCPNIFTY25APR11500PE,69.25,702.0,Monitoring
2025-04-17,15:25:00,HOLD,MIDCPNIFTY25APR11500PE,65.15,1194.0,Monitoring
2025-04-21,09:15:00,HOLD,MIDCPNIFTY25APR11500PE,57.25,2142.0,Monitoring
2025-04-21,09:20:00,HOLD,MIDCPNIFTY25APR11500PE,53.0,2652.0,Monitoring
2025-04-21,09:25:00,HOLD,MIDCPNIFTY25APR11500PE,49.55,3066.0,Monitoring
2025-04-21,09:30:00,HOLD,MIDCPNIFTY25APR11500PE,37.7,4488.0,Monitoring
2025-04-21,09:35:00,HOLD,MIDCPNIFTY25APR11500PE,33.75,4962.0,Monitoring
2025-04-21,09:40:00,HOLD,MIDCPNIFTY25APR11500PE,33.85,4950.0,Monitoring
2025-04-21,09:45:00,HOLD,MIDCPNIFTY25APR11500PE,36.1,4680.0,Monitoring
2025-04-21,09:50:00,HOLD,MIDCPNIFTY25APR11500PE,34.8,4836.0,Monitoring
2025-04-21,09:55:00,HOLD,MIDCPNIFTY25APR11500PE,32.5,5112.0,Monitoring
2025-04-21,10:00:00,HOLD,MIDCPNIFTY25APR11500PE,29.3,5496.0,Monitoring
2025-04-21,10:00:00,BUY_EXIT,MIDCPNIFTY25APR11500PE,29.3,5496.0,TARGET_LTP_30
