Date,Time,Event,Ticker,Price,PnL_INR,Info
2025-03-26,14:00:00,SELL_ENTRY,MIDCPNIFTY25APR11700CE,254.8,0.0,Signal CE | Short
2025-03-26,14:05:00,HOLD,MIDCPNIFTY25APR11700CE,263.05,-990.0,Monitoring
2025-03-26,14:10:00,HOLD,MIDCPNIFTY25APR11700CE,259.35,-546.0,Monitoring
2025-03-26,14:15:00,HOLD,MIDCPNIFTY25APR11700CE,252.2,312.0,Monitoring
2025-03-26,14:20:00,HOLD,MIDCPNIFTY25APR11700CE,257.25,-294.0,Monitoring
2025-03-26,14:25:00,HOLD,MIDCPNIFTY25APR11700CE,261.25,-774.0,Monitoring
2025-03-26,14:30:00,HOLD,MIDCPNIFTY25APR11700CE,252.2,312.0,Monitoring
2025-03-26,14:35:00,HOLD,MIDCPNIFTY25APR11700CE,256.5,-204.0,Monitoring
2025-03-26,14:40:00,HOLD,MIDCPNIFTY25APR11700CE,256.5,-204.0,Monitoring
2025-03-26,14:45:00,HOLD,MIDCPNIFTY25APR11700CE,261.0,-744.0,Monitoring
2025-03-26,14:50:00,HOLD,MIDCPNIFTY25APR11700CE,251.0,456.0,Monitoring
2025-03-26,14:55:00,HOLD,MIDCPNIFTY25APR11700CE,249.15,678.0,Monitoring
2025-03-26,15:00:00,HOLD,MIDCPNIFTY25APR11700CE,245.25,1146.0,Monitoring
2025-03-26,15:05:00,HOLD,MIDCPNIFTY25APR11700CE,240.0,1776.0,Monitoring
2025-03-26,15:10:00,HOLD,MIDCPNIFTY25APR11700CE,242.0,1536.0,Monitoring
2025-03-26,15:15:00,HOLD,MIDCPNIFTY25APR11700CE,240.6,1704.0,Monitoring
2025-03-26,15:20:00,HOLD,MIDCPNIFTY25APR11700CE,242.0,1536.0,Monitoring
2025-03-26,15:25:00,HOLD,MIDCPNIFTY25APR11700CE,234.0,2496.0,Monitoring
2025-03-27,09:15:00,HOLD,MIDCPNIFTY25APR11700CE,215.05,4770.0,Monitoring
2025-03-27,09:20:00,HOLD,MIDCPNIFTY25APR11700CE,228.1,3204.0,Monitoring
2025-03-27,09:25:00,HOLD,MIDCPNIFTY25APR11700CE,227.0,3336.0,Monitoring
2025-03-27,09:30:00,HOLD,MIDCPNIFTY25APR11700CE,223.0,3816.0,Monitoring
2025-03-27,09:35:00,HOLD,MIDCPNIFTY25APR11700CE,212.45,5082.0,Monitoring
2025-03-27,09:40:00,HOLD,MIDCPNIFTY25APR11700CE,225.0,3576.0,Monitoring
2025-03-27,09:45:00,HOLD,MIDCPNIFTY25APR11700CE,226.55,3390.0,Monitoring
2025-03-27,09:50:00,HOLD,MIDCPNIFTY25APR11700CE,238.8,1920.0,Monitoring
2025-03-27,09:55:00,HOLD,MIDCPNIFTY25APR11700CE,237.75,2046.0,Monitoring
2025-03-27,10:00:00,HOLD,MIDCPNIFTY25APR11700CE,228.55,3150.0,Monitoring
2025-03-27,10:05:00,HOLD,MIDCPNIFTY25APR11700CE,238.9,1908.0,Monitoring
2025-03-27,10:10:00,HOLD,MIDCPNIFTY25APR11700CE,232.95,2622.0,Monitoring
2025-03-27,10:15:00,HOLD,MIDCPNIFTY25APR11700CE,229.95,2982.0,Monitoring
2025-03-27,10:20:00,HOLD,MIDCPNIFTY25APR11700CE,226.3,3420.0,Monitoring
2025-03-27,10:25:00,HOLD,MIDCPNIFTY25APR11700CE,249.1,684.0,Monitoring
2025-03-27,10:30:00,HOLD,MIDCPNIFTY25APR11700CE,246.0,1056.0,Monitoring
2025-03-27,10:35:00,HOLD,MIDCPNIFTY25APR11700CE,244.0,1296.0,Monitoring
2025-03-27,10:40:00,HOLD,MIDCPNIFTY25APR11700CE,241.9,1548.0,Monitoring
2025-03-27,10:45:00,HOLD,MIDCPNIFTY25APR11700CE,241.9,1548.0,Monitoring
2025-03-27,10:50:00,HOLD,MIDCPNIFTY25APR11700CE,240.35,1734.0,Monitoring
2025-03-27,10:55:00,HOLD,MIDCPNIFTY25APR11700CE,239.8,1800.0,Monitoring
2025-03-27,11:00:00,HOLD,MIDCPNIFTY25APR11700CE,239.8,1800.0,Monitoring
2025-03-27,11:05:00,HOLD,MIDCPNIFTY25APR11700CE,250.0,576.0,Monitoring
2025-03-27,11:10:00,HOLD,MIDCPNIFTY25APR11700CE,250.0,576.0,Monitoring
2025-03-27,11:15:00,HOLD,MIDCPNIFTY25APR11700CE,248.0,816.0,Monitoring
2025-03-27,11:20:00,HOLD,MIDCPNIFTY25APR11700CE,241.8,1560.0,Monitoring
2025-03-27,11:25:00,HOLD,MIDCPNIFTY25APR11700CE,237.9,2028.0,Monitoring
2025-03-27,11:30:00,HOLD,MIDCPNIFTY25APR11700CE,242.65,1458.0,Monitoring
2025-03-27,11:35:00,HOLD,MIDCPNIFTY25APR11700CE,246.15,1038.0,Monitoring
2025-03-27,11:40:00,HOLD,MIDCPNIFTY25APR11700CE,247.0,936.0,Monitoring
2025-03-27,11:45:00,HOLD,MIDCPNIFTY25APR11700CE,250.0,576.0,Monitoring
2025-03-27,11:50:00,HOLD,MIDCPNIFTY25APR11700CE,248.4,768.0,Monitoring
2025-03-27,11:55:00,HOLD,MIDCPNIFTY25APR11700CE,248.0,816.0,Monitoring
2025-03-27,12:00:00,HOLD,MIDCPNIFTY25APR11700CE,248.0,816.0,Monitoring
2025-03-27,12:05:00,HOLD,MIDCPNIFTY25APR11700CE,251.15,438.0,Monitoring
2025-03-27,12:10:00,HOLD,MIDCPNIFTY25APR11700CE,256.9,-252.0,Monitoring
2025-03-27,12:15:00,HOLD,MIDCPNIFTY25APR11700CE,254.75,6.0,Monitoring
2025-03-27,12:20:00,HOLD,MIDCPNIFTY25APR11700CE,253.0,216.0,Monitoring
2025-03-27,12:25:00,HOLD,MIDCPNIFTY25APR11700CE,253.55,150.0,Monitoring
2025-03-27,12:30:00,HOLD,MIDCPNIFTY25APR11700CE,250.0,576.0,Monitoring
2025-03-27,12:35:00,HOLD,MIDCPNIFTY25APR11700CE,246.95,942.0,Monitoring
2025-03-27,12:40:00,HOLD,MIDCPNIFTY25APR11700CE,246.95,942.0,Monitoring
2025-03-27,12:45:00,HOLD,MIDCPNIFTY25APR11700CE,246.95,942.0,Monitoring
2025-03-27,12:50:00,HOLD,MIDCPNIFTY25APR11700CE,246.95,942.0,Monitoring
2025-03-27,12:55:00,HOLD,MIDCPNIFTY25APR11700CE,252.0,336.0,Monitoring
2025-03-27,13:00:00,HOLD,MIDCPNIFTY25APR11700CE,252.0,336.0,Monitoring
2025-03-27,13:05:00,HOLD,MIDCPNIFTY25APR11700CE,248.65,738.0,Monitoring
2025-03-27,13:10:00,HOLD,MIDCPNIFTY25APR11700CE,244.55,1230.0,Monitoring
2025-03-27,13:15:00,HOLD,MIDCPNIFTY25APR11700CE,245.0,1176.0,Monitoring
2025-03-27,13:20:00,HOLD,MIDCPNIFTY25APR11700CE,245.0,1176.0,Monitoring
2025-03-27,13:25:00,HOLD,MIDCPNIFTY25APR11700CE,247.0,936.0,Monitoring
2025-03-27,13:30:00,HOLD,MIDCPNIFTY25APR11700CE,248.7,732.0,Monitoring
2025-03-27,13:35:00,HOLD,MIDCPNIFTY25APR11700CE,246.8,960.0,Monitoring
2025-03-27,13:40:00,HOLD,MIDCPNIFTY25APR11700CE,247.35,894.0,Monitoring
2025-03-27,13:45:00,HOLD,MIDCPNIFTY25APR11700CE,247.35,894.0,Monitoring
2025-03-27,13:50:00,HOLD,MIDCPNIFTY25APR11700CE,247.35,894.0,Monitoring
2025-03-27,13:55:00,HOLD,MIDCPNIFTY25APR11700CE,245.05,1170.0,Monitoring
2025-03-27,14:00:00,HOLD,MIDCPNIFTY25APR11700CE,245.6,1104.0,Monitoring
2025-03-27,14:05:00,HOLD,MIDCPNIFTY25APR11700CE,245.6,1104.0,Monitoring
2025-03-27,14:10:00,HOLD,MIDCPNIFTY25APR11700CE,246.5,996.0,Monitoring
2025-03-27,14:15:00,HOLD,MIDCPNIFTY25APR11700CE,246.5,996.0,Monitoring
2025-03-27,14:20:00,HOLD,MIDCPNIFTY25APR11700CE,249.4,648.0,Monitoring
2025-03-27,14:25:00,HOLD,MIDCPNIFTY25APR11700CE,249.4,648.0,Monitoring
2025-03-27,14:30:00,HOLD,MIDCPNIFTY25APR11700CE,249.4,648.0,Monitoring
2025-03-27,14:35:00,HOLD,MIDCPNIFTY25APR11700CE,249.0,696.0,Monitoring
2025-03-27,14:40:00,HOLD,MIDCPNIFTY25APR11700CE,250.0,576.0,Monitoring
2025-03-27,14:45:00,HOLD,MIDCPNIFTY25APR11700CE,247.85,834.0,Monitoring
2025-03-27,14:50:00,HOLD,MIDCPNIFTY25APR11700CE,250.0,576.0,Monitoring
2025-03-27,14:55:00,HOLD,MIDCPNIFTY25APR11700CE,256.85,-246.0,Monitoring
2025-03-27,15:00:00,HOLD,MIDCPNIFTY25APR11700CE,251.75,366.0,Monitoring
2025-03-27,15:05:00,HOLD,MIDCPNIFTY25APR11700CE,258.0,-384.0,Monitoring
2025-03-27,15:05:00,BUY_EXIT,MIDCPNIFTY25APR11700CE,258.0,-384.0,EMA_REVERSAL_SL
