Date,Time,Event,Ticker,Price,PnL_INR,Info
2025-05-02,14:00:00,SELL_ENTRY,MIDCPNIFTY25MAY12100CE,312.05,0.0,Signal CE | Short
2025-05-02,14:05:00,HOLD,MIDCPNIFTY25MAY12100CE,315.9,-462.0,Monitoring
2025-05-02,14:10:00,HOLD,MIDCPNIFTY25MAY12100CE,307.6,534.0,Monitoring
2025-05-02,14:15:00,HOLD,MIDCPNIFTY25MAY12100CE,307.8,510.0,Monitoring
2025-05-02,14:20:00,HOLD,MIDCPNIFTY25MAY12100CE,301.4,1278.0,Monitoring
2025-05-02,14:25:00,HOLD,MIDCPNIFTY25MAY12100CE,288.8,2790.0,Monitoring
2025-05-02,14:30:00,HOLD,MIDCPNIFTY25MAY12100CE,290.0,2646.0,Monitoring
2025-05-02,14:35:00,HOLD,MIDCPNIFTY25MAY12100CE,287.8,2910.0,Monitoring
2025-05-02,14:40:00,HOLD,MIDCPNIFTY25MAY12100CE,290.05,2640.0,Monitoring
2025-05-02,14:45:00,HOLD,MIDCPNIFTY25MAY12100CE,303.0,1086.0,Monitoring
2025-05-02,14:50:00,HOLD,MIDCPNIFTY25MAY12100CE,300.15,1428.0,Monitoring
2025-05-02,14:55:00,HOLD,MIDCPNIFTY25MAY12100CE,303.45,1032.0,Monitoring
2025-05-02,15:00:00,HOLD,MIDCPNIFTY25MAY12100CE,288.65,2808.0,Monitoring
2025-05-02,15:05:00,HOLD,MIDCPNIFTY25MAY12100CE,290.0,2646.0,Monitoring
2025-05-02,15:10:00,HOLD,MIDCPNIFTY25MAY12100CE,291.2,2502.0,Monitoring
2025-05-02,15:15:00,HOLD,MIDCPNIFTY25MAY12100CE,287.0,3006.0,Monitoring
2025-05-02,15:20:00,HOLD,MIDCPNIFTY25MAY12100CE,286.5,3066.0,Monitoring
2025-05-02,15:25:00,HOLD,MIDCPNIFTY25MAY12100CE,283.1,3474.0,Monitoring
2025-05-05,09:15:00,HOLD,MIDCPNIFTY25MAY12100CE,323.0,-1314.0,Monitoring
2025-05-05,09:20:00,HOLD,MIDCPNIFTY25MAY12100CE,351.25,-4704.0,Monitoring
2025-05-05,09:25:00,HOLD,MIDCPNIFTY25MAY12100CE,331.25,-2304.0,Monitoring
2025-05-05,09:30:00,HOLD,MIDCPNIFTY25MAY12100CE,330.9,-2262.0,Monitoring
2025-05-05,09:35:00,HOLD,MIDCPNIFTY25MAY12100CE,334.1,-2646.0,Monitoring
2025-05-05,09:40:00,HOLD,MIDCPNIFTY25MAY12100CE,345.75,-4044.0,Monitoring
2025-05-05,09:45:00,HOLD,MIDCPNIFTY25MAY12100CE,367.8,-6690.0,Monitoring
2025-05-05,09:50:00,HOLD,MIDCPNIFTY25MAY12100CE,379.05,-8040.0,Monitoring
2025-05-05,09:55:00,HOLD,MIDCPNIFTY25MAY12100CE,386.0,-8874.0,Monitoring
2025-05-05,09:55:00,BUY_EXIT,MIDCPNIFTY25MAY12100CE,386.0,-8874.0,EMA_REVERSAL_SL
