Date,Time,Event,Ticker,Price,PnL_INR,Info
2025-06-27,15:15:00,SELL_ENTRY,MIDCPNIFTY25JUL13400CE,284.3,0.0,Signal CE | Short
2025-06-27,15:20:00,HOLD,MIDCPNIFTY25JUL13400CE,288.1,-456.0,Monitoring
2025-06-27,15:25:00,HOLD,MIDCPNIFTY25JUL13400CE,295.0,-1284.0,Monitoring
2025-06-30,09:15:00,HOLD,MIDCPNIFTY25JUL13400CE,307.85,-2826.0,Monitoring
2025-06-30,09:20:00,HOLD,MIDCPNIFTY25JUL13400CE,314.0,-3564.0,Monitoring
2025-06-30,09:25:00,HOLD,MIDCPNIFTY25JUL13400CE,298.45,-1698.0,Monitoring
2025-06-30,09:30:00,HOLD,MIDCPNIFTY25JUL13400CE,292.45,-978.0,Monitoring
2025-06-30,09:35:00,HOLD,MIDCPNIFTY25JUL13400CE,293.8,-1140.0,Monitoring
2025-06-30,09:40:00,HOLD,MIDCPNIFTY25JUL13400CE,291.05,-810.0,Monitoring
2025-06-30,09:45:00,HOLD,MIDCPNIFTY25JUL13400CE,281.05,390.0,Monitoring
2025-06-30,09:50:00,HOLD,MIDCPNIFTY25JUL13400CE,282.0,276.0,Monitoring
2025-06-30,09:55:00,HOLD,MIDCPNIFTY25JUL13400CE,280.0,516.0,Monitoring
2025-06-30,10:00:00,HOLD,MIDCPNIFTY25JUL13400CE,285.1,-96.0,Monitoring
2025-06-30,10:05:00,HOLD,MIDCPNIFTY25JUL13400CE,279.6,564.0,Monitoring
2025-06-30,10:10:00,HOLD,MIDCPNIFTY25JUL13400CE,285.0,-84.0,Monitoring
2025-06-30,10:15:00,HOLD,MIDCPNIFTY25JUL13400CE,299.3,-1800.0,Monitoring
2025-06-30,10:20:00,HOLD,MIDCPNIFTY25JUL13400CE,296.0,-1404.0,Monitoring
2025-06-30,10:25:00,HOLD,MIDCPNIFTY25JUL13400CE,288.0,-444.0,Monitoring
2025-06-30,10:30:00,HOLD,MIDCPNIFTY25JUL13400CE,296.1,-1416.0,Monitoring
2025-06-30,10:35:00,HOLD,MIDCPNIFTY25JUL13400CE,296.9,-1512.0,Monitoring
2025-06-30,10:40:00,HOLD,MIDCPNIFTY25JUL13400CE,298.0,-1644.0,Monitoring
2025-06-30,10:45:00,HOLD,MIDCPNIFTY25JUL13400CE,297.55,-1590.0,Monitoring
2025-06-30,10:50:00,HOLD,MIDCPNIFTY25JUL13400CE,321.15,-4422.0,Monitoring
2025-06-30,10:55:00,HOLD,MIDCPNIFTY25JUL13400CE,321.2,-4428.0,Monitoring
2025-06-30,11:00:00,HOLD,MIDCPNIFTY25JUL13400CE,325.6,-4956.0,Monitoring
2025-06-30,11:05:00,HOLD,MIDCPNIFTY25JUL13400CE,322.6,-4596.0,Monitoring
2025-06-30,11:10:00,HOLD,MIDCPNIFTY25JUL13400CE,319.0,-4164.0,Monitoring
2025-06-30,11:15:00,HOLD,MIDCPNIFTY25JUL13400CE,311.35,-3246.0,Monitoring
2025-06-30,11:20:00,HOLD,MIDCPNIFTY25JUL13400CE,324.0,-4764.0,Monitoring
2025-06-30,11:25:00,HOLD,MIDCPNIFTY25JUL13400CE,321.0,-4404.0,Monitoring
2025-06-30,11:30:00,HOLD,MIDCPNIFTY25JUL13400CE,317.8,-4020.0,Monitoring
2025-06-30,11:35:00,HOLD,MIDCPNIFTY25JUL13400CE,319.95,-4278.0,Monitoring
2025-06-30,11:40:00,HOLD,MIDCPNIFTY25JUL13400CE,318.4,-4092.0,Monitoring
2025-06-30,11:45:00,HOLD,MIDCPNIFTY25JUL13400CE,318.35,-4086.0,Monitoring
2025-06-30,11:50:00,HOLD,MIDCPNIFTY25JUL13400CE,328.7,-5328.0,Monitoring
2025-06-30,11:55:00,HOLD,MIDCPNIFTY25JUL13400CE,319.55,-4230.0,Monitoring
2025-06-30,12:00:00,HOLD,MIDCPNIFTY25JUL13400CE,322.05,-4530.0,Monitoring
2025-06-30,12:05:00,HOLD,MIDCPNIFTY25JUL13400CE,322.4,-4572.0,Monitoring
2025-06-30,12:10:00,HOLD,MIDCPNIFTY25JUL13400CE,331.55,-5670.0,Monitoring
2025-06-30,12:15:00,HOLD,MIDCPNIFTY25JUL13400CE,338.3,-6480.0,Monitoring
2025-06-30,12:15:00,BUY_EXIT,MIDCPNIFTY25JUL13400CE,338.3,-6480.0,EMA_REVERSAL_SL
