Date,Time,Event,Ticker,Price,PnL_INR,Info
2025-07-03,15:15:00,SELL_ENTRY,MIDCPNIFTY25JUL13500CE,264.45,0.0,Signal CE | Short
2025-07-03,15:20:00,HOLD,MIDCPNIFTY25JUL13500CE,265.55,-132.0,Monitoring
2025-07-03,15:25:00,HOLD,MIDCPNIFTY25JUL13500CE,261.25,384.0,Monitoring
2025-07-04,09:15:00,HOLD,MIDCPNIFTY25JUL13500CE,244.05,2448.0,Monitoring
2025-07-04,09:20:00,HOLD,MIDCPNIFTY25JUL13500CE,253.7,1290.0,Monitoring
2025-07-04,09:25:00,HOLD,MIDCPNIFTY25JUL13500CE,248.35,1932.0,Monitoring
2025-07-04,09:30:00,HOLD,MIDCPNIFTY25JUL13500CE,247.65,2016.0,Monitoring
2025-07-04,09:35:00,HOLD,MIDCPNIFTY25JUL13500CE,244.3,2418.0,Monitoring
2025-07-04,09:40:00,HOLD,MIDCPNIFTY25JUL13500CE,255.0,1134.0,Monitoring
2025-07-04,09:45:00,HOLD,MIDCPNIFTY25JUL13500CE,259.95,540.0,Monitoring
2025-07-04,09:50:00,HOLD,MIDCPNIFTY25JUL13500CE,266.45,-240.0,Monitoring
2025-07-04,09:55:00,HOLD,MIDCPNIFTY25JUL13500CE,277.0,-1506.0,Monitoring
2025-07-04,10:00:00,HOLD,MIDCPNIFTY25JUL13500CE,278.9,-1734.0,Monitoring
2025-07-04,10:05:00,HOLD,MIDCPNIFTY25JUL13500CE,282.0,-2106.0,Monitoring
2025-07-04,10:10:00,HOLD,MIDCPNIFTY25JUL13500CE,277.05,-1512.0,Monitoring
2025-07-04,10:15:00,HOLD,MIDCPNIFTY25JUL13500CE,272.6,-978.0,Monitoring
2025-07-04,10:20:00,HOLD,MIDCPNIFTY25JUL13500CE,283.7,-2310.0,Monitoring
2025-07-04,10:25:00,HOLD,MIDCPNIFTY25JUL13500CE,281.0,-1986.0,Monitoring
2025-07-04,10:30:00,HOLD,MIDCPNIFTY25JUL13500CE,274.35,-1188.0,Monitoring
2025-07-04,10:35:00,HOLD,MIDCPNIFTY25JUL13500CE,280.7,-1950.0,Monitoring
2025-07-04,10:40:00,HOLD,MIDCPNIFTY25JUL13500CE,277.15,-1524.0,Monitoring
2025-07-04,10:45:00,HOLD,MIDCPNIFTY25JUL13500CE,274.45,-1200.0,Monitoring
2025-07-04,10:50:00,HOLD,MIDCPNIFTY25JUL13500CE,273.0,-1026.0,Monitoring
2025-07-04,10:55:00,HOLD,MIDCPNIFTY25JUL13500CE,271.2,-810.0,Monitoring
2025-07-04,11:00:00,HOLD,MIDCPNIFTY25JUL13500CE,267.05,-312.0,Monitoring
2025-07-04,11:05:00,HOLD,MIDCPNIFTY25JUL13500CE,264.2,30.0,Monitoring
2025-07-04,11:10:00,HOLD,MIDCPNIFTY25JUL13500CE,263.75,84.0,Monitoring
2025-07-04,11:15:00,HOLD,MIDCPNIFTY25JUL13500CE,256.65,936.0,Monitoring
2025-07-04,11:20:00,HOLD,MIDCPNIFTY25JUL13500CE,251.25,1584.0,Monitoring
2025-07-04,11:25:00,HOLD,MIDCPNIFTY25JUL13500CE,251.95,1500.0,Monitoring
2025-07-04,11:30:00,HOLD,MIDCPNIFTY25JUL13500CE,247.0,2094.0,Monitoring
2025-07-04,11:35:00,HOLD,MIDCPNIFTY25JUL13500CE,228.0,4374.0,Monitoring
2025-07-04,11:40:00,HOLD,MIDCPNIFTY25JUL13500CE,214.25,6024.0,Monitoring
2025-07-04,11:45:00,HOLD,MIDCPNIFTY25JUL13500CE,202.35,7452.0,Monitoring
2025-07-04,11:50:00,HOLD,MIDCPNIFTY25JUL13500CE,189.85,8952.0,Monitoring
2025-07-04,11:55:00,HOLD,MIDCPNIFTY25JUL13500CE,197.95,7980.0,Monitoring
2025-07-04,12:00:00,HOLD,MIDCPNIFTY25JUL13500CE,205.05,7128.0,Monitoring
2025-07-04,12:05:00,HOLD,MIDCPNIFTY25JUL13500CE,209.0,6654.0,Monitoring
2025-07-04,12:10:00,HOLD,MIDCPNIFTY25JUL13500CE,214.0,6054.0,Monitoring
2025-07-04,12:15:00,HOLD,MIDCPNIFTY25JUL13500CE,213.9,6066.0,Monitoring
2025-07-04,12:20:00,HOLD,MIDCPNIFTY25JUL13500CE,213.35,6132.0,Monitoring
2025-07-04,12:25:00,HOLD,MIDCPNIFTY25JUL13500CE,211.0,6414.0,Monitoring
2025-07-04,12:30:00,HOLD,MIDCPNIFTY25JUL13500CE,212.2,6270.0,Monitoring
2025-07-04,12:35:00,HOLD,MIDCPNIFTY25JUL13500CE,205.2,7110.0,Monitoring
2025-07-04,12:40:00,HOLD,MIDCPNIFTY25JUL13500CE,204.2,7230.0,Monitoring
2025-07-04,12:45:00,HOLD,MIDCPNIFTY25JUL13500CE,200.25,7704.0,Monitoring
2025-07-04,12:50:00,HOLD,MIDCPNIFTY25JUL13500CE,196.0,8214.0,Monitoring
2025-07-04,12:55:00,HOLD,MIDCPNIFTY25JUL13500CE,199.55,7788.0,Monitoring
2025-07-04,13:00:00,HOLD,MIDCPNIFTY25JUL13500CE,206.0,7014.0,Monitoring
2025-07-04,13:05:00,HOLD,MIDCPNIFTY25JUL13500CE,206.2,6990.0,Monitoring
2025-07-04,13:10:00,HOLD,MIDCPNIFTY25JUL13500CE,212.85,6192.0,Monitoring
2025-07-04,13:15:00,HOLD,MIDCPNIFTY25JUL13500CE,206.75,6924.0,Monitoring
2025-07-04,13:20:00,HOLD,MIDCPNIFTY25JUL13500CE,205.0,7134.0,Monitoring
2025-07-04,13:25:00,HOLD,MIDCPNIFTY25JUL13500CE,204.85,7152.0,Monitoring
2025-07-04,13:30:00,HOLD,MIDCPNIFTY25JUL13500CE,205.25,7104.0,Monitoring
2025-07-04,13:35:00,HOLD,MIDCPNIFTY25JUL13500CE,206.85,6912.0,Monitoring
2025-07-04,13:40:00,HOLD,MIDCPNIFTY25JUL13500CE,208.6,6702.0,Monitoring
2025-07-04,13:45:00,HOLD,MIDCPNIFTY25JUL13500CE,207.0,6894.0,Monitoring
2025-07-04,13:50:00,HOLD,MIDCPNIFTY25JUL13500CE,210.5,6474.0,Monitoring
2025-07-04,13:55:00,HOLD,MIDCPNIFTY25JUL13500CE,213.4,6126.0,Monitoring
2025-07-04,14:00:00,HOLD,MIDCPNIFTY25JUL13500CE,205.0,7134.0,Monitoring
2025-07-04,14:05:00,HOLD,MIDCPNIFTY25JUL13500CE,201.25,7584.0,Monitoring
2025-07-04,14:10:00,HOLD,MIDCPNIFTY25JUL13500CE,203.6,7302.0,Monitoring
2025-07-04,14:15:00,HOLD,MIDCPNIFTY25JUL13500CE,202.45,7440.0,Monitoring
2025-07-04,14:20:00,HOLD,MIDCPNIFTY25JUL13500CE,204.65,7176.0,Monitoring
2025-07-04,14:25:00,HOLD,MIDCPNIFTY25JUL13500CE,207.15,6876.0,Monitoring
2025-07-04,14:30:00,HOLD,MIDCPNIFTY25JUL13500CE,208.95,6660.0,Monitoring
2025-07-04,14:35:00,HOLD,MIDCPNIFTY25JUL13500CE,222.0,5094.0,Monitoring
2025-07-04,14:40:00,HOLD,MIDCPNIFTY25JUL13500CE,226.0,4614.0,Monitoring
2025-07-04,14:45:00,HOLD,MIDCPNIFTY25JUL13500CE,222.9,4986.0,Monitoring
2025-07-04,14:50:00,HOLD,MIDCPNIFTY25JUL13500CE,216.95,5700.0,Monitoring
2025-07-04,14:55:00,HOLD,MIDCPNIFTY25JUL13500CE,223.1,4962.0,Monitoring
2025-07-04,15:00:00,HOLD,MIDCPNIFTY25JUL13500CE,228.0,4374.0,Monitoring
2025-07-04,15:05:00,HOLD,MIDCPNIFTY25JUL13500CE,232.0,3894.0,Monitoring
2025-07-04,15:10:00,HOLD,MIDCPNIFTY25JUL13500CE,231.65,3936.0,Monitoring
2025-07-04,15:15:00,HOLD,MIDCPNIFTY25JUL13500CE,229.7,4170.0,Monitoring
2025-07-04,15:20:00,HOLD,MIDCPNIFTY25JUL13500CE,228.6,4302.0,Monitoring
2025-07-04,15:25:00,HOLD,MIDCPNIFTY25JUL13500CE,227.2,4470.0,Monitoring
2025-07-07,09:15:00,HOLD,MIDCPNIFTY25JUL13500CE,205.0,7134.0,Monitoring
2025-07-07,09:20:00,HOLD,MIDCPNIFTY25JUL13500CE,214.55,5988.0,Monitoring
2025-07-07,09:25:00,HOLD,MIDCPNIFTY25JUL13500CE,207.65,6816.0,Monitoring
2025-07-07,09:30:00,HOLD,MIDCPNIFTY25JUL13500CE,214.45,6000.0,Monitoring
2025-07-07,09:35:00,HOLD,MIDCPNIFTY25JUL13500CE,208.7,6690.0,Monitoring
2025-07-07,09:40:00,HOLD,MIDCPNIFTY25JUL13500CE,200.0,7734.0,Monitoring
2025-07-07,09:45:00,HOLD,MIDCPNIFTY25JUL13500CE,194.45,8400.0,Monitoring
2025-07-07,09:50:00,HOLD,MIDCPNIFTY25JUL13500CE,209.1,6642.0,Monitoring
2025-07-07,09:55:00,HOLD,MIDCPNIFTY25JUL13500CE,211.55,6348.0,Monitoring
2025-07-07,10:00:00,HOLD,MIDCPNIFTY25JUL13500CE,220.35,5292.0,Monitoring
2025-07-07,10:05:00,HOLD,MIDCPNIFTY25JUL13500CE,212.45,6240.0,Monitoring
2025-07-07,10:10:00,HOLD,MIDCPNIFTY25JUL13500CE,216.55,5748.0,Monitoring
2025-07-07,10:15:00,HOLD,MIDCPNIFTY25JUL13500CE,219.4,5406.0,Monitoring
2025-07-07,10:20:00,HOLD,MIDCPNIFTY25JUL13500CE,226.95,4500.0,Monitoring
2025-07-07,10:25:00,HOLD,MIDCPNIFTY25JUL13500CE,228.9,4266.0,Monitoring
2025-07-07,10:30:00,HOLD,MIDCPNIFTY25JUL13500CE,231.0,4014.0,Monitoring
2025-07-07,10:35:00,HOLD,MIDCPNIFTY25JUL13500CE,234.05,3648.0,Monitoring
2025-07-07,10:40:00,HOLD,MIDCPNIFTY25JUL13500CE,234.25,3624.0,Monitoring
2025-07-07,10:45:00,HOLD,MIDCPNIFTY25JUL13500CE,235.95,3420.0,Monitoring
2025-07-07,10:50:00,HOLD,MIDCPNIFTY25JUL13500CE,244.0,2454.0,Monitoring
2025-07-07,10:55:00,HOLD,MIDCPNIFTY25JUL13500CE,245.05,2328.0,Monitoring
2025-07-07,11:00:00,HOLD,MIDCPNIFTY25JUL13500CE,239.75,2964.0,Monitoring
2025-07-07,11:05:00,HOLD,MIDCPNIFTY25JUL13500CE,244.0,2454.0,Monitoring
2025-07-07,11:05:00,BUY_EXIT,MIDCPNIFTY25JUL13500CE,244.0,2454.0,EMA_REVERSAL_SL
