Date,Time,Event,Ticker,Price,PnL_INR,Info
2025-09-04,14:15:00,SELL_ENTRY,MIDCPNIFTY25SEP13000CE,124.4,0.0,Signal CE | Short
2025-09-04,14:20:00,HOLD,MIDCPNIFTY25SEP13000CE,119.0,648.0,Monitoring
2025-09-04,14:25:00,HOLD,MIDCPNIFTY25SEP13000CE,112.45,1434.0,Monitoring
2025-09-04,14:30:00,HOLD,MIDCPNIFTY25SEP13000CE,122.9,180.0,Monitoring
2025-09-04,14:35:00,HOLD,MIDCPNIFTY25SEP13000CE,117.9,780.0,Monitoring
2025-09-04,14:40:00,HOLD,MIDCPNIFTY25SEP13000CE,121.65,330.0,Monitoring
2025-09-04,14:45:00,HOLD,MIDCPNIFTY25SEP13000CE,126.35,-234.0,Monitoring
2025-09-04,14:50:00,HOLD,MIDCPNIFTY25SEP13000CE,121.45,354.0,Monitoring
2025-09-04,14:55:00,HOLD,MIDCPNIFTY25SEP13000CE,121.5,348.0,Monitoring
2025-09-04,15:00:00,HOLD,MIDCPNIFTY25SEP13000CE,113.15,1350.0,Monitoring
2025-09-04,15:05:00,HOLD,MIDCPNIFTY25SEP13000CE,110.6,1656.0,Monitoring
2025-09-04,15:10:00,HOLD,MIDCPNIFTY25SEP13000CE,108.9,1860.0,Monitoring
2025-09-04,15:15:00,HOLD,MIDCPNIFTY25SEP13000CE,111.2,1584.0,Monitoring
2025-09-04,15:20:00,HOLD,MIDCPNIFTY25SEP13000CE,115.2,1104.0,Monitoring
2025-09-04,15:25:00,HOLD,MIDCPNIFTY25SEP13000CE,112.05,1482.0,Monitoring
2025-09-05,09:15:00,HOLD,MIDCPNIFTY25SEP13000CE,133.0,-1032.0,Monitoring
2025-09-05,09:20:00,HOLD,MIDCPNIFTY25SEP13000CE,128.95,-546.0,Monitoring
2025-09-05,09:25:00,HOLD,MIDCPNIFTY25SEP13000CE,132.1,-924.0,Monitoring
2025-09-05,09:30:00,HOLD,MIDCPNIFTY25SEP13000CE,142.6,-2184.0,Monitoring
2025-09-05,09:35:00,HOLD,MIDCPNIFTY25SEP13000CE,137.0,-1512.0,Monitoring
2025-09-05,09:40:00,HOLD,MIDCPNIFTY25SEP13000CE,133.65,-1110.0,Monitoring
2025-09-05,09:45:00,HOLD,MIDCPNIFTY25SEP13000CE,149.0,-2952.0,Monitoring
2025-09-05,09:50:00,HOLD,MIDCPNIFTY25SEP13000CE,154.2,-3576.0,Monitoring
2025-09-05,09:55:00,HOLD,MIDCPNIFTY25SEP13000CE,152.2,-3336.0,Monitoring
2025-09-05,10:00:00,HOLD,MIDCPNIFTY25SEP13000CE,152.6,-3384.0,Monitoring
2025-09-05,10:05:00,HOLD,MIDCPNIFTY25SEP13000CE,144.1,-2364.0,Monitoring
2025-09-05,10:10:00,HOLD,MIDCPNIFTY25SEP13000CE,124.15,30.0,Monitoring
2025-09-05,10:15:00,HOLD,MIDCPNIFTY25SEP13000CE,117.95,774.0,Monitoring
2025-09-05,10:20:00,HOLD,MIDCPNIFTY25SEP13000CE,125.95,-186.0,Monitoring
2025-09-05,10:25:00,HOLD,MIDCPNIFTY25SEP13000CE,130.0,-672.0,Monitoring
2025-09-05,10:30:00,HOLD,MIDCPNIFTY25SEP13000CE,121.4,360.0,Monitoring
2025-09-05,10:35:00,HOLD,MIDCPNIFTY25SEP13000CE,126.45,-246.0,Monitoring
2025-09-05,10:40:00,HOLD,MIDCPNIFTY25SEP13000CE,125.2,-96.0,Monitoring
2025-09-05,10:45:00,HOLD,MIDCPNIFTY25SEP13000CE,121.95,294.0,Monitoring
2025-09-05,10:50:00,HOLD,MIDCPNIFTY25SEP13000CE,116.25,978.0,Monitoring
2025-09-05,10:55:00,HOLD,MIDCPNIFTY25SEP13000CE,118.0,768.0,Monitoring
2025-09-05,11:00:00,HOLD,MIDCPNIFTY25SEP13000CE,121.0,408.0,Monitoring
2025-09-05,11:05:00,HOLD,MIDCPNIFTY25SEP13000CE,118.0,768.0,Monitoring
2025-09-05,11:10:00,HOLD,MIDCPNIFTY25SEP13000CE,120.55,462.0,Monitoring
2025-09-05,11:15:00,HOLD,MIDCPNIFTY25SEP13000CE,120.0,528.0,Monitoring
2025-09-05,11:20:00,HOLD,MIDCPNIFTY25SEP13000CE,121.25,378.0,Monitoring
2025-09-05,11:25:00,HOLD,MIDCPNIFTY25SEP13000CE,123.55,102.0,Monitoring
2025-09-05,11:30:00,HOLD,MIDCPNIFTY25SEP13000CE,124.15,30.0,Monitoring
2025-09-05,11:35:00,HOLD,MIDCPNIFTY25SEP13000CE,122.7,204.0,Monitoring
2025-09-05,11:40:00,HOLD,MIDCPNIFTY25SEP13000CE,116.0,1008.0,Monitoring
2025-09-05,11:45:00,HOLD,MIDCPNIFTY25SEP13000CE,111.5,1548.0,Monitoring
2025-09-05,11:50:00,HOLD,MIDCPNIFTY25SEP13000CE,111.2,1584.0,Monitoring
2025-09-05,11:55:00,HOLD,MIDCPNIFTY25SEP13000CE,111.65,1530.0,Monitoring
2025-09-05,12:00:00,HOLD,MIDCPNIFTY25SEP13000CE,106.35,2166.0,Monitoring
2025-09-05,12:05:00,HOLD,MIDCPNIFTY25SEP13000CE,113.6,1296.0,Monitoring
2025-09-05,12:10:00,HOLD,MIDCPNIFTY25SEP13000CE,105.9,2220.0,Monitoring
2025-09-05,12:15:00,HOLD,MIDCPNIFTY25SEP13000CE,102.75,2598.0,Monitoring
2025-09-05,12:20:00,HOLD,MIDCPNIFTY25SEP13000CE,105.0,2328.0,Monitoring
2025-09-05,12:25:00,HOLD,MIDCPNIFTY25SEP13000CE,108.65,1890.0,Monitoring
2025-09-05,12:30:00,HOLD,MIDCPNIFTY25SEP13000CE,103.3,2532.0,Monitoring
2025-09-05,12:35:00,HOLD,MIDCPNIFTY25SEP13000CE,107.9,1980.0,Monitoring
2025-09-05,12:40:00,HOLD,MIDCPNIFTY25SEP13000CE,105.75,2238.0,Monitoring
2025-09-05,12:45:00,HOLD,MIDCPNIFTY25SEP13000CE,102.4,2640.0,Monitoring
2025-09-05,12:50:00,HOLD,MIDCPNIFTY25SEP13000CE,103.75,2478.0,Monitoring
2025-09-05,12:55:00,HOLD,MIDCPNIFTY25SEP13000CE,107.0,2088.0,Monitoring
2025-09-05,13:00:00,HOLD,MIDCPNIFTY25SEP13000CE,106.7,2124.0,Monitoring
2025-09-05,13:05:00,HOLD,MIDCPNIFTY25SEP13000CE,109.9,1740.0,Monitoring
2025-09-05,13:10:00,HOLD,MIDCPNIFTY25SEP13000CE,116.3,972.0,Monitoring
2025-09-05,13:15:00,HOLD,MIDCPNIFTY25SEP13000CE,126.45,-246.0,Monitoring
2025-09-05,13:20:00,HOLD,MIDCPNIFTY25SEP13000CE,124.0,48.0,Monitoring
2025-09-05,13:25:00,HOLD,MIDCPNIFTY25SEP13000CE,124.7,-36.0,Monitoring
2025-09-05,13:30:00,HOLD,MIDCPNIFTY25SEP13000CE,130.05,-678.0,Monitoring
2025-09-05,13:35:00,HOLD,MIDCPNIFTY25SEP13000CE,130.9,-780.0,Monitoring
2025-09-05,13:40:00,HOLD,MIDCPNIFTY25SEP13000CE,134.0,-1152.0,Monitoring
2025-09-05,13:45:00,HOLD,MIDCPNIFTY25SEP13000CE,136.45,-1446.0,Monitoring
2025-09-05,13:50:00,HOLD,MIDCPNIFTY25SEP13000CE,139.5,-1812.0,Monitoring
2025-09-05,13:55:00,HOLD,MIDCPNIFTY25SEP13000CE,142.95,-2226.0,Monitoring
2025-09-05,14:00:00,HOLD,MIDCPNIFTY25SEP13000CE,145.0,-2472.0,Monitoring
2025-09-05,14:00:00,BUY_EXIT,MIDCPNIFTY25SEP13000CE,145.0,-2472.0,EMA_REVERSAL_SL
