Date,Time,Event,Ticker,Price,PnL_INR,Info
2024-02-15,14:00:00,SELL_ENTRY,MIDCPNIFTY24FEB10800PE,126.2,0.0,Signal PE | Short
2024-02-15,14:05:00,HOLD,MIDCPNIFTY24FEB10800PE,116.65,1146.0,Monitoring
2024-02-15,14:10:00,HOLD,MIDCPNIFTY24FEB10800PE,116.65,1146.0,Monitoring
2024-02-15,14:15:00,HOLD,MIDCPNIFTY24FEB10800PE,125.0,144.0,Monitoring
2024-02-15,14:20:00,HOLD,MIDCPNIFTY24FEB10800PE,127.0,-96.0,Monitoring
2024-02-15,14:25:00,HOLD,MIDCPNIFTY24FEB10800PE,127.0,-96.0,Monitoring
2024-02-15,14:30:00,HOLD,MIDCPNIFTY24FEB10800PE,127.0,-96.0,Monitoring
2024-02-15,14:35:00,HOLD,MIDCPNIFTY24FEB10800PE,122.25,474.0,Monitoring
2024-02-15,14:40:00,HOLD,MIDCPNIFTY24FEB10800PE,120.1,732.0,Monitoring
2024-02-15,14:45:00,HOLD,MIDCPNIFTY24FEB10800PE,121.3,588.0,Monitoring
2024-02-15,14:50:00,HOLD,MIDCPNIFTY24FEB10800PE,114.9,1356.0,Monitoring
2024-02-15,14:55:00,HOLD,MIDCPNIFTY24FEB10800PE,115.0,1344.0,Monitoring
2024-02-15,15:00:00,HOLD,MIDCPNIFTY24FEB10800PE,117.8,1008.0,Monitoring
2024-02-15,15:05:00,HOLD,MIDCPNIFTY24FEB10800PE,117.1,1092.0,Monitoring
2024-02-15,15:10:00,HOLD,MIDCPNIFTY24FEB10800PE,111.0,1824.0,Monitoring
2024-02-15,15:15:00,HOLD,MIDCPNIFTY24FEB10800PE,108.7,2100.0,Monitoring
2024-02-15,15:20:00,HOLD,MIDCPNIFTY24FEB10800PE,106.05,2418.0,Monitoring
2024-02-15,15:25:00,HOLD,MIDCPNIFTY24FEB10800PE,106.1,2412.0,Monitoring
2024-02-16,09:15:00,HOLD,MIDCPNIFTY24FEB10800PE,95.0,3744.0,Monitoring
2024-02-16,09:20:00,HOLD,MIDCPNIFTY24FEB10800PE,103.45,2730.0,Monitoring
2024-02-16,09:25:00,HOLD,MIDCPNIFTY24FEB10800PE,103.45,2730.0,Monitoring
2024-02-16,09:30:00,HOLD,MIDCPNIFTY24FEB10800PE,100.0,3144.0,Monitoring
2024-02-16,09:35:00,HOLD,MIDCPNIFTY24FEB10800PE,98.1,3372.0,Monitoring
2024-02-16,09:40:00,HOLD,MIDCPNIFTY24FEB10800PE,94.85,3762.0,Monitoring
2024-02-16,09:45:00,HOLD,MIDCPNIFTY24FEB10800PE,94.85,3762.0,Monitoring
2024-02-16,09:50:00,HOLD,MIDCPNIFTY24FEB10800PE,98.0,3384.0,Monitoring
2024-02-16,09:55:00,HOLD,MIDCPNIFTY24FEB10800PE,95.0,3744.0,Monitoring
2024-02-16,10:00:00,HOLD,MIDCPNIFTY24FEB10800PE,92.95,3990.0,Monitoring
2024-02-16,10:05:00,HOLD,MIDCPNIFTY24FEB10800PE,95.55,3678.0,Monitoring
2024-02-16,10:10:00,HOLD,MIDCPNIFTY24FEB10800PE,96.3,3588.0,Monitoring
2024-02-16,10:15:00,HOLD,MIDCPNIFTY24FEB10800PE,92.6,4032.0,Monitoring
2024-02-16,10:20:00,HOLD,MIDCPNIFTY24FEB10800PE,95.6,3672.0,Monitoring
2024-02-16,10:25:00,HOLD,MIDCPNIFTY24FEB10800PE,95.55,3678.0,Monitoring
2024-02-16,10:30:00,HOLD,MIDCPNIFTY24FEB10800PE,95.55,3678.0,Monitoring
2024-02-16,10:35:00,HOLD,MIDCPNIFTY24FEB10800PE,94.0,3864.0,Monitoring
2024-02-16,10:40:00,HOLD,MIDCPNIFTY24FEB10800PE,94.0,3864.0,Monitoring
2024-02-16,10:45:00,HOLD,MIDCPNIFTY24FEB10800PE,93.0,3984.0,Monitoring
2024-02-16,10:50:00,HOLD,MIDCPNIFTY24FEB10800PE,93.0,3984.0,Monitoring
2024-02-16,10:55:00,HOLD,MIDCPNIFTY24FEB10800PE,92.0,4104.0,Monitoring
2024-02-16,11:00:00,HOLD,MIDCPNIFTY24FEB10800PE,91.4,4176.0,Monitoring
2024-02-16,11:05:00,HOLD,MIDCPNIFTY24FEB10800PE,91.5,4164.0,Monitoring
2024-02-16,11:10:00,HOLD,MIDCPNIFTY24FEB10800PE,90.0,4344.0,Monitoring
2024-02-16,11:15:00,HOLD,MIDCPNIFTY24FEB10800PE,86.25,4794.0,Monitoring
2024-02-16,11:20:00,HOLD,MIDCPNIFTY24FEB10800PE,88.15,4566.0,Monitoring
2024-02-16,11:25:00,HOLD,MIDCPNIFTY24FEB10800PE,89.9,4356.0,Monitoring
2024-02-16,11:30:00,HOLD,MIDCPNIFTY24FEB10800PE,89.9,4356.0,Monitoring
2024-02-16,11:35:00,HOLD,MIDCPNIFTY24FEB10800PE,89.9,4356.0,Monitoring
2024-02-16,11:40:00,HOLD,MIDCPNIFTY24FEB10800PE,95.0,3744.0,Monitoring
2024-02-16,11:45:00,HOLD,MIDCPNIFTY24FEB10800PE,91.15,4206.0,Monitoring
2024-02-16,11:50:00,HOLD,MIDCPNIFTY24FEB10800PE,91.15,4206.0,Monitoring
2024-02-16,11:55:00,HOLD,MIDCPNIFTY24FEB10800PE,91.15,4206.0,Monitoring
2024-02-16,12:00:00,HOLD,MIDCPNIFTY24FEB10800PE,91.2,4200.0,Monitoring
2024-02-16,12:05:00,HOLD,MIDCPNIFTY24FEB10800PE,91.95,4110.0,Monitoring
2024-02-16,12:10:00,HOLD,MIDCPNIFTY24FEB10800PE,87.95,4590.0,Monitoring
2024-02-16,12:15:00,HOLD,MIDCPNIFTY24FEB10800PE,87.95,4590.0,Monitoring
2024-02-16,12:20:00,HOLD,MIDCPNIFTY24FEB10800PE,90.0,4344.0,Monitoring
2024-02-16,12:25:00,HOLD,MIDCPNIFTY24FEB10800PE,96.65,3546.0,Monitoring
2024-02-16,12:30:00,HOLD,MIDCPNIFTY24FEB10800PE,90.0,4344.0,Monitoring
2024-02-16,12:35:00,HOLD,MIDCPNIFTY24FEB10800PE,90.0,4344.0,Monitoring
2024-02-16,12:40:00,HOLD,MIDCPNIFTY24FEB10800PE,89.0,4464.0,Monitoring
2024-02-16,12:45:00,HOLD,MIDCPNIFTY24FEB10800PE,90.0,4344.0,Monitoring
2024-02-16,12:50:00,HOLD,MIDCPNIFTY24FEB10800PE,88.55,4518.0,Monitoring
2024-02-16,12:55:00,HOLD,MIDCPNIFTY24FEB10800PE,87.0,4704.0,Monitoring
2024-02-16,13:00:00,HOLD,MIDCPNIFTY24FEB10800PE,88.9,4476.0,Monitoring
2024-02-16,13:05:00,HOLD,MIDCPNIFTY24FEB10800PE,87.25,4674.0,Monitoring
2024-02-16,13:10:00,HOLD,MIDCPNIFTY24FEB10800PE,87.25,4674.0,Monitoring
2024-02-16,13:15:00,HOLD,MIDCPNIFTY24FEB10800PE,85.9,4836.0,Monitoring
2024-02-16,13:20:00,HOLD,MIDCPNIFTY24FEB10800PE,83.1,5172.0,Monitoring
2024-02-16,13:25:00,HOLD,MIDCPNIFTY24FEB10800PE,87.45,4650.0,Monitoring
2024-02-16,13:30:00,HOLD,MIDCPNIFTY24FEB10800PE,87.45,4650.0,Monitoring
2024-02-16,13:35:00,HOLD,MIDCPNIFTY24FEB10800PE,79.5,5604.0,Monitoring
2024-02-16,13:40:00,HOLD,MIDCPNIFTY24FEB10800PE,79.95,5550.0,Monitoring
2024-02-16,13:45:00,HOLD,MIDCPNIFTY24FEB10800PE,81.0,5424.0,Monitoring
2024-02-16,13:50:00,HOLD,MIDCPNIFTY24FEB10800PE,80.85,5442.0,Monitoring
2024-02-16,13:55:00,HOLD,MIDCPNIFTY24FEB10800PE,80.0,5544.0,Monitoring
2024-02-16,14:00:00,HOLD,MIDCPNIFTY24FEB10800PE,75.0,6144.0,Monitoring
2024-02-16,14:05:00,HOLD,MIDCPNIFTY24FEB10800PE,79.15,5646.0,Monitoring
2024-02-16,14:10:00,HOLD,MIDCPNIFTY24FEB10800PE,81.4,5376.0,Monitoring
2024-02-16,14:15:00,HOLD,MIDCPNIFTY24FEB10800PE,80.0,5544.0,Monitoring
2024-02-16,14:20:00,HOLD,MIDCPNIFTY24FEB10800PE,85.6,4872.0,Monitoring
2024-02-16,14:25:00,HOLD,MIDCPNIFTY24FEB10800PE,81.0,5424.0,Monitoring
2024-02-16,14:30:00,HOLD,MIDCPNIFTY24FEB10800PE,79.95,5550.0,Monitoring
2024-02-16,14:35:00,HOLD,MIDCPNIFTY24FEB10800PE,78.0,5784.0,Monitoring
2024-02-16,14:40:00,HOLD,MIDCPNIFTY24FEB10800PE,78.55,5718.0,Monitoring
2024-02-16,14:45:00,HOLD,MIDCPNIFTY24FEB10800PE,72.85,6402.0,Monitoring
2024-02-16,14:50:00,HOLD,MIDCPNIFTY24FEB10800PE,73.0,6384.0,Monitoring
2024-02-16,14:55:00,HOLD,MIDCPNIFTY24FEB10800PE,72.15,6486.0,Monitoring
2024-02-16,15:00:00,HOLD,MIDCPNIFTY24FEB10800PE,76.0,6024.0,Monitoring
2024-02-16,15:05:00,HOLD,MIDCPNIFTY24FEB10800PE,79.0,5664.0,Monitoring
2024-02-16,15:10:00,HOLD,MIDCPNIFTY24FEB10800PE,76.0,6024.0,Monitoring
2024-02-16,15:15:00,HOLD,MIDCPNIFTY24FEB10800PE,79.0,5664.0,Monitoring
2024-02-16,15:20:00,HOLD,MIDCPNIFTY24FEB10800PE,77.0,5904.0,Monitoring
2024-02-16,15:25:00,HOLD,MIDCPNIFTY24FEB10800PE,73.0,6384.0,Monitoring
2024-02-19,09:15:00,HOLD,MIDCPNIFTY24FEB10800PE,69.35,6822.0,Monitoring
2024-02-19,09:20:00,HOLD,MIDCPNIFTY24FEB10800PE,69.15,6846.0,Monitoring
2024-02-19,09:25:00,HOLD,MIDCPNIFTY24FEB10800PE,70.35,6702.0,Monitoring
2024-02-19,09:30:00,HOLD,MIDCPNIFTY24FEB10800PE,69.1,6852.0,Monitoring
2024-02-19,09:35:00,HOLD,MIDCPNIFTY24FEB10800PE,67.1,7092.0,Monitoring
2024-02-19,09:40:00,HOLD,MIDCPNIFTY24FEB10800PE,66.15,7206.0,Monitoring
2024-02-19,09:45:00,HOLD,MIDCPNIFTY24FEB10800PE,64.9,7356.0,Monitoring
2024-02-19,09:50:00,HOLD,MIDCPNIFTY24FEB10800PE,65.9,7236.0,Monitoring
2024-02-19,09:55:00,HOLD,MIDCPNIFTY24FEB10800PE,66.55,7158.0,Monitoring
2024-02-19,10:00:00,HOLD,MIDCPNIFTY24FEB10800PE,66.05,7218.0,Monitoring
2024-02-19,10:05:00,HOLD,MIDCPNIFTY24FEB10800PE,63.05,7578.0,Monitoring
2024-02-19,10:10:00,HOLD,MIDCPNIFTY24FEB10800PE,61.7,7740.0,Monitoring
2024-02-19,10:15:00,HOLD,MIDCPNIFTY24FEB10800PE,61.2,7800.0,Monitoring
2024-02-19,10:20:00,HOLD,MIDCPNIFTY24FEB10800PE,57.5,8244.0,Monitoring
2024-02-19,10:25:00,HOLD,MIDCPNIFTY24FEB10800PE,56.95,8310.0,Monitoring
2024-02-19,10:30:00,HOLD,MIDCPNIFTY24FEB10800PE,57.3,8268.0,Monitoring
2024-02-19,10:35:00,HOLD,MIDCPNIFTY24FEB10800PE,56.05,8418.0,Monitoring
2024-02-19,10:40:00,HOLD,MIDCPNIFTY24FEB10800PE,56.0,8424.0,Monitoring
2024-02-19,10:45:00,HOLD,MIDCPNIFTY24FEB10800PE,54.1,8652.0,Monitoring
2024-02-19,10:50:00,HOLD,MIDCPNIFTY24FEB10800PE,53.4,8736.0,Monitoring
2024-02-19,10:55:00,HOLD,MIDCPNIFTY24FEB10800PE,52.8,8808.0,Monitoring
2024-02-19,11:00:00,HOLD,MIDCPNIFTY24FEB10800PE,52.8,8808.0,Monitoring
2024-02-19,11:05:00,HOLD,MIDCPNIFTY24FEB10800PE,52.8,8808.0,Monitoring
2024-02-19,11:10:00,HOLD,MIDCPNIFTY24FEB10800PE,53.3,8748.0,Monitoring
2024-02-19,11:15:00,HOLD,MIDCPNIFTY24FEB10800PE,52.35,8862.0,Monitoring
2024-02-19,11:20:00,HOLD,MIDCPNIFTY24FEB10800PE,51.65,8946.0,Monitoring
2024-02-19,11:25:00,HOLD,MIDCPNIFTY24FEB10800PE,50.3,9108.0,Monitoring
2024-02-19,11:30:00,HOLD,MIDCPNIFTY24FEB10800PE,52.7,8820.0,Monitoring
2024-02-19,11:35:00,HOLD,MIDCPNIFTY24FEB10800PE,53.0,8784.0,Monitoring
2024-02-19,11:40:00,HOLD,MIDCPNIFTY24FEB10800PE,51.6,8952.0,Monitoring
2024-02-19,11:45:00,HOLD,MIDCPNIFTY24FEB10800PE,50.3,9108.0,Monitoring
2024-02-19,11:50:00,HOLD,MIDCPNIFTY24FEB10800PE,51.35,8982.0,Monitoring
2024-02-19,11:55:00,HOLD,MIDCPNIFTY24FEB10800PE,54.1,8652.0,Monitoring
2024-02-19,12:00:00,HOLD,MIDCPNIFTY24FEB10800PE,56.5,8364.0,Monitoring
2024-02-19,12:05:00,HOLD,MIDCPNIFTY24FEB10800PE,56.4,8376.0,Monitoring
2024-02-19,12:10:00,HOLD,MIDCPNIFTY24FEB10800PE,54.3,8628.0,Monitoring
2024-02-19,12:15:00,HOLD,MIDCPNIFTY24FEB10800PE,53.65,8706.0,Monitoring
2024-02-19,12:20:00,HOLD,MIDCPNIFTY24FEB10800PE,53.6,8712.0,Monitoring
2024-02-19,12:25:00,HOLD,MIDCPNIFTY24FEB10800PE,54.0,8664.0,Monitoring
2024-02-19,12:30:00,HOLD,MIDCPNIFTY24FEB10800PE,53.0,8784.0,Monitoring
2024-02-19,12:35:00,HOLD,MIDCPNIFTY24FEB10800PE,51.95,8910.0,Monitoring
2024-02-19,12:40:00,HOLD,MIDCPNIFTY24FEB10800PE,50.7,9060.0,Monitoring
2024-02-19,12:45:00,HOLD,MIDCPNIFTY24FEB10800PE,51.0,9024.0,Monitoring
2024-02-19,12:50:00,HOLD,MIDCPNIFTY24FEB10800PE,51.0,9024.0,Monitoring
2024-02-19,12:55:00,HOLD,MIDCPNIFTY24FEB10800PE,51.75,8934.0,Monitoring
2024-02-19,13:00:00,HOLD,MIDCPNIFTY24FEB10800PE,50.7,9060.0,Monitoring
2024-02-19,13:05:00,HOLD,MIDCPNIFTY24FEB10800PE,50.65,9066.0,Monitoring
2024-02-19,13:10:00,HOLD,MIDCPNIFTY24FEB10800PE,49.9,9156.0,Monitoring
2024-02-19,13:15:00,HOLD,MIDCPNIFTY24FEB10800PE,48.25,9354.0,Monitoring
2024-02-19,13:20:00,HOLD,MIDCPNIFTY24FEB10800PE,48.05,9378.0,Monitoring
2024-02-19,13:25:00,HOLD,MIDCPNIFTY24FEB10800PE,52.1,8892.0,Monitoring
2024-02-19,13:30:00,HOLD,MIDCPNIFTY24FEB10800PE,46.5,9564.0,Monitoring
2024-02-19,13:35:00,HOLD,MIDCPNIFTY24FEB10800PE,43.45,9930.0,Monitoring
2024-02-19,13:40:00,HOLD,MIDCPNIFTY24FEB10800PE,44.55,9798.0,Monitoring
2024-02-19,13:45:00,HOLD,MIDCPNIFTY24FEB10800PE,43.8,9888.0,Monitoring
2024-02-19,13:50:00,HOLD,MIDCPNIFTY24FEB10800PE,43.65,9906.0,Monitoring
2024-02-19,13:55:00,HOLD,MIDCPNIFTY24FEB10800PE,44.0,9864.0,Monitoring
2024-02-19,14:00:00,HOLD,MIDCPNIFTY24FEB10800PE,43.75,9894.0,Monitoring
2024-02-19,14:05:00,HOLD,MIDCPNIFTY24FEB10800PE,41.3,10188.0,Monitoring
2024-02-19,14:10:00,HOLD,MIDCPNIFTY24FEB10800PE,43.6,9912.0,Monitoring
2024-02-19,14:15:00,HOLD,MIDCPNIFTY24FEB10800PE,43.85,9882.0,Monitoring
2024-02-19,14:20:00,HOLD,MIDCPNIFTY24FEB10800PE,41.0,10224.0,Monitoring
2024-02-19,14:25:00,HOLD,MIDCPNIFTY24FEB10800PE,40.35,10302.0,Monitoring
2024-02-19,14:30:00,HOLD,MIDCPNIFTY24FEB10800PE,39.7,10380.0,Monitoring
2024-02-19,14:35:00,HOLD,MIDCPNIFTY24FEB10800PE,42.8,10008.0,Monitoring
2024-02-19,14:40:00,HOLD,MIDCPNIFTY24FEB10800PE,42.3,10068.0,Monitoring
2024-02-19,14:45:00,HOLD,MIDCPNIFTY24FEB10800PE,44.75,9774.0,Monitoring
2024-02-19,14:50:00,HOLD,MIDCPNIFTY24FEB10800PE,42.5,10044.0,Monitoring
2024-02-19,14:55:00,HOLD,MIDCPNIFTY24FEB10800PE,42.1,10092.0,Monitoring
2024-02-19,15:00:00,HOLD,MIDCPNIFTY24FEB10800PE,38.55,10518.0,Monitoring
2024-02-19,15:05:00,HOLD,MIDCPNIFTY24FEB10800PE,42.9,9996.0,Monitoring
2024-02-19,15:10:00,HOLD,MIDCPNIFTY24FEB10800PE,40.65,10266.0,Monitoring
2024-02-19,15:15:00,HOLD,MIDCPNIFTY24FEB10800PE,41.05,10218.0,Monitoring
2024-02-19,15:20:00,HOLD,MIDCPNIFTY24FEB10800PE,41.55,10158.0,Monitoring
2024-02-19,15:25:00,HOLD,MIDCPNIFTY24FEB10800PE,43.8,9888.0,Monitoring
2024-02-20,09:15:00,HOLD,MIDCPNIFTY24FEB10800PE,55.0,8544.0,Monitoring
2024-02-20,09:20:00,HOLD,MIDCPNIFTY24FEB10800PE,48.15,9366.0,Monitoring
2024-02-20,09:25:00,HOLD,MIDCPNIFTY24FEB10800PE,45.15,9726.0,Monitoring
2024-02-20,09:30:00,HOLD,MIDCPNIFTY24FEB10800PE,45.6,9672.0,Monitoring
2024-02-20,09:35:00,HOLD,MIDCPNIFTY24FEB10800PE,44.2,9840.0,Monitoring
2024-02-20,09:40:00,HOLD,MIDCPNIFTY24FEB10800PE,45.15,9726.0,Monitoring
2024-02-20,09:45:00,HOLD,MIDCPNIFTY24FEB10800PE,45.9,9636.0,Monitoring
2024-02-20,09:50:00,HOLD,MIDCPNIFTY24FEB10800PE,45.8,9648.0,Monitoring
2024-02-20,09:55:00,HOLD,MIDCPNIFTY24FEB10800PE,48.55,9318.0,Monitoring
2024-02-20,10:00:00,HOLD,MIDCPNIFTY24FEB10800PE,50.05,9138.0,Monitoring
2024-02-20,10:05:00,HOLD,MIDCPNIFTY24FEB10800PE,45.5,9684.0,Monitoring
2024-02-20,10:10:00,HOLD,MIDCPNIFTY24FEB10800PE,45.0,9744.0,Monitoring
2024-02-20,10:15:00,HOLD,MIDCPNIFTY24FEB10800PE,41.5,10164.0,Monitoring
2024-02-20,10:20:00,HOLD,MIDCPNIFTY24FEB10800PE,42.0,10104.0,Monitoring
2024-02-20,10:25:00,HOLD,MIDCPNIFTY24FEB10800PE,44.5,9804.0,Monitoring
2024-02-20,10:30:00,HOLD,MIDCPNIFTY24FEB10800PE,45.65,9666.0,Monitoring
2024-02-20,10:35:00,HOLD,MIDCPNIFTY24FEB10800PE,48.85,9282.0,Monitoring
2024-02-20,10:40:00,HOLD,MIDCPNIFTY24FEB10800PE,58.15,8166.0,Monitoring
2024-02-20,10:45:00,HOLD,MIDCPNIFTY24FEB10800PE,52.95,8790.0,Monitoring
2024-02-20,10:50:00,HOLD,MIDCPNIFTY24FEB10800PE,54.05,8658.0,Monitoring
2024-02-20,10:55:00,HOLD,MIDCPNIFTY24FEB10800PE,51.1,9012.0,Monitoring
2024-02-20,11:00:00,HOLD,MIDCPNIFTY24FEB10800PE,51.4,8976.0,Monitoring
2024-02-20,11:05:00,HOLD,MIDCPNIFTY24FEB10800PE,53.65,8706.0,Monitoring
2024-02-20,11:10:00,HOLD,MIDCPNIFTY24FEB10800PE,54.6,8592.0,Monitoring
2024-02-20,11:15:00,HOLD,MIDCPNIFTY24FEB10800PE,51.6,8952.0,Monitoring
2024-02-20,11:20:00,HOLD,MIDCPNIFTY24FEB10800PE,51.2,9000.0,Monitoring
2024-02-20,11:25:00,HOLD,MIDCPNIFTY24FEB10800PE,52.6,8832.0,Monitoring
2024-02-20,11:30:00,HOLD,MIDCPNIFTY24FEB10800PE,49.3,9228.0,Monitoring
2024-02-20,11:35:00,HOLD,MIDCPNIFTY24FEB10800PE,52.95,8790.0,Monitoring
2024-02-20,11:40:00,HOLD,MIDCPNIFTY24FEB10800PE,50.35,9102.0,Monitoring
2024-02-20,11:45:00,HOLD,MIDCPNIFTY24FEB10800PE,49.2,9240.0,Monitoring
2024-02-20,11:50:00,HOLD,MIDCPNIFTY24FEB10800PE,49.95,9150.0,Monitoring
2024-02-20,11:55:00,HOLD,MIDCPNIFTY24FEB10800PE,46.65,9546.0,Monitoring
2024-02-20,12:00:00,HOLD,MIDCPNIFTY24FEB10800PE,40.3,10308.0,Monitoring
2024-02-20,12:05:00,HOLD,MIDCPNIFTY24FEB10800PE,39.7,10380.0,Monitoring
2024-02-20,12:10:00,HOLD,MIDCPNIFTY24FEB10800PE,42.95,9990.0,Monitoring
2024-02-20,12:15:00,HOLD,MIDCPNIFTY24FEB10800PE,43.5,9924.0,Monitoring
2024-02-20,12:20:00,HOLD,MIDCPNIFTY24FEB10800PE,46.35,9582.0,Monitoring
2024-02-20,12:25:00,HOLD,MIDCPNIFTY24FEB10800PE,50.95,9030.0,Monitoring
2024-02-20,12:30:00,HOLD,MIDCPNIFTY24FEB10800PE,54.0,8664.0,Monitoring
2024-02-20,12:35:00,HOLD,MIDCPNIFTY24FEB10800PE,52.75,8814.0,Monitoring
2024-02-20,12:40:00,HOLD,MIDCPNIFTY24FEB10800PE,49.5,9204.0,Monitoring
2024-02-20,12:45:00,HOLD,MIDCPNIFTY24FEB10800PE,50.5,9084.0,Monitoring
2024-02-20,12:50:00,HOLD,MIDCPNIFTY24FEB10800PE,48.9,9276.0,Monitoring
2024-02-20,12:55:00,HOLD,MIDCPNIFTY24FEB10800PE,51.0,9024.0,Monitoring
2024-02-20,13:00:00,HOLD,MIDCPNIFTY24FEB10800PE,50.7,9060.0,Monitoring
2024-02-20,13:05:00,HOLD,MIDCPNIFTY24FEB10800PE,49.0,9264.0,Monitoring
2024-02-20,13:10:00,HOLD,MIDCPNIFTY24FEB10800PE,51.3,8988.0,Monitoring
2024-02-20,13:15:00,HOLD,MIDCPNIFTY24FEB10800PE,51.75,8934.0,Monitoring
2024-02-20,13:20:00,HOLD,MIDCPNIFTY24FEB10800PE,49.15,9246.0,Monitoring
2024-02-20,13:25:00,HOLD,MIDCPNIFTY24FEB10800PE,48.6,9312.0,Monitoring
2024-02-20,13:30:00,HOLD,MIDCPNIFTY24FEB10800PE,46.8,9528.0,Monitoring
2024-02-20,13:35:00,HOLD,MIDCPNIFTY24FEB10800PE,46.6,9552.0,Monitoring
2024-02-20,13:40:00,HOLD,MIDCPNIFTY24FEB10800PE,46.6,9552.0,Monitoring
2024-02-20,13:45:00,HOLD,MIDCPNIFTY24FEB10800PE,46.6,9552.0,Monitoring
2024-02-20,13:50:00,HOLD,MIDCPNIFTY24FEB10800PE,49.6,9192.0,Monitoring
2024-02-20,13:55:00,HOLD,MIDCPNIFTY24FEB10800PE,49.5,9204.0,Monitoring
2024-02-20,14:00:00,HOLD,MIDCPNIFTY24FEB10800PE,62.35,7662.0,Monitoring
2024-02-20,14:05:00,HOLD,MIDCPNIFTY24FEB10800PE,55.4,8496.0,Monitoring
2024-02-20,14:10:00,HOLD,MIDCPNIFTY24FEB10800PE,51.95,8910.0,Monitoring
2024-02-20,14:15:00,HOLD,MIDCPNIFTY24FEB10800PE,51.5,8964.0,Monitoring
2024-02-20,14:20:00,HOLD,MIDCPNIFTY24FEB10800PE,49.5,9204.0,Monitoring
2024-02-20,14:25:00,HOLD,MIDCPNIFTY24FEB10800PE,46.5,9564.0,Monitoring
2024-02-20,14:30:00,HOLD,MIDCPNIFTY24FEB10800PE,42.35,10062.0,Monitoring
2024-02-20,14:35:00,HOLD,MIDCPNIFTY24FEB10800PE,46.45,9570.0,Monitoring
2024-02-20,14:40:00,HOLD,MIDCPNIFTY24FEB10800PE,45.55,9678.0,Monitoring
2024-02-20,14:45:00,HOLD,MIDCPNIFTY24FEB10800PE,46.85,9522.0,Monitoring
2024-02-20,14:50:00,HOLD,MIDCPNIFTY24FEB10800PE,45.35,9702.0,Monitoring
2024-02-20,14:55:00,HOLD,MIDCPNIFTY24FEB10800PE,47.3,9468.0,Monitoring
2024-02-20,15:00:00,HOLD,MIDCPNIFTY24FEB10800PE,39.45,10410.0,Monitoring
2024-02-20,15:05:00,HOLD,MIDCPNIFTY24FEB10800PE,39.0,10464.0,Monitoring
2024-02-20,15:10:00,HOLD,MIDCPNIFTY24FEB10800PE,41.2,10200.0,Monitoring
2024-02-20,15:15:00,HOLD,MIDCPNIFTY24FEB10800PE,41.6,10152.0,Monitoring
2024-02-20,15:20:00,HOLD,MIDCPNIFTY24FEB10800PE,43.65,9906.0,Monitoring
2024-02-20,15:25:00,HOLD,MIDCPNIFTY24FEB10800PE,43.5,9924.0,Monitoring
2024-02-21,09:15:00,HOLD,MIDCPNIFTY24FEB10800PE,33.45,11130.0,Monitoring
2024-02-21,09:20:00,HOLD,MIDCPNIFTY24FEB10800PE,36.8,10728.0,Monitoring
2024-02-21,09:25:00,HOLD,MIDCPNIFTY24FEB10800PE,35.9,10836.0,Monitoring
2024-02-21,09:30:00,HOLD,MIDCPNIFTY24FEB10800PE,35.05,10938.0,Monitoring
2024-02-21,09:35:00,HOLD,MIDCPNIFTY24FEB10800PE,30.35,11502.0,Monitoring
2024-02-21,09:40:00,HOLD,MIDCPNIFTY24FEB10800PE,27.45,11850.0,Monitoring
2024-02-21,09:40:00,BUY_EXIT,MIDCPNIFTY24FEB10800PE,27.45,11850.0,TARGET_LTP_30
