Date,Time,Event,Ticker,Price,PnL_INR,Info
2024-11-25,14:00:00,SELL_ENTRY,MIDCPNIFTY24DEC12400PE,156.7,0.0,Signal PE | Short
2024-11-25,14:05:00,HOLD,MIDCPNIFTY24DEC12400PE,156.7,0.0,Monitoring
2024-11-25,14:10:00,HOLD,MIDCPNIFTY24DEC12400PE,150.0,804.0,Monitoring
2024-11-25,14:15:00,HOLD,MIDCPNIFTY24DEC12400PE,150.0,804.0,Monitoring
2024-11-25,14:20:00,HOLD,MIDCPNIFTY24DEC12400PE,151.65,606.0,Monitoring
2024-11-25,14:25:00,HOLD,MIDCPNIFTY24DEC12400PE,152.0,564.0,Monitoring
2024-11-25,14:30:00,HOLD,MIDCPNIFTY24DEC12400PE,155.65,126.0,Monitoring
2024-11-25,14:35:00,HOLD,MIDCPNIFTY24DEC12400PE,148.85,942.0,Monitoring
2024-11-25,14:40:00,HOLD,MIDCPNIFTY24DEC12400PE,156.0,84.0,Monitoring
2024-11-25,14:45:00,HOLD,MIDCPNIFTY24DEC12400PE,156.8,-12.0,Monitoring
2024-11-25,14:50:00,HOLD,MIDCPNIFTY24DEC12400PE,151.4,636.0,Monitoring
2024-11-25,14:55:00,HOLD,MIDCPNIFTY24DEC12400PE,156.65,6.0,Monitoring
2024-11-25,15:00:00,HOLD,MIDCPNIFTY24DEC12400PE,150.15,786.0,Monitoring
2024-11-25,15:05:00,HOLD,MIDCPNIFTY24DEC12400PE,159.0,-276.0,Monitoring
2024-11-25,15:10:00,HOLD,MIDCPNIFTY24DEC12400PE,160.4,-444.0,Monitoring
2024-11-25,15:15:00,HOLD,MIDCPNIFTY24DEC12400PE,161.0,-516.0,Monitoring
2024-11-25,15:20:00,HOLD,MIDCPNIFTY24DEC12400PE,164.4,-924.0,Monitoring
2024-11-25,15:25:00,HOLD,MIDCPNIFTY24DEC12400PE,153.0,444.0,Monitoring
2024-11-26,09:15:00,HOLD,MIDCPNIFTY24DEC12400PE,137.7,2280.0,Monitoring
2024-11-26,09:20:00,HOLD,MIDCPNIFTY24DEC12400PE,129.8,3228.0,Monitoring
2024-11-26,09:25:00,HOLD,MIDCPNIFTY24DEC12400PE,132.25,2934.0,Monitoring
2024-11-26,09:30:00,HOLD,MIDCPNIFTY24DEC12400PE,131.3,3048.0,Monitoring
2024-11-26,09:35:00,HOLD,MIDCPNIFTY24DEC12400PE,128.8,3348.0,Monitoring
2024-11-26,09:40:00,HOLD,MIDCPNIFTY24DEC12400PE,139.85,2022.0,Monitoring
2024-11-26,09:45:00,HOLD,MIDCPNIFTY24DEC12400PE,150.4,756.0,Monitoring
2024-11-26,09:50:00,HOLD,MIDCPNIFTY24DEC12400PE,145.0,1404.0,Monitoring
2024-11-26,09:55:00,HOLD,MIDCPNIFTY24DEC12400PE,154.1,312.0,Monitoring
2024-11-26,10:00:00,HOLD,MIDCPNIFTY24DEC12400PE,143.5,1584.0,Monitoring
2024-11-26,10:05:00,HOLD,MIDCPNIFTY24DEC12400PE,139.35,2082.0,Monitoring
2024-11-26,10:10:00,HOLD,MIDCPNIFTY24DEC12400PE,141.7,1800.0,Monitoring
2024-11-26,10:15:00,HOLD,MIDCPNIFTY24DEC12400PE,152.25,534.0,Monitoring
2024-11-26,10:20:00,HOLD,MIDCPNIFTY24DEC12400PE,154.65,246.0,Monitoring
2024-11-26,10:25:00,HOLD,MIDCPNIFTY24DEC12400PE,145.8,1308.0,Monitoring
2024-11-26,10:30:00,HOLD,MIDCPNIFTY24DEC12400PE,148.1,1032.0,Monitoring
2024-11-26,10:35:00,HOLD,MIDCPNIFTY24DEC12400PE,143.0,1644.0,Monitoring
2024-11-26,10:40:00,HOLD,MIDCPNIFTY24DEC12400PE,145.2,1380.0,Monitoring
2024-11-26,10:45:00,HOLD,MIDCPNIFTY24DEC12400PE,144.75,1434.0,Monitoring
2024-11-26,10:50:00,HOLD,MIDCPNIFTY24DEC12400PE,140.5,1944.0,Monitoring
2024-11-26,10:55:00,HOLD,MIDCPNIFTY24DEC12400PE,143.1,1632.0,Monitoring
2024-11-26,11:00:00,HOLD,MIDCPNIFTY24DEC12400PE,141.0,1884.0,Monitoring
2024-11-26,11:05:00,HOLD,MIDCPNIFTY24DEC12400PE,145.55,1338.0,Monitoring
2024-11-26,11:10:00,HOLD,MIDCPNIFTY24DEC12400PE,145.7,1320.0,Monitoring
2024-11-26,11:15:00,HOLD,MIDCPNIFTY24DEC12400PE,147.65,1086.0,Monitoring
2024-11-26,11:20:00,HOLD,MIDCPNIFTY24DEC12400PE,146.65,1206.0,Monitoring
2024-11-26,11:25:00,HOLD,MIDCPNIFTY24DEC12400PE,144.65,1446.0,Monitoring
2024-11-26,11:30:00,HOLD,MIDCPNIFTY24DEC12400PE,142.4,1716.0,Monitoring
2024-11-26,11:35:00,HOLD,MIDCPNIFTY24DEC12400PE,141.15,1866.0,Monitoring
2024-11-26,11:40:00,HOLD,MIDCPNIFTY24DEC12400PE,143.8,1548.0,Monitoring
2024-11-26,11:45:00,HOLD,MIDCPNIFTY24DEC12400PE,145.1,1392.0,Monitoring
2024-11-26,11:50:00,HOLD,MIDCPNIFTY24DEC12400PE,148.0,1044.0,Monitoring
2024-11-26,11:55:00,HOLD,MIDCPNIFTY24DEC12400PE,149.05,918.0,Monitoring
2024-11-26,12:00:00,HOLD,MIDCPNIFTY24DEC12400PE,150.4,756.0,Monitoring
2024-11-26,12:05:00,HOLD,MIDCPNIFTY24DEC12400PE,148.25,1014.0,Monitoring
2024-11-26,12:10:00,HOLD,MIDCPNIFTY24DEC12400PE,145.0,1404.0,Monitoring
2024-11-26,12:15:00,HOLD,MIDCPNIFTY24DEC12400PE,146.9,1176.0,Monitoring
2024-11-26,12:20:00,HOLD,MIDCPNIFTY24DEC12400PE,156.0,84.0,Monitoring
2024-11-26,12:25:00,HOLD,MIDCPNIFTY24DEC12400PE,153.65,366.0,Monitoring
2024-11-26,12:30:00,HOLD,MIDCPNIFTY24DEC12400PE,153.4,396.0,Monitoring
2024-11-26,12:35:00,HOLD,MIDCPNIFTY24DEC12400PE,152.95,450.0,Monitoring
2024-11-26,12:40:00,HOLD,MIDCPNIFTY24DEC12400PE,147.0,1164.0,Monitoring
2024-11-26,12:45:00,HOLD,MIDCPNIFTY24DEC12400PE,145.45,1350.0,Monitoring
2024-11-26,12:50:00,HOLD,MIDCPNIFTY24DEC12400PE,144.6,1452.0,Monitoring
2024-11-26,12:55:00,HOLD,MIDCPNIFTY24DEC12400PE,146.0,1284.0,Monitoring
2024-11-26,13:00:00,HOLD,MIDCPNIFTY24DEC12400PE,146.3,1248.0,Monitoring
2024-11-26,13:05:00,HOLD,MIDCPNIFTY24DEC12400PE,148.25,1014.0,Monitoring
2024-11-26,13:10:00,HOLD,MIDCPNIFTY24DEC12400PE,147.2,1140.0,Monitoring
2024-11-26,13:15:00,HOLD,MIDCPNIFTY24DEC12400PE,144.55,1458.0,Monitoring
2024-11-26,13:20:00,HOLD,MIDCPNIFTY24DEC12400PE,143.0,1644.0,Monitoring
2024-11-26,13:25:00,HOLD,MIDCPNIFTY24DEC12400PE,147.5,1104.0,Monitoring
2024-11-26,13:30:00,HOLD,MIDCPNIFTY24DEC12400PE,151.75,594.0,Monitoring
2024-11-26,13:35:00,HOLD,MIDCPNIFTY24DEC12400PE,153.45,390.0,Monitoring
2024-11-26,13:40:00,HOLD,MIDCPNIFTY24DEC12400PE,153.3,408.0,Monitoring
2024-11-26,13:45:00,HOLD,MIDCPNIFTY24DEC12400PE,143.85,1542.0,Monitoring
2024-11-26,13:50:00,HOLD,MIDCPNIFTY24DEC12400PE,147.8,1068.0,Monitoring
2024-11-26,13:55:00,HOLD,MIDCPNIFTY24DEC12400PE,146.0,1284.0,Monitoring
2024-11-26,14:00:00,HOLD,MIDCPNIFTY24DEC12400PE,145.55,1338.0,Monitoring
2024-11-26,14:05:00,HOLD,MIDCPNIFTY24DEC12400PE,150.0,804.0,Monitoring
2024-11-26,14:10:00,HOLD,MIDCPNIFTY24DEC12400PE,149.0,924.0,Monitoring
2024-11-26,14:15:00,HOLD,MIDCPNIFTY24DEC12400PE,147.75,1074.0,Monitoring
2024-11-26,14:20:00,HOLD,MIDCPNIFTY24DEC12400PE,149.45,870.0,Monitoring
2024-11-26,14:25:00,HOLD,MIDCPNIFTY24DEC12400PE,150.85,702.0,Monitoring
2024-11-26,14:30:00,HOLD,MIDCPNIFTY24DEC12400PE,149.9,816.0,Monitoring
2024-11-26,14:35:00,HOLD,MIDCPNIFTY24DEC12400PE,148.15,1026.0,Monitoring
2024-11-26,14:40:00,HOLD,MIDCPNIFTY24DEC12400PE,150.0,804.0,Monitoring
2024-11-26,14:45:00,HOLD,MIDCPNIFTY24DEC12400PE,154.75,234.0,Monitoring
2024-11-26,14:50:00,HOLD,MIDCPNIFTY24DEC12400PE,155.95,90.0,Monitoring
2024-11-26,14:55:00,HOLD,MIDCPNIFTY24DEC12400PE,154.0,324.0,Monitoring
2024-11-26,15:00:00,HOLD,MIDCPNIFTY24DEC12400PE,164.45,-930.0,Monitoring
2024-11-26,15:05:00,HOLD,MIDCPNIFTY24DEC12400PE,162.45,-690.0,Monitoring
2024-11-26,15:10:00,HOLD,MIDCPNIFTY24DEC12400PE,169.15,-1494.0,Monitoring
2024-11-26,15:15:00,HOLD,MIDCPNIFTY24DEC12400PE,168.25,-1386.0,Monitoring
2024-11-26,15:15:00,BUY_EXIT,MIDCPNIFTY24DEC12400PE,168.25,-1386.0,EMA_REVERSAL_SL
