Date,Time,Event,Ticker,Price,PnL_INR,Info
2025-06-19,14:00:00,SELL_ENTRY,MIDCPNIFTY25JUN13000CE,58.45,0.0,Signal CE | Short
2025-06-19,14:05:00,HOLD,MIDCPNIFTY25JUN13000CE,57.8,78.0,Monitoring
2025-06-19,14:10:00,HOLD,MIDCPNIFTY25JUN13000CE,57.4,126.0,Monitoring
2025-06-19,14:15:00,HOLD,MIDCPNIFTY25JUN13000CE,61.0,-306.0,Monitoring
2025-06-19,14:20:00,HOLD,MIDCPNIFTY25JUN13000CE,61.05,-312.0,Monitoring
2025-06-19,14:25:00,HOLD,MIDCPNIFTY25JUN13000CE,56.5,234.0,Monitoring
2025-06-19,14:30:00,HOLD,MIDCPNIFTY25JUN13000CE,55.95,300.0,Monitoring
2025-06-19,14:35:00,HOLD,MIDCPNIFTY25JUN13000CE,55.4,366.0,Monitoring
2025-06-19,14:40:00,HOLD,MIDCPNIFTY25JUN13000CE,53.4,606.0,Monitoring
2025-06-19,14:45:00,HOLD,MIDCPNIFTY25JUN13000CE,53.65,576.0,Monitoring
2025-06-19,14:50:00,HOLD,MIDCPNIFTY25JUN13000CE,54.95,420.0,Monitoring
2025-06-19,14:55:00,HOLD,MIDCPNIFTY25JUN13000CE,54.2,510.0,Monitoring
2025-06-19,15:00:00,HOLD,MIDCPNIFTY25JUN13000CE,52.55,708.0,Monitoring
2025-06-19,15:05:00,HOLD,MIDCPNIFTY25JUN13000CE,54.2,510.0,Monitoring
2025-06-19,15:10:00,HOLD,MIDCPNIFTY25JUN13000CE,52.25,744.0,Monitoring
2025-06-19,15:15:00,HOLD,MIDCPNIFTY25JUN13000CE,50.05,1008.0,Monitoring
2025-06-19,15:20:00,HOLD,MIDCPNIFTY25JUN13000CE,49.05,1128.0,Monitoring
2025-06-19,15:25:00,HOLD,MIDCPNIFTY25JUN13000CE,43.7,1770.0,Monitoring
2025-06-20,09:15:00,HOLD,MIDCPNIFTY25JUN13000CE,52.25,744.0,Monitoring
2025-06-20,09:20:00,HOLD,MIDCPNIFTY25JUN13000CE,48.55,1188.0,Monitoring
2025-06-20,09:25:00,HOLD,MIDCPNIFTY25JUN13000CE,45.0,1614.0,Monitoring
2025-06-20,09:30:00,HOLD,MIDCPNIFTY25JUN13000CE,43.85,1752.0,Monitoring
2025-06-20,09:35:00,HOLD,MIDCPNIFTY25JUN13000CE,47.5,1314.0,Monitoring
2025-06-20,09:40:00,HOLD,MIDCPNIFTY25JUN13000CE,55.35,372.0,Monitoring
2025-06-20,09:45:00,HOLD,MIDCPNIFTY25JUN13000CE,64.4,-714.0,Monitoring
2025-06-20,09:50:00,HOLD,MIDCPNIFTY25JUN13000CE,64.95,-780.0,Monitoring
2025-06-20,09:55:00,HOLD,MIDCPNIFTY25JUN13000CE,62.0,-426.0,Monitoring
2025-06-20,10:00:00,HOLD,MIDCPNIFTY25JUN13000CE,65.25,-816.0,Monitoring
2025-06-20,10:05:00,HOLD,MIDCPNIFTY25JUN13000CE,61.6,-378.0,Monitoring
2025-06-20,10:10:00,HOLD,MIDCPNIFTY25JUN13000CE,63.75,-636.0,Monitoring
2025-06-20,10:15:00,HOLD,MIDCPNIFTY25JUN13000CE,62.35,-468.0,Monitoring
2025-06-20,10:20:00,HOLD,MIDCPNIFTY25JUN13000CE,63.45,-600.0,Monitoring
2025-06-20,10:25:00,HOLD,MIDCPNIFTY25JUN13000CE,73.75,-1836.0,Monitoring
2025-06-20,10:30:00,HOLD,MIDCPNIFTY25JUN13000CE,81.9,-2814.0,Monitoring
2025-06-20,10:35:00,HOLD,MIDCPNIFTY25JUN13000CE,80.25,-2616.0,Monitoring
2025-06-20,10:40:00,HOLD,MIDCPNIFTY25JUN13000CE,76.6,-2178.0,Monitoring
2025-06-20,10:45:00,HOLD,MIDCPNIFTY25JUN13000CE,80.75,-2676.0,Monitoring
2025-06-20,10:50:00,HOLD,MIDCPNIFTY25JUN13000CE,88.45,-3600.0,Monitoring
2025-06-20,10:50:00,BUY_EXIT,MIDCPNIFTY25JUN13000CE,88.45,-3600.0,EMA_REVERSAL_SL
