Date,Time,Event,Ticker,Price,PnL_INR,Info
2024-12-26,14:25:00,SELL_ENTRY,MIDCPNIFTY25JAN12700PE,211.45,0.0,Signal PE | Short
2024-12-26,14:30:00,HOLD,MIDCPNIFTY25JAN12700PE,217.5,-726.0,Monitoring
2024-12-26,14:35:00,HOLD,MIDCPNIFTY25JAN12700PE,216.75,-636.0,Monitoring
2024-12-26,14:40:00,HOLD,MIDCPNIFTY25JAN12700PE,211.0,54.0,Monitoring
2024-12-26,14:45:00,HOLD,MIDCPNIFTY25JAN12700PE,211.0,54.0,Monitoring
2024-12-26,14:50:00,HOLD,MIDCPNIFTY25JAN12700PE,218.0,-786.0,Monitoring
2024-12-26,14:55:00,HOLD,MIDCPNIFTY25JAN12700PE,215.85,-528.0,Monitoring
2024-12-26,15:00:00,HOLD,MIDCPNIFTY25JAN12700PE,212.0,-66.0,Monitoring
2024-12-26,15:05:00,HOLD,MIDCPNIFTY25JAN12700PE,202.5,1074.0,Monitoring
2024-12-26,15:10:00,HOLD,MIDCPNIFTY25JAN12700PE,192.8,2238.0,Monitoring
2024-12-26,15:15:00,HOLD,MIDCPNIFTY25JAN12700PE,203.85,912.0,Monitoring
2024-12-26,15:20:00,HOLD,MIDCPNIFTY25JAN12700PE,200.8,1278.0,Monitoring
2024-12-26,15:25:00,HOLD,MIDCPNIFTY25JAN12700PE,193.6,2142.0,Monitoring
2024-12-27,09:15:00,HOLD,MIDCPNIFTY25JAN12700PE,182.15,3516.0,Monitoring
2024-12-27,09:20:00,HOLD,MIDCPNIFTY25JAN12700PE,186.65,2976.0,Monitoring
2024-12-27,09:25:00,HOLD,MIDCPNIFTY25JAN12700PE,186.65,2976.0,Monitoring
2024-12-27,09:30:00,HOLD,MIDCPNIFTY25JAN12700PE,185.85,3072.0,Monitoring
2024-12-27,09:35:00,HOLD,MIDCPNIFTY25JAN12700PE,182.5,3474.0,Monitoring
2024-12-27,09:40:00,HOLD,MIDCPNIFTY25JAN12700PE,183.8,3318.0,Monitoring
2024-12-27,09:45:00,HOLD,MIDCPNIFTY25JAN12700PE,173.2,4590.0,Monitoring
2024-12-27,09:50:00,HOLD,MIDCPNIFTY25JAN12700PE,173.2,4590.0,Monitoring
2024-12-27,09:55:00,HOLD,MIDCPNIFTY25JAN12700PE,173.2,4590.0,Monitoring
2024-12-27,10:00:00,HOLD,MIDCPNIFTY25JAN12700PE,173.2,4590.0,Monitoring
2024-12-27,10:05:00,HOLD,MIDCPNIFTY25JAN12700PE,177.95,4020.0,Monitoring
2024-12-27,10:10:00,HOLD,MIDCPNIFTY25JAN12700PE,170.0,4974.0,Monitoring
2024-12-27,10:15:00,HOLD,MIDCPNIFTY25JAN12700PE,168.1,5202.0,Monitoring
2024-12-27,10:20:00,HOLD,MIDCPNIFTY25JAN12700PE,167.9,5226.0,Monitoring
2024-12-27,10:25:00,HOLD,MIDCPNIFTY25JAN12700PE,167.9,5226.0,Monitoring
2024-12-27,10:30:00,HOLD,MIDCPNIFTY25JAN12700PE,170.0,4974.0,Monitoring
2024-12-27,10:35:00,HOLD,MIDCPNIFTY25JAN12700PE,180.7,3690.0,Monitoring
2024-12-27,10:40:00,HOLD,MIDCPNIFTY25JAN12700PE,185.45,3120.0,Monitoring
2024-12-27,10:45:00,HOLD,MIDCPNIFTY25JAN12700PE,185.45,3120.0,Monitoring
2024-12-27,10:50:00,HOLD,MIDCPNIFTY25JAN12700PE,183.1,3402.0,Monitoring
2024-12-27,10:55:00,HOLD,MIDCPNIFTY25JAN12700PE,194.95,1980.0,Monitoring
2024-12-27,11:00:00,HOLD,MIDCPNIFTY25JAN12700PE,191.25,2424.0,Monitoring
2024-12-27,11:05:00,HOLD,MIDCPNIFTY25JAN12700PE,192.1,2322.0,Monitoring
2024-12-27,11:10:00,HOLD,MIDCPNIFTY25JAN12700PE,192.1,2322.0,Monitoring
2024-12-27,11:15:00,HOLD,MIDCPNIFTY25JAN12700PE,179.65,3816.0,Monitoring
2024-12-27,11:20:00,HOLD,MIDCPNIFTY25JAN12700PE,184.5,3234.0,Monitoring
2024-12-27,11:25:00,HOLD,MIDCPNIFTY25JAN12700PE,193.3,2178.0,Monitoring
2024-12-27,11:30:00,HOLD,MIDCPNIFTY25JAN12700PE,190.8,2478.0,Monitoring
2024-12-27,11:35:00,HOLD,MIDCPNIFTY25JAN12700PE,194.6,2022.0,Monitoring
2024-12-27,11:40:00,HOLD,MIDCPNIFTY25JAN12700PE,192.0,2334.0,Monitoring
2024-12-27,11:45:00,HOLD,MIDCPNIFTY25JAN12700PE,191.0,2454.0,Monitoring
2024-12-27,11:50:00,HOLD,MIDCPNIFTY25JAN12700PE,189.5,2634.0,Monitoring
2024-12-27,11:55:00,HOLD,MIDCPNIFTY25JAN12700PE,194.4,2046.0,Monitoring
2024-12-27,12:00:00,HOLD,MIDCPNIFTY25JAN12700PE,196.7,1770.0,Monitoring
2024-12-27,12:05:00,HOLD,MIDCPNIFTY25JAN12700PE,209.4,246.0,Monitoring
2024-12-27,12:10:00,HOLD,MIDCPNIFTY25JAN12700PE,205.0,774.0,Monitoring
2024-12-27,12:15:00,HOLD,MIDCPNIFTY25JAN12700PE,204.2,870.0,Monitoring
2024-12-27,12:20:00,HOLD,MIDCPNIFTY25JAN12700PE,200.3,1338.0,Monitoring
2024-12-27,12:25:00,HOLD,MIDCPNIFTY25JAN12700PE,200.3,1338.0,Monitoring
2024-12-27,12:30:00,HOLD,MIDCPNIFTY25JAN12700PE,202.85,1032.0,Monitoring
2024-12-27,12:35:00,HOLD,MIDCPNIFTY25JAN12700PE,193.35,2172.0,Monitoring
2024-12-27,12:40:00,HOLD,MIDCPNIFTY25JAN12700PE,204.0,894.0,Monitoring
2024-12-27,12:45:00,HOLD,MIDCPNIFTY25JAN12700PE,204.0,894.0,Monitoring
2024-12-27,12:50:00,HOLD,MIDCPNIFTY25JAN12700PE,204.0,894.0,Monitoring
2024-12-27,12:55:00,HOLD,MIDCPNIFTY25JAN12700PE,204.0,894.0,Monitoring
2024-12-27,13:00:00,HOLD,MIDCPNIFTY25JAN12700PE,204.0,894.0,Monitoring
2024-12-27,13:05:00,HOLD,MIDCPNIFTY25JAN12700PE,207.45,480.0,Monitoring
2024-12-27,13:10:00,HOLD,MIDCPNIFTY25JAN12700PE,192.0,2334.0,Monitoring
2024-12-27,13:15:00,HOLD,MIDCPNIFTY25JAN12700PE,191.45,2400.0,Monitoring
2024-12-27,13:20:00,HOLD,MIDCPNIFTY25JAN12700PE,193.4,2166.0,Monitoring
2024-12-27,13:25:00,HOLD,MIDCPNIFTY25JAN12700PE,193.4,2166.0,Monitoring
2024-12-27,13:30:00,HOLD,MIDCPNIFTY25JAN12700PE,193.4,2166.0,Monitoring
2024-12-27,13:35:00,HOLD,MIDCPNIFTY25JAN12700PE,193.0,2214.0,Monitoring
2024-12-27,13:40:00,HOLD,MIDCPNIFTY25JAN12700PE,193.0,2214.0,Monitoring
2024-12-27,13:45:00,HOLD,MIDCPNIFTY25JAN12700PE,184.9,3186.0,Monitoring
2024-12-27,13:50:00,HOLD,MIDCPNIFTY25JAN12700PE,184.9,3186.0,Monitoring
2024-12-27,13:55:00,HOLD,MIDCPNIFTY25JAN12700PE,176.3,4218.0,Monitoring
2024-12-27,14:00:00,HOLD,MIDCPNIFTY25JAN12700PE,177.0,4134.0,Monitoring
2024-12-27,14:05:00,HOLD,MIDCPNIFTY25JAN12700PE,184.2,3270.0,Monitoring
2024-12-27,14:10:00,HOLD,MIDCPNIFTY25JAN12700PE,181.0,3654.0,Monitoring
2024-12-27,14:15:00,HOLD,MIDCPNIFTY25JAN12700PE,181.0,3654.0,Monitoring
2024-12-27,14:20:00,HOLD,MIDCPNIFTY25JAN12700PE,177.75,4044.0,Monitoring
2024-12-27,14:25:00,HOLD,MIDCPNIFTY25JAN12700PE,179.25,3864.0,Monitoring
2024-12-27,14:30:00,HOLD,MIDCPNIFTY25JAN12700PE,181.0,3654.0,Monitoring
2024-12-27,14:35:00,HOLD,MIDCPNIFTY25JAN12700PE,176.35,4212.0,Monitoring
2024-12-27,14:40:00,HOLD,MIDCPNIFTY25JAN12700PE,176.55,4188.0,Monitoring
2024-12-27,14:45:00,HOLD,MIDCPNIFTY25JAN12700PE,179.0,3894.0,Monitoring
2024-12-27,14:50:00,HOLD,MIDCPNIFTY25JAN12700PE,182.25,3504.0,Monitoring
2024-12-27,14:55:00,HOLD,MIDCPNIFTY25JAN12700PE,187.65,2856.0,Monitoring
2024-12-27,15:00:00,HOLD,MIDCPNIFTY25JAN12700PE,186.2,3030.0,Monitoring
2024-12-27,15:05:00,HOLD,MIDCPNIFTY25JAN12700PE,200.75,1284.0,Monitoring
2024-12-27,15:10:00,HOLD,MIDCPNIFTY25JAN12700PE,207.95,420.0,Monitoring
2024-12-27,15:15:00,HOLD,MIDCPNIFTY25JAN12700PE,199.25,1464.0,Monitoring
2024-12-27,15:20:00,HOLD,MIDCPNIFTY25JAN12700PE,194.75,2004.0,Monitoring
2024-12-27,15:25:00,HOLD,MIDCPNIFTY25JAN12700PE,192.0,2334.0,Monitoring
2024-12-30,09:15:00,HOLD,MIDCPNIFTY25JAN12700PE,202.6,1062.0,Monitoring
2024-12-30,09:20:00,HOLD,MIDCPNIFTY25JAN12700PE,214.4,-354.0,Monitoring
2024-12-30,09:25:00,HOLD,MIDCPNIFTY25JAN12700PE,216.95,-660.0,Monitoring
2024-12-30,09:30:00,HOLD,MIDCPNIFTY25JAN12700PE,213.25,-216.0,Monitoring
2024-12-30,09:35:00,HOLD,MIDCPNIFTY25JAN12700PE,216.7,-630.0,Monitoring
2024-12-30,09:40:00,HOLD,MIDCPNIFTY25JAN12700PE,210.8,78.0,Monitoring
2024-12-30,09:40:00,BUY_EXIT,MIDCPNIFTY25JAN12700PE,210.8,78.0,EMA_REVERSAL_SL
