Date,Time,Event,Ticker,Price,PnL_INR,Info
2024-09-04,14:30:00,SELL_ENTRY,MIDCPNIFTY24SEP13100PE,170.0,0.0,Signal PE | Short
2024-09-04,14:35:00,HOLD,MIDCPNIFTY24SEP13100PE,220.0,-6000.0,Monitoring
2024-09-04,14:40:00,HOLD,MIDCPNIFTY24SEP13100PE,220.0,-6000.0,Monitoring
2024-09-04,14:45:00,HOLD,MIDCPNIFTY24SEP13100PE,220.0,-6000.0,Monitoring
2024-09-04,14:50:00,HOLD,MIDCPNIFTY24SEP13100PE,219.8,-5976.0,Monitoring
2024-09-04,14:55:00,HOLD,MIDCPNIFTY24SEP13100PE,215.0,-5400.0,Monitoring
2024-09-04,15:00:00,HOLD,MIDCPNIFTY24SEP13100PE,215.0,-5400.0,Monitoring
2024-09-04,15:05:00,HOLD,MIDCPNIFTY24SEP13100PE,215.0,-5400.0,Monitoring
2024-09-04,15:10:00,HOLD,MIDCPNIFTY24SEP13100PE,215.0,-5400.0,Monitoring
2024-09-04,15:10:00,BUY_EXIT,MIDCPNIFTY24SEP13100PE,215.0,-5400.0,EMA_REVERSAL_SL
