Date,Time,Event,Ticker,Price,PnL_INR,Info
2024-09-09,15:20:00,SELL_ENTRY,MIDCPNIFTY24SEP13000PE,215.0,0.0,Signal PE | Short
2024-09-09,15:25:00,HOLD,MIDCPNIFTY24SEP13000PE,219.0,-480.0,Monitoring
2024-09-10,09:15:00,HOLD,MIDCPNIFTY24SEP13000PE,213.7,156.0,Monitoring
2024-09-10,09:20:00,HOLD,MIDCPNIFTY24SEP13000PE,160.05,6594.0,Monitoring
2024-09-10,09:25:00,HOLD,MIDCPNIFTY24SEP13000PE,165.3,5964.0,Monitoring
2024-09-10,09:30:00,HOLD,MIDCPNIFTY24SEP13000PE,165.3,5964.0,Monitoring
2024-09-10,09:35:00,HOLD,MIDCPNIFTY24SEP13000PE,165.3,5964.0,Monitoring
2024-09-10,09:40:00,HOLD,MIDCPNIFTY24SEP13000PE,165.3,5964.0,Monitoring
2024-09-10,09:45:00,HOLD,MIDCPNIFTY24SEP13000PE,179.75,4230.0,Monitoring
2024-09-10,09:50:00,HOLD,MIDCPNIFTY24SEP13000PE,161.95,6366.0,Monitoring
2024-09-10,09:55:00,HOLD,MIDCPNIFTY24SEP13000PE,161.95,6366.0,Monitoring
2024-09-10,10:00:00,HOLD,MIDCPNIFTY24SEP13000PE,185.0,3600.0,Monitoring
2024-09-10,10:05:00,HOLD,MIDCPNIFTY24SEP13000PE,185.0,3600.0,Monitoring
2024-09-10,10:10:00,HOLD,MIDCPNIFTY24SEP13000PE,190.0,3000.0,Monitoring
2024-09-10,10:15:00,HOLD,MIDCPNIFTY24SEP13000PE,190.0,3000.0,Monitoring
2024-09-10,10:20:00,HOLD,MIDCPNIFTY24SEP13000PE,190.0,3000.0,Monitoring
2024-09-10,10:25:00,HOLD,MIDCPNIFTY24SEP13000PE,160.9,6492.0,Monitoring
2024-09-10,10:30:00,HOLD,MIDCPNIFTY24SEP13000PE,160.9,6492.0,Monitoring
2024-09-10,10:35:00,HOLD,MIDCPNIFTY24SEP13000PE,160.9,6492.0,Monitoring
2024-09-10,10:40:00,HOLD,MIDCPNIFTY24SEP13000PE,160.9,6492.0,Monitoring
2024-09-10,10:45:00,HOLD,MIDCPNIFTY24SEP13000PE,162.2,6336.0,Monitoring
2024-09-10,10:50:00,HOLD,MIDCPNIFTY24SEP13000PE,162.2,6336.0,Monitoring
2024-09-10,10:55:00,HOLD,MIDCPNIFTY24SEP13000PE,162.2,6336.0,Monitoring
2024-09-10,11:00:00,HOLD,MIDCPNIFTY24SEP13000PE,162.2,6336.0,Monitoring
2024-09-10,11:05:00,HOLD,MIDCPNIFTY24SEP13000PE,162.2,6336.0,Monitoring
2024-09-10,11:10:00,HOLD,MIDCPNIFTY24SEP13000PE,162.2,6336.0,Monitoring
2024-09-10,11:15:00,HOLD,MIDCPNIFTY24SEP13000PE,162.2,6336.0,Monitoring
2024-09-10,11:20:00,HOLD,MIDCPNIFTY24SEP13000PE,162.2,6336.0,Monitoring
2024-09-10,11:25:00,HOLD,MIDCPNIFTY24SEP13000PE,162.2,6336.0,Monitoring
2024-09-10,11:30:00,HOLD,MIDCPNIFTY24SEP13000PE,162.2,6336.0,Monitoring
2024-09-10,11:35:00,HOLD,MIDCPNIFTY24SEP13000PE,161.0,6480.0,Monitoring
2024-09-10,11:40:00,HOLD,MIDCPNIFTY24SEP13000PE,155.2,7176.0,Monitoring
2024-09-10,11:45:00,HOLD,MIDCPNIFTY24SEP13000PE,155.2,7176.0,Monitoring
2024-09-10,11:50:00,HOLD,MIDCPNIFTY24SEP13000PE,155.15,7182.0,Monitoring
2024-09-10,11:55:00,HOLD,MIDCPNIFTY24SEP13000PE,155.15,7182.0,Monitoring
2024-09-10,12:00:00,HOLD,MIDCPNIFTY24SEP13000PE,155.15,7182.0,Monitoring
2024-09-10,12:05:00,HOLD,MIDCPNIFTY24SEP13000PE,155.15,7182.0,Monitoring
2024-09-10,12:10:00,HOLD,MIDCPNIFTY24SEP13000PE,155.15,7182.0,Monitoring
2024-09-10,12:15:00,HOLD,MIDCPNIFTY24SEP13000PE,161.0,6480.0,Monitoring
2024-09-10,12:20:00,HOLD,MIDCPNIFTY24SEP13000PE,161.0,6480.0,Monitoring
2024-09-10,12:25:00,HOLD,MIDCPNIFTY24SEP13000PE,161.0,6480.0,Monitoring
2024-09-10,12:30:00,HOLD,MIDCPNIFTY24SEP13000PE,155.1,7188.0,Monitoring
2024-09-10,12:35:00,HOLD,MIDCPNIFTY24SEP13000PE,153.0,7440.0,Monitoring
2024-09-10,12:40:00,HOLD,MIDCPNIFTY24SEP13000PE,153.0,7440.0,Monitoring
2024-09-10,12:45:00,HOLD,MIDCPNIFTY24SEP13000PE,150.0,7800.0,Monitoring
2024-09-10,12:50:00,HOLD,MIDCPNIFTY24SEP13000PE,148.0,8040.0,Monitoring
2024-09-10,12:55:00,HOLD,MIDCPNIFTY24SEP13000PE,141.0,8880.0,Monitoring
2024-09-10,13:00:00,HOLD,MIDCPNIFTY24SEP13000PE,141.0,8880.0,Monitoring
2024-09-10,13:05:00,HOLD,MIDCPNIFTY24SEP13000PE,141.0,8880.0,Monitoring
2024-09-10,13:10:00,HOLD,MIDCPNIFTY24SEP13000PE,141.0,8880.0,Monitoring
2024-09-10,13:15:00,HOLD,MIDCPNIFTY24SEP13000PE,141.0,8880.0,Monitoring
2024-09-10,13:20:00,HOLD,MIDCPNIFTY24SEP13000PE,141.0,8880.0,Monitoring
2024-09-10,13:25:00,HOLD,MIDCPNIFTY24SEP13000PE,140.4,8952.0,Monitoring
2024-09-10,13:30:00,HOLD,MIDCPNIFTY24SEP13000PE,140.4,8952.0,Monitoring
2024-09-10,13:35:00,HOLD,MIDCPNIFTY24SEP13000PE,140.65,8922.0,Monitoring
2024-09-10,13:40:00,HOLD,MIDCPNIFTY24SEP13000PE,122.25,11130.0,Monitoring
2024-09-10,13:45:00,HOLD,MIDCPNIFTY24SEP13000PE,128.35,10398.0,Monitoring
2024-09-10,13:50:00,HOLD,MIDCPNIFTY24SEP13000PE,137.15,9342.0,Monitoring
2024-09-10,13:55:00,HOLD,MIDCPNIFTY24SEP13000PE,137.15,9342.0,Monitoring
2024-09-10,14:00:00,HOLD,MIDCPNIFTY24SEP13000PE,135.1,9588.0,Monitoring
2024-09-10,14:05:00,HOLD,MIDCPNIFTY24SEP13000PE,135.1,9588.0,Monitoring
2024-09-10,14:10:00,HOLD,MIDCPNIFTY24SEP13000PE,135.1,9588.0,Monitoring
2024-09-10,14:15:00,HOLD,MIDCPNIFTY24SEP13000PE,142.4,8712.0,Monitoring
2024-09-10,14:20:00,HOLD,MIDCPNIFTY24SEP13000PE,142.4,8712.0,Monitoring
2024-09-10,14:25:00,HOLD,MIDCPNIFTY24SEP13000PE,126.15,10662.0,Monitoring
2024-09-10,14:30:00,HOLD,MIDCPNIFTY24SEP13000PE,126.15,10662.0,Monitoring
2024-09-10,14:35:00,HOLD,MIDCPNIFTY24SEP13000PE,135.0,9600.0,Monitoring
2024-09-10,14:40:00,HOLD,MIDCPNIFTY24SEP13000PE,139.5,9060.0,Monitoring
2024-09-10,14:45:00,HOLD,MIDCPNIFTY24SEP13000PE,139.5,9060.0,Monitoring
2024-09-10,14:50:00,HOLD,MIDCPNIFTY24SEP13000PE,139.5,9060.0,Monitoring
2024-09-10,14:55:00,HOLD,MIDCPNIFTY24SEP13000PE,136.0,9480.0,Monitoring
2024-09-10,15:00:00,HOLD,MIDCPNIFTY24SEP13000PE,148.0,8040.0,Monitoring
2024-09-10,15:05:00,HOLD,MIDCPNIFTY24SEP13000PE,148.0,8040.0,Monitoring
2024-09-10,15:10:00,HOLD,MIDCPNIFTY24SEP13000PE,136.05,9474.0,Monitoring
2024-09-10,15:15:00,HOLD,MIDCPNIFTY24SEP13000PE,136.05,9474.0,Monitoring
2024-09-10,15:20:00,HOLD,MIDCPNIFTY24SEP13000PE,136.05,9474.0,Monitoring
2024-09-10,15:25:00,HOLD,MIDCPNIFTY24SEP13000PE,128.15,10422.0,Monitoring
2024-09-11,09:15:00,HOLD,MIDCPNIFTY24SEP13000PE,128.15,10422.0,Monitoring
2024-09-11,09:20:00,HOLD,MIDCPNIFTY24SEP13000PE,130.0,10200.0,Monitoring
2024-09-11,09:25:00,HOLD,MIDCPNIFTY24SEP13000PE,130.0,10200.0,Monitoring
2024-09-11,09:30:00,HOLD,MIDCPNIFTY24SEP13000PE,141.0,8880.0,Monitoring
2024-09-11,09:35:00,HOLD,MIDCPNIFTY24SEP13000PE,128.15,10422.0,Monitoring
2024-09-11,09:40:00,HOLD,MIDCPNIFTY24SEP13000PE,130.5,10140.0,Monitoring
2024-09-11,09:45:00,HOLD,MIDCPNIFTY24SEP13000PE,120.05,11394.0,Monitoring
2024-09-11,09:50:00,HOLD,MIDCPNIFTY24SEP13000PE,128.0,10440.0,Monitoring
2024-09-11,09:55:00,HOLD,MIDCPNIFTY24SEP13000PE,130.0,10200.0,Monitoring
2024-09-11,10:00:00,HOLD,MIDCPNIFTY24SEP13000PE,132.0,9960.0,Monitoring
2024-09-11,10:05:00,HOLD,MIDCPNIFTY24SEP13000PE,132.0,9960.0,Monitoring
2024-09-11,10:10:00,HOLD,MIDCPNIFTY24SEP13000PE,132.0,9960.0,Monitoring
2024-09-11,10:15:00,HOLD,MIDCPNIFTY24SEP13000PE,132.0,9960.0,Monitoring
2024-09-11,10:20:00,HOLD,MIDCPNIFTY24SEP13000PE,132.0,9960.0,Monitoring
2024-09-11,10:25:00,HOLD,MIDCPNIFTY24SEP13000PE,132.0,9960.0,Monitoring
2024-09-11,10:30:00,HOLD,MIDCPNIFTY24SEP13000PE,132.0,9960.0,Monitoring
2024-09-11,10:35:00,HOLD,MIDCPNIFTY24SEP13000PE,132.0,9960.0,Monitoring
2024-09-11,10:40:00,HOLD,MIDCPNIFTY24SEP13000PE,132.0,9960.0,Monitoring
2024-09-11,10:45:00,HOLD,MIDCPNIFTY24SEP13000PE,132.0,9960.0,Monitoring
2024-09-11,10:50:00,HOLD,MIDCPNIFTY24SEP13000PE,132.0,9960.0,Monitoring
2024-09-11,10:55:00,HOLD,MIDCPNIFTY24SEP13000PE,129.15,10302.0,Monitoring
2024-09-11,11:00:00,HOLD,MIDCPNIFTY24SEP13000PE,121.0,11280.0,Monitoring
2024-09-11,11:05:00,HOLD,MIDCPNIFTY24SEP13000PE,121.0,11280.0,Monitoring
2024-09-11,11:10:00,HOLD,MIDCPNIFTY24SEP13000PE,121.0,11280.0,Monitoring
2024-09-11,11:15:00,HOLD,MIDCPNIFTY24SEP13000PE,121.0,11280.0,Monitoring
2024-09-11,11:20:00,HOLD,MIDCPNIFTY24SEP13000PE,121.0,11280.0,Monitoring
2024-09-11,11:25:00,HOLD,MIDCPNIFTY24SEP13000PE,121.0,11280.0,Monitoring
2024-09-11,11:30:00,HOLD,MIDCPNIFTY24SEP13000PE,117.0,11760.0,Monitoring
2024-09-11,11:35:00,HOLD,MIDCPNIFTY24SEP13000PE,117.0,11760.0,Monitoring
2024-09-11,11:40:00,HOLD,MIDCPNIFTY24SEP13000PE,116.2,11856.0,Monitoring
2024-09-11,11:45:00,HOLD,MIDCPNIFTY24SEP13000PE,116.2,11856.0,Monitoring
2024-09-11,11:50:00,HOLD,MIDCPNIFTY24SEP13000PE,116.2,11856.0,Monitoring
2024-09-11,11:55:00,HOLD,MIDCPNIFTY24SEP13000PE,116.2,11856.0,Monitoring
2024-09-11,12:00:00,HOLD,MIDCPNIFTY24SEP13000PE,116.2,11856.0,Monitoring
2024-09-11,12:05:00,HOLD,MIDCPNIFTY24SEP13000PE,123.85,10938.0,Monitoring
2024-09-11,12:10:00,HOLD,MIDCPNIFTY24SEP13000PE,123.85,10938.0,Monitoring
2024-09-11,12:15:00,HOLD,MIDCPNIFTY24SEP13000PE,116.0,11880.0,Monitoring
2024-09-11,12:20:00,HOLD,MIDCPNIFTY24SEP13000PE,116.0,11880.0,Monitoring
2024-09-11,12:25:00,HOLD,MIDCPNIFTY24SEP13000PE,115.5,11940.0,Monitoring
2024-09-11,12:30:00,HOLD,MIDCPNIFTY24SEP13000PE,115.5,11940.0,Monitoring
2024-09-11,12:35:00,HOLD,MIDCPNIFTY24SEP13000PE,115.5,11940.0,Monitoring
2024-09-11,12:40:00,HOLD,MIDCPNIFTY24SEP13000PE,115.5,11940.0,Monitoring
2024-09-11,12:45:00,HOLD,MIDCPNIFTY24SEP13000PE,115.0,12000.0,Monitoring
2024-09-11,12:50:00,HOLD,MIDCPNIFTY24SEP13000PE,121.9,11172.0,Monitoring
2024-09-11,12:55:00,HOLD,MIDCPNIFTY24SEP13000PE,121.9,11172.0,Monitoring
2024-09-11,13:00:00,HOLD,MIDCPNIFTY24SEP13000PE,121.9,11172.0,Monitoring
2024-09-11,13:05:00,HOLD,MIDCPNIFTY24SEP13000PE,121.9,11172.0,Monitoring
2024-09-11,13:10:00,HOLD,MIDCPNIFTY24SEP13000PE,121.9,11172.0,Monitoring
2024-09-11,13:15:00,HOLD,MIDCPNIFTY24SEP13000PE,121.9,11172.0,Monitoring
2024-09-11,13:20:00,HOLD,MIDCPNIFTY24SEP13000PE,121.9,11172.0,Monitoring
2024-09-11,13:25:00,HOLD,MIDCPNIFTY24SEP13000PE,121.9,11172.0,Monitoring
2024-09-11,13:30:00,HOLD,MIDCPNIFTY24SEP13000PE,121.9,11172.0,Monitoring
2024-09-11,13:35:00,HOLD,MIDCPNIFTY24SEP13000PE,121.9,11172.0,Monitoring
2024-09-11,13:40:00,HOLD,MIDCPNIFTY24SEP13000PE,123.0,11040.0,Monitoring
2024-09-11,13:45:00,HOLD,MIDCPNIFTY24SEP13000PE,134.8,9624.0,Monitoring
2024-09-11,13:50:00,HOLD,MIDCPNIFTY24SEP13000PE,134.8,9624.0,Monitoring
2024-09-11,13:55:00,HOLD,MIDCPNIFTY24SEP13000PE,120.25,11370.0,Monitoring
2024-09-11,14:00:00,HOLD,MIDCPNIFTY24SEP13000PE,135.0,9600.0,Monitoring
2024-09-11,14:05:00,HOLD,MIDCPNIFTY24SEP13000PE,131.45,10026.0,Monitoring
2024-09-11,14:10:00,HOLD,MIDCPNIFTY24SEP13000PE,139.0,9120.0,Monitoring
2024-09-11,14:15:00,HOLD,MIDCPNIFTY24SEP13000PE,139.0,9120.0,Monitoring
2024-09-11,14:20:00,HOLD,MIDCPNIFTY24SEP13000PE,134.05,9714.0,Monitoring
2024-09-11,14:25:00,HOLD,MIDCPNIFTY24SEP13000PE,134.05,9714.0,Monitoring
2024-09-11,14:25:00,BUY_EXIT,MIDCPNIFTY24SEP13000PE,134.05,9714.0,EMA_REVERSAL_SL
