Date,Time,Event,Ticker,Price,PnL_INR,Info
2025-09-09,14:00:00,SELL_ENTRY,MIDCPNIFTY25SEP12800PE,145.7,0.0,Signal PE | Short
2025-09-09,14:05:00,HOLD,MIDCPNIFTY25SEP12800PE,147.1,-168.0,Monitoring
2025-09-09,14:10:00,HOLD,MIDCPNIFTY25SEP12800PE,145.35,42.0,Monitoring
2025-09-09,14:15:00,HOLD,MIDCPNIFTY25SEP12800PE,150.0,-516.0,Monitoring
2025-09-09,14:20:00,HOLD,MIDCPNIFTY25SEP12800PE,151.2,-660.0,Monitoring
2025-09-09,14:25:00,HOLD,MIDCPNIFTY25SEP12800PE,146.9,-144.0,Monitoring
2025-09-09,14:30:00,HOLD,MIDCPNIFTY25SEP12800PE,143.9,216.0,Monitoring
2025-09-09,14:35:00,HOLD,MIDCPNIFTY25SEP12800PE,144.65,126.0,Monitoring
2025-09-09,14:40:00,HOLD,MIDCPNIFTY25SEP12800PE,146.25,-66.0,Monitoring
2025-09-09,14:45:00,HOLD,MIDCPNIFTY25SEP12800PE,143.1,312.0,Monitoring
2025-09-09,14:50:00,HOLD,MIDCPNIFTY25SEP12800PE,142.35,402.0,Monitoring
2025-09-09,14:55:00,HOLD,MIDCPNIFTY25SEP12800PE,143.1,312.0,Monitoring
2025-09-09,15:00:00,HOLD,MIDCPNIFTY25SEP12800PE,145.6,12.0,Monitoring
2025-09-09,15:05:00,HOLD,MIDCPNIFTY25SEP12800PE,141.8,468.0,Monitoring
2025-09-09,15:10:00,HOLD,MIDCPNIFTY25SEP12800PE,141.65,486.0,Monitoring
2025-09-09,15:15:00,HOLD,MIDCPNIFTY25SEP12800PE,142.75,354.0,Monitoring
2025-09-09,15:20:00,HOLD,MIDCPNIFTY25SEP12800PE,139.1,792.0,Monitoring
2025-09-09,15:25:00,HOLD,MIDCPNIFTY25SEP12800PE,135.0,1284.0,Monitoring
2025-09-10,09:15:00,HOLD,MIDCPNIFTY25SEP12800PE,97.65,5766.0,Monitoring
2025-09-10,09:20:00,HOLD,MIDCPNIFTY25SEP12800PE,96.35,5922.0,Monitoring
2025-09-10,09:25:00,HOLD,MIDCPNIFTY25SEP12800PE,91.0,6564.0,Monitoring
2025-09-10,09:30:00,HOLD,MIDCPNIFTY25SEP12800PE,88.8,6828.0,Monitoring
2025-09-10,09:35:00,HOLD,MIDCPNIFTY25SEP12800PE,88.6,6852.0,Monitoring
2025-09-10,09:40:00,HOLD,MIDCPNIFTY25SEP12800PE,88.55,6858.0,Monitoring
2025-09-10,09:45:00,HOLD,MIDCPNIFTY25SEP12800PE,89.1,6792.0,Monitoring
2025-09-10,09:50:00,HOLD,MIDCPNIFTY25SEP12800PE,91.05,6558.0,Monitoring
2025-09-10,09:55:00,HOLD,MIDCPNIFTY25SEP12800PE,85.7,7200.0,Monitoring
2025-09-10,10:00:00,HOLD,MIDCPNIFTY25SEP12800PE,83.8,7428.0,Monitoring
2025-09-10,10:05:00,HOLD,MIDCPNIFTY25SEP12800PE,80.95,7770.0,Monitoring
2025-09-10,10:10:00,HOLD,MIDCPNIFTY25SEP12800PE,80.6,7812.0,Monitoring
2025-09-10,10:15:00,HOLD,MIDCPNIFTY25SEP12800PE,81.8,7668.0,Monitoring
2025-09-10,10:20:00,HOLD,MIDCPNIFTY25SEP12800PE,82.4,7596.0,Monitoring
2025-09-10,10:25:00,HOLD,MIDCPNIFTY25SEP12800PE,80.3,7848.0,Monitoring
2025-09-10,10:30:00,HOLD,MIDCPNIFTY25SEP12800PE,80.8,7788.0,Monitoring
2025-09-10,10:35:00,HOLD,MIDCPNIFTY25SEP12800PE,79.65,7926.0,Monitoring
2025-09-10,10:40:00,HOLD,MIDCPNIFTY25SEP12800PE,80.95,7770.0,Monitoring
2025-09-10,10:45:00,HOLD,MIDCPNIFTY25SEP12800PE,81.95,7650.0,Monitoring
2025-09-10,10:50:00,HOLD,MIDCPNIFTY25SEP12800PE,80.4,7836.0,Monitoring
2025-09-10,10:55:00,HOLD,MIDCPNIFTY25SEP12800PE,79.0,8004.0,Monitoring
2025-09-10,11:00:00,HOLD,MIDCPNIFTY25SEP12800PE,76.5,8304.0,Monitoring
2025-09-10,11:05:00,HOLD,MIDCPNIFTY25SEP12800PE,75.15,8466.0,Monitoring
2025-09-10,11:10:00,HOLD,MIDCPNIFTY25SEP12800PE,76.5,8304.0,Monitoring
2025-09-10,11:15:00,HOLD,MIDCPNIFTY25SEP12800PE,79.65,7926.0,Monitoring
2025-09-10,11:20:00,HOLD,MIDCPNIFTY25SEP12800PE,76.5,8304.0,Monitoring
2025-09-10,11:25:00,HOLD,MIDCPNIFTY25SEP12800PE,83.35,7482.0,Monitoring
2025-09-10,11:30:00,HOLD,MIDCPNIFTY25SEP12800PE,84.75,7314.0,Monitoring
2025-09-10,11:35:00,HOLD,MIDCPNIFTY25SEP12800PE,83.15,7506.0,Monitoring
2025-09-10,11:40:00,HOLD,MIDCPNIFTY25SEP12800PE,86.6,7092.0,Monitoring
2025-09-10,11:45:00,HOLD,MIDCPNIFTY25SEP12800PE,87.6,6972.0,Monitoring
2025-09-10,11:50:00,HOLD,MIDCPNIFTY25SEP12800PE,87.8,6948.0,Monitoring
2025-09-10,11:55:00,HOLD,MIDCPNIFTY25SEP12800PE,87.9,6936.0,Monitoring
2025-09-10,12:00:00,HOLD,MIDCPNIFTY25SEP12800PE,94.05,6198.0,Monitoring
2025-09-10,12:05:00,HOLD,MIDCPNIFTY25SEP12800PE,87.05,7038.0,Monitoring
2025-09-10,12:10:00,HOLD,MIDCPNIFTY25SEP12800PE,88.0,6924.0,Monitoring
2025-09-10,12:15:00,HOLD,MIDCPNIFTY25SEP12800PE,85.0,7284.0,Monitoring
2025-09-10,12:20:00,HOLD,MIDCPNIFTY25SEP12800PE,87.3,7008.0,Monitoring
2025-09-10,12:25:00,HOLD,MIDCPNIFTY25SEP12800PE,85.15,7266.0,Monitoring
2025-09-10,12:30:00,HOLD,MIDCPNIFTY25SEP12800PE,86.5,7104.0,Monitoring
2025-09-10,12:35:00,HOLD,MIDCPNIFTY25SEP12800PE,85.1,7272.0,Monitoring
2025-09-10,12:40:00,HOLD,MIDCPNIFTY25SEP12800PE,86.2,7140.0,Monitoring
2025-09-10,12:45:00,HOLD,MIDCPNIFTY25SEP12800PE,87.45,6990.0,Monitoring
2025-09-10,12:50:00,HOLD,MIDCPNIFTY25SEP12800PE,85.35,7242.0,Monitoring
2025-09-10,12:55:00,HOLD,MIDCPNIFTY25SEP12800PE,85.1,7272.0,Monitoring
2025-09-10,13:00:00,HOLD,MIDCPNIFTY25SEP12800PE,84.9,7296.0,Monitoring
2025-09-10,13:05:00,HOLD,MIDCPNIFTY25SEP12800PE,83.5,7464.0,Monitoring
2025-09-10,13:10:00,HOLD,MIDCPNIFTY25SEP12800PE,87.9,6936.0,Monitoring
2025-09-10,13:15:00,HOLD,MIDCPNIFTY25SEP12800PE,88.55,6858.0,Monitoring
2025-09-10,13:20:00,HOLD,MIDCPNIFTY25SEP12800PE,86.8,7068.0,Monitoring
2025-09-10,13:25:00,HOLD,MIDCPNIFTY25SEP12800PE,85.0,7284.0,Monitoring
2025-09-10,13:30:00,HOLD,MIDCPNIFTY25SEP12800PE,86.3,7128.0,Monitoring
2025-09-10,13:35:00,HOLD,MIDCPNIFTY25SEP12800PE,86.35,7122.0,Monitoring
2025-09-10,13:40:00,HOLD,MIDCPNIFTY25SEP12800PE,83.1,7512.0,Monitoring
2025-09-10,13:45:00,HOLD,MIDCPNIFTY25SEP12800PE,82.3,7608.0,Monitoring
2025-09-10,13:50:00,HOLD,MIDCPNIFTY25SEP12800PE,84.1,7392.0,Monitoring
2025-09-10,13:55:00,HOLD,MIDCPNIFTY25SEP12800PE,82.7,7560.0,Monitoring
2025-09-10,14:00:00,HOLD,MIDCPNIFTY25SEP12800PE,84.5,7344.0,Monitoring
2025-09-10,14:05:00,HOLD,MIDCPNIFTY25SEP12800PE,81.7,7680.0,Monitoring
2025-09-10,14:10:00,HOLD,MIDCPNIFTY25SEP12800PE,82.85,7542.0,Monitoring
2025-09-10,14:15:00,HOLD,MIDCPNIFTY25SEP12800PE,88.0,6924.0,Monitoring
2025-09-10,14:20:00,HOLD,MIDCPNIFTY25SEP12800PE,85.75,7194.0,Monitoring
2025-09-10,14:25:00,HOLD,MIDCPNIFTY25SEP12800PE,87.5,6984.0,Monitoring
2025-09-10,14:30:00,HOLD,MIDCPNIFTY25SEP12800PE,87.3,7008.0,Monitoring
2025-09-10,14:35:00,HOLD,MIDCPNIFTY25SEP12800PE,82.1,7632.0,Monitoring
2025-09-10,14:40:00,HOLD,MIDCPNIFTY25SEP12800PE,87.0,7044.0,Monitoring
2025-09-10,14:45:00,HOLD,MIDCPNIFTY25SEP12800PE,84.15,7386.0,Monitoring
2025-09-10,14:50:00,HOLD,MIDCPNIFTY25SEP12800PE,82.0,7644.0,Monitoring
2025-09-10,14:55:00,HOLD,MIDCPNIFTY25SEP12800PE,84.8,7308.0,Monitoring
2025-09-10,15:00:00,HOLD,MIDCPNIFTY25SEP12800PE,82.25,7614.0,Monitoring
2025-09-10,15:05:00,HOLD,MIDCPNIFTY25SEP12800PE,80.5,7824.0,Monitoring
2025-09-10,15:10:00,HOLD,MIDCPNIFTY25SEP12800PE,79.6,7932.0,Monitoring
2025-09-10,15:15:00,HOLD,MIDCPNIFTY25SEP12800PE,79.85,7902.0,Monitoring
2025-09-10,15:20:00,HOLD,MIDCPNIFTY25SEP12800PE,80.0,7884.0,Monitoring
2025-09-10,15:25:00,HOLD,MIDCPNIFTY25SEP12800PE,78.0,8124.0,Monitoring
2025-09-11,09:15:00,HOLD,MIDCPNIFTY25SEP12800PE,75.0,8484.0,Monitoring
2025-09-11,09:20:00,HOLD,MIDCPNIFTY25SEP12800PE,75.05,8478.0,Monitoring
2025-09-11,09:25:00,HOLD,MIDCPNIFTY25SEP12800PE,78.8,8028.0,Monitoring
2025-09-11,09:30:00,HOLD,MIDCPNIFTY25SEP12800PE,78.05,8118.0,Monitoring
2025-09-11,09:35:00,HOLD,MIDCPNIFTY25SEP12800PE,77.25,8214.0,Monitoring
2025-09-11,09:40:00,HOLD,MIDCPNIFTY25SEP12800PE,74.9,8496.0,Monitoring
2025-09-11,09:45:00,HOLD,MIDCPNIFTY25SEP12800PE,76.0,8364.0,Monitoring
2025-09-11,09:50:00,HOLD,MIDCPNIFTY25SEP12800PE,74.0,8604.0,Monitoring
2025-09-11,09:55:00,HOLD,MIDCPNIFTY25SEP12800PE,74.75,8514.0,Monitoring
2025-09-11,10:00:00,HOLD,MIDCPNIFTY25SEP12800PE,81.95,7650.0,Monitoring
2025-09-11,10:05:00,HOLD,MIDCPNIFTY25SEP12800PE,84.7,7320.0,Monitoring
2025-09-11,10:10:00,HOLD,MIDCPNIFTY25SEP12800PE,81.5,7704.0,Monitoring
2025-09-11,10:15:00,HOLD,MIDCPNIFTY25SEP12800PE,78.5,8064.0,Monitoring
2025-09-11,10:20:00,HOLD,MIDCPNIFTY25SEP12800PE,80.6,7812.0,Monitoring
2025-09-11,10:25:00,HOLD,MIDCPNIFTY25SEP12800PE,78.6,8052.0,Monitoring
2025-09-11,10:30:00,HOLD,MIDCPNIFTY25SEP12800PE,79.75,7914.0,Monitoring
2025-09-11,10:35:00,HOLD,MIDCPNIFTY25SEP12800PE,78.0,8124.0,Monitoring
2025-09-11,10:40:00,HOLD,MIDCPNIFTY25SEP12800PE,80.1,7872.0,Monitoring
2025-09-11,10:45:00,HOLD,MIDCPNIFTY25SEP12800PE,79.4,7956.0,Monitoring
2025-09-11,10:50:00,HOLD,MIDCPNIFTY25SEP12800PE,78.2,8100.0,Monitoring
2025-09-11,10:55:00,HOLD,MIDCPNIFTY25SEP12800PE,80.9,7776.0,Monitoring
2025-09-11,11:00:00,HOLD,MIDCPNIFTY25SEP12800PE,78.0,8124.0,Monitoring
2025-09-11,11:05:00,HOLD,MIDCPNIFTY25SEP12800PE,75.65,8406.0,Monitoring
2025-09-11,11:10:00,HOLD,MIDCPNIFTY25SEP12800PE,75.1,8472.0,Monitoring
2025-09-11,11:15:00,HOLD,MIDCPNIFTY25SEP12800PE,73.35,8682.0,Monitoring
2025-09-11,11:20:00,HOLD,MIDCPNIFTY25SEP12800PE,75.0,8484.0,Monitoring
2025-09-11,11:25:00,HOLD,MIDCPNIFTY25SEP12800PE,75.5,8424.0,Monitoring
2025-09-11,11:30:00,HOLD,MIDCPNIFTY25SEP12800PE,76.9,8256.0,Monitoring
2025-09-11,11:35:00,HOLD,MIDCPNIFTY25SEP12800PE,98.05,5718.0,Monitoring
2025-09-11,11:40:00,HOLD,MIDCPNIFTY25SEP12800PE,94.35,6162.0,Monitoring
2025-09-11,11:45:00,HOLD,MIDCPNIFTY25SEP12800PE,89.25,6774.0,Monitoring
2025-09-11,11:50:00,HOLD,MIDCPNIFTY25SEP12800PE,88.5,6864.0,Monitoring
2025-09-11,11:55:00,HOLD,MIDCPNIFTY25SEP12800PE,86.7,7080.0,Monitoring
2025-09-11,12:00:00,HOLD,MIDCPNIFTY25SEP12800PE,84.95,7290.0,Monitoring
2025-09-11,12:05:00,HOLD,MIDCPNIFTY25SEP12800PE,86.35,7122.0,Monitoring
2025-09-11,12:10:00,HOLD,MIDCPNIFTY25SEP12800PE,84.85,7302.0,Monitoring
2025-09-11,12:15:00,HOLD,MIDCPNIFTY25SEP12800PE,82.65,7566.0,Monitoring
2025-09-11,12:20:00,HOLD,MIDCPNIFTY25SEP12800PE,81.05,7758.0,Monitoring
2025-09-11,12:25:00,HOLD,MIDCPNIFTY25SEP12800PE,81.2,7740.0,Monitoring
2025-09-11,12:30:00,HOLD,MIDCPNIFTY25SEP12800PE,82.0,7644.0,Monitoring
2025-09-11,12:35:00,HOLD,MIDCPNIFTY25SEP12800PE,87.3,7008.0,Monitoring
2025-09-11,12:40:00,HOLD,MIDCPNIFTY25SEP12800PE,86.95,7050.0,Monitoring
2025-09-11,12:45:00,HOLD,MIDCPNIFTY25SEP12800PE,90.3,6648.0,Monitoring
2025-09-11,12:50:00,HOLD,MIDCPNIFTY25SEP12800PE,85.0,7284.0,Monitoring
2025-09-11,12:55:00,HOLD,MIDCPNIFTY25SEP12800PE,86.0,7164.0,Monitoring
2025-09-11,13:00:00,HOLD,MIDCPNIFTY25SEP12800PE,85.8,7188.0,Monitoring
2025-09-11,13:05:00,HOLD,MIDCPNIFTY25SEP12800PE,85.15,7266.0,Monitoring
2025-09-11,13:10:00,HOLD,MIDCPNIFTY25SEP12800PE,86.65,7086.0,Monitoring
2025-09-11,13:15:00,HOLD,MIDCPNIFTY25SEP12800PE,88.15,6906.0,Monitoring
2025-09-11,13:20:00,HOLD,MIDCPNIFTY25SEP12800PE,87.0,7044.0,Monitoring
2025-09-11,13:25:00,HOLD,MIDCPNIFTY25SEP12800PE,88.05,6918.0,Monitoring
2025-09-11,13:30:00,HOLD,MIDCPNIFTY25SEP12800PE,88.1,6912.0,Monitoring
2025-09-11,13:35:00,HOLD,MIDCPNIFTY25SEP12800PE,88.65,6846.0,Monitoring
2025-09-11,13:40:00,HOLD,MIDCPNIFTY25SEP12800PE,88.15,6906.0,Monitoring
2025-09-11,13:45:00,HOLD,MIDCPNIFTY25SEP12800PE,86.4,7116.0,Monitoring
2025-09-11,13:50:00,HOLD,MIDCPNIFTY25SEP12800PE,89.4,6756.0,Monitoring
2025-09-11,13:55:00,HOLD,MIDCPNIFTY25SEP12800PE,92.4,6396.0,Monitoring
2025-09-11,13:55:00,BUY_EXIT,MIDCPNIFTY25SEP12800PE,92.4,6396.0,EMA_REVERSAL_SL
