Date,Time,Event,Ticker,Price,PnL_INR,Info
2024-10-18,14:00:00,SELL_ENTRY,MIDCPNIFTY24OCT12900PE,72.4,0.0,Signal PE | Short
2024-10-18,14:05:00,HOLD,MIDCPNIFTY24OCT12900PE,72.5,-12.0,Monitoring
2024-10-18,14:10:00,HOLD,MIDCPNIFTY24OCT12900PE,71.2,144.0,Monitoring
2024-10-18,14:15:00,HOLD,MIDCPNIFTY24OCT12900PE,69.25,378.0,Monitoring
2024-10-18,14:20:00,HOLD,MIDCPNIFTY24OCT12900PE,67.0,648.0,Monitoring
2024-10-18,14:25:00,HOLD,MIDCPNIFTY24OCT12900PE,65.3,852.0,Monitoring
2024-10-18,14:30:00,HOLD,MIDCPNIFTY24OCT12900PE,65.7,804.0,Monitoring
2024-10-18,14:35:00,HOLD,MIDCPNIFTY24OCT12900PE,71.6,96.0,Monitoring
2024-10-18,14:40:00,HOLD,MIDCPNIFTY24OCT12900PE,70.35,246.0,Monitoring
2024-10-18,14:45:00,HOLD,MIDCPNIFTY24OCT12900PE,71.0,168.0,Monitoring
2024-10-18,14:50:00,HOLD,MIDCPNIFTY24OCT12900PE,68.6,456.0,Monitoring
2024-10-18,14:55:00,HOLD,MIDCPNIFTY24OCT12900PE,67.0,648.0,Monitoring
2024-10-18,15:00:00,HOLD,MIDCPNIFTY24OCT12900PE,67.05,642.0,Monitoring
2024-10-18,15:05:00,HOLD,MIDCPNIFTY24OCT12900PE,69.35,366.0,Monitoring
2024-10-18,15:10:00,HOLD,MIDCPNIFTY24OCT12900PE,68.9,420.0,Monitoring
2024-10-18,15:15:00,HOLD,MIDCPNIFTY24OCT12900PE,66.85,666.0,Monitoring
2024-10-18,15:20:00,HOLD,MIDCPNIFTY24OCT12900PE,66.05,762.0,Monitoring
2024-10-18,15:25:00,HOLD,MIDCPNIFTY24OCT12900PE,63.45,1074.0,Monitoring
2024-10-21,09:15:00,HOLD,MIDCPNIFTY24OCT12900PE,53.55,2262.0,Monitoring
2024-10-21,09:20:00,HOLD,MIDCPNIFTY24OCT12900PE,59.45,1554.0,Monitoring
2024-10-21,09:25:00,HOLD,MIDCPNIFTY24OCT12900PE,75.0,-312.0,Monitoring
2024-10-21,09:30:00,HOLD,MIDCPNIFTY24OCT12900PE,83.9,-1380.0,Monitoring
2024-10-21,09:35:00,HOLD,MIDCPNIFTY24OCT12900PE,81.0,-1032.0,Monitoring
2024-10-21,09:40:00,HOLD,MIDCPNIFTY24OCT12900PE,87.9,-1860.0,Monitoring
2024-10-21,09:45:00,HOLD,MIDCPNIFTY24OCT12900PE,87.4,-1800.0,Monitoring
2024-10-21,09:50:00,HOLD,MIDCPNIFTY24OCT12900PE,80.0,-912.0,Monitoring
2024-10-21,09:55:00,HOLD,MIDCPNIFTY24OCT12900PE,67.95,534.0,Monitoring
2024-10-21,10:00:00,HOLD,MIDCPNIFTY24OCT12900PE,69.6,336.0,Monitoring
2024-10-21,10:05:00,HOLD,MIDCPNIFTY24OCT12900PE,74.6,-264.0,Monitoring
2024-10-21,10:10:00,HOLD,MIDCPNIFTY24OCT12900PE,70.0,288.0,Monitoring
2024-10-21,10:15:00,HOLD,MIDCPNIFTY24OCT12900PE,79.4,-840.0,Monitoring
2024-10-21,10:20:00,HOLD,MIDCPNIFTY24OCT12900PE,70.5,228.0,Monitoring
2024-10-21,10:25:00,HOLD,MIDCPNIFTY24OCT12900PE,75.35,-354.0,Monitoring
2024-10-21,10:30:00,HOLD,MIDCPNIFTY24OCT12900PE,75.15,-330.0,Monitoring
2024-10-21,10:35:00,HOLD,MIDCPNIFTY24OCT12900PE,77.6,-624.0,Monitoring
2024-10-21,10:40:00,HOLD,MIDCPNIFTY24OCT12900PE,79.0,-792.0,Monitoring
2024-10-21,10:45:00,HOLD,MIDCPNIFTY24OCT12900PE,90.0,-2112.0,Monitoring
2024-10-21,10:50:00,HOLD,MIDCPNIFTY24OCT12900PE,84.5,-1452.0,Monitoring
2024-10-21,10:55:00,HOLD,MIDCPNIFTY24OCT12900PE,90.75,-2202.0,Monitoring
2024-10-21,11:00:00,HOLD,MIDCPNIFTY24OCT12900PE,78.05,-678.0,Monitoring
2024-10-21,11:05:00,HOLD,MIDCPNIFTY24OCT12900PE,86.2,-1656.0,Monitoring
2024-10-21,11:10:00,HOLD,MIDCPNIFTY24OCT12900PE,83.0,-1272.0,Monitoring
2024-10-21,11:15:00,HOLD,MIDCPNIFTY24OCT12900PE,90.25,-2142.0,Monitoring
2024-10-21,11:20:00,HOLD,MIDCPNIFTY24OCT12900PE,73.75,-162.0,Monitoring
2024-10-21,11:25:00,HOLD,MIDCPNIFTY24OCT12900PE,73.8,-168.0,Monitoring
2024-10-21,11:30:00,HOLD,MIDCPNIFTY24OCT12900PE,86.65,-1710.0,Monitoring
2024-10-21,11:35:00,HOLD,MIDCPNIFTY24OCT12900PE,83.9,-1380.0,Monitoring
2024-10-21,11:40:00,HOLD,MIDCPNIFTY24OCT12900PE,89.55,-2058.0,Monitoring
2024-10-21,11:45:00,HOLD,MIDCPNIFTY24OCT12900PE,86.7,-1716.0,Monitoring
2024-10-21,11:50:00,HOLD,MIDCPNIFTY24OCT12900PE,86.25,-1662.0,Monitoring
2024-10-21,11:55:00,HOLD,MIDCPNIFTY24OCT12900PE,82.8,-1248.0,Monitoring
2024-10-21,12:00:00,HOLD,MIDCPNIFTY24OCT12900PE,86.75,-1722.0,Monitoring
2024-10-21,12:05:00,HOLD,MIDCPNIFTY24OCT12900PE,88.45,-1926.0,Monitoring
2024-10-21,12:10:00,HOLD,MIDCPNIFTY24OCT12900PE,106.55,-4098.0,Monitoring
2024-10-21,12:15:00,HOLD,MIDCPNIFTY24OCT12900PE,100.6,-3384.0,Monitoring
2024-10-21,12:20:00,HOLD,MIDCPNIFTY24OCT12900PE,90.0,-2112.0,Monitoring
2024-10-21,12:25:00,HOLD,MIDCPNIFTY24OCT12900PE,95.85,-2814.0,Monitoring
2024-10-21,12:30:00,HOLD,MIDCPNIFTY24OCT12900PE,117.7,-5436.0,Monitoring
2024-10-21,12:30:00,BUY_EXIT,MIDCPNIFTY24OCT12900PE,117.7,-5436.0,EMA_REVERSAL_SL
