Date,Time,Event,Ticker,Price,PnL_INR,Info
2025-07-21,14:00:00,SELL_ENTRY,MIDCPNIFTY25JUL13100PE,57.0,0.0,Signal PE | Short
2025-07-21,14:05:00,HOLD,MIDCPNIFTY25JUL13100PE,55.9,132.0,Monitoring
2025-07-21,14:10:00,HOLD,MIDCPNIFTY25JUL13100PE,59.7,-324.0,Monitoring
2025-07-21,14:15:00,HOLD,MIDCPNIFTY25JUL13100PE,60.0,-360.0,Monitoring
2025-07-21,14:20:00,HOLD,MIDCPNIFTY25JUL13100PE,57.85,-102.0,Monitoring
2025-07-21,14:25:00,HOLD,MIDCPNIFTY25JUL13100PE,56.45,66.0,Monitoring
2025-07-21,14:30:00,HOLD,MIDCPNIFTY25JUL13100PE,57.2,-24.0,Monitoring
2025-07-21,14:35:00,HOLD,MIDCPNIFTY25JUL13100PE,58.55,-186.0,Monitoring
2025-07-21,14:40:00,HOLD,MIDCPNIFTY25JUL13100PE,56.15,102.0,Monitoring
2025-07-21,14:45:00,HOLD,MIDCPNIFTY25JUL13100PE,53.85,378.0,Monitoring
2025-07-21,14:50:00,HOLD,MIDCPNIFTY25JUL13100PE,53.05,474.0,Monitoring
2025-07-21,14:55:00,HOLD,MIDCPNIFTY25JUL13100PE,53.4,432.0,Monitoring
2025-07-21,15:00:00,HOLD,MIDCPNIFTY25JUL13100PE,52.75,510.0,Monitoring
2025-07-21,15:05:00,HOLD,MIDCPNIFTY25JUL13100PE,51.5,660.0,Monitoring
2025-07-21,15:10:00,HOLD,MIDCPNIFTY25JUL13100PE,50.5,780.0,Monitoring
2025-07-21,15:15:00,HOLD,MIDCPNIFTY25JUL13100PE,51.95,606.0,Monitoring
2025-07-21,15:20:00,HOLD,MIDCPNIFTY25JUL13100PE,54.5,300.0,Monitoring
2025-07-21,15:25:00,HOLD,MIDCPNIFTY25JUL13100PE,52.45,546.0,Monitoring
2025-07-22,09:15:00,HOLD,MIDCPNIFTY25JUL13100PE,48.45,1026.0,Monitoring
2025-07-22,09:20:00,HOLD,MIDCPNIFTY25JUL13100PE,45.9,1332.0,Monitoring
2025-07-22,09:25:00,HOLD,MIDCPNIFTY25JUL13100PE,52.0,600.0,Monitoring
2025-07-22,09:30:00,HOLD,MIDCPNIFTY25JUL13100PE,57.0,0.0,Monitoring
2025-07-22,09:35:00,HOLD,MIDCPNIFTY25JUL13100PE,55.65,162.0,Monitoring
2025-07-22,09:40:00,HOLD,MIDCPNIFTY25JUL13100PE,57.7,-84.0,Monitoring
2025-07-22,09:45:00,HOLD,MIDCPNIFTY25JUL13100PE,56.05,114.0,Monitoring
2025-07-22,09:50:00,HOLD,MIDCPNIFTY25JUL13100PE,59.25,-270.0,Monitoring
2025-07-22,09:55:00,HOLD,MIDCPNIFTY25JUL13100PE,62.0,-600.0,Monitoring
2025-07-22,10:00:00,HOLD,MIDCPNIFTY25JUL13100PE,73.05,-1926.0,Monitoring
2025-07-22,10:05:00,HOLD,MIDCPNIFTY25JUL13100PE,76.15,-2298.0,Monitoring
2025-07-22,10:10:00,HOLD,MIDCPNIFTY25JUL13100PE,74.85,-2142.0,Monitoring
2025-07-22,10:15:00,HOLD,MIDCPNIFTY25JUL13100PE,74.5,-2100.0,Monitoring
2025-07-22,10:20:00,HOLD,MIDCPNIFTY25JUL13100PE,79.7,-2724.0,Monitoring
2025-07-22,10:25:00,HOLD,MIDCPNIFTY25JUL13100PE,75.95,-2274.0,Monitoring
2025-07-22,10:25:00,BUY_EXIT,MIDCPNIFTY25JUL13100PE,75.95,-2274.0,EMA_REVERSAL_SL
