Date,Time,Event,Ticker,Price,PnL_INR,Info
2025-02-01,14:00:00,SELL_ENTRY,MIDCPNIFTY25FEB12000CE,238.95,0.0,Signal CE | Short
2025-02-01,14:05:00,HOLD,MIDCPNIFTY25FEB12000CE,243.45,-540.0,Monitoring
2025-02-01,14:10:00,HOLD,MIDCPNIFTY25FEB12000CE,246.75,-936.0,Monitoring
2025-02-01,14:15:00,HOLD,MIDCPNIFTY25FEB12000CE,261.55,-2712.0,Monitoring
2025-02-01,14:20:00,HOLD,MIDCPNIFTY25FEB12000CE,267.1,-3378.0,Monitoring
2025-02-01,14:25:00,HOLD,MIDCPNIFTY25FEB12000CE,265.05,-3132.0,Monitoring
2025-02-01,14:30:00,HOLD,MIDCPNIFTY25FEB12000CE,238.55,48.0,Monitoring
2025-02-01,14:35:00,HOLD,MIDCPNIFTY25FEB12000CE,237.15,216.0,Monitoring
2025-02-01,14:40:00,HOLD,MIDCPNIFTY25FEB12000CE,231.6,882.0,Monitoring
2025-02-01,14:45:00,HOLD,MIDCPNIFTY25FEB12000CE,246.4,-894.0,Monitoring
2025-02-01,14:50:00,HOLD,MIDCPNIFTY25FEB12000CE,235.3,438.0,Monitoring
2025-02-01,14:55:00,HOLD,MIDCPNIFTY25FEB12000CE,242.85,-468.0,Monitoring
2025-02-01,15:00:00,HOLD,MIDCPNIFTY25FEB12000CE,243.25,-516.0,Monitoring
2025-02-01,15:05:00,HOLD,MIDCPNIFTY25FEB12000CE,245.0,-726.0,Monitoring
2025-02-01,15:10:00,HOLD,MIDCPNIFTY25FEB12000CE,242.05,-372.0,Monitoring
2025-02-01,15:15:00,HOLD,MIDCPNIFTY25FEB12000CE,237.5,174.0,Monitoring
2025-02-01,15:20:00,HOLD,MIDCPNIFTY25FEB12000CE,227.55,1368.0,Monitoring
2025-02-01,15:25:00,HOLD,MIDCPNIFTY25FEB12000CE,239.5,-66.0,Monitoring
2025-02-03,09:15:00,HOLD,MIDCPNIFTY25FEB12000CE,160.25,9444.0,Monitoring
2025-02-03,09:20:00,HOLD,MIDCPNIFTY25FEB12000CE,174.3,7758.0,Monitoring
2025-02-03,09:25:00,HOLD,MIDCPNIFTY25FEB12000CE,198.95,4800.0,Monitoring
2025-02-03,09:30:00,HOLD,MIDCPNIFTY25FEB12000CE,190.85,5772.0,Monitoring
2025-02-03,09:35:00,HOLD,MIDCPNIFTY25FEB12000CE,178.6,7242.0,Monitoring
2025-02-03,09:40:00,HOLD,MIDCPNIFTY25FEB12000CE,182.1,6822.0,Monitoring
2025-02-03,09:45:00,HOLD,MIDCPNIFTY25FEB12000CE,172.95,7920.0,Monitoring
2025-02-03,09:50:00,HOLD,MIDCPNIFTY25FEB12000CE,172.0,8034.0,Monitoring
2025-02-03,09:55:00,HOLD,MIDCPNIFTY25FEB12000CE,175.7,7590.0,Monitoring
2025-02-03,10:00:00,HOLD,MIDCPNIFTY25FEB12000CE,178.2,7290.0,Monitoring
2025-02-03,10:05:00,HOLD,MIDCPNIFTY25FEB12000CE,184.85,6492.0,Monitoring
2025-02-03,10:10:00,HOLD,MIDCPNIFTY25FEB12000CE,185.3,6438.0,Monitoring
2025-02-03,10:15:00,HOLD,MIDCPNIFTY25FEB12000CE,181.6,6882.0,Monitoring
2025-02-03,10:20:00,HOLD,MIDCPNIFTY25FEB12000CE,184.35,6552.0,Monitoring
2025-02-03,10:25:00,HOLD,MIDCPNIFTY25FEB12000CE,180.0,7074.0,Monitoring
2025-02-03,10:30:00,HOLD,MIDCPNIFTY25FEB12000CE,180.35,7032.0,Monitoring
2025-02-03,10:35:00,HOLD,MIDCPNIFTY25FEB12000CE,175.7,7590.0,Monitoring
2025-02-03,10:40:00,HOLD,MIDCPNIFTY25FEB12000CE,182.0,6834.0,Monitoring
2025-02-03,10:45:00,HOLD,MIDCPNIFTY25FEB12000CE,185.3,6438.0,Monitoring
2025-02-03,10:50:00,HOLD,MIDCPNIFTY25FEB12000CE,190.15,5856.0,Monitoring
2025-02-03,10:55:00,HOLD,MIDCPNIFTY25FEB12000CE,200.9,4566.0,Monitoring
2025-02-03,11:00:00,HOLD,MIDCPNIFTY25FEB12000CE,205.4,4026.0,Monitoring
2025-02-03,11:05:00,HOLD,MIDCPNIFTY25FEB12000CE,206.1,3942.0,Monitoring
2025-02-03,11:10:00,HOLD,MIDCPNIFTY25FEB12000CE,208.55,3648.0,Monitoring
2025-02-03,11:15:00,HOLD,MIDCPNIFTY25FEB12000CE,216.0,2754.0,Monitoring
2025-02-03,11:20:00,HOLD,MIDCPNIFTY25FEB12000CE,208.0,3714.0,Monitoring
2025-02-03,11:25:00,HOLD,MIDCPNIFTY25FEB12000CE,199.9,4686.0,Monitoring
2025-02-03,11:30:00,HOLD,MIDCPNIFTY25FEB12000CE,195.0,5274.0,Monitoring
2025-02-03,11:35:00,HOLD,MIDCPNIFTY25FEB12000CE,192.15,5616.0,Monitoring
2025-02-03,11:40:00,HOLD,MIDCPNIFTY25FEB12000CE,194.15,5376.0,Monitoring
2025-02-03,11:45:00,HOLD,MIDCPNIFTY25FEB12000CE,197.55,4968.0,Monitoring
2025-02-03,11:50:00,HOLD,MIDCPNIFTY25FEB12000CE,192.75,5544.0,Monitoring
2025-02-03,11:55:00,HOLD,MIDCPNIFTY25FEB12000CE,190.2,5850.0,Monitoring
2025-02-03,12:00:00,HOLD,MIDCPNIFTY25FEB12000CE,193.0,5514.0,Monitoring
2025-02-03,12:05:00,HOLD,MIDCPNIFTY25FEB12000CE,196.5,5094.0,Monitoring
2025-02-03,12:10:00,HOLD,MIDCPNIFTY25FEB12000CE,197.65,4956.0,Monitoring
2025-02-03,12:15:00,HOLD,MIDCPNIFTY25FEB12000CE,197.05,5028.0,Monitoring
2025-02-03,12:20:00,HOLD,MIDCPNIFTY25FEB12000CE,189.35,5952.0,Monitoring
2025-02-03,12:25:00,HOLD,MIDCPNIFTY25FEB12000CE,189.15,5976.0,Monitoring
2025-02-03,12:30:00,HOLD,MIDCPNIFTY25FEB12000CE,187.1,6222.0,Monitoring
2025-02-03,12:35:00,HOLD,MIDCPNIFTY25FEB12000CE,181.0,6954.0,Monitoring
2025-02-03,12:40:00,HOLD,MIDCPNIFTY25FEB12000CE,184.35,6552.0,Monitoring
2025-02-03,12:45:00,HOLD,MIDCPNIFTY25FEB12000CE,178.0,7314.0,Monitoring
2025-02-03,12:50:00,HOLD,MIDCPNIFTY25FEB12000CE,179.5,7134.0,Monitoring
2025-02-03,12:55:00,HOLD,MIDCPNIFTY25FEB12000CE,182.95,6720.0,Monitoring
2025-02-03,13:00:00,HOLD,MIDCPNIFTY25FEB12000CE,192.05,5628.0,Monitoring
2025-02-03,13:05:00,HOLD,MIDCPNIFTY25FEB12000CE,198.25,4884.0,Monitoring
2025-02-03,13:10:00,HOLD,MIDCPNIFTY25FEB12000CE,197.65,4956.0,Monitoring
2025-02-03,13:15:00,HOLD,MIDCPNIFTY25FEB12000CE,189.1,5982.0,Monitoring
2025-02-03,13:20:00,HOLD,MIDCPNIFTY25FEB12000CE,193.0,5514.0,Monitoring
2025-02-03,13:25:00,HOLD,MIDCPNIFTY25FEB12000CE,188.0,6114.0,Monitoring
2025-02-03,13:30:00,HOLD,MIDCPNIFTY25FEB12000CE,189.2,5970.0,Monitoring
2025-02-03,13:35:00,HOLD,MIDCPNIFTY25FEB12000CE,190.25,5844.0,Monitoring
2025-02-03,13:40:00,HOLD,MIDCPNIFTY25FEB12000CE,196.0,5154.0,Monitoring
2025-02-03,13:45:00,HOLD,MIDCPNIFTY25FEB12000CE,197.7,4950.0,Monitoring
2025-02-03,13:50:00,HOLD,MIDCPNIFTY25FEB12000CE,192.25,5604.0,Monitoring
2025-02-03,13:55:00,HOLD,MIDCPNIFTY25FEB12000CE,186.9,6246.0,Monitoring
2025-02-03,14:00:00,HOLD,MIDCPNIFTY25FEB12000CE,190.0,5874.0,Monitoring
2025-02-03,14:05:00,HOLD,MIDCPNIFTY25FEB12000CE,192.35,5592.0,Monitoring
2025-02-03,14:10:00,HOLD,MIDCPNIFTY25FEB12000CE,192.3,5598.0,Monitoring
2025-02-03,14:15:00,HOLD,MIDCPNIFTY25FEB12000CE,191.2,5730.0,Monitoring
2025-02-03,14:20:00,HOLD,MIDCPNIFTY25FEB12000CE,190.1,5862.0,Monitoring
2025-02-03,14:25:00,HOLD,MIDCPNIFTY25FEB12000CE,193.6,5442.0,Monitoring
2025-02-03,14:30:00,HOLD,MIDCPNIFTY25FEB12000CE,195.55,5208.0,Monitoring
2025-02-03,14:35:00,HOLD,MIDCPNIFTY25FEB12000CE,202.85,4332.0,Monitoring
2025-02-03,14:40:00,HOLD,MIDCPNIFTY25FEB12000CE,199.85,4692.0,Monitoring
2025-02-03,14:45:00,HOLD,MIDCPNIFTY25FEB12000CE,191.5,5694.0,Monitoring
2025-02-03,14:50:00,HOLD,MIDCPNIFTY25FEB12000CE,191.65,5676.0,Monitoring
2025-02-03,14:55:00,HOLD,MIDCPNIFTY25FEB12000CE,198.8,4818.0,Monitoring
2025-02-03,15:00:00,HOLD,MIDCPNIFTY25FEB12000CE,208.25,3684.0,Monitoring
2025-02-03,15:05:00,HOLD,MIDCPNIFTY25FEB12000CE,213.0,3114.0,Monitoring
2025-02-03,15:10:00,HOLD,MIDCPNIFTY25FEB12000CE,210.0,3474.0,Monitoring
2025-02-03,15:15:00,HOLD,MIDCPNIFTY25FEB12000CE,209.5,3534.0,Monitoring
2025-02-03,15:20:00,HOLD,MIDCPNIFTY25FEB12000CE,208.65,3636.0,Monitoring
2025-02-03,15:25:00,HOLD,MIDCPNIFTY25FEB12000CE,209.95,3480.0,Monitoring
2025-02-04,09:15:00,HOLD,MIDCPNIFTY25FEB12000CE,274.95,-4320.0,Monitoring
2025-02-04,09:15:00,BUY_EXIT,MIDCPNIFTY25FEB12000CE,274.95,-4320.0,EMA_REVERSAL_SL
