Date,Time,Event,Ticker,Price,PnL_INR,Info
2025-02-13,14:00:00,SELL_ENTRY,MIDCPNIFTY25FEB11500CE,190.1,0.0,Signal CE | Short
2025-02-13,14:05:00,HOLD,MIDCPNIFTY25FEB11500CE,176.55,1626.0,Monitoring
2025-02-13,14:10:00,HOLD,MIDCPNIFTY25FEB11500CE,186.4,444.0,Monitoring
2025-02-13,14:15:00,HOLD,MIDCPNIFTY25FEB11500CE,179.0,1332.0,Monitoring
2025-02-13,14:20:00,HOLD,MIDCPNIFTY25FEB11500CE,178.0,1452.0,Monitoring
2025-02-13,14:25:00,HOLD,MIDCPNIFTY25FEB11500CE,182.35,930.0,Monitoring
2025-02-13,14:30:00,HOLD,MIDCPNIFTY25FEB11500CE,171.75,2202.0,Monitoring
2025-02-13,14:35:00,HOLD,MIDCPNIFTY25FEB11500CE,170.4,2364.0,Monitoring
2025-02-13,14:40:00,HOLD,MIDCPNIFTY25FEB11500CE,170.0,2412.0,Monitoring
2025-02-13,14:45:00,HOLD,MIDCPNIFTY25FEB11500CE,176.85,1590.0,Monitoring
2025-02-13,14:50:00,HOLD,MIDCPNIFTY25FEB11500CE,185.0,612.0,Monitoring
2025-02-13,14:55:00,HOLD,MIDCPNIFTY25FEB11500CE,176.25,1662.0,Monitoring
2025-02-13,15:00:00,HOLD,MIDCPNIFTY25FEB11500CE,169.25,2502.0,Monitoring
2025-02-13,15:05:00,HOLD,MIDCPNIFTY25FEB11500CE,175.95,1698.0,Monitoring
2025-02-13,15:10:00,HOLD,MIDCPNIFTY25FEB11500CE,170.6,2340.0,Monitoring
2025-02-13,15:15:00,HOLD,MIDCPNIFTY25FEB11500CE,171.2,2268.0,Monitoring
2025-02-13,15:20:00,HOLD,MIDCPNIFTY25FEB11500CE,167.6,2700.0,Monitoring
2025-02-13,15:25:00,HOLD,MIDCPNIFTY25FEB11500CE,163.85,3150.0,Monitoring
2025-02-14,09:15:00,HOLD,MIDCPNIFTY25FEB11500CE,176.25,1662.0,Monitoring
2025-02-14,09:20:00,HOLD,MIDCPNIFTY25FEB11500CE,168.0,2652.0,Monitoring
2025-02-14,09:25:00,HOLD,MIDCPNIFTY25FEB11500CE,144.8,5436.0,Monitoring
2025-02-14,09:30:00,HOLD,MIDCPNIFTY25FEB11500CE,140.0,6012.0,Monitoring
2025-02-14,09:35:00,HOLD,MIDCPNIFTY25FEB11500CE,154.7,4248.0,Monitoring
2025-02-14,09:40:00,HOLD,MIDCPNIFTY25FEB11500CE,147.6,5100.0,Monitoring
2025-02-14,09:45:00,HOLD,MIDCPNIFTY25FEB11500CE,141.95,5778.0,Monitoring
2025-02-14,09:50:00,HOLD,MIDCPNIFTY25FEB11500CE,133.05,6846.0,Monitoring
2025-02-14,09:55:00,HOLD,MIDCPNIFTY25FEB11500CE,141.4,5844.0,Monitoring
2025-02-14,10:00:00,HOLD,MIDCPNIFTY25FEB11500CE,136.85,6390.0,Monitoring
2025-02-14,10:05:00,HOLD,MIDCPNIFTY25FEB11500CE,135.5,6552.0,Monitoring
2025-02-14,10:10:00,HOLD,MIDCPNIFTY25FEB11500CE,122.95,8058.0,Monitoring
2025-02-14,10:15:00,HOLD,MIDCPNIFTY25FEB11500CE,131.5,7032.0,Monitoring
2025-02-14,10:20:00,HOLD,MIDCPNIFTY25FEB11500CE,134.0,6732.0,Monitoring
2025-02-14,10:25:00,HOLD,MIDCPNIFTY25FEB11500CE,120.3,8376.0,Monitoring
2025-02-14,10:30:00,HOLD,MIDCPNIFTY25FEB11500CE,119.85,8430.0,Monitoring
2025-02-14,10:35:00,HOLD,MIDCPNIFTY25FEB11500CE,108.0,9852.0,Monitoring
2025-02-14,10:40:00,HOLD,MIDCPNIFTY25FEB11500CE,101.7,10608.0,Monitoring
2025-02-14,10:45:00,HOLD,MIDCPNIFTY25FEB11500CE,95.5,11352.0,Monitoring
2025-02-14,10:50:00,HOLD,MIDCPNIFTY25FEB11500CE,92.45,11718.0,Monitoring
2025-02-14,10:55:00,HOLD,MIDCPNIFTY25FEB11500CE,91.9,11784.0,Monitoring
2025-02-14,11:00:00,HOLD,MIDCPNIFTY25FEB11500CE,81.25,13062.0,Monitoring
2025-02-14,11:05:00,HOLD,MIDCPNIFTY25FEB11500CE,84.6,12660.0,Monitoring
2025-02-14,11:10:00,HOLD,MIDCPNIFTY25FEB11500CE,98.1,11040.0,Monitoring
2025-02-14,11:15:00,HOLD,MIDCPNIFTY25FEB11500CE,92.95,11658.0,Monitoring
2025-02-14,11:20:00,HOLD,MIDCPNIFTY25FEB11500CE,93.8,11556.0,Monitoring
2025-02-14,11:25:00,HOLD,MIDCPNIFTY25FEB11500CE,90.15,11994.0,Monitoring
2025-02-14,11:30:00,HOLD,MIDCPNIFTY25FEB11500CE,92.0,11772.0,Monitoring
2025-02-14,11:35:00,HOLD,MIDCPNIFTY25FEB11500CE,88.1,12240.0,Monitoring
2025-02-14,11:40:00,HOLD,MIDCPNIFTY25FEB11500CE,94.1,11520.0,Monitoring
2025-02-14,11:45:00,HOLD,MIDCPNIFTY25FEB11500CE,94.4,11484.0,Monitoring
2025-02-14,11:50:00,HOLD,MIDCPNIFTY25FEB11500CE,99.0,10932.0,Monitoring
2025-02-14,11:55:00,HOLD,MIDCPNIFTY25FEB11500CE,100.95,10698.0,Monitoring
2025-02-14,12:00:00,HOLD,MIDCPNIFTY25FEB11500CE,88.7,12168.0,Monitoring
2025-02-14,12:05:00,HOLD,MIDCPNIFTY25FEB11500CE,86.7,12408.0,Monitoring
2025-02-14,12:10:00,HOLD,MIDCPNIFTY25FEB11500CE,86.0,12492.0,Monitoring
2025-02-14,12:15:00,HOLD,MIDCPNIFTY25FEB11500CE,79.05,13326.0,Monitoring
2025-02-14,12:20:00,HOLD,MIDCPNIFTY25FEB11500CE,84.0,12732.0,Monitoring
2025-02-14,12:25:00,HOLD,MIDCPNIFTY25FEB11500CE,84.5,12672.0,Monitoring
2025-02-14,12:30:00,HOLD,MIDCPNIFTY25FEB11500CE,85.75,12522.0,Monitoring
2025-02-14,12:35:00,HOLD,MIDCPNIFTY25FEB11500CE,87.0,12372.0,Monitoring
2025-02-14,12:40:00,HOLD,MIDCPNIFTY25FEB11500CE,80.4,13164.0,Monitoring
2025-02-14,12:45:00,HOLD,MIDCPNIFTY25FEB11500CE,78.1,13440.0,Monitoring
2025-02-14,12:50:00,HOLD,MIDCPNIFTY25FEB11500CE,80.45,13158.0,Monitoring
2025-02-14,12:55:00,HOLD,MIDCPNIFTY25FEB11500CE,74.6,13860.0,Monitoring
2025-02-14,13:00:00,HOLD,MIDCPNIFTY25FEB11500CE,75.6,13740.0,Monitoring
2025-02-14,13:05:00,HOLD,MIDCPNIFTY25FEB11500CE,72.35,14130.0,Monitoring
2025-02-14,13:10:00,HOLD,MIDCPNIFTY25FEB11500CE,77.7,13488.0,Monitoring
2025-02-14,13:15:00,HOLD,MIDCPNIFTY25FEB11500CE,82.15,12954.0,Monitoring
2025-02-14,13:20:00,HOLD,MIDCPNIFTY25FEB11500CE,80.85,13110.0,Monitoring
2025-02-14,13:25:00,HOLD,MIDCPNIFTY25FEB11500CE,82.3,12936.0,Monitoring
2025-02-14,13:30:00,HOLD,MIDCPNIFTY25FEB11500CE,82.0,12972.0,Monitoring
2025-02-14,13:35:00,HOLD,MIDCPNIFTY25FEB11500CE,79.45,13278.0,Monitoring
2025-02-14,13:40:00,HOLD,MIDCPNIFTY25FEB11500CE,78.5,13392.0,Monitoring
2025-02-14,13:45:00,HOLD,MIDCPNIFTY25FEB11500CE,76.0,13692.0,Monitoring
2025-02-14,13:50:00,HOLD,MIDCPNIFTY25FEB11500CE,74.25,13902.0,Monitoring
2025-02-14,13:55:00,HOLD,MIDCPNIFTY25FEB11500CE,76.0,13692.0,Monitoring
2025-02-14,14:00:00,HOLD,MIDCPNIFTY25FEB11500CE,73.4,14004.0,Monitoring
2025-02-14,14:05:00,HOLD,MIDCPNIFTY25FEB11500CE,76.0,13692.0,Monitoring
2025-02-14,14:10:00,HOLD,MIDCPNIFTY25FEB11500CE,72.05,14166.0,Monitoring
2025-02-14,14:15:00,HOLD,MIDCPNIFTY25FEB11500CE,80.0,13212.0,Monitoring
2025-02-14,14:20:00,HOLD,MIDCPNIFTY25FEB11500CE,77.7,13488.0,Monitoring
2025-02-14,14:25:00,HOLD,MIDCPNIFTY25FEB11500CE,83.95,12738.0,Monitoring
2025-02-14,14:30:00,HOLD,MIDCPNIFTY25FEB11500CE,87.65,12294.0,Monitoring
2025-02-14,14:35:00,HOLD,MIDCPNIFTY25FEB11500CE,92.2,11748.0,Monitoring
2025-02-14,14:40:00,HOLD,MIDCPNIFTY25FEB11500CE,103.65,10374.0,Monitoring
2025-02-14,14:45:00,HOLD,MIDCPNIFTY25FEB11500CE,99.05,10926.0,Monitoring
2025-02-14,14:50:00,HOLD,MIDCPNIFTY25FEB11500CE,97.2,11148.0,Monitoring
2025-02-14,14:55:00,HOLD,MIDCPNIFTY25FEB11500CE,92.75,11682.0,Monitoring
2025-02-14,15:00:00,HOLD,MIDCPNIFTY25FEB11500CE,88.0,12252.0,Monitoring
2025-02-14,15:05:00,HOLD,MIDCPNIFTY25FEB11500CE,87.1,12360.0,Monitoring
2025-02-14,15:10:00,HOLD,MIDCPNIFTY25FEB11500CE,88.0,12252.0,Monitoring
2025-02-14,15:15:00,HOLD,MIDCPNIFTY25FEB11500CE,88.0,12252.0,Monitoring
2025-02-14,15:20:00,HOLD,MIDCPNIFTY25FEB11500CE,83.55,12786.0,Monitoring
2025-02-14,15:25:00,HOLD,MIDCPNIFTY25FEB11500CE,85.0,12612.0,Monitoring
2025-02-17,09:15:00,HOLD,MIDCPNIFTY25FEB11500CE,75.65,13734.0,Monitoring
2025-02-17,09:20:00,HOLD,MIDCPNIFTY25FEB11500CE,79.1,13320.0,Monitoring
2025-02-17,09:25:00,HOLD,MIDCPNIFTY25FEB11500CE,76.5,13632.0,Monitoring
2025-02-17,09:30:00,HOLD,MIDCPNIFTY25FEB11500CE,69.0,14532.0,Monitoring
2025-02-17,09:35:00,HOLD,MIDCPNIFTY25FEB11500CE,66.5,14832.0,Monitoring
2025-02-17,09:40:00,HOLD,MIDCPNIFTY25FEB11500CE,75.0,13812.0,Monitoring
2025-02-17,09:45:00,HOLD,MIDCPNIFTY25FEB11500CE,72.55,14106.0,Monitoring
2025-02-17,09:50:00,HOLD,MIDCPNIFTY25FEB11500CE,61.8,15396.0,Monitoring
2025-02-17,09:55:00,HOLD,MIDCPNIFTY25FEB11500CE,71.0,14292.0,Monitoring
2025-02-17,10:00:00,HOLD,MIDCPNIFTY25FEB11500CE,68.15,14634.0,Monitoring
2025-02-17,10:05:00,HOLD,MIDCPNIFTY25FEB11500CE,73.05,14046.0,Monitoring
2025-02-17,10:10:00,HOLD,MIDCPNIFTY25FEB11500CE,67.7,14688.0,Monitoring
2025-02-17,10:15:00,HOLD,MIDCPNIFTY25FEB11500CE,69.95,14418.0,Monitoring
2025-02-17,10:20:00,HOLD,MIDCPNIFTY25FEB11500CE,69.85,14430.0,Monitoring
2025-02-17,10:25:00,HOLD,MIDCPNIFTY25FEB11500CE,73.15,14034.0,Monitoring
2025-02-17,10:30:00,HOLD,MIDCPNIFTY25FEB11500CE,75.0,13812.0,Monitoring
2025-02-17,10:35:00,HOLD,MIDCPNIFTY25FEB11500CE,89.75,12042.0,Monitoring
2025-02-17,10:40:00,HOLD,MIDCPNIFTY25FEB11500CE,99.9,10824.0,Monitoring
2025-02-17,10:45:00,HOLD,MIDCPNIFTY25FEB11500CE,96.4,11244.0,Monitoring
2025-02-17,10:50:00,HOLD,MIDCPNIFTY25FEB11500CE,94.0,11532.0,Monitoring
2025-02-17,10:55:00,HOLD,MIDCPNIFTY25FEB11500CE,82.9,12864.0,Monitoring
2025-02-17,11:00:00,HOLD,MIDCPNIFTY25FEB11500CE,81.05,13086.0,Monitoring
2025-02-17,11:05:00,HOLD,MIDCPNIFTY25FEB11500CE,76.15,13674.0,Monitoring
2025-02-17,11:10:00,HOLD,MIDCPNIFTY25FEB11500CE,71.55,14226.0,Monitoring
2025-02-17,11:15:00,HOLD,MIDCPNIFTY25FEB11500CE,71.0,14292.0,Monitoring
2025-02-17,11:20:00,HOLD,MIDCPNIFTY25FEB11500CE,76.05,13686.0,Monitoring
2025-02-17,11:25:00,HOLD,MIDCPNIFTY25FEB11500CE,74.0,13932.0,Monitoring
2025-02-17,11:30:00,HOLD,MIDCPNIFTY25FEB11500CE,76.0,13692.0,Monitoring
2025-02-17,11:35:00,HOLD,MIDCPNIFTY25FEB11500CE,68.9,14544.0,Monitoring
2025-02-17,11:40:00,HOLD,MIDCPNIFTY25FEB11500CE,71.7,14208.0,Monitoring
2025-02-17,11:45:00,HOLD,MIDCPNIFTY25FEB11500CE,73.0,14052.0,Monitoring
2025-02-17,11:50:00,HOLD,MIDCPNIFTY25FEB11500CE,72.25,14142.0,Monitoring
2025-02-17,11:55:00,HOLD,MIDCPNIFTY25FEB11500CE,75.05,13806.0,Monitoring
2025-02-17,12:00:00,HOLD,MIDCPNIFTY25FEB11500CE,75.15,13794.0,Monitoring
2025-02-17,12:05:00,HOLD,MIDCPNIFTY25FEB11500CE,73.0,14052.0,Monitoring
2025-02-17,12:10:00,HOLD,MIDCPNIFTY25FEB11500CE,69.8,14436.0,Monitoring
2025-02-17,12:15:00,HOLD,MIDCPNIFTY25FEB11500CE,66.7,14808.0,Monitoring
2025-02-17,12:20:00,HOLD,MIDCPNIFTY25FEB11500CE,69.0,14532.0,Monitoring
2025-02-17,12:25:00,HOLD,MIDCPNIFTY25FEB11500CE,71.1,14280.0,Monitoring
2025-02-17,12:30:00,HOLD,MIDCPNIFTY25FEB11500CE,73.5,13992.0,Monitoring
2025-02-17,12:35:00,HOLD,MIDCPNIFTY25FEB11500CE,72.95,14058.0,Monitoring
2025-02-17,12:40:00,HOLD,MIDCPNIFTY25FEB11500CE,76.65,13614.0,Monitoring
2025-02-17,12:45:00,HOLD,MIDCPNIFTY25FEB11500CE,79.25,13302.0,Monitoring
2025-02-17,12:50:00,HOLD,MIDCPNIFTY25FEB11500CE,83.0,12852.0,Monitoring
2025-02-17,12:55:00,HOLD,MIDCPNIFTY25FEB11500CE,83.75,12762.0,Monitoring
2025-02-17,13:00:00,HOLD,MIDCPNIFTY25FEB11500CE,80.0,13212.0,Monitoring
2025-02-17,13:05:00,HOLD,MIDCPNIFTY25FEB11500CE,80.15,13194.0,Monitoring
2025-02-17,13:10:00,HOLD,MIDCPNIFTY25FEB11500CE,77.4,13524.0,Monitoring
2025-02-17,13:15:00,HOLD,MIDCPNIFTY25FEB11500CE,77.7,13488.0,Monitoring
2025-02-17,13:20:00,HOLD,MIDCPNIFTY25FEB11500CE,86.5,12432.0,Monitoring
2025-02-17,13:25:00,HOLD,MIDCPNIFTY25FEB11500CE,85.05,12606.0,Monitoring
2025-02-17,13:30:00,HOLD,MIDCPNIFTY25FEB11500CE,95.75,11322.0,Monitoring
2025-02-17,13:35:00,HOLD,MIDCPNIFTY25FEB11500CE,98.0,11052.0,Monitoring
2025-02-17,13:40:00,HOLD,MIDCPNIFTY25FEB11500CE,103.0,10452.0,Monitoring
2025-02-17,13:45:00,HOLD,MIDCPNIFTY25FEB11500CE,96.6,11220.0,Monitoring
2025-02-17,13:50:00,HOLD,MIDCPNIFTY25FEB11500CE,93.0,11652.0,Monitoring
2025-02-17,13:50:00,BUY_EXIT,MIDCPNIFTY25FEB11500CE,93.0,11652.0,EMA_REVERSAL_SL
