Date,Time,Event,Ticker,Price,PnL_INR,Info
2024-08-01,14:55:00,SELL_ENTRY,MIDCPNIFTY24AUG13000CE,200.1,0.0,Signal CE | Short
2024-08-01,15:00:00,HOLD,MIDCPNIFTY24AUG13000CE,190.95,1098.0,Monitoring
2024-08-01,15:05:00,HOLD,MIDCPNIFTY24AUG13000CE,215.0,-1788.0,Monitoring
2024-08-01,15:10:00,HOLD,MIDCPNIFTY24AUG13000CE,215.0,-1788.0,Monitoring
2024-08-01,15:15:00,HOLD,MIDCPNIFTY24AUG13000CE,215.0,-1788.0,Monitoring
2024-08-01,15:20:00,HOLD,MIDCPNIFTY24AUG13000CE,215.0,-1788.0,Monitoring
2024-08-01,15:25:00,HOLD,MIDCPNIFTY24AUG13000CE,225.75,-3078.0,Monitoring
2024-08-02,09:15:00,HOLD,MIDCPNIFTY24AUG13000CE,225.75,-3078.0,Monitoring
2024-08-02,09:20:00,HOLD,MIDCPNIFTY24AUG13000CE,225.75,-3078.0,Monitoring
2024-08-02,09:25:00,HOLD,MIDCPNIFTY24AUG13000CE,225.75,-3078.0,Monitoring
2024-08-02,09:30:00,HOLD,MIDCPNIFTY24AUG13000CE,225.75,-3078.0,Monitoring
2024-08-02,09:35:00,HOLD,MIDCPNIFTY24AUG13000CE,225.75,-3078.0,Monitoring
2024-08-02,09:40:00,HOLD,MIDCPNIFTY24AUG13000CE,225.75,-3078.0,Monitoring
2024-08-02,09:45:00,HOLD,MIDCPNIFTY24AUG13000CE,225.75,-3078.0,Monitoring
2024-08-02,09:50:00,HOLD,MIDCPNIFTY24AUG13000CE,225.75,-3078.0,Monitoring
2024-08-02,09:55:00,HOLD,MIDCPNIFTY24AUG13000CE,225.75,-3078.0,Monitoring
2024-08-02,10:00:00,HOLD,MIDCPNIFTY24AUG13000CE,225.75,-3078.0,Monitoring
2024-08-02,10:05:00,HOLD,MIDCPNIFTY24AUG13000CE,225.75,-3078.0,Monitoring
2024-08-02,10:10:00,HOLD,MIDCPNIFTY24AUG13000CE,225.75,-3078.0,Monitoring
2024-08-02,10:15:00,HOLD,MIDCPNIFTY24AUG13000CE,225.75,-3078.0,Monitoring
2024-08-02,10:50:00,HOLD,MIDCPNIFTY24AUG13000CE,225.75,-3078.0,Monitoring
2024-08-02,10:55:00,HOLD,MIDCPNIFTY24AUG13000CE,225.75,-3078.0,Monitoring
2024-08-02,11:00:00,HOLD,MIDCPNIFTY24AUG13000CE,225.75,-3078.0,Monitoring
2024-08-02,11:05:00,HOLD,MIDCPNIFTY24AUG13000CE,225.75,-3078.0,Monitoring
2024-08-02,11:30:00,HOLD,MIDCPNIFTY24AUG13000CE,225.75,-3078.0,Monitoring
2024-08-02,11:35:00,HOLD,MIDCPNIFTY24AUG13000CE,225.75,-3078.0,Monitoring
2024-08-02,11:40:00,HOLD,MIDCPNIFTY24AUG13000CE,225.75,-3078.0,Monitoring
2024-08-02,11:45:00,HOLD,MIDCPNIFTY24AUG13000CE,200.0,12.0,Monitoring
2024-08-02,11:50:00,HOLD,MIDCPNIFTY24AUG13000CE,200.0,12.0,Monitoring
2024-08-02,11:55:00,HOLD,MIDCPNIFTY24AUG13000CE,200.0,12.0,Monitoring
2024-08-02,12:00:00,HOLD,MIDCPNIFTY24AUG13000CE,200.0,12.0,Monitoring
2024-08-02,12:05:00,HOLD,MIDCPNIFTY24AUG13000CE,200.0,12.0,Monitoring
2024-08-02,12:10:00,HOLD,MIDCPNIFTY24AUG13000CE,200.0,12.0,Monitoring
2024-08-02,12:15:00,HOLD,MIDCPNIFTY24AUG13000CE,200.0,12.0,Monitoring
2024-08-02,12:20:00,HOLD,MIDCPNIFTY24AUG13000CE,200.0,12.0,Monitoring
2024-08-02,12:25:00,HOLD,MIDCPNIFTY24AUG13000CE,200.0,12.0,Monitoring
2024-08-02,12:30:00,HOLD,MIDCPNIFTY24AUG13000CE,200.0,12.0,Monitoring
2024-08-02,12:35:00,HOLD,MIDCPNIFTY24AUG13000CE,200.0,12.0,Monitoring
2024-08-02,12:40:00,HOLD,MIDCPNIFTY24AUG13000CE,200.0,12.0,Monitoring
2024-08-02,12:45:00,HOLD,MIDCPNIFTY24AUG13000CE,200.0,12.0,Monitoring
2024-08-02,12:50:00,HOLD,MIDCPNIFTY24AUG13000CE,200.0,12.0,Monitoring
2024-08-02,12:55:00,HOLD,MIDCPNIFTY24AUG13000CE,200.0,12.0,Monitoring
2024-08-02,13:00:00,HOLD,MIDCPNIFTY24AUG13000CE,200.0,12.0,Monitoring
2024-08-02,13:05:00,HOLD,MIDCPNIFTY24AUG13000CE,200.0,12.0,Monitoring
2024-08-02,13:10:00,HOLD,MIDCPNIFTY24AUG13000CE,195.0,612.0,Monitoring
2024-08-02,13:15:00,HOLD,MIDCPNIFTY24AUG13000CE,195.0,612.0,Monitoring
2024-08-02,13:20:00,HOLD,MIDCPNIFTY24AUG13000CE,195.0,612.0,Monitoring
2024-08-02,13:25:00,HOLD,MIDCPNIFTY24AUG13000CE,195.0,612.0,Monitoring
2024-08-02,13:30:00,HOLD,MIDCPNIFTY24AUG13000CE,195.0,612.0,Monitoring
2024-08-02,13:35:00,HOLD,MIDCPNIFTY24AUG13000CE,148.0,6252.0,Monitoring
2024-08-02,13:40:00,HOLD,MIDCPNIFTY24AUG13000CE,159.1,4920.0,Monitoring
2024-08-02,13:45:00,HOLD,MIDCPNIFTY24AUG13000CE,159.1,4920.0,Monitoring
2024-08-02,13:50:00,HOLD,MIDCPNIFTY24AUG13000CE,159.1,4920.0,Monitoring
2024-08-02,13:55:00,HOLD,MIDCPNIFTY24AUG13000CE,159.1,4920.0,Monitoring
2024-08-02,14:00:00,HOLD,MIDCPNIFTY24AUG13000CE,159.1,4920.0,Monitoring
2024-08-02,14:05:00,HOLD,MIDCPNIFTY24AUG13000CE,159.1,4920.0,Monitoring
2024-08-02,14:15:00,HOLD,MIDCPNIFTY24AUG13000CE,159.1,4920.0,Monitoring
2024-08-02,14:20:00,HOLD,MIDCPNIFTY24AUG13000CE,155.0,5412.0,Monitoring
2024-08-02,14:25:00,HOLD,MIDCPNIFTY24AUG13000CE,155.0,5412.0,Monitoring
2024-08-02,14:30:00,HOLD,MIDCPNIFTY24AUG13000CE,155.0,5412.0,Monitoring
2024-08-02,14:35:00,HOLD,MIDCPNIFTY24AUG13000CE,155.0,5412.0,Monitoring
2024-08-02,14:40:00,HOLD,MIDCPNIFTY24AUG13000CE,155.0,5412.0,Monitoring
2024-08-02,14:45:00,HOLD,MIDCPNIFTY24AUG13000CE,155.0,5412.0,Monitoring
2024-08-02,14:50:00,HOLD,MIDCPNIFTY24AUG13000CE,155.0,5412.0,Monitoring
2024-08-02,14:55:00,HOLD,MIDCPNIFTY24AUG13000CE,155.0,5412.0,Monitoring
2024-08-02,15:00:00,HOLD,MIDCPNIFTY24AUG13000CE,155.0,5412.0,Monitoring
2024-08-02,15:05:00,HOLD,MIDCPNIFTY24AUG13000CE,155.0,5412.0,Monitoring
2024-08-02,15:10:00,HOLD,MIDCPNIFTY24AUG13000CE,122.6,9300.0,Monitoring
2024-08-02,15:15:00,HOLD,MIDCPNIFTY24AUG13000CE,125.0,9012.0,Monitoring
2024-08-02,15:20:00,HOLD,MIDCPNIFTY24AUG13000CE,125.0,9012.0,Monitoring
2024-08-02,15:25:00,HOLD,MIDCPNIFTY24AUG13000CE,115.0,10212.0,Monitoring
2024-08-05,09:15:00,HOLD,MIDCPNIFTY24AUG13000CE,115.0,10212.0,Monitoring
2024-08-05,09:20:00,HOLD,MIDCPNIFTY24AUG13000CE,115.0,10212.0,Monitoring
2024-08-05,09:25:00,HOLD,MIDCPNIFTY24AUG13000CE,62.0,16572.0,Monitoring
2024-08-05,09:30:00,HOLD,MIDCPNIFTY24AUG13000CE,62.0,16572.0,Monitoring
2024-08-05,09:35:00,HOLD,MIDCPNIFTY24AUG13000CE,62.0,16572.0,Monitoring
2024-08-05,09:40:00,HOLD,MIDCPNIFTY24AUG13000CE,52.4,17724.0,Monitoring
2024-08-05,09:45:00,HOLD,MIDCPNIFTY24AUG13000CE,52.4,17724.0,Monitoring
2024-08-05,09:50:00,HOLD,MIDCPNIFTY24AUG13000CE,52.4,17724.0,Monitoring
2024-08-05,09:55:00,HOLD,MIDCPNIFTY24AUG13000CE,52.4,17724.0,Monitoring
2024-08-05,10:00:00,HOLD,MIDCPNIFTY24AUG13000CE,55.0,17412.0,Monitoring
2024-08-05,10:05:00,HOLD,MIDCPNIFTY24AUG13000CE,55.0,17412.0,Monitoring
2024-08-05,10:10:00,HOLD,MIDCPNIFTY24AUG13000CE,55.0,17412.0,Monitoring
2024-08-05,10:15:00,HOLD,MIDCPNIFTY24AUG13000CE,79.95,14418.0,Monitoring
2024-08-05,10:20:00,HOLD,MIDCPNIFTY24AUG13000CE,79.95,14418.0,Monitoring
2024-08-05,10:25:00,HOLD,MIDCPNIFTY24AUG13000CE,79.95,14418.0,Monitoring
2024-08-05,10:30:00,HOLD,MIDCPNIFTY24AUG13000CE,79.95,14418.0,Monitoring
2024-08-05,10:35:00,HOLD,MIDCPNIFTY24AUG13000CE,79.95,14418.0,Monitoring
2024-08-05,10:40:00,HOLD,MIDCPNIFTY24AUG13000CE,79.95,14418.0,Monitoring
2024-08-05,10:45:00,HOLD,MIDCPNIFTY24AUG13000CE,79.95,14418.0,Monitoring
2024-08-05,10:50:00,HOLD,MIDCPNIFTY24AUG13000CE,79.95,14418.0,Monitoring
2024-08-05,10:55:00,HOLD,MIDCPNIFTY24AUG13000CE,79.95,14418.0,Monitoring
2024-08-05,11:00:00,HOLD,MIDCPNIFTY24AUG13000CE,79.95,14418.0,Monitoring
2024-08-05,11:05:00,HOLD,MIDCPNIFTY24AUG13000CE,79.95,14418.0,Monitoring
2024-08-05,11:10:00,HOLD,MIDCPNIFTY24AUG13000CE,79.95,14418.0,Monitoring
2024-08-05,11:15:00,HOLD,MIDCPNIFTY24AUG13000CE,56.0,17292.0,Monitoring
2024-08-05,11:20:00,HOLD,MIDCPNIFTY24AUG13000CE,55.0,17412.0,Monitoring
2024-08-05,11:25:00,HOLD,MIDCPNIFTY24AUG13000CE,55.0,17412.0,Monitoring
2024-08-05,11:30:00,HOLD,MIDCPNIFTY24AUG13000CE,55.0,17412.0,Monitoring
2024-08-05,11:35:00,HOLD,MIDCPNIFTY24AUG13000CE,55.0,17412.0,Monitoring
2024-08-05,11:40:00,HOLD,MIDCPNIFTY24AUG13000CE,55.0,17412.0,Monitoring
2024-08-05,11:45:00,HOLD,MIDCPNIFTY24AUG13000CE,55.0,17412.0,Monitoring
2024-08-05,11:50:00,HOLD,MIDCPNIFTY24AUG13000CE,55.0,17412.0,Monitoring
2024-08-05,11:55:00,HOLD,MIDCPNIFTY24AUG13000CE,32.0,20172.0,Monitoring
2024-08-05,12:00:00,HOLD,MIDCPNIFTY24AUG13000CE,30.0,20412.0,Monitoring
2024-08-05,12:05:00,HOLD,MIDCPNIFTY24AUG13000CE,30.0,20412.0,Monitoring
2024-08-05,12:10:00,HOLD,MIDCPNIFTY24AUG13000CE,30.0,20412.0,Monitoring
2024-08-05,12:15:00,HOLD,MIDCPNIFTY24AUG13000CE,30.0,20412.0,Monitoring
2024-08-05,12:20:00,HOLD,MIDCPNIFTY24AUG13000CE,30.0,20412.0,Monitoring
2024-08-05,12:25:00,HOLD,MIDCPNIFTY24AUG13000CE,30.0,20412.0,Monitoring
2024-08-05,12:30:00,HOLD,MIDCPNIFTY24AUG13000CE,30.0,20412.0,Monitoring
2024-08-05,12:35:00,HOLD,MIDCPNIFTY24AUG13000CE,30.0,20412.0,Monitoring
2024-08-05,12:40:00,HOLD,MIDCPNIFTY24AUG13000CE,30.0,20412.0,Monitoring
2024-08-05,12:45:00,HOLD,MIDCPNIFTY24AUG13000CE,30.0,20412.0,Monitoring
2024-08-05,12:50:00,HOLD,MIDCPNIFTY24AUG13000CE,42.05,18966.0,Monitoring
2024-08-05,12:55:00,HOLD,MIDCPNIFTY24AUG13000CE,42.05,18966.0,Monitoring
2024-08-05,13:00:00,HOLD,MIDCPNIFTY24AUG13000CE,42.05,18966.0,Monitoring
2024-08-05,13:05:00,HOLD,MIDCPNIFTY24AUG13000CE,42.05,18966.0,Monitoring
2024-08-05,13:10:00,HOLD,MIDCPNIFTY24AUG13000CE,42.05,18966.0,Monitoring
2024-08-05,13:15:00,HOLD,MIDCPNIFTY24AUG13000CE,42.05,18966.0,Monitoring
2024-08-05,13:20:00,HOLD,MIDCPNIFTY24AUG13000CE,42.05,18966.0,Monitoring
2024-08-05,13:25:00,HOLD,MIDCPNIFTY24AUG13000CE,42.05,18966.0,Monitoring
2024-08-05,13:30:00,HOLD,MIDCPNIFTY24AUG13000CE,42.05,18966.0,Monitoring
2024-08-05,13:35:00,HOLD,MIDCPNIFTY24AUG13000CE,42.05,18966.0,Monitoring
2024-08-05,13:40:00,HOLD,MIDCPNIFTY24AUG13000CE,42.05,18966.0,Monitoring
2024-08-05,13:45:00,HOLD,MIDCPNIFTY24AUG13000CE,42.05,18966.0,Monitoring
2024-08-05,13:50:00,HOLD,MIDCPNIFTY24AUG13000CE,42.05,18966.0,Monitoring
2024-08-05,13:55:00,HOLD,MIDCPNIFTY24AUG13000CE,42.05,18966.0,Monitoring
2024-08-05,14:00:00,HOLD,MIDCPNIFTY24AUG13000CE,52.0,17772.0,Monitoring
2024-08-05,14:05:00,HOLD,MIDCPNIFTY24AUG13000CE,52.0,17772.0,Monitoring
2024-08-05,14:10:00,HOLD,MIDCPNIFTY24AUG13000CE,52.0,17772.0,Monitoring
2024-08-05,14:15:00,HOLD,MIDCPNIFTY24AUG13000CE,52.0,17772.0,Monitoring
2024-08-05,14:20:00,HOLD,MIDCPNIFTY24AUG13000CE,52.0,17772.0,Monitoring
2024-08-05,14:25:00,HOLD,MIDCPNIFTY24AUG13000CE,52.0,17772.0,Monitoring
2024-08-05,14:30:00,HOLD,MIDCPNIFTY24AUG13000CE,52.0,17772.0,Monitoring
2024-08-05,14:35:00,HOLD,MIDCPNIFTY24AUG13000CE,52.0,17772.0,Monitoring
2024-08-05,14:40:00,HOLD,MIDCPNIFTY24AUG13000CE,52.0,17772.0,Monitoring
2024-08-05,14:45:00,HOLD,MIDCPNIFTY24AUG13000CE,52.0,17772.0,Monitoring
2024-08-05,14:50:00,HOLD,MIDCPNIFTY24AUG13000CE,52.0,17772.0,Monitoring
2024-08-05,14:55:00,HOLD,MIDCPNIFTY24AUG13000CE,52.0,17772.0,Monitoring
2024-08-05,15:00:00,HOLD,MIDCPNIFTY24AUG13000CE,52.0,17772.0,Monitoring
2024-08-05,15:05:00,HOLD,MIDCPNIFTY24AUG13000CE,52.0,17772.0,Monitoring
2024-08-05,15:10:00,HOLD,MIDCPNIFTY24AUG13000CE,53.1,17640.0,Monitoring
2024-08-05,15:15:00,HOLD,MIDCPNIFTY24AUG13000CE,53.1,17640.0,Monitoring
2024-08-05,15:20:00,HOLD,MIDCPNIFTY24AUG13000CE,51.5,17832.0,Monitoring
2024-08-05,15:25:00,HOLD,MIDCPNIFTY24AUG13000CE,50.0,18012.0,Monitoring
2024-08-06,09:15:00,HOLD,MIDCPNIFTY24AUG13000CE,50.0,18012.0,Monitoring
2024-08-06,09:20:00,HOLD,MIDCPNIFTY24AUG13000CE,51.45,17838.0,Monitoring
2024-08-06,09:25:00,HOLD,MIDCPNIFTY24AUG13000CE,51.45,17838.0,Monitoring
2024-08-06,09:30:00,HOLD,MIDCPNIFTY24AUG13000CE,52.0,17772.0,Monitoring
2024-08-06,09:35:00,HOLD,MIDCPNIFTY24AUG13000CE,52.0,17772.0,Monitoring
2024-08-06,09:40:00,HOLD,MIDCPNIFTY24AUG13000CE,69.0,15732.0,Monitoring
2024-08-06,09:45:00,HOLD,MIDCPNIFTY24AUG13000CE,76.0,14892.0,Monitoring
2024-08-06,09:50:00,HOLD,MIDCPNIFTY24AUG13000CE,76.0,14892.0,Monitoring
2024-08-06,09:55:00,HOLD,MIDCPNIFTY24AUG13000CE,76.0,14892.0,Monitoring
2024-08-06,10:00:00,HOLD,MIDCPNIFTY24AUG13000CE,86.0,13692.0,Monitoring
2024-08-06,10:00:00,BUY_EXIT,MIDCPNIFTY24AUG13000CE,86.0,13692.0,EMA_REVERSAL_SL
