Date,Time,Event,Ticker,Price,PnL_INR,Info
2025-02-06,14:00:00,SELL_ENTRY,MIDCPNIFTY25FEB12200CE,174.3,0.0,Signal CE | Short
2025-02-06,14:05:00,HOLD,MIDCPNIFTY25FEB12200CE,171.85,294.0,Monitoring
2025-02-06,14:10:00,HOLD,MIDCPNIFTY25FEB12200CE,165.2,1092.0,Monitoring
2025-02-06,14:15:00,HOLD,MIDCPNIFTY25FEB12200CE,169.15,618.0,Monitoring
2025-02-06,14:20:00,HOLD,MIDCPNIFTY25FEB12200CE,171.3,360.0,Monitoring
2025-02-06,14:25:00,HOLD,MIDCPNIFTY25FEB12200CE,172.3,240.0,Monitoring
2025-02-06,14:30:00,HOLD,MIDCPNIFTY25FEB12200CE,172.0,276.0,Monitoring
2025-02-06,14:35:00,HOLD,MIDCPNIFTY25FEB12200CE,178.05,-450.0,Monitoring
2025-02-06,14:40:00,HOLD,MIDCPNIFTY25FEB12200CE,178.0,-444.0,Monitoring
2025-02-06,14:45:00,HOLD,MIDCPNIFTY25FEB12200CE,179.15,-582.0,Monitoring
2025-02-06,14:50:00,HOLD,MIDCPNIFTY25FEB12200CE,176.55,-270.0,Monitoring
2025-02-06,14:55:00,HOLD,MIDCPNIFTY25FEB12200CE,174.35,-6.0,Monitoring
2025-02-06,15:00:00,HOLD,MIDCPNIFTY25FEB12200CE,175.75,-174.0,Monitoring
2025-02-06,15:05:00,HOLD,MIDCPNIFTY25FEB12200CE,178.0,-444.0,Monitoring
2025-02-06,15:10:00,HOLD,MIDCPNIFTY25FEB12200CE,173.2,132.0,Monitoring
2025-02-06,15:15:00,HOLD,MIDCPNIFTY25FEB12200CE,176.25,-234.0,Monitoring
2025-02-06,15:20:00,HOLD,MIDCPNIFTY25FEB12200CE,173.55,90.0,Monitoring
2025-02-06,15:25:00,HOLD,MIDCPNIFTY25FEB12200CE,178.0,-444.0,Monitoring
2025-02-07,09:15:00,HOLD,MIDCPNIFTY25FEB12200CE,164.5,1176.0,Monitoring
2025-02-07,09:20:00,HOLD,MIDCPNIFTY25FEB12200CE,164.55,1170.0,Monitoring
2025-02-07,09:25:00,HOLD,MIDCPNIFTY25FEB12200CE,172.05,270.0,Monitoring
2025-02-07,09:30:00,HOLD,MIDCPNIFTY25FEB12200CE,186.05,-1410.0,Monitoring
2025-02-07,09:35:00,HOLD,MIDCPNIFTY25FEB12200CE,188.35,-1686.0,Monitoring
2025-02-07,09:40:00,HOLD,MIDCPNIFTY25FEB12200CE,180.95,-798.0,Monitoring
2025-02-07,09:45:00,HOLD,MIDCPNIFTY25FEB12200CE,180.0,-684.0,Monitoring
2025-02-07,09:50:00,HOLD,MIDCPNIFTY25FEB12200CE,185.0,-1284.0,Monitoring
2025-02-07,09:55:00,HOLD,MIDCPNIFTY25FEB12200CE,178.1,-456.0,Monitoring
2025-02-07,10:00:00,HOLD,MIDCPNIFTY25FEB12200CE,171.95,282.0,Monitoring
2025-02-07,10:05:00,HOLD,MIDCPNIFTY25FEB12200CE,187.0,-1524.0,Monitoring
2025-02-07,10:10:00,HOLD,MIDCPNIFTY25FEB12200CE,184.95,-1278.0,Monitoring
2025-02-07,10:15:00,HOLD,MIDCPNIFTY25FEB12200CE,167.85,774.0,Monitoring
2025-02-07,10:20:00,HOLD,MIDCPNIFTY25FEB12200CE,159.95,1722.0,Monitoring
2025-02-07,10:25:00,HOLD,MIDCPNIFTY25FEB12200CE,153.4,2508.0,Monitoring
2025-02-07,10:30:00,HOLD,MIDCPNIFTY25FEB12200CE,150.0,2916.0,Monitoring
2025-02-07,10:35:00,HOLD,MIDCPNIFTY25FEB12200CE,176.0,-204.0,Monitoring
2025-02-07,10:40:00,HOLD,MIDCPNIFTY25FEB12200CE,188.85,-1746.0,Monitoring
2025-02-07,10:45:00,HOLD,MIDCPNIFTY25FEB12200CE,184.1,-1176.0,Monitoring
2025-02-07,10:50:00,HOLD,MIDCPNIFTY25FEB12200CE,192.0,-2124.0,Monitoring
2025-02-07,10:55:00,HOLD,MIDCPNIFTY25FEB12200CE,204.95,-3678.0,Monitoring
2025-02-07,11:00:00,HOLD,MIDCPNIFTY25FEB12200CE,208.5,-4104.0,Monitoring
2025-02-07,11:05:00,HOLD,MIDCPNIFTY25FEB12200CE,210.4,-4332.0,Monitoring
2025-02-07,11:10:00,HOLD,MIDCPNIFTY25FEB12200CE,209.0,-4164.0,Monitoring
2025-02-07,11:15:00,HOLD,MIDCPNIFTY25FEB12200CE,218.85,-5346.0,Monitoring
2025-02-07,11:20:00,HOLD,MIDCPNIFTY25FEB12200CE,216.8,-5100.0,Monitoring
2025-02-07,11:20:00,BUY_EXIT,MIDCPNIFTY25FEB12200CE,216.8,-5100.0,EMA_REVERSAL_SL
