Date,Time,Event,Ticker,Price,PnL_INR,Info
2025-10-17,14:00:00,SELL_ENTRY,MIDCPNIFTY25OCT13300CE,79.7,0.0,Signal CE | Short
2025-10-17,14:05:00,HOLD,MIDCPNIFTY25OCT13300CE,88.4,-1044.0,Monitoring
2025-10-17,14:10:00,HOLD,MIDCPNIFTY25OCT13300CE,89.0,-1116.0,Monitoring
2025-10-17,14:15:00,HOLD,MIDCPNIFTY25OCT13300CE,95.0,-1836.0,Monitoring
2025-10-17,14:20:00,HOLD,MIDCPNIFTY25OCT13300CE,95.2,-1860.0,Monitoring
2025-10-17,14:25:00,HOLD,MIDCPNIFTY25OCT13300CE,92.0,-1476.0,Monitoring
2025-10-17,14:30:00,HOLD,MIDCPNIFTY25OCT13300CE,95.6,-1908.0,Monitoring
2025-10-17,14:35:00,HOLD,MIDCPNIFTY25OCT13300CE,104.0,-2916.0,Monitoring
2025-10-17,14:40:00,HOLD,MIDCPNIFTY25OCT13300CE,106.0,-3156.0,Monitoring
2025-10-17,14:45:00,HOLD,MIDCPNIFTY25OCT13300CE,102.2,-2700.0,Monitoring
2025-10-17,14:50:00,HOLD,MIDCPNIFTY25OCT13300CE,104.45,-2970.0,Monitoring
2025-10-17,14:55:00,HOLD,MIDCPNIFTY25OCT13300CE,102.75,-2766.0,Monitoring
2025-10-17,15:00:00,HOLD,MIDCPNIFTY25OCT13300CE,97.0,-2076.0,Monitoring
2025-10-17,15:05:00,HOLD,MIDCPNIFTY25OCT13300CE,96.5,-2016.0,Monitoring
2025-10-17,15:10:00,HOLD,MIDCPNIFTY25OCT13300CE,91.65,-1434.0,Monitoring
2025-10-17,15:15:00,HOLD,MIDCPNIFTY25OCT13300CE,93.9,-1704.0,Monitoring
2025-10-17,15:20:00,HOLD,MIDCPNIFTY25OCT13300CE,93.5,-1656.0,Monitoring
2025-10-17,15:25:00,HOLD,MIDCPNIFTY25OCT13300CE,93.45,-1650.0,Monitoring
2025-10-20,09:15:00,HOLD,MIDCPNIFTY25OCT13300CE,129.9,-6024.0,Monitoring
2025-10-20,09:20:00,HOLD,MIDCPNIFTY25OCT13300CE,116.55,-4422.0,Monitoring
2025-10-20,09:25:00,HOLD,MIDCPNIFTY25OCT13300CE,126.05,-5562.0,Monitoring
2025-10-20,09:30:00,HOLD,MIDCPNIFTY25OCT13300CE,128.1,-5808.0,Monitoring
2025-10-20,09:35:00,HOLD,MIDCPNIFTY25OCT13300CE,127.9,-5784.0,Monitoring
2025-10-20,09:40:00,HOLD,MIDCPNIFTY25OCT13300CE,123.0,-5196.0,Monitoring
2025-10-20,09:45:00,HOLD,MIDCPNIFTY25OCT13300CE,111.1,-3768.0,Monitoring
2025-10-20,09:50:00,HOLD,MIDCPNIFTY25OCT13300CE,111.2,-3780.0,Monitoring
2025-10-20,09:55:00,HOLD,MIDCPNIFTY25OCT13300CE,114.95,-4230.0,Monitoring
2025-10-20,10:00:00,HOLD,MIDCPNIFTY25OCT13300CE,118.95,-4710.0,Monitoring
2025-10-20,10:05:00,HOLD,MIDCPNIFTY25OCT13300CE,117.5,-4536.0,Monitoring
2025-10-20,10:10:00,HOLD,MIDCPNIFTY25OCT13300CE,115.45,-4290.0,Monitoring
2025-10-20,10:15:00,HOLD,MIDCPNIFTY25OCT13300CE,116.8,-4452.0,Monitoring
2025-10-20,10:20:00,HOLD,MIDCPNIFTY25OCT13300CE,117.2,-4500.0,Monitoring
2025-10-20,10:25:00,HOLD,MIDCPNIFTY25OCT13300CE,114.55,-4182.0,Monitoring
2025-10-20,10:30:00,HOLD,MIDCPNIFTY25OCT13300CE,115.1,-4248.0,Monitoring
2025-10-20,10:35:00,HOLD,MIDCPNIFTY25OCT13300CE,118.25,-4626.0,Monitoring
2025-10-20,10:40:00,HOLD,MIDCPNIFTY25OCT13300CE,123.4,-5244.0,Monitoring
2025-10-20,10:45:00,HOLD,MIDCPNIFTY25OCT13300CE,131.2,-6180.0,Monitoring
2025-10-20,10:50:00,HOLD,MIDCPNIFTY25OCT13300CE,127.05,-5682.0,Monitoring
2025-10-20,10:55:00,HOLD,MIDCPNIFTY25OCT13300CE,127.05,-5682.0,Monitoring
2025-10-20,10:55:00,BUY_EXIT,MIDCPNIFTY25OCT13300CE,127.05,-5682.0,EMA_REVERSAL_SL
