Date,Time,Event,Ticker,Price,PnL_INR,Info
2025-07-14,14:00:00,SELL_ENTRY,MIDCPNIFTY25JUL13000PE,146.25,0.0,Signal PE | Short
2025-07-14,14:05:00,HOLD,MIDCPNIFTY25JUL13000PE,140.0,750.0,Monitoring
2025-07-14,14:10:00,HOLD,MIDCPNIFTY25JUL13000PE,137.0,1110.0,Monitoring
2025-07-14,14:15:00,HOLD,MIDCPNIFTY25JUL13000PE,136.3,1194.0,Monitoring
2025-07-14,14:20:00,HOLD,MIDCPNIFTY25JUL13000PE,133.95,1476.0,Monitoring
2025-07-14,14:25:00,HOLD,MIDCPNIFTY25JUL13000PE,135.1,1338.0,Monitoring
2025-07-14,14:30:00,HOLD,MIDCPNIFTY25JUL13000PE,135.05,1344.0,Monitoring
2025-07-14,14:35:00,HOLD,MIDCPNIFTY25JUL13000PE,136.0,1230.0,Monitoring
2025-07-14,14:40:00,HOLD,MIDCPNIFTY25JUL13000PE,133.8,1494.0,Monitoring
2025-07-14,14:45:00,HOLD,MIDCPNIFTY25JUL13000PE,130.3,1914.0,Monitoring
2025-07-14,14:50:00,HOLD,MIDCPNIFTY25JUL13000PE,123.6,2718.0,Monitoring
2025-07-14,14:55:00,HOLD,MIDCPNIFTY25JUL13000PE,117.15,3492.0,Monitoring
2025-07-14,15:00:00,HOLD,MIDCPNIFTY25JUL13000PE,122.65,2832.0,Monitoring
2025-07-14,15:05:00,HOLD,MIDCPNIFTY25JUL13000PE,122.3,2874.0,Monitoring
2025-07-14,15:10:00,HOLD,MIDCPNIFTY25JUL13000PE,122.0,2910.0,Monitoring
2025-07-14,15:15:00,HOLD,MIDCPNIFTY25JUL13000PE,120.1,3138.0,Monitoring
2025-07-14,15:20:00,HOLD,MIDCPNIFTY25JUL13000PE,118.0,3390.0,Monitoring
2025-07-14,15:25:00,HOLD,MIDCPNIFTY25JUL13000PE,122.65,2832.0,Monitoring
2025-07-15,09:15:00,HOLD,MIDCPNIFTY25JUL13000PE,102.8,5214.0,Monitoring
2025-07-15,09:20:00,HOLD,MIDCPNIFTY25JUL13000PE,103.65,5112.0,Monitoring
2025-07-15,09:25:00,HOLD,MIDCPNIFTY25JUL13000PE,98.85,5688.0,Monitoring
2025-07-15,09:30:00,HOLD,MIDCPNIFTY25JUL13000PE,101.0,5430.0,Monitoring
2025-07-15,09:35:00,HOLD,MIDCPNIFTY25JUL13000PE,105.0,4950.0,Monitoring
2025-07-15,09:40:00,HOLD,MIDCPNIFTY25JUL13000PE,112.05,4104.0,Monitoring
2025-07-15,09:45:00,HOLD,MIDCPNIFTY25JUL13000PE,110.0,4350.0,Monitoring
2025-07-15,09:50:00,HOLD,MIDCPNIFTY25JUL13000PE,116.9,3522.0,Monitoring
2025-07-15,09:55:00,HOLD,MIDCPNIFTY25JUL13000PE,116.15,3612.0,Monitoring
2025-07-15,10:00:00,HOLD,MIDCPNIFTY25JUL13000PE,109.0,4470.0,Monitoring
2025-07-15,10:05:00,HOLD,MIDCPNIFTY25JUL13000PE,109.9,4362.0,Monitoring
2025-07-15,10:10:00,HOLD,MIDCPNIFTY25JUL13000PE,107.0,4710.0,Monitoring
2025-07-15,10:15:00,HOLD,MIDCPNIFTY25JUL13000PE,113.05,3984.0,Monitoring
2025-07-15,10:20:00,HOLD,MIDCPNIFTY25JUL13000PE,112.2,4086.0,Monitoring
2025-07-15,10:25:00,HOLD,MIDCPNIFTY25JUL13000PE,109.0,4470.0,Monitoring
2025-07-15,10:30:00,HOLD,MIDCPNIFTY25JUL13000PE,101.75,5340.0,Monitoring
2025-07-15,10:35:00,HOLD,MIDCPNIFTY25JUL13000PE,98.5,5730.0,Monitoring
2025-07-15,10:40:00,HOLD,MIDCPNIFTY25JUL13000PE,101.05,5424.0,Monitoring
2025-07-15,10:45:00,HOLD,MIDCPNIFTY25JUL13000PE,99.9,5562.0,Monitoring
2025-07-15,10:50:00,HOLD,MIDCPNIFTY25JUL13000PE,100.0,5550.0,Monitoring
2025-07-15,10:55:00,HOLD,MIDCPNIFTY25JUL13000PE,96.3,5994.0,Monitoring
2025-07-15,11:00:00,HOLD,MIDCPNIFTY25JUL13000PE,90.15,6732.0,Monitoring
2025-07-15,11:05:00,HOLD,MIDCPNIFTY25JUL13000PE,89.25,6840.0,Monitoring
2025-07-15,11:10:00,HOLD,MIDCPNIFTY25JUL13000PE,90.95,6636.0,Monitoring
2025-07-15,11:15:00,HOLD,MIDCPNIFTY25JUL13000PE,92.25,6480.0,Monitoring
2025-07-15,11:20:00,HOLD,MIDCPNIFTY25JUL13000PE,85.9,7242.0,Monitoring
2025-07-15,11:25:00,HOLD,MIDCPNIFTY25JUL13000PE,87.3,7074.0,Monitoring
2025-07-15,11:30:00,HOLD,MIDCPNIFTY25JUL13000PE,82.75,7620.0,Monitoring
2025-07-15,11:35:00,HOLD,MIDCPNIFTY25JUL13000PE,82.7,7626.0,Monitoring
2025-07-15,11:40:00,HOLD,MIDCPNIFTY25JUL13000PE,81.05,7824.0,Monitoring
2025-07-15,11:45:00,HOLD,MIDCPNIFTY25JUL13000PE,82.55,7644.0,Monitoring
2025-07-15,11:50:00,HOLD,MIDCPNIFTY25JUL13000PE,87.0,7110.0,Monitoring
2025-07-15,11:55:00,HOLD,MIDCPNIFTY25JUL13000PE,86.15,7212.0,Monitoring
2025-07-15,12:00:00,HOLD,MIDCPNIFTY25JUL13000PE,85.8,7254.0,Monitoring
2025-07-15,12:05:00,HOLD,MIDCPNIFTY25JUL13000PE,85.0,7350.0,Monitoring
2025-07-15,12:10:00,HOLD,MIDCPNIFTY25JUL13000PE,82.5,7650.0,Monitoring
2025-07-15,12:15:00,HOLD,MIDCPNIFTY25JUL13000PE,81.95,7716.0,Monitoring
2025-07-15,12:20:00,HOLD,MIDCPNIFTY25JUL13000PE,81.9,7722.0,Monitoring
2025-07-15,12:25:00,HOLD,MIDCPNIFTY25JUL13000PE,81.5,7770.0,Monitoring
2025-07-15,12:30:00,HOLD,MIDCPNIFTY25JUL13000PE,80.0,7950.0,Monitoring
2025-07-15,12:35:00,HOLD,MIDCPNIFTY25JUL13000PE,79.0,8070.0,Monitoring
2025-07-15,12:40:00,HOLD,MIDCPNIFTY25JUL13000PE,80.85,7848.0,Monitoring
2025-07-15,12:45:00,HOLD,MIDCPNIFTY25JUL13000PE,81.65,7752.0,Monitoring
2025-07-15,12:50:00,HOLD,MIDCPNIFTY25JUL13000PE,80.75,7860.0,Monitoring
2025-07-15,12:55:00,HOLD,MIDCPNIFTY25JUL13000PE,79.55,8004.0,Monitoring
2025-07-15,13:00:00,HOLD,MIDCPNIFTY25JUL13000PE,77.0,8310.0,Monitoring
2025-07-15,13:05:00,HOLD,MIDCPNIFTY25JUL13000PE,76.25,8400.0,Monitoring
2025-07-15,13:10:00,HOLD,MIDCPNIFTY25JUL13000PE,75.75,8460.0,Monitoring
2025-07-15,13:15:00,HOLD,MIDCPNIFTY25JUL13000PE,78.0,8190.0,Monitoring
2025-07-15,13:20:00,HOLD,MIDCPNIFTY25JUL13000PE,78.95,8076.0,Monitoring
2025-07-15,13:25:00,HOLD,MIDCPNIFTY25JUL13000PE,78.5,8130.0,Monitoring
2025-07-15,13:30:00,HOLD,MIDCPNIFTY25JUL13000PE,82.0,7710.0,Monitoring
2025-07-15,13:35:00,HOLD,MIDCPNIFTY25JUL13000PE,80.75,7860.0,Monitoring
2025-07-15,13:40:00,HOLD,MIDCPNIFTY25JUL13000PE,79.85,7968.0,Monitoring
2025-07-15,13:45:00,HOLD,MIDCPNIFTY25JUL13000PE,78.55,8124.0,Monitoring
2025-07-15,13:50:00,HOLD,MIDCPNIFTY25JUL13000PE,75.15,8532.0,Monitoring
2025-07-15,13:55:00,HOLD,MIDCPNIFTY25JUL13000PE,76.0,8430.0,Monitoring
2025-07-15,14:00:00,HOLD,MIDCPNIFTY25JUL13000PE,77.55,8244.0,Monitoring
2025-07-15,14:05:00,HOLD,MIDCPNIFTY25JUL13000PE,78.95,8076.0,Monitoring
2025-07-15,14:10:00,HOLD,MIDCPNIFTY25JUL13000PE,76.7,8346.0,Monitoring
2025-07-15,14:15:00,HOLD,MIDCPNIFTY25JUL13000PE,74.75,8580.0,Monitoring
2025-07-15,14:20:00,HOLD,MIDCPNIFTY25JUL13000PE,76.55,8364.0,Monitoring
2025-07-15,14:25:00,HOLD,MIDCPNIFTY25JUL13000PE,75.65,8472.0,Monitoring
2025-07-15,14:30:00,HOLD,MIDCPNIFTY25JUL13000PE,72.8,8814.0,Monitoring
2025-07-15,14:35:00,HOLD,MIDCPNIFTY25JUL13000PE,73.85,8688.0,Monitoring
2025-07-15,14:40:00,HOLD,MIDCPNIFTY25JUL13000PE,72.9,8802.0,Monitoring
2025-07-15,14:45:00,HOLD,MIDCPNIFTY25JUL13000PE,73.5,8730.0,Monitoring
2025-07-15,14:50:00,HOLD,MIDCPNIFTY25JUL13000PE,75.0,8550.0,Monitoring
2025-07-15,14:55:00,HOLD,MIDCPNIFTY25JUL13000PE,75.15,8532.0,Monitoring
2025-07-15,15:00:00,HOLD,MIDCPNIFTY25JUL13000PE,70.0,9150.0,Monitoring
2025-07-15,15:05:00,HOLD,MIDCPNIFTY25JUL13000PE,68.55,9324.0,Monitoring
2025-07-15,15:10:00,HOLD,MIDCPNIFTY25JUL13000PE,67.65,9432.0,Monitoring
2025-07-15,15:15:00,HOLD,MIDCPNIFTY25JUL13000PE,67.85,9408.0,Monitoring
2025-07-15,15:20:00,HOLD,MIDCPNIFTY25JUL13000PE,66.7,9546.0,Monitoring
2025-07-15,15:25:00,HOLD,MIDCPNIFTY25JUL13000PE,66.0,9630.0,Monitoring
2025-07-16,09:15:00,HOLD,MIDCPNIFTY25JUL13000PE,67.0,9510.0,Monitoring
2025-07-16,09:20:00,HOLD,MIDCPNIFTY25JUL13000PE,66.75,9540.0,Monitoring
2025-07-16,09:25:00,HOLD,MIDCPNIFTY25JUL13000PE,67.7,9426.0,Monitoring
2025-07-16,09:30:00,HOLD,MIDCPNIFTY25JUL13000PE,62.4,10062.0,Monitoring
2025-07-16,09:35:00,HOLD,MIDCPNIFTY25JUL13000PE,62.7,10026.0,Monitoring
2025-07-16,09:40:00,HOLD,MIDCPNIFTY25JUL13000PE,68.4,9342.0,Monitoring
2025-07-16,09:45:00,HOLD,MIDCPNIFTY25JUL13000PE,69.5,9210.0,Monitoring
2025-07-16,09:50:00,HOLD,MIDCPNIFTY25JUL13000PE,64.95,9756.0,Monitoring
2025-07-16,09:55:00,HOLD,MIDCPNIFTY25JUL13000PE,64.0,9870.0,Monitoring
2025-07-16,10:00:00,HOLD,MIDCPNIFTY25JUL13000PE,62.5,10050.0,Monitoring
2025-07-16,10:05:00,HOLD,MIDCPNIFTY25JUL13000PE,62.55,10044.0,Monitoring
2025-07-16,10:10:00,HOLD,MIDCPNIFTY25JUL13000PE,63.3,9954.0,Monitoring
2025-07-16,10:15:00,HOLD,MIDCPNIFTY25JUL13000PE,63.35,9948.0,Monitoring
2025-07-16,10:20:00,HOLD,MIDCPNIFTY25JUL13000PE,62.85,10008.0,Monitoring
2025-07-16,10:25:00,HOLD,MIDCPNIFTY25JUL13000PE,61.2,10206.0,Monitoring
2025-07-16,10:30:00,HOLD,MIDCPNIFTY25JUL13000PE,61.5,10170.0,Monitoring
2025-07-16,10:35:00,HOLD,MIDCPNIFTY25JUL13000PE,63.35,9948.0,Monitoring
2025-07-16,10:40:00,HOLD,MIDCPNIFTY25JUL13000PE,64.55,9804.0,Monitoring
2025-07-16,10:45:00,HOLD,MIDCPNIFTY25JUL13000PE,65.05,9744.0,Monitoring
2025-07-16,10:50:00,HOLD,MIDCPNIFTY25JUL13000PE,63.25,9960.0,Monitoring
2025-07-16,10:55:00,HOLD,MIDCPNIFTY25JUL13000PE,63.0,9990.0,Monitoring
2025-07-16,11:00:00,HOLD,MIDCPNIFTY25JUL13000PE,62.45,10056.0,Monitoring
2025-07-16,11:05:00,HOLD,MIDCPNIFTY25JUL13000PE,63.35,9948.0,Monitoring
2025-07-16,11:10:00,HOLD,MIDCPNIFTY25JUL13000PE,67.25,9480.0,Monitoring
2025-07-16,11:15:00,HOLD,MIDCPNIFTY25JUL13000PE,75.25,8520.0,Monitoring
2025-07-16,11:20:00,HOLD,MIDCPNIFTY25JUL13000PE,75.2,8526.0,Monitoring
2025-07-16,11:25:00,HOLD,MIDCPNIFTY25JUL13000PE,73.2,8766.0,Monitoring
2025-07-16,11:30:00,HOLD,MIDCPNIFTY25JUL13000PE,73.1,8778.0,Monitoring
2025-07-16,11:35:00,HOLD,MIDCPNIFTY25JUL13000PE,74.95,8556.0,Monitoring
2025-07-16,11:40:00,HOLD,MIDCPNIFTY25JUL13000PE,75.05,8544.0,Monitoring
2025-07-16,11:45:00,HOLD,MIDCPNIFTY25JUL13000PE,72.4,8862.0,Monitoring
2025-07-16,11:50:00,HOLD,MIDCPNIFTY25JUL13000PE,67.1,9498.0,Monitoring
2025-07-16,11:55:00,HOLD,MIDCPNIFTY25JUL13000PE,66.9,9522.0,Monitoring
2025-07-16,12:00:00,HOLD,MIDCPNIFTY25JUL13000PE,67.05,9504.0,Monitoring
2025-07-16,12:05:00,HOLD,MIDCPNIFTY25JUL13000PE,65.5,9690.0,Monitoring
2025-07-16,12:10:00,HOLD,MIDCPNIFTY25JUL13000PE,64.85,9768.0,Monitoring
2025-07-16,12:15:00,HOLD,MIDCPNIFTY25JUL13000PE,64.95,9756.0,Monitoring
2025-07-16,12:20:00,HOLD,MIDCPNIFTY25JUL13000PE,64.7,9786.0,Monitoring
2025-07-16,12:25:00,HOLD,MIDCPNIFTY25JUL13000PE,62.65,10032.0,Monitoring
2025-07-16,12:30:00,HOLD,MIDCPNIFTY25JUL13000PE,62.2,10086.0,Monitoring
2025-07-16,12:35:00,HOLD,MIDCPNIFTY25JUL13000PE,61.0,10230.0,Monitoring
2025-07-16,12:40:00,HOLD,MIDCPNIFTY25JUL13000PE,61.3,10194.0,Monitoring
2025-07-16,12:45:00,HOLD,MIDCPNIFTY25JUL13000PE,60.0,10350.0,Monitoring
2025-07-16,12:50:00,HOLD,MIDCPNIFTY25JUL13000PE,63.4,9942.0,Monitoring
2025-07-16,12:55:00,HOLD,MIDCPNIFTY25JUL13000PE,62.55,10044.0,Monitoring
2025-07-16,13:00:00,HOLD,MIDCPNIFTY25JUL13000PE,61.05,10224.0,Monitoring
2025-07-16,13:05:00,HOLD,MIDCPNIFTY25JUL13000PE,60.6,10278.0,Monitoring
2025-07-16,13:10:00,HOLD,MIDCPNIFTY25JUL13000PE,59.25,10440.0,Monitoring
2025-07-16,13:15:00,HOLD,MIDCPNIFTY25JUL13000PE,56.4,10782.0,Monitoring
2025-07-16,13:20:00,HOLD,MIDCPNIFTY25JUL13000PE,56.35,10788.0,Monitoring
2025-07-16,13:25:00,HOLD,MIDCPNIFTY25JUL13000PE,59.2,10446.0,Monitoring
2025-07-16,13:30:00,HOLD,MIDCPNIFTY25JUL13000PE,60.55,10284.0,Monitoring
2025-07-16,13:35:00,HOLD,MIDCPNIFTY25JUL13000PE,58.3,10554.0,Monitoring
2025-07-16,13:40:00,HOLD,MIDCPNIFTY25JUL13000PE,58.25,10560.0,Monitoring
2025-07-16,13:45:00,HOLD,MIDCPNIFTY25JUL13000PE,60.0,10350.0,Monitoring
2025-07-16,13:50:00,HOLD,MIDCPNIFTY25JUL13000PE,59.85,10368.0,Monitoring
2025-07-16,13:55:00,HOLD,MIDCPNIFTY25JUL13000PE,59.0,10470.0,Monitoring
2025-07-16,14:00:00,HOLD,MIDCPNIFTY25JUL13000PE,57.15,10692.0,Monitoring
2025-07-16,14:05:00,HOLD,MIDCPNIFTY25JUL13000PE,57.05,10704.0,Monitoring
2025-07-16,14:10:00,HOLD,MIDCPNIFTY25JUL13000PE,56.25,10800.0,Monitoring
2025-07-16,14:15:00,HOLD,MIDCPNIFTY25JUL13000PE,54.7,10986.0,Monitoring
2025-07-16,14:20:00,HOLD,MIDCPNIFTY25JUL13000PE,54.2,11046.0,Monitoring
2025-07-16,14:25:00,HOLD,MIDCPNIFTY25JUL13000PE,57.0,10710.0,Monitoring
2025-07-16,14:30:00,HOLD,MIDCPNIFTY25JUL13000PE,56.45,10776.0,Monitoring
2025-07-16,14:35:00,HOLD,MIDCPNIFTY25JUL13000PE,57.35,10668.0,Monitoring
2025-07-16,14:40:00,HOLD,MIDCPNIFTY25JUL13000PE,56.5,10770.0,Monitoring
2025-07-16,14:45:00,HOLD,MIDCPNIFTY25JUL13000PE,55.6,10878.0,Monitoring
2025-07-16,14:50:00,HOLD,MIDCPNIFTY25JUL13000PE,56.4,10782.0,Monitoring
2025-07-16,14:55:00,HOLD,MIDCPNIFTY25JUL13000PE,56.95,10716.0,Monitoring
2025-07-16,15:00:00,HOLD,MIDCPNIFTY25JUL13000PE,60.3,10314.0,Monitoring
2025-07-16,15:05:00,HOLD,MIDCPNIFTY25JUL13000PE,62.15,10092.0,Monitoring
2025-07-16,15:10:00,HOLD,MIDCPNIFTY25JUL13000PE,61.8,10134.0,Monitoring
2025-07-16,15:15:00,HOLD,MIDCPNIFTY25JUL13000PE,60.75,10260.0,Monitoring
2025-07-16,15:20:00,HOLD,MIDCPNIFTY25JUL13000PE,60.85,10248.0,Monitoring
2025-07-16,15:25:00,HOLD,MIDCPNIFTY25JUL13000PE,58.95,10476.0,Monitoring
2025-07-17,09:15:00,HOLD,MIDCPNIFTY25JUL13000PE,58.8,10494.0,Monitoring
2025-07-17,09:20:00,HOLD,MIDCPNIFTY25JUL13000PE,58.55,10524.0,Monitoring
2025-07-17,09:25:00,HOLD,MIDCPNIFTY25JUL13000PE,54.25,11040.0,Monitoring
2025-07-17,09:30:00,HOLD,MIDCPNIFTY25JUL13000PE,61.05,10224.0,Monitoring
2025-07-17,09:35:00,HOLD,MIDCPNIFTY25JUL13000PE,62.4,10062.0,Monitoring
2025-07-17,09:40:00,HOLD,MIDCPNIFTY25JUL13000PE,66.35,9588.0,Monitoring
2025-07-17,09:45:00,HOLD,MIDCPNIFTY25JUL13000PE,66.05,9624.0,Monitoring
2025-07-17,09:50:00,HOLD,MIDCPNIFTY25JUL13000PE,62.05,10104.0,Monitoring
2025-07-17,09:55:00,HOLD,MIDCPNIFTY25JUL13000PE,62.6,10038.0,Monitoring
2025-07-17,10:00:00,HOLD,MIDCPNIFTY25JUL13000PE,63.35,9948.0,Monitoring
2025-07-17,10:05:00,HOLD,MIDCPNIFTY25JUL13000PE,66.0,9630.0,Monitoring
2025-07-17,10:10:00,HOLD,MIDCPNIFTY25JUL13000PE,66.75,9540.0,Monitoring
2025-07-17,10:15:00,HOLD,MIDCPNIFTY25JUL13000PE,64.6,9798.0,Monitoring
2025-07-17,10:20:00,HOLD,MIDCPNIFTY25JUL13000PE,61.45,10176.0,Monitoring
2025-07-17,10:25:00,HOLD,MIDCPNIFTY25JUL13000PE,60.0,10350.0,Monitoring
2025-07-17,10:30:00,HOLD,MIDCPNIFTY25JUL13000PE,59.6,10398.0,Monitoring
2025-07-17,10:35:00,HOLD,MIDCPNIFTY25JUL13000PE,59.55,10404.0,Monitoring
2025-07-17,10:40:00,HOLD,MIDCPNIFTY25JUL13000PE,62.0,10110.0,Monitoring
2025-07-17,10:45:00,HOLD,MIDCPNIFTY25JUL13000PE,59.55,10404.0,Monitoring
2025-07-17,10:50:00,HOLD,MIDCPNIFTY25JUL13000PE,55.85,10848.0,Monitoring
2025-07-17,10:55:00,HOLD,MIDCPNIFTY25JUL13000PE,55.75,10860.0,Monitoring
2025-07-17,11:00:00,HOLD,MIDCPNIFTY25JUL13000PE,55.8,10854.0,Monitoring
2025-07-17,11:05:00,HOLD,MIDCPNIFTY25JUL13000PE,56.0,10830.0,Monitoring
2025-07-17,11:10:00,HOLD,MIDCPNIFTY25JUL13000PE,56.1,10818.0,Monitoring
2025-07-17,11:15:00,HOLD,MIDCPNIFTY25JUL13000PE,55.95,10836.0,Monitoring
2025-07-17,11:20:00,HOLD,MIDCPNIFTY25JUL13000PE,56.95,10716.0,Monitoring
2025-07-17,11:25:00,HOLD,MIDCPNIFTY25JUL13000PE,56.5,10770.0,Monitoring
2025-07-17,11:30:00,HOLD,MIDCPNIFTY25JUL13000PE,57.4,10662.0,Monitoring
2025-07-17,11:35:00,HOLD,MIDCPNIFTY25JUL13000PE,56.6,10758.0,Monitoring
2025-07-17,11:40:00,HOLD,MIDCPNIFTY25JUL13000PE,57.4,10662.0,Monitoring
2025-07-17,11:45:00,HOLD,MIDCPNIFTY25JUL13000PE,59.75,10380.0,Monitoring
2025-07-17,11:50:00,HOLD,MIDCPNIFTY25JUL13000PE,60.05,10344.0,Monitoring
2025-07-17,11:55:00,HOLD,MIDCPNIFTY25JUL13000PE,60.0,10350.0,Monitoring
2025-07-17,12:00:00,HOLD,MIDCPNIFTY25JUL13000PE,59.0,10470.0,Monitoring
2025-07-17,12:05:00,HOLD,MIDCPNIFTY25JUL13000PE,58.8,10494.0,Monitoring
2025-07-17,12:10:00,HOLD,MIDCPNIFTY25JUL13000PE,59.4,10422.0,Monitoring
2025-07-17,12:15:00,HOLD,MIDCPNIFTY25JUL13000PE,61.95,10116.0,Monitoring
2025-07-17,12:20:00,HOLD,MIDCPNIFTY25JUL13000PE,62.25,10080.0,Monitoring
2025-07-17,12:25:00,HOLD,MIDCPNIFTY25JUL13000PE,62.1,10098.0,Monitoring
2025-07-17,12:30:00,HOLD,MIDCPNIFTY25JUL13000PE,62.5,10050.0,Monitoring
2025-07-17,12:35:00,HOLD,MIDCPNIFTY25JUL13000PE,64.3,9834.0,Monitoring
2025-07-17,12:40:00,HOLD,MIDCPNIFTY25JUL13000PE,61.5,10170.0,Monitoring
2025-07-17,12:45:00,HOLD,MIDCPNIFTY25JUL13000PE,63.8,9894.0,Monitoring
2025-07-17,12:50:00,HOLD,MIDCPNIFTY25JUL13000PE,62.1,10098.0,Monitoring
2025-07-17,12:55:00,HOLD,MIDCPNIFTY25JUL13000PE,63.2,9966.0,Monitoring
2025-07-17,13:00:00,HOLD,MIDCPNIFTY25JUL13000PE,62.6,10038.0,Monitoring
2025-07-17,13:05:00,HOLD,MIDCPNIFTY25JUL13000PE,63.7,9906.0,Monitoring
2025-07-17,13:10:00,HOLD,MIDCPNIFTY25JUL13000PE,66.25,9600.0,Monitoring
2025-07-17,13:15:00,HOLD,MIDCPNIFTY25JUL13000PE,68.75,9300.0,Monitoring
2025-07-17,13:15:00,BUY_EXIT,MIDCPNIFTY25JUL13000PE,68.75,9300.0,EMA_REVERSAL_SL
