Date,Time,Event,Ticker,Price,PnL_INR,Info
2025-08-05,14:00:00,SELL_ENTRY,MIDCPNIFTY25AUG12900CE,178.35,0.0,Signal CE | Short
2025-08-05,14:05:00,HOLD,MIDCPNIFTY25AUG12900CE,172.8,666.0,Monitoring
2025-08-05,14:10:00,HOLD,MIDCPNIFTY25AUG12900CE,175.0,402.0,Monitoring
2025-08-05,14:15:00,HOLD,MIDCPNIFTY25AUG12900CE,178.2,18.0,Monitoring
2025-08-05,14:20:00,HOLD,MIDCPNIFTY25AUG12900CE,174.3,486.0,Monitoring
2025-08-05,14:25:00,HOLD,MIDCPNIFTY25AUG12900CE,178.4,-6.0,Monitoring
2025-08-05,14:30:00,HOLD,MIDCPNIFTY25AUG12900CE,179.65,-156.0,Monitoring
2025-08-05,14:35:00,HOLD,MIDCPNIFTY25AUG12900CE,184.0,-678.0,Monitoring
2025-08-05,14:40:00,HOLD,MIDCPNIFTY25AUG12900CE,181.0,-318.0,Monitoring
2025-08-05,14:45:00,HOLD,MIDCPNIFTY25AUG12900CE,176.1,270.0,Monitoring
2025-08-05,14:50:00,HOLD,MIDCPNIFTY25AUG12900CE,172.3,726.0,Monitoring
2025-08-05,14:55:00,HOLD,MIDCPNIFTY25AUG12900CE,174.25,492.0,Monitoring
2025-08-05,15:00:00,HOLD,MIDCPNIFTY25AUG12900CE,181.05,-324.0,Monitoring
2025-08-05,15:05:00,HOLD,MIDCPNIFTY25AUG12900CE,187.45,-1092.0,Monitoring
2025-08-05,15:10:00,HOLD,MIDCPNIFTY25AUG12900CE,189.25,-1308.0,Monitoring
2025-08-05,15:15:00,HOLD,MIDCPNIFTY25AUG12900CE,179.95,-192.0,Monitoring
2025-08-05,15:20:00,HOLD,MIDCPNIFTY25AUG12900CE,178.1,30.0,Monitoring
2025-08-05,15:25:00,HOLD,MIDCPNIFTY25AUG12900CE,177.0,162.0,Monitoring
2025-08-06,09:15:00,HOLD,MIDCPNIFTY25AUG12900CE,166.9,1374.0,Monitoring
2025-08-06,09:20:00,HOLD,MIDCPNIFTY25AUG12900CE,163.85,1740.0,Monitoring
2025-08-06,09:25:00,HOLD,MIDCPNIFTY25AUG12900CE,164.0,1722.0,Monitoring
2025-08-06,09:30:00,HOLD,MIDCPNIFTY25AUG12900CE,164.95,1608.0,Monitoring
2025-08-06,09:35:00,HOLD,MIDCPNIFTY25AUG12900CE,152.1,3150.0,Monitoring
2025-08-06,09:40:00,HOLD,MIDCPNIFTY25AUG12900CE,150.75,3312.0,Monitoring
2025-08-06,09:45:00,HOLD,MIDCPNIFTY25AUG12900CE,152.35,3120.0,Monitoring
2025-08-06,09:50:00,HOLD,MIDCPNIFTY25AUG12900CE,153.15,3024.0,Monitoring
2025-08-06,09:55:00,HOLD,MIDCPNIFTY25AUG12900CE,155.0,2802.0,Monitoring
2025-08-06,10:00:00,HOLD,MIDCPNIFTY25AUG12900CE,141.6,4410.0,Monitoring
2025-08-06,10:05:00,HOLD,MIDCPNIFTY25AUG12900CE,143.2,4218.0,Monitoring
2025-08-06,10:10:00,HOLD,MIDCPNIFTY25AUG12900CE,141.0,4482.0,Monitoring
2025-08-06,10:15:00,HOLD,MIDCPNIFTY25AUG12900CE,146.5,3822.0,Monitoring
2025-08-06,10:20:00,HOLD,MIDCPNIFTY25AUG12900CE,147.3,3726.0,Monitoring
2025-08-06,10:25:00,HOLD,MIDCPNIFTY25AUG12900CE,138.0,4842.0,Monitoring
2025-08-06,10:30:00,HOLD,MIDCPNIFTY25AUG12900CE,131.3,5646.0,Monitoring
2025-08-06,10:35:00,HOLD,MIDCPNIFTY25AUG12900CE,129.3,5886.0,Monitoring
2025-08-06,10:40:00,HOLD,MIDCPNIFTY25AUG12900CE,128.0,6042.0,Monitoring
2025-08-06,10:45:00,HOLD,MIDCPNIFTY25AUG12900CE,128.6,5970.0,Monitoring
2025-08-06,10:50:00,HOLD,MIDCPNIFTY25AUG12900CE,128.0,6042.0,Monitoring
2025-08-06,10:55:00,HOLD,MIDCPNIFTY25AUG12900CE,125.0,6402.0,Monitoring
2025-08-06,11:00:00,HOLD,MIDCPNIFTY25AUG12900CE,127.0,6162.0,Monitoring
2025-08-06,11:05:00,HOLD,MIDCPNIFTY25AUG12900CE,123.9,6534.0,Monitoring
2025-08-06,11:10:00,HOLD,MIDCPNIFTY25AUG12900CE,125.9,6294.0,Monitoring
2025-08-06,11:15:00,HOLD,MIDCPNIFTY25AUG12900CE,122.0,6762.0,Monitoring
2025-08-06,11:20:00,HOLD,MIDCPNIFTY25AUG12900CE,121.05,6876.0,Monitoring
2025-08-06,11:25:00,HOLD,MIDCPNIFTY25AUG12900CE,128.0,6042.0,Monitoring
2025-08-06,11:30:00,HOLD,MIDCPNIFTY25AUG12900CE,122.0,6762.0,Monitoring
2025-08-06,11:35:00,HOLD,MIDCPNIFTY25AUG12900CE,123.15,6624.0,Monitoring
2025-08-06,11:40:00,HOLD,MIDCPNIFTY25AUG12900CE,122.85,6660.0,Monitoring
2025-08-06,11:45:00,HOLD,MIDCPNIFTY25AUG12900CE,126.0,6282.0,Monitoring
2025-08-06,11:50:00,HOLD,MIDCPNIFTY25AUG12900CE,129.0,5922.0,Monitoring
2025-08-06,11:55:00,HOLD,MIDCPNIFTY25AUG12900CE,127.15,6144.0,Monitoring
2025-08-06,12:00:00,HOLD,MIDCPNIFTY25AUG12900CE,139.0,4722.0,Monitoring
2025-08-06,12:05:00,HOLD,MIDCPNIFTY25AUG12900CE,141.0,4482.0,Monitoring
2025-08-06,12:10:00,HOLD,MIDCPNIFTY25AUG12900CE,137.35,4920.0,Monitoring
2025-08-06,12:15:00,HOLD,MIDCPNIFTY25AUG12900CE,144.2,4098.0,Monitoring
2025-08-06,12:20:00,HOLD,MIDCPNIFTY25AUG12900CE,142.75,4272.0,Monitoring
2025-08-06,12:25:00,HOLD,MIDCPNIFTY25AUG12900CE,144.05,4116.0,Monitoring
2025-08-06,12:30:00,HOLD,MIDCPNIFTY25AUG12900CE,142.7,4278.0,Monitoring
2025-08-06,12:35:00,HOLD,MIDCPNIFTY25AUG12900CE,133.15,5424.0,Monitoring
2025-08-06,12:40:00,HOLD,MIDCPNIFTY25AUG12900CE,134.55,5256.0,Monitoring
2025-08-06,12:45:00,HOLD,MIDCPNIFTY25AUG12900CE,135.5,5142.0,Monitoring
2025-08-06,12:50:00,HOLD,MIDCPNIFTY25AUG12900CE,130.55,5736.0,Monitoring
2025-08-06,12:55:00,HOLD,MIDCPNIFTY25AUG12900CE,134.5,5262.0,Monitoring
2025-08-06,13:00:00,HOLD,MIDCPNIFTY25AUG12900CE,136.85,4980.0,Monitoring
2025-08-06,13:05:00,HOLD,MIDCPNIFTY25AUG12900CE,134.05,5316.0,Monitoring
2025-08-06,13:10:00,HOLD,MIDCPNIFTY25AUG12900CE,135.85,5100.0,Monitoring
2025-08-06,13:15:00,HOLD,MIDCPNIFTY25AUG12900CE,139.9,4614.0,Monitoring
2025-08-06,13:20:00,HOLD,MIDCPNIFTY25AUG12900CE,133.0,5442.0,Monitoring
2025-08-06,13:25:00,HOLD,MIDCPNIFTY25AUG12900CE,139.65,4644.0,Monitoring
2025-08-06,13:30:00,HOLD,MIDCPNIFTY25AUG12900CE,138.05,4836.0,Monitoring
2025-08-06,13:35:00,HOLD,MIDCPNIFTY25AUG12900CE,139.95,4608.0,Monitoring
2025-08-06,13:40:00,HOLD,MIDCPNIFTY25AUG12900CE,135.1,5190.0,Monitoring
2025-08-06,13:45:00,HOLD,MIDCPNIFTY25AUG12900CE,130.0,5802.0,Monitoring
2025-08-06,13:50:00,HOLD,MIDCPNIFTY25AUG12900CE,130.95,5688.0,Monitoring
2025-08-06,13:55:00,HOLD,MIDCPNIFTY25AUG12900CE,134.05,5316.0,Monitoring
2025-08-06,14:00:00,HOLD,MIDCPNIFTY25AUG12900CE,134.3,5286.0,Monitoring
2025-08-06,14:05:00,HOLD,MIDCPNIFTY25AUG12900CE,136.25,5052.0,Monitoring
2025-08-06,14:10:00,HOLD,MIDCPNIFTY25AUG12900CE,131.0,5682.0,Monitoring
2025-08-06,14:15:00,HOLD,MIDCPNIFTY25AUG12900CE,134.0,5322.0,Monitoring
2025-08-06,14:20:00,HOLD,MIDCPNIFTY25AUG12900CE,133.25,5412.0,Monitoring
2025-08-06,14:25:00,HOLD,MIDCPNIFTY25AUG12900CE,127.65,6084.0,Monitoring
2025-08-06,14:30:00,HOLD,MIDCPNIFTY25AUG12900CE,126.2,6258.0,Monitoring
2025-08-06,14:35:00,HOLD,MIDCPNIFTY25AUG12900CE,127.8,6066.0,Monitoring
2025-08-06,14:40:00,HOLD,MIDCPNIFTY25AUG12900CE,129.1,5910.0,Monitoring
2025-08-06,14:45:00,HOLD,MIDCPNIFTY25AUG12900CE,127.75,6072.0,Monitoring
2025-08-06,14:50:00,HOLD,MIDCPNIFTY25AUG12900CE,131.4,5634.0,Monitoring
2025-08-06,14:55:00,HOLD,MIDCPNIFTY25AUG12900CE,131.3,5646.0,Monitoring
2025-08-06,15:00:00,HOLD,MIDCPNIFTY25AUG12900CE,132.75,5472.0,Monitoring
2025-08-06,15:05:00,HOLD,MIDCPNIFTY25AUG12900CE,132.05,5556.0,Monitoring
2025-08-06,15:10:00,HOLD,MIDCPNIFTY25AUG12900CE,130.2,5778.0,Monitoring
2025-08-06,15:15:00,HOLD,MIDCPNIFTY25AUG12900CE,133.7,5358.0,Monitoring
2025-08-06,15:20:00,HOLD,MIDCPNIFTY25AUG12900CE,130.0,5802.0,Monitoring
2025-08-06,15:25:00,HOLD,MIDCPNIFTY25AUG12900CE,126.9,6174.0,Monitoring
2025-08-07,09:15:00,HOLD,MIDCPNIFTY25AUG12900CE,119.3,7086.0,Monitoring
2025-08-07,09:20:00,HOLD,MIDCPNIFTY25AUG12900CE,118.45,7188.0,Monitoring
2025-08-07,09:25:00,HOLD,MIDCPNIFTY25AUG12900CE,128.55,5976.0,Monitoring
2025-08-07,09:30:00,HOLD,MIDCPNIFTY25AUG12900CE,130.1,5790.0,Monitoring
2025-08-07,09:35:00,HOLD,MIDCPNIFTY25AUG12900CE,136.25,5052.0,Monitoring
2025-08-07,09:40:00,HOLD,MIDCPNIFTY25AUG12900CE,132.0,5562.0,Monitoring
2025-08-07,09:45:00,HOLD,MIDCPNIFTY25AUG12900CE,135.15,5184.0,Monitoring
2025-08-07,09:50:00,HOLD,MIDCPNIFTY25AUG12900CE,136.0,5082.0,Monitoring
2025-08-07,09:55:00,HOLD,MIDCPNIFTY25AUG12900CE,126.6,6210.0,Monitoring
2025-08-07,10:00:00,HOLD,MIDCPNIFTY25AUG12900CE,132.4,5514.0,Monitoring
2025-08-07,10:05:00,HOLD,MIDCPNIFTY25AUG12900CE,124.45,6468.0,Monitoring
2025-08-07,10:10:00,HOLD,MIDCPNIFTY25AUG12900CE,127.7,6078.0,Monitoring
2025-08-07,10:15:00,HOLD,MIDCPNIFTY25AUG12900CE,128.75,5952.0,Monitoring
2025-08-07,10:20:00,HOLD,MIDCPNIFTY25AUG12900CE,128.55,5976.0,Monitoring
2025-08-07,10:25:00,HOLD,MIDCPNIFTY25AUG12900CE,115.0,7602.0,Monitoring
2025-08-07,10:30:00,HOLD,MIDCPNIFTY25AUG12900CE,118.6,7170.0,Monitoring
2025-08-07,10:35:00,HOLD,MIDCPNIFTY25AUG12900CE,115.5,7542.0,Monitoring
2025-08-07,10:40:00,HOLD,MIDCPNIFTY25AUG12900CE,114.15,7704.0,Monitoring
2025-08-07,10:45:00,HOLD,MIDCPNIFTY25AUG12900CE,112.5,7902.0,Monitoring
2025-08-07,10:50:00,HOLD,MIDCPNIFTY25AUG12900CE,114.75,7632.0,Monitoring
2025-08-07,10:55:00,HOLD,MIDCPNIFTY25AUG12900CE,115.45,7548.0,Monitoring
2025-08-07,11:00:00,HOLD,MIDCPNIFTY25AUG12900CE,111.8,7986.0,Monitoring
2025-08-07,11:05:00,HOLD,MIDCPNIFTY25AUG12900CE,112.0,7962.0,Monitoring
2025-08-07,11:10:00,HOLD,MIDCPNIFTY25AUG12900CE,111.4,8034.0,Monitoring
2025-08-07,11:15:00,HOLD,MIDCPNIFTY25AUG12900CE,110.25,8172.0,Monitoring
2025-08-07,11:20:00,HOLD,MIDCPNIFTY25AUG12900CE,108.9,8334.0,Monitoring
2025-08-07,11:25:00,HOLD,MIDCPNIFTY25AUG12900CE,108.65,8364.0,Monitoring
2025-08-07,11:30:00,HOLD,MIDCPNIFTY25AUG12900CE,102.85,9060.0,Monitoring
2025-08-07,11:35:00,HOLD,MIDCPNIFTY25AUG12900CE,104.75,8832.0,Monitoring
2025-08-07,11:40:00,HOLD,MIDCPNIFTY25AUG12900CE,104.75,8832.0,Monitoring
2025-08-07,11:45:00,HOLD,MIDCPNIFTY25AUG12900CE,105.4,8754.0,Monitoring
2025-08-07,11:50:00,HOLD,MIDCPNIFTY25AUG12900CE,105.65,8724.0,Monitoring
2025-08-07,11:55:00,HOLD,MIDCPNIFTY25AUG12900CE,105.5,8742.0,Monitoring
2025-08-07,12:00:00,HOLD,MIDCPNIFTY25AUG12900CE,105.45,8748.0,Monitoring
2025-08-07,12:05:00,HOLD,MIDCPNIFTY25AUG12900CE,102.15,9144.0,Monitoring
2025-08-07,12:10:00,HOLD,MIDCPNIFTY25AUG12900CE,110.55,8136.0,Monitoring
2025-08-07,12:15:00,HOLD,MIDCPNIFTY25AUG12900CE,109.0,8322.0,Monitoring
2025-08-07,12:20:00,HOLD,MIDCPNIFTY25AUG12900CE,105.7,8718.0,Monitoring
2025-08-07,12:25:00,HOLD,MIDCPNIFTY25AUG12900CE,106.65,8604.0,Monitoring
2025-08-07,12:30:00,HOLD,MIDCPNIFTY25AUG12900CE,104.0,8922.0,Monitoring
2025-08-07,12:35:00,HOLD,MIDCPNIFTY25AUG12900CE,108.25,8412.0,Monitoring
2025-08-07,12:40:00,HOLD,MIDCPNIFTY25AUG12900CE,107.05,8556.0,Monitoring
2025-08-07,12:45:00,HOLD,MIDCPNIFTY25AUG12900CE,103.3,9006.0,Monitoring
2025-08-07,12:50:00,HOLD,MIDCPNIFTY25AUG12900CE,104.2,8898.0,Monitoring
2025-08-07,12:55:00,HOLD,MIDCPNIFTY25AUG12900CE,107.55,8496.0,Monitoring
2025-08-07,13:00:00,HOLD,MIDCPNIFTY25AUG12900CE,107.2,8538.0,Monitoring
2025-08-07,13:05:00,HOLD,MIDCPNIFTY25AUG12900CE,103.0,9042.0,Monitoring
2025-08-07,13:10:00,HOLD,MIDCPNIFTY25AUG12900CE,98.0,9642.0,Monitoring
2025-08-07,13:15:00,HOLD,MIDCPNIFTY25AUG12900CE,94.75,10032.0,Monitoring
2025-08-07,13:20:00,HOLD,MIDCPNIFTY25AUG12900CE,91.15,10464.0,Monitoring
2025-08-07,13:25:00,HOLD,MIDCPNIFTY25AUG12900CE,88.85,10740.0,Monitoring
2025-08-07,13:30:00,HOLD,MIDCPNIFTY25AUG12900CE,90.3,10566.0,Monitoring
2025-08-07,13:35:00,HOLD,MIDCPNIFTY25AUG12900CE,93.4,10194.0,Monitoring
2025-08-07,13:40:00,HOLD,MIDCPNIFTY25AUG12900CE,95.6,9930.0,Monitoring
2025-08-07,13:45:00,HOLD,MIDCPNIFTY25AUG12900CE,94.5,10062.0,Monitoring
2025-08-07,13:50:00,HOLD,MIDCPNIFTY25AUG12900CE,96.85,9780.0,Monitoring
2025-08-07,13:55:00,HOLD,MIDCPNIFTY25AUG12900CE,99.25,9492.0,Monitoring
2025-08-07,14:00:00,HOLD,MIDCPNIFTY25AUG12900CE,102.35,9120.0,Monitoring
2025-08-07,14:05:00,HOLD,MIDCPNIFTY25AUG12900CE,105.5,8742.0,Monitoring
2025-08-07,14:10:00,HOLD,MIDCPNIFTY25AUG12900CE,109.55,8256.0,Monitoring
2025-08-07,14:15:00,HOLD,MIDCPNIFTY25AUG12900CE,119.55,7056.0,Monitoring
2025-08-07,14:20:00,HOLD,MIDCPNIFTY25AUG12900CE,114.45,7668.0,Monitoring
2025-08-07,14:25:00,HOLD,MIDCPNIFTY25AUG12900CE,121.55,6816.0,Monitoring
2025-08-07,14:30:00,HOLD,MIDCPNIFTY25AUG12900CE,130.2,5778.0,Monitoring
2025-08-07,14:35:00,HOLD,MIDCPNIFTY25AUG12900CE,131.5,5622.0,Monitoring
2025-08-07,14:40:00,HOLD,MIDCPNIFTY25AUG12900CE,135.4,5154.0,Monitoring
2025-08-07,14:45:00,HOLD,MIDCPNIFTY25AUG12900CE,136.8,4986.0,Monitoring
2025-08-07,14:45:00,BUY_EXIT,MIDCPNIFTY25AUG12900CE,136.8,4986.0,EMA_REVERSAL_SL
