Date,Time,Event,Ticker,Price,PnL_INR,Info
2024-10-22,14:00:00,SELL_ENTRY,MIDCPNIFTY24OCT12800CE,53.3,0.0,Signal CE | Short
2024-10-22,14:05:00,HOLD,MIDCPNIFTY24OCT12800CE,49.65,438.0,Monitoring
2024-10-22,14:10:00,HOLD,MIDCPNIFTY24OCT12800CE,54.3,-120.0,Monitoring
2024-10-22,14:15:00,HOLD,MIDCPNIFTY24OCT12800CE,49.65,438.0,Monitoring
2024-10-22,14:20:00,HOLD,MIDCPNIFTY24OCT12800CE,49.65,438.0,Monitoring
2024-10-22,14:25:00,HOLD,MIDCPNIFTY24OCT12800CE,49.1,504.0,Monitoring
2024-10-22,14:30:00,HOLD,MIDCPNIFTY24OCT12800CE,47.45,702.0,Monitoring
2024-10-22,14:35:00,HOLD,MIDCPNIFTY24OCT12800CE,47.45,702.0,Monitoring
2024-10-22,14:40:00,HOLD,MIDCPNIFTY24OCT12800CE,47.2,732.0,Monitoring
2024-10-22,14:45:00,HOLD,MIDCPNIFTY24OCT12800CE,46.35,834.0,Monitoring
2024-10-22,14:50:00,HOLD,MIDCPNIFTY24OCT12800CE,43.0,1236.0,Monitoring
2024-10-22,14:55:00,HOLD,MIDCPNIFTY24OCT12800CE,41.2,1452.0,Monitoring
2024-10-22,15:00:00,HOLD,MIDCPNIFTY24OCT12800CE,36.55,2010.0,Monitoring
2024-10-22,15:05:00,HOLD,MIDCPNIFTY24OCT12800CE,38.8,1740.0,Monitoring
2024-10-22,15:10:00,HOLD,MIDCPNIFTY24OCT12800CE,33.5,2376.0,Monitoring
2024-10-22,15:15:00,HOLD,MIDCPNIFTY24OCT12800CE,38.6,1764.0,Monitoring
2024-10-22,15:20:00,HOLD,MIDCPNIFTY24OCT12800CE,40.65,1518.0,Monitoring
2024-10-22,15:25:00,HOLD,MIDCPNIFTY24OCT12800CE,39.55,1650.0,Monitoring
2024-10-23,09:15:00,HOLD,MIDCPNIFTY24OCT12800CE,48.5,576.0,Monitoring
2024-10-23,09:20:00,HOLD,MIDCPNIFTY24OCT12800CE,38.1,1824.0,Monitoring
2024-10-23,09:25:00,HOLD,MIDCPNIFTY24OCT12800CE,45.85,894.0,Monitoring
2024-10-23,09:30:00,HOLD,MIDCPNIFTY24OCT12800CE,39.85,1614.0,Monitoring
2024-10-23,09:35:00,HOLD,MIDCPNIFTY24OCT12800CE,34.65,2238.0,Monitoring
2024-10-23,09:40:00,HOLD,MIDCPNIFTY24OCT12800CE,32.5,2496.0,Monitoring
2024-10-23,09:45:00,HOLD,MIDCPNIFTY24OCT12800CE,45.75,906.0,Monitoring
2024-10-23,09:50:00,HOLD,MIDCPNIFTY24OCT12800CE,47.05,750.0,Monitoring
2024-10-23,09:55:00,HOLD,MIDCPNIFTY24OCT12800CE,45.6,924.0,Monitoring
2024-10-23,10:00:00,HOLD,MIDCPNIFTY24OCT12800CE,51.05,270.0,Monitoring
2024-10-23,10:05:00,HOLD,MIDCPNIFTY24OCT12800CE,53.0,36.0,Monitoring
2024-10-23,10:10:00,HOLD,MIDCPNIFTY24OCT12800CE,48.75,546.0,Monitoring
2024-10-23,10:15:00,HOLD,MIDCPNIFTY24OCT12800CE,55.7,-288.0,Monitoring
2024-10-23,10:20:00,HOLD,MIDCPNIFTY24OCT12800CE,48.05,630.0,Monitoring
2024-10-23,10:25:00,HOLD,MIDCPNIFTY24OCT12800CE,53.0,36.0,Monitoring
2024-10-23,10:30:00,HOLD,MIDCPNIFTY24OCT12800CE,52.75,66.0,Monitoring
2024-10-23,10:35:00,HOLD,MIDCPNIFTY24OCT12800CE,53.55,-30.0,Monitoring
2024-10-23,10:40:00,HOLD,MIDCPNIFTY24OCT12800CE,47.65,678.0,Monitoring
2024-10-23,10:45:00,HOLD,MIDCPNIFTY24OCT12800CE,58.55,-630.0,Monitoring
2024-10-23,10:50:00,HOLD,MIDCPNIFTY24OCT12800CE,58.9,-672.0,Monitoring
2024-10-23,10:55:00,HOLD,MIDCPNIFTY24OCT12800CE,60.55,-870.0,Monitoring
2024-10-23,11:00:00,HOLD,MIDCPNIFTY24OCT12800CE,57.6,-516.0,Monitoring
2024-10-23,11:05:00,HOLD,MIDCPNIFTY24OCT12800CE,57.6,-516.0,Monitoring
2024-10-23,11:10:00,HOLD,MIDCPNIFTY24OCT12800CE,53.1,24.0,Monitoring
2024-10-23,11:15:00,HOLD,MIDCPNIFTY24OCT12800CE,55.2,-228.0,Monitoring
2024-10-23,11:20:00,HOLD,MIDCPNIFTY24OCT12800CE,50.65,318.0,Monitoring
2024-10-23,11:25:00,HOLD,MIDCPNIFTY24OCT12800CE,49.8,420.0,Monitoring
2024-10-23,11:30:00,HOLD,MIDCPNIFTY24OCT12800CE,53.3,0.0,Monitoring
2024-10-23,11:35:00,HOLD,MIDCPNIFTY24OCT12800CE,53.45,-18.0,Monitoring
2024-10-23,11:40:00,HOLD,MIDCPNIFTY24OCT12800CE,53.35,-6.0,Monitoring
2024-10-23,11:45:00,HOLD,MIDCPNIFTY24OCT12800CE,52.75,66.0,Monitoring
2024-10-23,11:50:00,HOLD,MIDCPNIFTY24OCT12800CE,52.65,78.0,Monitoring
2024-10-23,11:55:00,HOLD,MIDCPNIFTY24OCT12800CE,51.6,204.0,Monitoring
2024-10-23,12:00:00,HOLD,MIDCPNIFTY24OCT12800CE,52.7,72.0,Monitoring
2024-10-23,12:05:00,HOLD,MIDCPNIFTY24OCT12800CE,50.1,384.0,Monitoring
2024-10-23,12:10:00,HOLD,MIDCPNIFTY24OCT12800CE,48.7,552.0,Monitoring
2024-10-23,12:15:00,HOLD,MIDCPNIFTY24OCT12800CE,47.1,744.0,Monitoring
2024-10-23,12:20:00,HOLD,MIDCPNIFTY24OCT12800CE,51.15,258.0,Monitoring
2024-10-23,12:25:00,HOLD,MIDCPNIFTY24OCT12800CE,48.95,522.0,Monitoring
2024-10-23,12:30:00,HOLD,MIDCPNIFTY24OCT12800CE,52.35,114.0,Monitoring
2024-10-23,12:35:00,HOLD,MIDCPNIFTY24OCT12800CE,52.55,90.0,Monitoring
2024-10-23,12:40:00,HOLD,MIDCPNIFTY24OCT12800CE,52.25,126.0,Monitoring
2024-10-23,12:45:00,HOLD,MIDCPNIFTY24OCT12800CE,52.85,54.0,Monitoring
2024-10-23,12:50:00,HOLD,MIDCPNIFTY24OCT12800CE,56.0,-324.0,Monitoring
2024-10-23,12:55:00,HOLD,MIDCPNIFTY24OCT12800CE,59.55,-750.0,Monitoring
2024-10-23,13:00:00,HOLD,MIDCPNIFTY24OCT12800CE,62.3,-1080.0,Monitoring
2024-10-23,13:05:00,HOLD,MIDCPNIFTY24OCT12800CE,55.35,-246.0,Monitoring
2024-10-23,13:10:00,HOLD,MIDCPNIFTY24OCT12800CE,55.7,-288.0,Monitoring
2024-10-23,13:15:00,HOLD,MIDCPNIFTY24OCT12800CE,58.25,-594.0,Monitoring
2024-10-23,13:20:00,HOLD,MIDCPNIFTY24OCT12800CE,55.7,-288.0,Monitoring
2024-10-23,13:25:00,HOLD,MIDCPNIFTY24OCT12800CE,54.0,-84.0,Monitoring
2024-10-23,13:30:00,HOLD,MIDCPNIFTY24OCT12800CE,58.0,-564.0,Monitoring
2024-10-23,13:35:00,HOLD,MIDCPNIFTY24OCT12800CE,55.35,-246.0,Monitoring
2024-10-23,13:40:00,HOLD,MIDCPNIFTY24OCT12800CE,57.7,-528.0,Monitoring
2024-10-23,13:45:00,HOLD,MIDCPNIFTY24OCT12800CE,54.7,-168.0,Monitoring
2024-10-23,13:50:00,HOLD,MIDCPNIFTY24OCT12800CE,56.2,-348.0,Monitoring
2024-10-23,13:55:00,HOLD,MIDCPNIFTY24OCT12800CE,56.4,-372.0,Monitoring
2024-10-23,14:00:00,HOLD,MIDCPNIFTY24OCT12800CE,52.4,108.0,Monitoring
2024-10-23,14:05:00,HOLD,MIDCPNIFTY24OCT12800CE,50.4,348.0,Monitoring
2024-10-23,14:10:00,HOLD,MIDCPNIFTY24OCT12800CE,46.7,792.0,Monitoring
2024-10-23,14:15:00,HOLD,MIDCPNIFTY24OCT12800CE,43.8,1140.0,Monitoring
2024-10-23,14:20:00,HOLD,MIDCPNIFTY24OCT12800CE,41.55,1410.0,Monitoring
2024-10-23,14:25:00,HOLD,MIDCPNIFTY24OCT12800CE,38.35,1794.0,Monitoring
2024-10-23,14:30:00,HOLD,MIDCPNIFTY24OCT12800CE,37.35,1914.0,Monitoring
2024-10-23,14:35:00,HOLD,MIDCPNIFTY24OCT12800CE,36.45,2022.0,Monitoring
2024-10-23,14:40:00,HOLD,MIDCPNIFTY24OCT12800CE,35.4,2148.0,Monitoring
2024-10-23,14:45:00,HOLD,MIDCPNIFTY24OCT12800CE,37.0,1956.0,Monitoring
2024-10-23,14:50:00,HOLD,MIDCPNIFTY24OCT12800CE,40.1,1584.0,Monitoring
2024-10-23,14:55:00,HOLD,MIDCPNIFTY24OCT12800CE,42.15,1338.0,Monitoring
2024-10-23,15:00:00,HOLD,MIDCPNIFTY24OCT12800CE,38.75,1746.0,Monitoring
2024-10-23,15:05:00,HOLD,MIDCPNIFTY24OCT12800CE,36.65,1998.0,Monitoring
2024-10-23,15:10:00,HOLD,MIDCPNIFTY24OCT12800CE,35.9,2088.0,Monitoring
2024-10-23,15:15:00,HOLD,MIDCPNIFTY24OCT12800CE,33.6,2364.0,Monitoring
2024-10-23,15:20:00,HOLD,MIDCPNIFTY24OCT12800CE,30.7,2712.0,Monitoring
2024-10-23,15:25:00,HOLD,MIDCPNIFTY24OCT12800CE,31.65,2598.0,Monitoring
2024-10-24,09:15:00,HOLD,MIDCPNIFTY24OCT12800CE,33.6,2364.0,Monitoring
2024-10-24,09:15:00,BUY_EXIT,MIDCPNIFTY24OCT12800CE,33.6,2364.0,ROLLOVER_EXIT
