Date,Time,Event,Ticker,Price,PnL_INR,Info
2023-08-09,14:00:00,SELL_ENTRY,MIDCPNIFTY23AUG8600CE,150.0,0.0,Signal CE | Short
2023-08-09,14:05:00,HOLD,MIDCPNIFTY23AUG8600CE,150.0,0.0,Monitoring
2023-08-09,14:15:00,HOLD,MIDCPNIFTY23AUG8600CE,150.0,0.0,Monitoring
2023-08-09,14:20:00,HOLD,MIDCPNIFTY23AUG8600CE,150.0,0.0,Monitoring
2023-08-09,14:25:00,HOLD,MIDCPNIFTY23AUG8600CE,150.0,0.0,Monitoring
2023-08-09,14:30:00,HOLD,MIDCPNIFTY23AUG8600CE,150.0,0.0,Monitoring
2023-08-09,14:35:00,HOLD,MIDCPNIFTY23AUG8600CE,150.0,0.0,Monitoring
2023-08-09,14:40:00,HOLD,MIDCPNIFTY23AUG8600CE,150.0,0.0,Monitoring
2023-08-09,14:45:00,HOLD,MIDCPNIFTY23AUG8600CE,150.0,0.0,Monitoring
2023-08-09,14:50:00,HOLD,MIDCPNIFTY23AUG8600CE,150.0,0.0,Monitoring
2023-08-09,14:55:00,HOLD,MIDCPNIFTY23AUG8600CE,150.0,0.0,Monitoring
2023-08-09,15:00:00,HOLD,MIDCPNIFTY23AUG8600CE,150.0,0.0,Monitoring
2023-08-09,15:05:00,HOLD,MIDCPNIFTY23AUG8600CE,150.0,0.0,Monitoring
2023-08-09,15:10:00,HOLD,MIDCPNIFTY23AUG8600CE,150.0,0.0,Monitoring
2023-08-09,15:15:00,HOLD,MIDCPNIFTY23AUG8600CE,150.0,0.0,Monitoring
2023-08-09,15:20:00,HOLD,MIDCPNIFTY23AUG8600CE,150.0,0.0,Monitoring
2023-08-09,15:25:00,HOLD,MIDCPNIFTY23AUG8600CE,150.0,0.0,Monitoring
2023-08-10,09:15:00,HOLD,MIDCPNIFTY23AUG8600CE,150.0,0.0,Monitoring
2023-08-10,09:20:00,HOLD,MIDCPNIFTY23AUG8600CE,150.0,0.0,Monitoring
2023-08-10,09:25:00,HOLD,MIDCPNIFTY23AUG8600CE,150.0,0.0,Monitoring
2023-08-10,09:30:00,HOLD,MIDCPNIFTY23AUG8600CE,150.0,0.0,Monitoring
2023-08-10,09:35:00,HOLD,MIDCPNIFTY23AUG8600CE,150.0,0.0,Monitoring
2023-08-10,09:40:00,HOLD,MIDCPNIFTY23AUG8600CE,150.0,0.0,Monitoring
2023-08-10,09:45:00,HOLD,MIDCPNIFTY23AUG8600CE,150.0,0.0,Monitoring
2023-08-10,09:50:00,HOLD,MIDCPNIFTY23AUG8600CE,150.0,0.0,Monitoring
2023-08-10,10:10:00,HOLD,MIDCPNIFTY23AUG8600CE,150.0,0.0,Monitoring
2023-08-10,10:15:00,HOLD,MIDCPNIFTY23AUG8600CE,150.0,0.0,Monitoring
2023-08-10,10:20:00,HOLD,MIDCPNIFTY23AUG8600CE,150.0,0.0,Monitoring
2023-08-10,10:25:00,HOLD,MIDCPNIFTY23AUG8600CE,150.0,0.0,Monitoring
2023-08-10,10:30:00,HOLD,MIDCPNIFTY23AUG8600CE,150.0,0.0,Monitoring
2023-08-10,10:35:00,HOLD,MIDCPNIFTY23AUG8600CE,150.0,0.0,Monitoring
2023-08-10,10:40:00,HOLD,MIDCPNIFTY23AUG8600CE,150.0,0.0,Monitoring
2023-08-10,10:45:00,HOLD,MIDCPNIFTY23AUG8600CE,150.0,0.0,Monitoring
2023-08-10,10:50:00,HOLD,MIDCPNIFTY23AUG8600CE,150.0,0.0,Monitoring
2023-08-10,10:55:00,HOLD,MIDCPNIFTY23AUG8600CE,150.0,0.0,Monitoring
2023-08-10,11:00:00,HOLD,MIDCPNIFTY23AUG8600CE,150.0,0.0,Monitoring
2023-08-10,11:05:00,HOLD,MIDCPNIFTY23AUG8600CE,150.0,0.0,Monitoring
2023-08-10,11:25:00,HOLD,MIDCPNIFTY23AUG8600CE,150.0,0.0,Monitoring
2023-08-10,11:30:00,HOLD,MIDCPNIFTY23AUG8600CE,150.0,0.0,Monitoring
2023-08-10,11:35:00,HOLD,MIDCPNIFTY23AUG8600CE,150.0,0.0,Monitoring
2023-08-10,11:40:00,HOLD,MIDCPNIFTY23AUG8600CE,150.0,0.0,Monitoring
2023-08-10,11:45:00,HOLD,MIDCPNIFTY23AUG8600CE,150.0,0.0,Monitoring
2023-08-10,11:50:00,HOLD,MIDCPNIFTY23AUG8600CE,150.0,0.0,Monitoring
2023-08-10,11:55:00,HOLD,MIDCPNIFTY23AUG8600CE,150.0,0.0,Monitoring
2023-08-10,12:20:00,HOLD,MIDCPNIFTY23AUG8600CE,150.0,0.0,Monitoring
2023-08-10,12:25:00,HOLD,MIDCPNIFTY23AUG8600CE,150.0,0.0,Monitoring
2023-08-10,12:30:00,HOLD,MIDCPNIFTY23AUG8600CE,150.0,0.0,Monitoring
2023-08-10,12:35:00,HOLD,MIDCPNIFTY23AUG8600CE,150.0,0.0,Monitoring
2023-08-10,12:50:00,HOLD,MIDCPNIFTY23AUG8600CE,150.0,0.0,Monitoring
2023-08-10,12:55:00,HOLD,MIDCPNIFTY23AUG8600CE,150.0,0.0,Monitoring
2023-08-10,13:00:00,HOLD,MIDCPNIFTY23AUG8600CE,150.0,0.0,Monitoring
2023-08-10,13:05:00,HOLD,MIDCPNIFTY23AUG8600CE,150.0,0.0,Monitoring
2023-08-10,13:25:00,HOLD,MIDCPNIFTY23AUG8600CE,150.0,0.0,Monitoring
2023-08-10,13:30:00,HOLD,MIDCPNIFTY23AUG8600CE,150.0,0.0,Monitoring
2023-08-10,13:35:00,HOLD,MIDCPNIFTY23AUG8600CE,150.0,0.0,Monitoring
2023-08-10,13:40:00,HOLD,MIDCPNIFTY23AUG8600CE,150.0,0.0,Monitoring
2023-08-10,13:45:00,HOLD,MIDCPNIFTY23AUG8600CE,150.0,0.0,Monitoring
2023-08-10,13:50:00,HOLD,MIDCPNIFTY23AUG8600CE,150.0,0.0,Monitoring
2023-08-10,13:55:00,HOLD,MIDCPNIFTY23AUG8600CE,150.0,0.0,Monitoring
2023-08-10,14:00:00,HOLD,MIDCPNIFTY23AUG8600CE,150.0,0.0,Monitoring
2023-08-10,14:05:00,HOLD,MIDCPNIFTY23AUG8600CE,150.0,0.0,Monitoring
2023-08-10,14:10:00,HOLD,MIDCPNIFTY23AUG8600CE,150.0,0.0,Monitoring
2023-08-10,14:45:00,HOLD,MIDCPNIFTY23AUG8600CE,150.0,0.0,Monitoring
2023-08-10,14:50:00,HOLD,MIDCPNIFTY23AUG8600CE,150.0,0.0,Monitoring
2023-08-10,14:55:00,HOLD,MIDCPNIFTY23AUG8600CE,150.0,0.0,Monitoring
2023-08-10,15:00:00,HOLD,MIDCPNIFTY23AUG8600CE,150.0,0.0,Monitoring
2023-08-11,09:15:00,HOLD,MIDCPNIFTY23AUG8600CE,150.0,0.0,Monitoring
2023-08-11,09:20:00,HOLD,MIDCPNIFTY23AUG8600CE,150.0,0.0,Monitoring
2023-08-11,09:25:00,HOLD,MIDCPNIFTY23AUG8600CE,150.0,0.0,Monitoring
2023-08-11,09:30:00,HOLD,MIDCPNIFTY23AUG8600CE,183.6,-4032.0,Monitoring
2023-08-11,09:35:00,HOLD,MIDCPNIFTY23AUG8600CE,183.6,-4032.0,Monitoring
2023-08-11,09:40:00,HOLD,MIDCPNIFTY23AUG8600CE,183.6,-4032.0,Monitoring
2023-08-11,09:45:00,HOLD,MIDCPNIFTY23AUG8600CE,183.6,-4032.0,Monitoring
2023-08-11,09:50:00,HOLD,MIDCPNIFTY23AUG8600CE,183.6,-4032.0,Monitoring
2023-08-11,09:55:00,HOLD,MIDCPNIFTY23AUG8600CE,183.6,-4032.0,Monitoring
2023-08-11,10:00:00,HOLD,MIDCPNIFTY23AUG8600CE,183.6,-4032.0,Monitoring
2023-08-11,10:05:00,HOLD,MIDCPNIFTY23AUG8600CE,183.6,-4032.0,Monitoring
2023-08-11,10:10:00,HOLD,MIDCPNIFTY23AUG8600CE,183.6,-4032.0,Monitoring
2023-08-11,10:15:00,HOLD,MIDCPNIFTY23AUG8600CE,183.6,-4032.0,Monitoring
2023-08-11,10:20:00,HOLD,MIDCPNIFTY23AUG8600CE,170.0,-2400.0,Monitoring
2023-08-11,10:25:00,HOLD,MIDCPNIFTY23AUG8600CE,170.0,-2400.0,Monitoring
2023-08-11,10:30:00,HOLD,MIDCPNIFTY23AUG8600CE,170.0,-2400.0,Monitoring
2023-08-11,10:35:00,HOLD,MIDCPNIFTY23AUG8600CE,170.0,-2400.0,Monitoring
2023-08-11,10:40:00,HOLD,MIDCPNIFTY23AUG8600CE,170.0,-2400.0,Monitoring
2023-08-11,10:45:00,HOLD,MIDCPNIFTY23AUG8600CE,170.0,-2400.0,Monitoring
2023-08-11,10:50:00,HOLD,MIDCPNIFTY23AUG8600CE,170.0,-2400.0,Monitoring
2023-08-11,10:55:00,HOLD,MIDCPNIFTY23AUG8600CE,170.0,-2400.0,Monitoring
2023-08-11,11:00:00,HOLD,MIDCPNIFTY23AUG8600CE,170.0,-2400.0,Monitoring
2023-08-11,11:00:00,BUY_EXIT,MIDCPNIFTY23AUG8600CE,170.0,-2400.0,EMA_REVERSAL_SL
