Date,Time,Event,Ticker,Price,PnL_INR,Info
2025-03-24,14:00:00,SELL_ENTRY,MIDCPNIFTY25APR11500PE,169.9,0.0,Signal PE | Short
2025-03-24,14:05:00,HOLD,MIDCPNIFTY25APR11500PE,168.0,228.0,Monitoring
2025-03-24,14:10:00,HOLD,MIDCPNIFTY25APR11500PE,160.05,1182.0,Monitoring
2025-03-24,14:15:00,HOLD,MIDCPNIFTY25APR11500PE,160.35,1146.0,Monitoring
2025-03-24,14:20:00,HOLD,MIDCPNIFTY25APR11500PE,162.1,936.0,Monitoring
2025-03-24,14:25:00,HOLD,MIDCPNIFTY25APR11500PE,163.15,810.0,Monitoring
2025-03-24,14:30:00,HOLD,MIDCPNIFTY25APR11500PE,164.15,690.0,Monitoring
2025-03-24,14:35:00,HOLD,MIDCPNIFTY25APR11500PE,166.95,354.0,Monitoring
2025-03-24,14:40:00,HOLD,MIDCPNIFTY25APR11500PE,167.0,348.0,Monitoring
2025-03-24,14:45:00,HOLD,MIDCPNIFTY25APR11500PE,169.0,108.0,Monitoring
2025-03-24,14:50:00,HOLD,MIDCPNIFTY25APR11500PE,170.0,-12.0,Monitoring
2025-03-24,14:55:00,HOLD,MIDCPNIFTY25APR11500PE,174.95,-606.0,Monitoring
2025-03-24,15:00:00,HOLD,MIDCPNIFTY25APR11500PE,177.7,-936.0,Monitoring
2025-03-24,15:05:00,HOLD,MIDCPNIFTY25APR11500PE,180.0,-1212.0,Monitoring
2025-03-24,15:10:00,HOLD,MIDCPNIFTY25APR11500PE,180.0,-1212.0,Monitoring
2025-03-24,15:15:00,HOLD,MIDCPNIFTY25APR11500PE,177.05,-858.0,Monitoring
2025-03-24,15:20:00,HOLD,MIDCPNIFTY25APR11500PE,174.9,-600.0,Monitoring
2025-03-24,15:25:00,HOLD,MIDCPNIFTY25APR11500PE,176.5,-792.0,Monitoring
2025-03-25,09:15:00,HOLD,MIDCPNIFTY25APR11500PE,178.0,-972.0,Monitoring
2025-03-25,09:20:00,HOLD,MIDCPNIFTY25APR11500PE,209.0,-4692.0,Monitoring
2025-03-25,09:25:00,HOLD,MIDCPNIFTY25APR11500PE,194.7,-2976.0,Monitoring
2025-03-25,09:30:00,HOLD,MIDCPNIFTY25APR11500PE,183.0,-1572.0,Monitoring
2025-03-25,09:35:00,HOLD,MIDCPNIFTY25APR11500PE,180.0,-1212.0,Monitoring
2025-03-25,09:40:00,HOLD,MIDCPNIFTY25APR11500PE,182.0,-1452.0,Monitoring
2025-03-25,09:45:00,HOLD,MIDCPNIFTY25APR11500PE,177.3,-888.0,Monitoring
2025-03-25,09:50:00,HOLD,MIDCPNIFTY25APR11500PE,171.0,-132.0,Monitoring
2025-03-25,09:55:00,HOLD,MIDCPNIFTY25APR11500PE,189.4,-2340.0,Monitoring
2025-03-25,10:00:00,HOLD,MIDCPNIFTY25APR11500PE,195.0,-3012.0,Monitoring
2025-03-25,10:05:00,HOLD,MIDCPNIFTY25APR11500PE,185.95,-1926.0,Monitoring
2025-03-25,10:10:00,HOLD,MIDCPNIFTY25APR11500PE,204.0,-4092.0,Monitoring
2025-03-25,10:15:00,HOLD,MIDCPNIFTY25APR11500PE,208.0,-4572.0,Monitoring
2025-03-25,10:20:00,HOLD,MIDCPNIFTY25APR11500PE,208.9,-4680.0,Monitoring
2025-03-25,10:25:00,HOLD,MIDCPNIFTY25APR11500PE,202.0,-3852.0,Monitoring
2025-03-25,10:30:00,HOLD,MIDCPNIFTY25APR11500PE,220.0,-6012.0,Monitoring
2025-03-25,10:30:00,BUY_EXIT,MIDCPNIFTY25APR11500PE,220.0,-6012.0,EMA_REVERSAL_SL
