Date,Time,Event,Ticker,Price,PnL_INR,Info
2025-06-30,14:00:00,SELL_ENTRY,MIDCPNIFTY25JUL13400PE,226.8,0.0,Signal PE | Short
2025-06-30,14:05:00,HOLD,MIDCPNIFTY25JUL13400PE,224.55,270.0,Monitoring
2025-06-30,14:10:00,HOLD,MIDCPNIFTY25JUL13400PE,221.9,588.0,Monitoring
2025-06-30,14:15:00,HOLD,MIDCPNIFTY25JUL13400PE,226.2,72.0,Monitoring
2025-06-30,14:20:00,HOLD,MIDCPNIFTY25JUL13400PE,226.1,84.0,Monitoring
2025-06-30,14:25:00,HOLD,MIDCPNIFTY25JUL13400PE,225.95,102.0,Monitoring
2025-06-30,14:30:00,HOLD,MIDCPNIFTY25JUL13400PE,225.0,216.0,Monitoring
2025-06-30,14:35:00,HOLD,MIDCPNIFTY25JUL13400PE,228.95,-258.0,Monitoring
2025-06-30,14:40:00,HOLD,MIDCPNIFTY25JUL13400PE,229.0,-264.0,Monitoring
2025-06-30,14:45:00,HOLD,MIDCPNIFTY25JUL13400PE,229.7,-348.0,Monitoring
2025-06-30,14:50:00,HOLD,MIDCPNIFTY25JUL13400PE,230.25,-414.0,Monitoring
2025-06-30,14:55:00,HOLD,MIDCPNIFTY25JUL13400PE,234.6,-936.0,Monitoring
2025-06-30,15:00:00,HOLD,MIDCPNIFTY25JUL13400PE,238.0,-1344.0,Monitoring
2025-06-30,15:05:00,HOLD,MIDCPNIFTY25JUL13400PE,237.8,-1320.0,Monitoring
2025-06-30,15:10:00,HOLD,MIDCPNIFTY25JUL13400PE,235.25,-1014.0,Monitoring
2025-06-30,15:15:00,HOLD,MIDCPNIFTY25JUL13400PE,236.35,-1146.0,Monitoring
2025-06-30,15:20:00,HOLD,MIDCPNIFTY25JUL13400PE,236.05,-1110.0,Monitoring
2025-06-30,15:25:00,HOLD,MIDCPNIFTY25JUL13400PE,237.0,-1224.0,Monitoring
2025-07-01,09:15:00,HOLD,MIDCPNIFTY25JUL13400PE,237.45,-1278.0,Monitoring
2025-07-01,09:20:00,HOLD,MIDCPNIFTY25JUL13400PE,224.0,336.0,Monitoring
2025-07-01,09:25:00,HOLD,MIDCPNIFTY25JUL13400PE,222.0,576.0,Monitoring
2025-07-01,09:30:00,HOLD,MIDCPNIFTY25JUL13400PE,217.0,1176.0,Monitoring
2025-07-01,09:35:00,HOLD,MIDCPNIFTY25JUL13400PE,216.3,1260.0,Monitoring
2025-07-01,09:40:00,HOLD,MIDCPNIFTY25JUL13400PE,218.6,984.0,Monitoring
2025-07-01,09:45:00,HOLD,MIDCPNIFTY25JUL13400PE,218.65,978.0,Monitoring
2025-07-01,09:50:00,HOLD,MIDCPNIFTY25JUL13400PE,224.3,300.0,Monitoring
2025-07-01,09:55:00,HOLD,MIDCPNIFTY25JUL13400PE,216.1,1284.0,Monitoring
2025-07-01,10:00:00,HOLD,MIDCPNIFTY25JUL13400PE,224.0,336.0,Monitoring
2025-07-01,10:05:00,HOLD,MIDCPNIFTY25JUL13400PE,222.45,522.0,Monitoring
2025-07-01,10:10:00,HOLD,MIDCPNIFTY25JUL13400PE,231.85,-606.0,Monitoring
2025-07-01,10:15:00,HOLD,MIDCPNIFTY25JUL13400PE,231.2,-528.0,Monitoring
2025-07-01,10:20:00,HOLD,MIDCPNIFTY25JUL13400PE,231.2,-528.0,Monitoring
2025-07-01,10:25:00,HOLD,MIDCPNIFTY25JUL13400PE,232.9,-732.0,Monitoring
2025-07-01,10:30:00,HOLD,MIDCPNIFTY25JUL13400PE,230.3,-420.0,Monitoring
2025-07-01,10:35:00,HOLD,MIDCPNIFTY25JUL13400PE,231.6,-576.0,Monitoring
2025-07-01,10:40:00,HOLD,MIDCPNIFTY25JUL13400PE,245.3,-2220.0,Monitoring
2025-07-01,10:45:00,HOLD,MIDCPNIFTY25JUL13400PE,245.25,-2214.0,Monitoring
2025-07-01,10:50:00,HOLD,MIDCPNIFTY25JUL13400PE,251.65,-2982.0,Monitoring
2025-07-01,10:55:00,HOLD,MIDCPNIFTY25JUL13400PE,259.95,-3978.0,Monitoring
2025-07-01,10:55:00,BUY_EXIT,MIDCPNIFTY25JUL13400PE,259.95,-3978.0,EMA_REVERSAL_SL
