Date,Time,Event,Ticker,Price,PnL_INR,Info
2025-01-14,14:30:00,SELL_ENTRY,MIDCPNIFTY25JAN11800PE,128.5,0.0,Signal PE | Short
2025-01-14,14:35:00,HOLD,MIDCPNIFTY25JAN11800PE,130.05,-186.0,Monitoring
2025-01-14,14:40:00,HOLD,MIDCPNIFTY25JAN11800PE,135.0,-780.0,Monitoring
2025-01-14,14:45:00,HOLD,MIDCPNIFTY25JAN11800PE,137.0,-1020.0,Monitoring
2025-01-14,14:50:00,HOLD,MIDCPNIFTY25JAN11800PE,133.8,-636.0,Monitoring
2025-01-14,14:55:00,HOLD,MIDCPNIFTY25JAN11800PE,135.2,-804.0,Monitoring
2025-01-14,15:00:00,HOLD,MIDCPNIFTY25JAN11800PE,133.0,-540.0,Monitoring
2025-01-14,15:05:00,HOLD,MIDCPNIFTY25JAN11800PE,125.45,366.0,Monitoring
2025-01-14,15:10:00,HOLD,MIDCPNIFTY25JAN11800PE,124.1,528.0,Monitoring
2025-01-14,15:15:00,HOLD,MIDCPNIFTY25JAN11800PE,125.75,330.0,Monitoring
2025-01-14,15:20:00,HOLD,MIDCPNIFTY25JAN11800PE,112.1,1968.0,Monitoring
2025-01-14,15:25:00,HOLD,MIDCPNIFTY25JAN11800PE,108.0,2460.0,Monitoring
2025-01-15,09:15:00,HOLD,MIDCPNIFTY25JAN11800PE,114.55,1674.0,Monitoring
2025-01-15,09:20:00,HOLD,MIDCPNIFTY25JAN11800PE,110.15,2202.0,Monitoring
2025-01-15,09:25:00,HOLD,MIDCPNIFTY25JAN11800PE,111.8,2004.0,Monitoring
2025-01-15,09:30:00,HOLD,MIDCPNIFTY25JAN11800PE,124.35,498.0,Monitoring
2025-01-15,09:35:00,HOLD,MIDCPNIFTY25JAN11800PE,129.0,-60.0,Monitoring
2025-01-15,09:40:00,HOLD,MIDCPNIFTY25JAN11800PE,123.0,660.0,Monitoring
2025-01-15,09:45:00,HOLD,MIDCPNIFTY25JAN11800PE,122.85,678.0,Monitoring
2025-01-15,09:50:00,HOLD,MIDCPNIFTY25JAN11800PE,117.45,1326.0,Monitoring
2025-01-15,09:55:00,HOLD,MIDCPNIFTY25JAN11800PE,112.8,1884.0,Monitoring
2025-01-15,10:00:00,HOLD,MIDCPNIFTY25JAN11800PE,105.8,2724.0,Monitoring
2025-01-15,10:05:00,HOLD,MIDCPNIFTY25JAN11800PE,110.65,2142.0,Monitoring
2025-01-15,10:10:00,HOLD,MIDCPNIFTY25JAN11800PE,106.25,2670.0,Monitoring
2025-01-15,10:15:00,HOLD,MIDCPNIFTY25JAN11800PE,106.8,2604.0,Monitoring
2025-01-15,10:20:00,HOLD,MIDCPNIFTY25JAN11800PE,92.0,4380.0,Monitoring
2025-01-15,10:25:00,HOLD,MIDCPNIFTY25JAN11800PE,94.55,4074.0,Monitoring
2025-01-15,10:30:00,HOLD,MIDCPNIFTY25JAN11800PE,91.9,4392.0,Monitoring
2025-01-15,10:35:00,HOLD,MIDCPNIFTY25JAN11800PE,80.85,5718.0,Monitoring
2025-01-15,10:40:00,HOLD,MIDCPNIFTY25JAN11800PE,81.5,5640.0,Monitoring
2025-01-15,10:45:00,HOLD,MIDCPNIFTY25JAN11800PE,75.0,6420.0,Monitoring
2025-01-15,10:50:00,HOLD,MIDCPNIFTY25JAN11800PE,74.35,6498.0,Monitoring
2025-01-15,10:55:00,HOLD,MIDCPNIFTY25JAN11800PE,78.3,6024.0,Monitoring
2025-01-15,11:00:00,HOLD,MIDCPNIFTY25JAN11800PE,82.55,5514.0,Monitoring
2025-01-15,11:05:00,HOLD,MIDCPNIFTY25JAN11800PE,80.0,5820.0,Monitoring
2025-01-15,11:10:00,HOLD,MIDCPNIFTY25JAN11800PE,77.35,6138.0,Monitoring
2025-01-15,11:15:00,HOLD,MIDCPNIFTY25JAN11800PE,75.85,6318.0,Monitoring
2025-01-15,11:20:00,HOLD,MIDCPNIFTY25JAN11800PE,78.75,5970.0,Monitoring
2025-01-15,11:25:00,HOLD,MIDCPNIFTY25JAN11800PE,78.7,5976.0,Monitoring
2025-01-15,11:30:00,HOLD,MIDCPNIFTY25JAN11800PE,80.75,5730.0,Monitoring
2025-01-15,11:35:00,HOLD,MIDCPNIFTY25JAN11800PE,78.8,5964.0,Monitoring
2025-01-15,11:40:00,HOLD,MIDCPNIFTY25JAN11800PE,75.15,6402.0,Monitoring
2025-01-15,11:45:00,HOLD,MIDCPNIFTY25JAN11800PE,75.45,6366.0,Monitoring
2025-01-15,11:50:00,HOLD,MIDCPNIFTY25JAN11800PE,76.1,6288.0,Monitoring
2025-01-15,11:55:00,HOLD,MIDCPNIFTY25JAN11800PE,76.45,6246.0,Monitoring
2025-01-15,12:00:00,HOLD,MIDCPNIFTY25JAN11800PE,75.7,6336.0,Monitoring
2025-01-15,12:05:00,HOLD,MIDCPNIFTY25JAN11800PE,76.2,6276.0,Monitoring
2025-01-15,12:10:00,HOLD,MIDCPNIFTY25JAN11800PE,76.6,6228.0,Monitoring
2025-01-15,12:15:00,HOLD,MIDCPNIFTY25JAN11800PE,77.5,6120.0,Monitoring
2025-01-15,12:20:00,HOLD,MIDCPNIFTY25JAN11800PE,79.0,5940.0,Monitoring
2025-01-15,12:25:00,HOLD,MIDCPNIFTY25JAN11800PE,77.7,6096.0,Monitoring
2025-01-15,12:30:00,HOLD,MIDCPNIFTY25JAN11800PE,75.7,6336.0,Monitoring
2025-01-15,12:35:00,HOLD,MIDCPNIFTY25JAN11800PE,78.3,6024.0,Monitoring
2025-01-15,12:40:00,HOLD,MIDCPNIFTY25JAN11800PE,75.95,6306.0,Monitoring
2025-01-15,12:45:00,HOLD,MIDCPNIFTY25JAN11800PE,74.9,6432.0,Monitoring
2025-01-15,12:50:00,HOLD,MIDCPNIFTY25JAN11800PE,75.55,6354.0,Monitoring
2025-01-15,12:55:00,HOLD,MIDCPNIFTY25JAN11800PE,77.7,6096.0,Monitoring
2025-01-15,13:00:00,HOLD,MIDCPNIFTY25JAN11800PE,79.0,5940.0,Monitoring
2025-01-15,13:05:00,HOLD,MIDCPNIFTY25JAN11800PE,79.5,5880.0,Monitoring
2025-01-15,13:10:00,HOLD,MIDCPNIFTY25JAN11800PE,82.05,5574.0,Monitoring
2025-01-15,13:15:00,HOLD,MIDCPNIFTY25JAN11800PE,88.65,4782.0,Monitoring
2025-01-15,13:20:00,HOLD,MIDCPNIFTY25JAN11800PE,90.15,4602.0,Monitoring
2025-01-15,13:25:00,HOLD,MIDCPNIFTY25JAN11800PE,95.3,3984.0,Monitoring
2025-01-15,13:30:00,HOLD,MIDCPNIFTY25JAN11800PE,95.25,3990.0,Monitoring
2025-01-15,13:35:00,HOLD,MIDCPNIFTY25JAN11800PE,91.25,4470.0,Monitoring
2025-01-15,13:40:00,HOLD,MIDCPNIFTY25JAN11800PE,95.05,4014.0,Monitoring
2025-01-15,13:45:00,HOLD,MIDCPNIFTY25JAN11800PE,94.4,4092.0,Monitoring
2025-01-15,13:50:00,HOLD,MIDCPNIFTY25JAN11800PE,100.0,3420.0,Monitoring
2025-01-15,13:55:00,HOLD,MIDCPNIFTY25JAN11800PE,94.4,4092.0,Monitoring
2025-01-15,14:00:00,HOLD,MIDCPNIFTY25JAN11800PE,94.2,4116.0,Monitoring
2025-01-15,14:05:00,HOLD,MIDCPNIFTY25JAN11800PE,91.2,4476.0,Monitoring
2025-01-15,14:10:00,HOLD,MIDCPNIFTY25JAN11800PE,95.6,3948.0,Monitoring
2025-01-15,14:15:00,HOLD,MIDCPNIFTY25JAN11800PE,94.65,4062.0,Monitoring
2025-01-15,14:20:00,HOLD,MIDCPNIFTY25JAN11800PE,95.0,4020.0,Monitoring
2025-01-15,14:25:00,HOLD,MIDCPNIFTY25JAN11800PE,96.8,3804.0,Monitoring
2025-01-15,14:30:00,HOLD,MIDCPNIFTY25JAN11800PE,97.75,3690.0,Monitoring
2025-01-15,14:35:00,HOLD,MIDCPNIFTY25JAN11800PE,90.1,4608.0,Monitoring
2025-01-15,14:40:00,HOLD,MIDCPNIFTY25JAN11800PE,87.25,4950.0,Monitoring
2025-01-15,14:45:00,HOLD,MIDCPNIFTY25JAN11800PE,86.8,5004.0,Monitoring
2025-01-15,14:50:00,HOLD,MIDCPNIFTY25JAN11800PE,88.2,4836.0,Monitoring
2025-01-15,14:55:00,HOLD,MIDCPNIFTY25JAN11800PE,86.3,5064.0,Monitoring
2025-01-15,15:00:00,HOLD,MIDCPNIFTY25JAN11800PE,83.9,5352.0,Monitoring
2025-01-15,15:05:00,HOLD,MIDCPNIFTY25JAN11800PE,83.15,5442.0,Monitoring
2025-01-15,15:10:00,HOLD,MIDCPNIFTY25JAN11800PE,82.4,5532.0,Monitoring
2025-01-15,15:15:00,HOLD,MIDCPNIFTY25JAN11800PE,85.9,5112.0,Monitoring
2025-01-15,15:20:00,HOLD,MIDCPNIFTY25JAN11800PE,85.0,5220.0,Monitoring
2025-01-15,15:25:00,HOLD,MIDCPNIFTY25JAN11800PE,82.25,5550.0,Monitoring
2025-01-16,09:15:00,HOLD,MIDCPNIFTY25JAN11800PE,49.2,9516.0,Monitoring
2025-01-16,09:20:00,HOLD,MIDCPNIFTY25JAN11800PE,50.8,9324.0,Monitoring
2025-01-16,09:25:00,HOLD,MIDCPNIFTY25JAN11800PE,49.65,9462.0,Monitoring
2025-01-16,09:30:00,HOLD,MIDCPNIFTY25JAN11800PE,47.0,9780.0,Monitoring
2025-01-16,09:35:00,HOLD,MIDCPNIFTY25JAN11800PE,44.45,10086.0,Monitoring
2025-01-16,09:40:00,HOLD,MIDCPNIFTY25JAN11800PE,46.55,9834.0,Monitoring
2025-01-16,09:45:00,HOLD,MIDCPNIFTY25JAN11800PE,47.4,9732.0,Monitoring
2025-01-16,09:50:00,HOLD,MIDCPNIFTY25JAN11800PE,47.0,9780.0,Monitoring
2025-01-16,09:55:00,HOLD,MIDCPNIFTY25JAN11800PE,47.05,9774.0,Monitoring
2025-01-16,10:00:00,HOLD,MIDCPNIFTY25JAN11800PE,47.05,9774.0,Monitoring
2025-01-16,10:05:00,HOLD,MIDCPNIFTY25JAN11800PE,49.75,9450.0,Monitoring
2025-01-16,10:10:00,HOLD,MIDCPNIFTY25JAN11800PE,55.2,8796.0,Monitoring
2025-01-16,10:15:00,HOLD,MIDCPNIFTY25JAN11800PE,49.8,9444.0,Monitoring
2025-01-16,10:20:00,HOLD,MIDCPNIFTY25JAN11800PE,47.2,9756.0,Monitoring
2025-01-16,10:25:00,HOLD,MIDCPNIFTY25JAN11800PE,48.8,9564.0,Monitoring
2025-01-16,10:30:00,HOLD,MIDCPNIFTY25JAN11800PE,48.85,9558.0,Monitoring
2025-01-16,10:35:00,HOLD,MIDCPNIFTY25JAN11800PE,48.5,9600.0,Monitoring
2025-01-16,10:40:00,HOLD,MIDCPNIFTY25JAN11800PE,48.95,9546.0,Monitoring
2025-01-16,10:45:00,HOLD,MIDCPNIFTY25JAN11800PE,51.35,9258.0,Monitoring
2025-01-16,10:50:00,HOLD,MIDCPNIFTY25JAN11800PE,51.8,9204.0,Monitoring
2025-01-16,10:55:00,HOLD,MIDCPNIFTY25JAN11800PE,53.35,9018.0,Monitoring
2025-01-16,11:00:00,HOLD,MIDCPNIFTY25JAN11800PE,50.7,9336.0,Monitoring
2025-01-16,11:05:00,HOLD,MIDCPNIFTY25JAN11800PE,55.3,8784.0,Monitoring
2025-01-16,11:10:00,HOLD,MIDCPNIFTY25JAN11800PE,56.35,8658.0,Monitoring
2025-01-16,11:15:00,HOLD,MIDCPNIFTY25JAN11800PE,57.0,8580.0,Monitoring
2025-01-16,11:20:00,HOLD,MIDCPNIFTY25JAN11800PE,54.4,8892.0,Monitoring
2025-01-16,11:25:00,HOLD,MIDCPNIFTY25JAN11800PE,54.2,8916.0,Monitoring
2025-01-16,11:30:00,HOLD,MIDCPNIFTY25JAN11800PE,54.05,8934.0,Monitoring
2025-01-16,11:35:00,HOLD,MIDCPNIFTY25JAN11800PE,52.4,9132.0,Monitoring
2025-01-16,11:40:00,HOLD,MIDCPNIFTY25JAN11800PE,52.55,9114.0,Monitoring
2025-01-16,11:45:00,HOLD,MIDCPNIFTY25JAN11800PE,54.05,8934.0,Monitoring
2025-01-16,11:50:00,HOLD,MIDCPNIFTY25JAN11800PE,57.2,8556.0,Monitoring
2025-01-16,11:55:00,HOLD,MIDCPNIFTY25JAN11800PE,53.9,8952.0,Monitoring
2025-01-16,12:00:00,HOLD,MIDCPNIFTY25JAN11800PE,55.7,8736.0,Monitoring
2025-01-16,12:05:00,HOLD,MIDCPNIFTY25JAN11800PE,56.3,8664.0,Monitoring
2025-01-16,12:10:00,HOLD,MIDCPNIFTY25JAN11800PE,56.2,8676.0,Monitoring
2025-01-16,12:15:00,HOLD,MIDCPNIFTY25JAN11800PE,57.45,8526.0,Monitoring
2025-01-16,12:20:00,HOLD,MIDCPNIFTY25JAN11800PE,56.9,8592.0,Monitoring
2025-01-16,12:25:00,HOLD,MIDCPNIFTY25JAN11800PE,57.95,8466.0,Monitoring
2025-01-16,12:30:00,HOLD,MIDCPNIFTY25JAN11800PE,54.85,8838.0,Monitoring
2025-01-16,12:35:00,HOLD,MIDCPNIFTY25JAN11800PE,55.8,8724.0,Monitoring
2025-01-16,12:40:00,HOLD,MIDCPNIFTY25JAN11800PE,56.15,8682.0,Monitoring
2025-01-16,12:45:00,HOLD,MIDCPNIFTY25JAN11800PE,53.85,8958.0,Monitoring
2025-01-16,12:50:00,HOLD,MIDCPNIFTY25JAN11800PE,51.15,9282.0,Monitoring
2025-01-16,12:55:00,HOLD,MIDCPNIFTY25JAN11800PE,50.95,9306.0,Monitoring
2025-01-16,13:00:00,HOLD,MIDCPNIFTY25JAN11800PE,51.2,9276.0,Monitoring
2025-01-16,13:05:00,HOLD,MIDCPNIFTY25JAN11800PE,52.45,9126.0,Monitoring
2025-01-16,13:10:00,HOLD,MIDCPNIFTY25JAN11800PE,51.65,9222.0,Monitoring
2025-01-16,13:15:00,HOLD,MIDCPNIFTY25JAN11800PE,50.4,9372.0,Monitoring
2025-01-16,13:20:00,HOLD,MIDCPNIFTY25JAN11800PE,51.8,9204.0,Monitoring
2025-01-16,13:25:00,HOLD,MIDCPNIFTY25JAN11800PE,51.5,9240.0,Monitoring
2025-01-16,13:30:00,HOLD,MIDCPNIFTY25JAN11800PE,52.0,9180.0,Monitoring
2025-01-16,13:35:00,HOLD,MIDCPNIFTY25JAN11800PE,53.8,8964.0,Monitoring
2025-01-16,13:40:00,HOLD,MIDCPNIFTY25JAN11800PE,53.3,9024.0,Monitoring
2025-01-16,13:45:00,HOLD,MIDCPNIFTY25JAN11800PE,52.2,9156.0,Monitoring
2025-01-16,13:50:00,HOLD,MIDCPNIFTY25JAN11800PE,52.1,9168.0,Monitoring
2025-01-16,13:55:00,HOLD,MIDCPNIFTY25JAN11800PE,51.9,9192.0,Monitoring
2025-01-16,14:00:00,HOLD,MIDCPNIFTY25JAN11800PE,50.75,9330.0,Monitoring
2025-01-16,14:05:00,HOLD,MIDCPNIFTY25JAN11800PE,50.4,9372.0,Monitoring
2025-01-16,14:10:00,HOLD,MIDCPNIFTY25JAN11800PE,47.95,9666.0,Monitoring
2025-01-16,14:15:00,HOLD,MIDCPNIFTY25JAN11800PE,49.15,9522.0,Monitoring
2025-01-16,14:20:00,HOLD,MIDCPNIFTY25JAN11800PE,50.95,9306.0,Monitoring
2025-01-16,14:25:00,HOLD,MIDCPNIFTY25JAN11800PE,52.2,9156.0,Monitoring
2025-01-16,14:30:00,HOLD,MIDCPNIFTY25JAN11800PE,53.45,9006.0,Monitoring
2025-01-16,14:35:00,HOLD,MIDCPNIFTY25JAN11800PE,53.45,9006.0,Monitoring
2025-01-16,14:40:00,HOLD,MIDCPNIFTY25JAN11800PE,53.95,8946.0,Monitoring
2025-01-16,14:45:00,HOLD,MIDCPNIFTY25JAN11800PE,54.4,8892.0,Monitoring
2025-01-16,14:50:00,HOLD,MIDCPNIFTY25JAN11800PE,55.7,8736.0,Monitoring
2025-01-16,14:55:00,HOLD,MIDCPNIFTY25JAN11800PE,55.8,8724.0,Monitoring
2025-01-16,15:00:00,HOLD,MIDCPNIFTY25JAN11800PE,55.25,8790.0,Monitoring
2025-01-16,15:05:00,HOLD,MIDCPNIFTY25JAN11800PE,54.8,8844.0,Monitoring
2025-01-16,15:10:00,HOLD,MIDCPNIFTY25JAN11800PE,55.55,8754.0,Monitoring
2025-01-16,15:15:00,HOLD,MIDCPNIFTY25JAN11800PE,54.2,8916.0,Monitoring
2025-01-16,15:20:00,HOLD,MIDCPNIFTY25JAN11800PE,50.7,9336.0,Monitoring
2025-01-16,15:25:00,HOLD,MIDCPNIFTY25JAN11800PE,50.05,9414.0,Monitoring
2025-01-17,09:15:00,HOLD,MIDCPNIFTY25JAN11800PE,68.6,7188.0,Monitoring
2025-01-17,09:20:00,HOLD,MIDCPNIFTY25JAN11800PE,59.1,8328.0,Monitoring
2025-01-17,09:25:00,HOLD,MIDCPNIFTY25JAN11800PE,56.0,8700.0,Monitoring
2025-01-17,09:30:00,HOLD,MIDCPNIFTY25JAN11800PE,53.75,8970.0,Monitoring
2025-01-17,09:35:00,HOLD,MIDCPNIFTY25JAN11800PE,58.35,8418.0,Monitoring
2025-01-17,09:40:00,HOLD,MIDCPNIFTY25JAN11800PE,57.5,8520.0,Monitoring
2025-01-17,09:45:00,HOLD,MIDCPNIFTY25JAN11800PE,54.05,8934.0,Monitoring
2025-01-17,09:50:00,HOLD,MIDCPNIFTY25JAN11800PE,51.05,9294.0,Monitoring
2025-01-17,09:55:00,HOLD,MIDCPNIFTY25JAN11800PE,48.35,9618.0,Monitoring
2025-01-17,10:00:00,HOLD,MIDCPNIFTY25JAN11800PE,45.85,9918.0,Monitoring
2025-01-17,10:05:00,HOLD,MIDCPNIFTY25JAN11800PE,45.55,9954.0,Monitoring
2025-01-17,10:10:00,HOLD,MIDCPNIFTY25JAN11800PE,47.1,9768.0,Monitoring
2025-01-17,10:15:00,HOLD,MIDCPNIFTY25JAN11800PE,47.05,9774.0,Monitoring
2025-01-17,10:20:00,HOLD,MIDCPNIFTY25JAN11800PE,48.0,9660.0,Monitoring
2025-01-17,10:25:00,HOLD,MIDCPNIFTY25JAN11800PE,42.8,10284.0,Monitoring
2025-01-17,10:30:00,HOLD,MIDCPNIFTY25JAN11800PE,45.8,9924.0,Monitoring
2025-01-17,10:35:00,HOLD,MIDCPNIFTY25JAN11800PE,46.85,9798.0,Monitoring
2025-01-17,10:40:00,HOLD,MIDCPNIFTY25JAN11800PE,52.85,9078.0,Monitoring
2025-01-17,10:45:00,HOLD,MIDCPNIFTY25JAN11800PE,58.1,8448.0,Monitoring
2025-01-17,10:50:00,HOLD,MIDCPNIFTY25JAN11800PE,61.75,8010.0,Monitoring
2025-01-17,10:55:00,HOLD,MIDCPNIFTY25JAN11800PE,65.0,7620.0,Monitoring
2025-01-17,11:00:00,HOLD,MIDCPNIFTY25JAN11800PE,67.05,7374.0,Monitoring
2025-01-17,11:05:00,HOLD,MIDCPNIFTY25JAN11800PE,63.15,7842.0,Monitoring
2025-01-17,11:10:00,HOLD,MIDCPNIFTY25JAN11800PE,61.2,8076.0,Monitoring
2025-01-17,11:15:00,HOLD,MIDCPNIFTY25JAN11800PE,63.5,7800.0,Monitoring
2025-01-17,11:20:00,HOLD,MIDCPNIFTY25JAN11800PE,63.0,7860.0,Monitoring
2025-01-17,11:25:00,HOLD,MIDCPNIFTY25JAN11800PE,61.75,8010.0,Monitoring
2025-01-17,11:30:00,HOLD,MIDCPNIFTY25JAN11800PE,56.0,8700.0,Monitoring
2025-01-17,11:35:00,HOLD,MIDCPNIFTY25JAN11800PE,59.0,8340.0,Monitoring
2025-01-17,11:40:00,HOLD,MIDCPNIFTY25JAN11800PE,60.95,8106.0,Monitoring
2025-01-17,11:45:00,HOLD,MIDCPNIFTY25JAN11800PE,63.45,7806.0,Monitoring
2025-01-17,11:50:00,HOLD,MIDCPNIFTY25JAN11800PE,60.75,8130.0,Monitoring
2025-01-17,11:55:00,HOLD,MIDCPNIFTY25JAN11800PE,57.65,8502.0,Monitoring
2025-01-17,12:00:00,HOLD,MIDCPNIFTY25JAN11800PE,57.35,8538.0,Monitoring
2025-01-17,12:05:00,HOLD,MIDCPNIFTY25JAN11800PE,57.0,8580.0,Monitoring
2025-01-17,12:10:00,HOLD,MIDCPNIFTY25JAN11800PE,57.95,8466.0,Monitoring
2025-01-17,12:15:00,HOLD,MIDCPNIFTY25JAN11800PE,55.4,8772.0,Monitoring
2025-01-17,12:20:00,HOLD,MIDCPNIFTY25JAN11800PE,56.7,8616.0,Monitoring
2025-01-17,12:25:00,HOLD,MIDCPNIFTY25JAN11800PE,60.2,8196.0,Monitoring
2025-01-17,12:30:00,HOLD,MIDCPNIFTY25JAN11800PE,56.85,8598.0,Monitoring
2025-01-17,12:35:00,HOLD,MIDCPNIFTY25JAN11800PE,57.0,8580.0,Monitoring
2025-01-17,12:40:00,HOLD,MIDCPNIFTY25JAN11800PE,59.75,8250.0,Monitoring
2025-01-17,12:45:00,HOLD,MIDCPNIFTY25JAN11800PE,60.9,8112.0,Monitoring
2025-01-17,12:50:00,HOLD,MIDCPNIFTY25JAN11800PE,57.25,8550.0,Monitoring
2025-01-17,12:55:00,HOLD,MIDCPNIFTY25JAN11800PE,56.7,8616.0,Monitoring
2025-01-17,13:00:00,HOLD,MIDCPNIFTY25JAN11800PE,56.95,8586.0,Monitoring
2025-01-17,13:05:00,HOLD,MIDCPNIFTY25JAN11800PE,56.4,8652.0,Monitoring
2025-01-17,13:10:00,HOLD,MIDCPNIFTY25JAN11800PE,59.3,8304.0,Monitoring
2025-01-17,13:15:00,HOLD,MIDCPNIFTY25JAN11800PE,61.5,8040.0,Monitoring
2025-01-17,13:20:00,HOLD,MIDCPNIFTY25JAN11800PE,63.45,7806.0,Monitoring
2025-01-17,13:25:00,HOLD,MIDCPNIFTY25JAN11800PE,60.4,8172.0,Monitoring
2025-01-17,13:30:00,HOLD,MIDCPNIFTY25JAN11800PE,62.65,7902.0,Monitoring
2025-01-17,13:35:00,HOLD,MIDCPNIFTY25JAN11800PE,61.2,8076.0,Monitoring
2025-01-17,13:40:00,HOLD,MIDCPNIFTY25JAN11800PE,59.8,8244.0,Monitoring
2025-01-17,13:45:00,HOLD,MIDCPNIFTY25JAN11800PE,60.7,8136.0,Monitoring
2025-01-17,13:50:00,HOLD,MIDCPNIFTY25JAN11800PE,60.5,8160.0,Monitoring
2025-01-17,13:55:00,HOLD,MIDCPNIFTY25JAN11800PE,58.4,8412.0,Monitoring
2025-01-17,14:00:00,HOLD,MIDCPNIFTY25JAN11800PE,57.25,8550.0,Monitoring
2025-01-17,14:05:00,HOLD,MIDCPNIFTY25JAN11800PE,59.15,8322.0,Monitoring
2025-01-17,14:10:00,HOLD,MIDCPNIFTY25JAN11800PE,57.15,8562.0,Monitoring
2025-01-17,14:15:00,HOLD,MIDCPNIFTY25JAN11800PE,57.25,8550.0,Monitoring
2025-01-17,14:20:00,HOLD,MIDCPNIFTY25JAN11800PE,51.7,9216.0,Monitoring
2025-01-17,14:25:00,HOLD,MIDCPNIFTY25JAN11800PE,52.45,9126.0,Monitoring
2025-01-17,14:30:00,HOLD,MIDCPNIFTY25JAN11800PE,51.75,9210.0,Monitoring
2025-01-17,14:35:00,HOLD,MIDCPNIFTY25JAN11800PE,51.2,9276.0,Monitoring
2025-01-17,14:40:00,HOLD,MIDCPNIFTY25JAN11800PE,48.65,9582.0,Monitoring
2025-01-17,14:45:00,HOLD,MIDCPNIFTY25JAN11800PE,48.4,9612.0,Monitoring
2025-01-17,14:50:00,HOLD,MIDCPNIFTY25JAN11800PE,49.5,9480.0,Monitoring
2025-01-17,14:55:00,HOLD,MIDCPNIFTY25JAN11800PE,49.35,9498.0,Monitoring
2025-01-17,15:00:00,HOLD,MIDCPNIFTY25JAN11800PE,50.2,9396.0,Monitoring
2025-01-17,15:05:00,HOLD,MIDCPNIFTY25JAN11800PE,51.0,9300.0,Monitoring
2025-01-17,15:10:00,HOLD,MIDCPNIFTY25JAN11800PE,50.95,9306.0,Monitoring
2025-01-17,15:15:00,HOLD,MIDCPNIFTY25JAN11800PE,49.55,9474.0,Monitoring
2025-01-17,15:20:00,HOLD,MIDCPNIFTY25JAN11800PE,49.2,9516.0,Monitoring
2025-01-17,15:25:00,HOLD,MIDCPNIFTY25JAN11800PE,47.0,9780.0,Monitoring
2025-01-20,09:15:00,HOLD,MIDCPNIFTY25JAN11800PE,43.6,10188.0,Monitoring
2025-01-20,09:20:00,HOLD,MIDCPNIFTY25JAN11800PE,51.7,9216.0,Monitoring
2025-01-20,09:25:00,HOLD,MIDCPNIFTY25JAN11800PE,57.05,8574.0,Monitoring
2025-01-20,09:30:00,HOLD,MIDCPNIFTY25JAN11800PE,61.2,8076.0,Monitoring
2025-01-20,09:35:00,HOLD,MIDCPNIFTY25JAN11800PE,63.0,7860.0,Monitoring
2025-01-20,09:40:00,HOLD,MIDCPNIFTY25JAN11800PE,61.1,8088.0,Monitoring
2025-01-20,09:45:00,HOLD,MIDCPNIFTY25JAN11800PE,64.75,7650.0,Monitoring
2025-01-20,09:50:00,HOLD,MIDCPNIFTY25JAN11800PE,70.0,7020.0,Monitoring
2025-01-20,09:55:00,HOLD,MIDCPNIFTY25JAN11800PE,63.3,7824.0,Monitoring
2025-01-20,10:00:00,HOLD,MIDCPNIFTY25JAN11800PE,67.15,7362.0,Monitoring
2025-01-20,10:05:00,HOLD,MIDCPNIFTY25JAN11800PE,64.75,7650.0,Monitoring
2025-01-20,10:10:00,HOLD,MIDCPNIFTY25JAN11800PE,58.95,8346.0,Monitoring
2025-01-20,10:15:00,HOLD,MIDCPNIFTY25JAN11800PE,54.0,8940.0,Monitoring
2025-01-20,10:20:00,HOLD,MIDCPNIFTY25JAN11800PE,52.0,9180.0,Monitoring
2025-01-20,10:25:00,HOLD,MIDCPNIFTY25JAN11800PE,48.6,9588.0,Monitoring
2025-01-20,10:30:00,HOLD,MIDCPNIFTY25JAN11800PE,45.75,9930.0,Monitoring
2025-01-20,10:35:00,HOLD,MIDCPNIFTY25JAN11800PE,46.5,9840.0,Monitoring
2025-01-20,10:40:00,HOLD,MIDCPNIFTY25JAN11800PE,48.9,9552.0,Monitoring
2025-01-20,10:45:00,HOLD,MIDCPNIFTY25JAN11800PE,47.8,9684.0,Monitoring
2025-01-20,10:50:00,HOLD,MIDCPNIFTY25JAN11800PE,48.4,9612.0,Monitoring
2025-01-20,10:55:00,HOLD,MIDCPNIFTY25JAN11800PE,45.0,10020.0,Monitoring
2025-01-20,11:00:00,HOLD,MIDCPNIFTY25JAN11800PE,45.65,9942.0,Monitoring
2025-01-20,11:05:00,HOLD,MIDCPNIFTY25JAN11800PE,45.85,9918.0,Monitoring
2025-01-20,11:10:00,HOLD,MIDCPNIFTY25JAN11800PE,46.5,9840.0,Monitoring
2025-01-20,11:15:00,HOLD,MIDCPNIFTY25JAN11800PE,39.85,10638.0,Monitoring
2025-01-20,11:20:00,HOLD,MIDCPNIFTY25JAN11800PE,41.2,10476.0,Monitoring
2025-01-20,11:25:00,HOLD,MIDCPNIFTY25JAN11800PE,41.6,10428.0,Monitoring
2025-01-20,11:30:00,HOLD,MIDCPNIFTY25JAN11800PE,41.95,10386.0,Monitoring
2025-01-20,11:35:00,HOLD,MIDCPNIFTY25JAN11800PE,42.1,10368.0,Monitoring
2025-01-20,11:40:00,HOLD,MIDCPNIFTY25JAN11800PE,41.55,10434.0,Monitoring
2025-01-20,11:45:00,HOLD,MIDCPNIFTY25JAN11800PE,43.8,10164.0,Monitoring
2025-01-20,11:50:00,HOLD,MIDCPNIFTY25JAN11800PE,42.6,10308.0,Monitoring
2025-01-20,11:55:00,HOLD,MIDCPNIFTY25JAN11800PE,43.05,10254.0,Monitoring
2025-01-20,12:00:00,HOLD,MIDCPNIFTY25JAN11800PE,43.6,10188.0,Monitoring
2025-01-20,12:05:00,HOLD,MIDCPNIFTY25JAN11800PE,45.05,10014.0,Monitoring
2025-01-20,12:10:00,HOLD,MIDCPNIFTY25JAN11800PE,45.0,10020.0,Monitoring
2025-01-20,12:15:00,HOLD,MIDCPNIFTY25JAN11800PE,42.8,10284.0,Monitoring
2025-01-20,12:20:00,HOLD,MIDCPNIFTY25JAN11800PE,41.2,10476.0,Monitoring
2025-01-20,12:25:00,HOLD,MIDCPNIFTY25JAN11800PE,44.0,10140.0,Monitoring
2025-01-20,12:30:00,HOLD,MIDCPNIFTY25JAN11800PE,43.6,10188.0,Monitoring
2025-01-20,12:35:00,HOLD,MIDCPNIFTY25JAN11800PE,42.6,10308.0,Monitoring
2025-01-20,12:40:00,HOLD,MIDCPNIFTY25JAN11800PE,41.75,10410.0,Monitoring
2025-01-20,12:45:00,HOLD,MIDCPNIFTY25JAN11800PE,39.25,10710.0,Monitoring
2025-01-20,12:50:00,HOLD,MIDCPNIFTY25JAN11800PE,40.4,10572.0,Monitoring
2025-01-20,12:55:00,HOLD,MIDCPNIFTY25JAN11800PE,40.05,10614.0,Monitoring
2025-01-20,13:00:00,HOLD,MIDCPNIFTY25JAN11800PE,39.15,10722.0,Monitoring
2025-01-20,13:05:00,HOLD,MIDCPNIFTY25JAN11800PE,36.8,11004.0,Monitoring
2025-01-20,13:10:00,HOLD,MIDCPNIFTY25JAN11800PE,38.15,10842.0,Monitoring
2025-01-20,13:15:00,HOLD,MIDCPNIFTY25JAN11800PE,37.2,10956.0,Monitoring
2025-01-20,13:20:00,HOLD,MIDCPNIFTY25JAN11800PE,37.15,10962.0,Monitoring
2025-01-20,13:25:00,HOLD,MIDCPNIFTY25JAN11800PE,38.0,10860.0,Monitoring
2025-01-20,13:30:00,HOLD,MIDCPNIFTY25JAN11800PE,38.1,10848.0,Monitoring
2025-01-20,13:35:00,HOLD,MIDCPNIFTY25JAN11800PE,38.9,10752.0,Monitoring
2025-01-20,13:40:00,HOLD,MIDCPNIFTY25JAN11800PE,38.7,10776.0,Monitoring
2025-01-20,13:45:00,HOLD,MIDCPNIFTY25JAN11800PE,39.15,10722.0,Monitoring
2025-01-20,13:50:00,HOLD,MIDCPNIFTY25JAN11800PE,39.8,10644.0,Monitoring
2025-01-20,13:55:00,HOLD,MIDCPNIFTY25JAN11800PE,40.35,10578.0,Monitoring
2025-01-20,14:00:00,HOLD,MIDCPNIFTY25JAN11800PE,39.3,10704.0,Monitoring
2025-01-20,14:05:00,HOLD,MIDCPNIFTY25JAN11800PE,39.4,10692.0,Monitoring
2025-01-20,14:10:00,HOLD,MIDCPNIFTY25JAN11800PE,37.9,10872.0,Monitoring
2025-01-20,14:15:00,HOLD,MIDCPNIFTY25JAN11800PE,37.5,10920.0,Monitoring
2025-01-20,14:20:00,HOLD,MIDCPNIFTY25JAN11800PE,37.7,10896.0,Monitoring
2025-01-20,14:25:00,HOLD,MIDCPNIFTY25JAN11800PE,37.6,10908.0,Monitoring
2025-01-20,14:30:00,HOLD,MIDCPNIFTY25JAN11800PE,35.6,11148.0,Monitoring
2025-01-20,14:35:00,HOLD,MIDCPNIFTY25JAN11800PE,35.9,11112.0,Monitoring
2025-01-20,14:40:00,HOLD,MIDCPNIFTY25JAN11800PE,35.6,11148.0,Monitoring
2025-01-20,14:45:00,HOLD,MIDCPNIFTY25JAN11800PE,34.8,11244.0,Monitoring
2025-01-20,14:50:00,HOLD,MIDCPNIFTY25JAN11800PE,35.2,11196.0,Monitoring
2025-01-20,14:55:00,HOLD,MIDCPNIFTY25JAN11800PE,34.05,11334.0,Monitoring
2025-01-20,15:00:00,HOLD,MIDCPNIFTY25JAN11800PE,33.85,11358.0,Monitoring
2025-01-20,15:05:00,HOLD,MIDCPNIFTY25JAN11800PE,34.2,11316.0,Monitoring
2025-01-20,15:10:00,HOLD,MIDCPNIFTY25JAN11800PE,34.35,11298.0,Monitoring
2025-01-20,15:15:00,HOLD,MIDCPNIFTY25JAN11800PE,34.65,11262.0,Monitoring
2025-01-20,15:20:00,HOLD,MIDCPNIFTY25JAN11800PE,35.65,11142.0,Monitoring
2025-01-20,15:25:00,HOLD,MIDCPNIFTY25JAN11800PE,34.0,11340.0,Monitoring
2025-01-21,09:15:00,HOLD,MIDCPNIFTY25JAN11800PE,38.1,10848.0,Monitoring
2025-01-21,09:20:00,HOLD,MIDCPNIFTY25JAN11800PE,35.2,11196.0,Monitoring
2025-01-21,09:25:00,HOLD,MIDCPNIFTY25JAN11800PE,37.5,10920.0,Monitoring
2025-01-21,09:30:00,HOLD,MIDCPNIFTY25JAN11800PE,41.65,10422.0,Monitoring
2025-01-21,09:35:00,HOLD,MIDCPNIFTY25JAN11800PE,44.8,10044.0,Monitoring
2025-01-21,09:40:00,HOLD,MIDCPNIFTY25JAN11800PE,44.6,10068.0,Monitoring
2025-01-21,09:45:00,HOLD,MIDCPNIFTY25JAN11800PE,49.5,9480.0,Monitoring
2025-01-21,09:50:00,HOLD,MIDCPNIFTY25JAN11800PE,48.75,9570.0,Monitoring
2025-01-21,09:55:00,HOLD,MIDCPNIFTY25JAN11800PE,52.15,9162.0,Monitoring
2025-01-21,10:00:00,HOLD,MIDCPNIFTY25JAN11800PE,61.05,8094.0,Monitoring
2025-01-21,10:00:00,BUY_EXIT,MIDCPNIFTY25JAN11800PE,61.05,8094.0,EMA_REVERSAL_SL
