Date,Time,Event,Ticker,Price,PnL_INR,Info
2024-08-12,14:00:00,SELL_ENTRY,MIDCPNIFTY24AUG12500PE,120.0,0.0,Signal PE | Short
2024-08-12,14:05:00,HOLD,MIDCPNIFTY24AUG12500PE,125.35,-642.0,Monitoring
2024-08-12,14:10:00,HOLD,MIDCPNIFTY24AUG12500PE,126.0,-720.0,Monitoring
2024-08-12,14:15:00,HOLD,MIDCPNIFTY24AUG12500PE,126.0,-720.0,Monitoring
2024-08-12,14:20:00,HOLD,MIDCPNIFTY24AUG12500PE,126.0,-720.0,Monitoring
2024-08-12,14:25:00,HOLD,MIDCPNIFTY24AUG12500PE,124.9,-588.0,Monitoring
2024-08-12,14:30:00,HOLD,MIDCPNIFTY24AUG12500PE,122.0,-240.0,Monitoring
2024-08-12,14:35:00,HOLD,MIDCPNIFTY24AUG12500PE,125.6,-672.0,Monitoring
2024-08-12,14:40:00,HOLD,MIDCPNIFTY24AUG12500PE,116.65,402.0,Monitoring
2024-08-12,14:45:00,HOLD,MIDCPNIFTY24AUG12500PE,116.65,402.0,Monitoring
2024-08-12,14:50:00,HOLD,MIDCPNIFTY24AUG12500PE,129.95,-1194.0,Monitoring
2024-08-12,14:55:00,HOLD,MIDCPNIFTY24AUG12500PE,114.9,612.0,Monitoring
2024-08-12,15:00:00,HOLD,MIDCPNIFTY24AUG12500PE,129.0,-1080.0,Monitoring
2024-08-12,15:05:00,HOLD,MIDCPNIFTY24AUG12500PE,128.95,-1074.0,Monitoring
2024-08-12,15:10:00,HOLD,MIDCPNIFTY24AUG12500PE,124.05,-486.0,Monitoring
2024-08-12,15:15:00,HOLD,MIDCPNIFTY24AUG12500PE,130.0,-1200.0,Monitoring
2024-08-12,15:20:00,HOLD,MIDCPNIFTY24AUG12500PE,126.0,-720.0,Monitoring
2024-08-12,15:25:00,HOLD,MIDCPNIFTY24AUG12500PE,131.95,-1434.0,Monitoring
2024-08-13,09:15:00,HOLD,MIDCPNIFTY24AUG12500PE,115.85,498.0,Monitoring
2024-08-13,09:20:00,HOLD,MIDCPNIFTY24AUG12500PE,108.7,1356.0,Monitoring
2024-08-13,09:25:00,HOLD,MIDCPNIFTY24AUG12500PE,118.0,240.0,Monitoring
2024-08-13,09:30:00,HOLD,MIDCPNIFTY24AUG12500PE,126.0,-720.0,Monitoring
2024-08-13,09:35:00,HOLD,MIDCPNIFTY24AUG12500PE,124.35,-522.0,Monitoring
2024-08-13,09:40:00,HOLD,MIDCPNIFTY24AUG12500PE,117.65,282.0,Monitoring
2024-08-13,09:45:00,HOLD,MIDCPNIFTY24AUG12500PE,110.0,1200.0,Monitoring
2024-08-13,09:50:00,HOLD,MIDCPNIFTY24AUG12500PE,116.0,480.0,Monitoring
2024-08-13,09:55:00,HOLD,MIDCPNIFTY24AUG12500PE,120.35,-42.0,Monitoring
2024-08-13,10:00:00,HOLD,MIDCPNIFTY24AUG12500PE,109.0,1320.0,Monitoring
2024-08-13,10:05:00,HOLD,MIDCPNIFTY24AUG12500PE,110.45,1146.0,Monitoring
2024-08-13,10:10:00,HOLD,MIDCPNIFTY24AUG12500PE,110.25,1170.0,Monitoring
2024-08-13,10:15:00,HOLD,MIDCPNIFTY24AUG12500PE,118.4,192.0,Monitoring
2024-08-13,10:20:00,HOLD,MIDCPNIFTY24AUG12500PE,123.0,-360.0,Monitoring
2024-08-13,10:25:00,HOLD,MIDCPNIFTY24AUG12500PE,121.45,-174.0,Monitoring
2024-08-13,10:30:00,HOLD,MIDCPNIFTY24AUG12500PE,125.95,-714.0,Monitoring
2024-08-13,10:35:00,HOLD,MIDCPNIFTY24AUG12500PE,115.0,600.0,Monitoring
2024-08-13,10:40:00,HOLD,MIDCPNIFTY24AUG12500PE,115.0,600.0,Monitoring
2024-08-13,10:45:00,HOLD,MIDCPNIFTY24AUG12500PE,113.0,840.0,Monitoring
2024-08-13,10:50:00,HOLD,MIDCPNIFTY24AUG12500PE,114.55,654.0,Monitoring
2024-08-13,10:55:00,HOLD,MIDCPNIFTY24AUG12500PE,112.55,894.0,Monitoring
2024-08-13,11:00:00,HOLD,MIDCPNIFTY24AUG12500PE,113.0,840.0,Monitoring
2024-08-13,11:05:00,HOLD,MIDCPNIFTY24AUG12500PE,115.0,600.0,Monitoring
2024-08-13,11:10:00,HOLD,MIDCPNIFTY24AUG12500PE,117.35,318.0,Monitoring
2024-08-13,11:15:00,HOLD,MIDCPNIFTY24AUG12500PE,117.35,318.0,Monitoring
2024-08-13,11:20:00,HOLD,MIDCPNIFTY24AUG12500PE,117.35,318.0,Monitoring
2024-08-13,11:25:00,HOLD,MIDCPNIFTY24AUG12500PE,111.0,1080.0,Monitoring
2024-08-13,11:30:00,HOLD,MIDCPNIFTY24AUG12500PE,111.0,1080.0,Monitoring
2024-08-13,11:35:00,HOLD,MIDCPNIFTY24AUG12500PE,111.0,1080.0,Monitoring
2024-08-13,11:40:00,HOLD,MIDCPNIFTY24AUG12500PE,115.9,492.0,Monitoring
2024-08-13,11:45:00,HOLD,MIDCPNIFTY24AUG12500PE,115.0,600.0,Monitoring
2024-08-13,11:50:00,HOLD,MIDCPNIFTY24AUG12500PE,105.75,1710.0,Monitoring
2024-08-13,11:55:00,HOLD,MIDCPNIFTY24AUG12500PE,105.75,1710.0,Monitoring
2024-08-13,12:00:00,HOLD,MIDCPNIFTY24AUG12500PE,105.75,1710.0,Monitoring
2024-08-13,12:05:00,HOLD,MIDCPNIFTY24AUG12500PE,105.75,1710.0,Monitoring
2024-08-13,12:10:00,HOLD,MIDCPNIFTY24AUG12500PE,105.75,1710.0,Monitoring
2024-08-13,12:15:00,HOLD,MIDCPNIFTY24AUG12500PE,118.95,126.0,Monitoring
2024-08-13,12:20:00,HOLD,MIDCPNIFTY24AUG12500PE,119.0,120.0,Monitoring
2024-08-13,12:25:00,HOLD,MIDCPNIFTY24AUG12500PE,116.85,378.0,Monitoring
2024-08-13,12:30:00,HOLD,MIDCPNIFTY24AUG12500PE,123.35,-402.0,Monitoring
2024-08-13,12:35:00,HOLD,MIDCPNIFTY24AUG12500PE,121.75,-210.0,Monitoring
2024-08-13,12:40:00,HOLD,MIDCPNIFTY24AUG12500PE,126.35,-762.0,Monitoring
2024-08-13,12:45:00,HOLD,MIDCPNIFTY24AUG12500PE,140.0,-2400.0,Monitoring
2024-08-13,12:50:00,HOLD,MIDCPNIFTY24AUG12500PE,135.2,-1824.0,Monitoring
2024-08-13,12:55:00,HOLD,MIDCPNIFTY24AUG12500PE,126.1,-732.0,Monitoring
2024-08-13,13:00:00,HOLD,MIDCPNIFTY24AUG12500PE,135.55,-1866.0,Monitoring
2024-08-13,13:05:00,HOLD,MIDCPNIFTY24AUG12500PE,134.1,-1692.0,Monitoring
2024-08-13,13:10:00,HOLD,MIDCPNIFTY24AUG12500PE,135.05,-1806.0,Monitoring
2024-08-13,13:15:00,HOLD,MIDCPNIFTY24AUG12500PE,125.0,-600.0,Monitoring
2024-08-13,13:20:00,HOLD,MIDCPNIFTY24AUG12500PE,128.25,-990.0,Monitoring
2024-08-13,13:25:00,HOLD,MIDCPNIFTY24AUG12500PE,125.05,-606.0,Monitoring
2024-08-13,13:30:00,HOLD,MIDCPNIFTY24AUG12500PE,120.85,-102.0,Monitoring
2024-08-13,13:35:00,HOLD,MIDCPNIFTY24AUG12500PE,120.85,-102.0,Monitoring
2024-08-13,13:40:00,HOLD,MIDCPNIFTY24AUG12500PE,130.05,-1206.0,Monitoring
2024-08-13,13:45:00,HOLD,MIDCPNIFTY24AUG12500PE,132.75,-1530.0,Monitoring
2024-08-13,13:50:00,HOLD,MIDCPNIFTY24AUG12500PE,136.95,-2034.0,Monitoring
2024-08-13,13:55:00,HOLD,MIDCPNIFTY24AUG12500PE,142.95,-2754.0,Monitoring
2024-08-13,14:00:00,HOLD,MIDCPNIFTY24AUG12500PE,147.95,-3354.0,Monitoring
2024-08-13,14:00:00,BUY_EXIT,MIDCPNIFTY24AUG12500PE,147.95,-3354.0,EMA_REVERSAL_SL
