Date,Time,Event,Ticker,Price,PnL_INR,Info
2025-01-09,14:00:00,SELL_ENTRY,MIDCPNIFTY25JAN12700CE,164.15,0.0,Signal CE | Short
2025-01-09,14:05:00,HOLD,MIDCPNIFTY25JAN12700CE,163.55,72.0,Monitoring
2025-01-09,14:10:00,HOLD,MIDCPNIFTY25JAN12700CE,165.0,-102.0,Monitoring
2025-01-09,14:15:00,HOLD,MIDCPNIFTY25JAN12700CE,167.1,-354.0,Monitoring
2025-01-09,14:20:00,HOLD,MIDCPNIFTY25JAN12700CE,166.4,-270.0,Monitoring
2025-01-09,14:25:00,HOLD,MIDCPNIFTY25JAN12700CE,163.55,72.0,Monitoring
2025-01-09,14:30:00,HOLD,MIDCPNIFTY25JAN12700CE,163.45,84.0,Monitoring
2025-01-09,14:35:00,HOLD,MIDCPNIFTY25JAN12700CE,158.75,648.0,Monitoring
2025-01-09,14:40:00,HOLD,MIDCPNIFTY25JAN12700CE,155.6,1026.0,Monitoring
2025-01-09,14:45:00,HOLD,MIDCPNIFTY25JAN12700CE,154.15,1200.0,Monitoring
2025-01-09,14:50:00,HOLD,MIDCPNIFTY25JAN12700CE,160.3,462.0,Monitoring
2025-01-09,14:55:00,HOLD,MIDCPNIFTY25JAN12700CE,157.75,768.0,Monitoring
2025-01-09,15:00:00,HOLD,MIDCPNIFTY25JAN12700CE,152.35,1416.0,Monitoring
2025-01-09,15:05:00,HOLD,MIDCPNIFTY25JAN12700CE,156.4,930.0,Monitoring
2025-01-09,15:10:00,HOLD,MIDCPNIFTY25JAN12700CE,152.4,1410.0,Monitoring
2025-01-09,15:15:00,HOLD,MIDCPNIFTY25JAN12700CE,151.45,1524.0,Monitoring
2025-01-09,15:20:00,HOLD,MIDCPNIFTY25JAN12700CE,153.4,1290.0,Monitoring
2025-01-09,15:25:00,HOLD,MIDCPNIFTY25JAN12700CE,150.0,1698.0,Monitoring
2025-01-10,09:15:00,HOLD,MIDCPNIFTY25JAN12700CE,151.55,1512.0,Monitoring
2025-01-10,09:20:00,HOLD,MIDCPNIFTY25JAN12700CE,143.0,2538.0,Monitoring
2025-01-10,09:25:00,HOLD,MIDCPNIFTY25JAN12700CE,128.6,4266.0,Monitoring
2025-01-10,09:30:00,HOLD,MIDCPNIFTY25JAN12700CE,123.3,4902.0,Monitoring
2025-01-10,09:35:00,HOLD,MIDCPNIFTY25JAN12700CE,119.0,5418.0,Monitoring
2025-01-10,09:40:00,HOLD,MIDCPNIFTY25JAN12700CE,123.0,4938.0,Monitoring
2025-01-10,09:45:00,HOLD,MIDCPNIFTY25JAN12700CE,111.7,6294.0,Monitoring
2025-01-10,09:50:00,HOLD,MIDCPNIFTY25JAN12700CE,106.9,6870.0,Monitoring
2025-01-10,09:55:00,HOLD,MIDCPNIFTY25JAN12700CE,96.4,8130.0,Monitoring
2025-01-10,10:00:00,HOLD,MIDCPNIFTY25JAN12700CE,94.0,8418.0,Monitoring
2025-01-10,10:05:00,HOLD,MIDCPNIFTY25JAN12700CE,101.7,7494.0,Monitoring
2025-01-10,10:10:00,HOLD,MIDCPNIFTY25JAN12700CE,103.8,7242.0,Monitoring
2025-01-10,10:15:00,HOLD,MIDCPNIFTY25JAN12700CE,106.65,6900.0,Monitoring
2025-01-10,10:20:00,HOLD,MIDCPNIFTY25JAN12700CE,109.85,6516.0,Monitoring
2025-01-10,10:25:00,HOLD,MIDCPNIFTY25JAN12700CE,101.5,7518.0,Monitoring
2025-01-10,10:30:00,HOLD,MIDCPNIFTY25JAN12700CE,98.95,7824.0,Monitoring
2025-01-10,10:35:00,HOLD,MIDCPNIFTY25JAN12700CE,98.0,7938.0,Monitoring
2025-01-10,10:40:00,HOLD,MIDCPNIFTY25JAN12700CE,103.75,7248.0,Monitoring
2025-01-10,10:45:00,HOLD,MIDCPNIFTY25JAN12700CE,103.45,7284.0,Monitoring
2025-01-10,10:50:00,HOLD,MIDCPNIFTY25JAN12700CE,102.4,7410.0,Monitoring
2025-01-10,10:55:00,HOLD,MIDCPNIFTY25JAN12700CE,103.75,7248.0,Monitoring
2025-01-10,11:00:00,HOLD,MIDCPNIFTY25JAN12700CE,107.9,6750.0,Monitoring
2025-01-10,11:05:00,HOLD,MIDCPNIFTY25JAN12700CE,108.55,6672.0,Monitoring
2025-01-10,11:10:00,HOLD,MIDCPNIFTY25JAN12700CE,116.05,5772.0,Monitoring
2025-01-10,11:15:00,HOLD,MIDCPNIFTY25JAN12700CE,121.0,5178.0,Monitoring
2025-01-10,11:20:00,HOLD,MIDCPNIFTY25JAN12700CE,118.3,5502.0,Monitoring
2025-01-10,11:25:00,HOLD,MIDCPNIFTY25JAN12700CE,113.85,6036.0,Monitoring
2025-01-10,11:30:00,HOLD,MIDCPNIFTY25JAN12700CE,129.0,4218.0,Monitoring
2025-01-10,11:35:00,HOLD,MIDCPNIFTY25JAN12700CE,119.9,5310.0,Monitoring
2025-01-10,11:40:00,HOLD,MIDCPNIFTY25JAN12700CE,111.45,6324.0,Monitoring
2025-01-10,11:45:00,HOLD,MIDCPNIFTY25JAN12700CE,112.4,6210.0,Monitoring
2025-01-10,11:50:00,HOLD,MIDCPNIFTY25JAN12700CE,109.8,6522.0,Monitoring
2025-01-10,11:55:00,HOLD,MIDCPNIFTY25JAN12700CE,110.0,6498.0,Monitoring
2025-01-10,12:00:00,HOLD,MIDCPNIFTY25JAN12700CE,108.65,6660.0,Monitoring
2025-01-10,12:05:00,HOLD,MIDCPNIFTY25JAN12700CE,100.0,7698.0,Monitoring
2025-01-10,12:10:00,HOLD,MIDCPNIFTY25JAN12700CE,102.6,7386.0,Monitoring
2025-01-10,12:15:00,HOLD,MIDCPNIFTY25JAN12700CE,105.0,7098.0,Monitoring
2025-01-10,12:20:00,HOLD,MIDCPNIFTY25JAN12700CE,99.95,7704.0,Monitoring
2025-01-10,12:25:00,HOLD,MIDCPNIFTY25JAN12700CE,103.2,7314.0,Monitoring
2025-01-10,12:30:00,HOLD,MIDCPNIFTY25JAN12700CE,101.4,7530.0,Monitoring
2025-01-10,12:35:00,HOLD,MIDCPNIFTY25JAN12700CE,101.05,7572.0,Monitoring
2025-01-10,12:40:00,HOLD,MIDCPNIFTY25JAN12700CE,108.8,6642.0,Monitoring
2025-01-10,12:45:00,HOLD,MIDCPNIFTY25JAN12700CE,110.75,6408.0,Monitoring
2025-01-10,12:50:00,HOLD,MIDCPNIFTY25JAN12700CE,108.0,6738.0,Monitoring
2025-01-10,12:55:00,HOLD,MIDCPNIFTY25JAN12700CE,104.95,7104.0,Monitoring
2025-01-10,13:00:00,HOLD,MIDCPNIFTY25JAN12700CE,102.6,7386.0,Monitoring
2025-01-10,13:05:00,HOLD,MIDCPNIFTY25JAN12700CE,106.45,6924.0,Monitoring
2025-01-10,13:10:00,HOLD,MIDCPNIFTY25JAN12700CE,103.95,7224.0,Monitoring
2025-01-10,13:15:00,HOLD,MIDCPNIFTY25JAN12700CE,105.7,7014.0,Monitoring
2025-01-10,13:20:00,HOLD,MIDCPNIFTY25JAN12700CE,104.45,7164.0,Monitoring
2025-01-10,13:25:00,HOLD,MIDCPNIFTY25JAN12700CE,98.15,7920.0,Monitoring
2025-01-10,13:30:00,HOLD,MIDCPNIFTY25JAN12700CE,99.95,7704.0,Monitoring
2025-01-10,13:35:00,HOLD,MIDCPNIFTY25JAN12700CE,100.1,7686.0,Monitoring
2025-01-10,13:40:00,HOLD,MIDCPNIFTY25JAN12700CE,100.15,7680.0,Monitoring
2025-01-10,13:45:00,HOLD,MIDCPNIFTY25JAN12700CE,102.85,7356.0,Monitoring
2025-01-10,13:50:00,HOLD,MIDCPNIFTY25JAN12700CE,100.0,7698.0,Monitoring
2025-01-10,13:55:00,HOLD,MIDCPNIFTY25JAN12700CE,101.55,7512.0,Monitoring
2025-01-10,14:00:00,HOLD,MIDCPNIFTY25JAN12700CE,96.55,8112.0,Monitoring
2025-01-10,14:05:00,HOLD,MIDCPNIFTY25JAN12700CE,93.0,8538.0,Monitoring
2025-01-10,14:10:00,HOLD,MIDCPNIFTY25JAN12700CE,86.5,9318.0,Monitoring
2025-01-10,14:15:00,HOLD,MIDCPNIFTY25JAN12700CE,87.1,9246.0,Monitoring
2025-01-10,14:20:00,HOLD,MIDCPNIFTY25JAN12700CE,85.2,9474.0,Monitoring
2025-01-10,14:25:00,HOLD,MIDCPNIFTY25JAN12700CE,88.45,9084.0,Monitoring
2025-01-10,14:30:00,HOLD,MIDCPNIFTY25JAN12700CE,86.55,9312.0,Monitoring
2025-01-10,14:35:00,HOLD,MIDCPNIFTY25JAN12700CE,87.25,9228.0,Monitoring
2025-01-10,14:40:00,HOLD,MIDCPNIFTY25JAN12700CE,89.6,8946.0,Monitoring
2025-01-10,14:45:00,HOLD,MIDCPNIFTY25JAN12700CE,88.55,9072.0,Monitoring
2025-01-10,14:50:00,HOLD,MIDCPNIFTY25JAN12700CE,90.95,8784.0,Monitoring
2025-01-10,14:55:00,HOLD,MIDCPNIFTY25JAN12700CE,88.8,9042.0,Monitoring
2025-01-10,15:00:00,HOLD,MIDCPNIFTY25JAN12700CE,84.65,9540.0,Monitoring
2025-01-10,15:05:00,HOLD,MIDCPNIFTY25JAN12700CE,86.95,9264.0,Monitoring
2025-01-10,15:10:00,HOLD,MIDCPNIFTY25JAN12700CE,84.7,9534.0,Monitoring
2025-01-10,15:15:00,HOLD,MIDCPNIFTY25JAN12700CE,88.15,9120.0,Monitoring
2025-01-10,15:20:00,HOLD,MIDCPNIFTY25JAN12700CE,87.15,9240.0,Monitoring
2025-01-10,15:25:00,HOLD,MIDCPNIFTY25JAN12700CE,86.0,9378.0,Monitoring
2025-01-13,09:15:00,HOLD,MIDCPNIFTY25JAN12700CE,59.0,12618.0,Monitoring
2025-01-13,09:20:00,HOLD,MIDCPNIFTY25JAN12700CE,65.45,11844.0,Monitoring
2025-01-13,09:25:00,HOLD,MIDCPNIFTY25JAN12700CE,60.4,12450.0,Monitoring
2025-01-13,09:30:00,HOLD,MIDCPNIFTY25JAN12700CE,60.75,12408.0,Monitoring
2025-01-13,09:35:00,HOLD,MIDCPNIFTY25JAN12700CE,56.35,12936.0,Monitoring
2025-01-13,09:40:00,HOLD,MIDCPNIFTY25JAN12700CE,57.15,12840.0,Monitoring
2025-01-13,09:45:00,HOLD,MIDCPNIFTY25JAN12700CE,50.65,13620.0,Monitoring
2025-01-13,09:50:00,HOLD,MIDCPNIFTY25JAN12700CE,51.95,13464.0,Monitoring
2025-01-13,09:55:00,HOLD,MIDCPNIFTY25JAN12700CE,51.85,13476.0,Monitoring
2025-01-13,10:00:00,HOLD,MIDCPNIFTY25JAN12700CE,53.75,13248.0,Monitoring
2025-01-13,10:05:00,HOLD,MIDCPNIFTY25JAN12700CE,52.65,13380.0,Monitoring
2025-01-13,10:10:00,HOLD,MIDCPNIFTY25JAN12700CE,55.0,13098.0,Monitoring
2025-01-13,10:15:00,HOLD,MIDCPNIFTY25JAN12700CE,53.5,13278.0,Monitoring
2025-01-13,10:20:00,HOLD,MIDCPNIFTY25JAN12700CE,54.65,13140.0,Monitoring
2025-01-13,10:25:00,HOLD,MIDCPNIFTY25JAN12700CE,55.7,13014.0,Monitoring
2025-01-13,10:30:00,HOLD,MIDCPNIFTY25JAN12700CE,56.0,12978.0,Monitoring
2025-01-13,10:35:00,HOLD,MIDCPNIFTY25JAN12700CE,54.5,13158.0,Monitoring
2025-01-13,10:40:00,HOLD,MIDCPNIFTY25JAN12700CE,53.45,13284.0,Monitoring
2025-01-13,10:45:00,HOLD,MIDCPNIFTY25JAN12700CE,54.85,13116.0,Monitoring
2025-01-13,10:50:00,HOLD,MIDCPNIFTY25JAN12700CE,52.7,13374.0,Monitoring
2025-01-13,10:55:00,HOLD,MIDCPNIFTY25JAN12700CE,49.0,13818.0,Monitoring
2025-01-13,11:00:00,HOLD,MIDCPNIFTY25JAN12700CE,48.9,13830.0,Monitoring
2025-01-13,11:05:00,HOLD,MIDCPNIFTY25JAN12700CE,46.8,14082.0,Monitoring
2025-01-13,11:10:00,HOLD,MIDCPNIFTY25JAN12700CE,46.5,14118.0,Monitoring
2025-01-13,11:15:00,HOLD,MIDCPNIFTY25JAN12700CE,46.4,14130.0,Monitoring
2025-01-13,11:20:00,HOLD,MIDCPNIFTY25JAN12700CE,46.85,14076.0,Monitoring
2025-01-13,11:25:00,HOLD,MIDCPNIFTY25JAN12700CE,44.8,14322.0,Monitoring
2025-01-13,11:30:00,HOLD,MIDCPNIFTY25JAN12700CE,42.6,14586.0,Monitoring
2025-01-13,11:35:00,HOLD,MIDCPNIFTY25JAN12700CE,41.3,14742.0,Monitoring
2025-01-13,11:40:00,HOLD,MIDCPNIFTY25JAN12700CE,42.65,14580.0,Monitoring
2025-01-13,11:45:00,HOLD,MIDCPNIFTY25JAN12700CE,42.0,14658.0,Monitoring
2025-01-13,11:50:00,HOLD,MIDCPNIFTY25JAN12700CE,41.55,14712.0,Monitoring
2025-01-13,11:55:00,HOLD,MIDCPNIFTY25JAN12700CE,41.5,14718.0,Monitoring
2025-01-13,12:00:00,HOLD,MIDCPNIFTY25JAN12700CE,41.85,14676.0,Monitoring
2025-01-13,12:05:00,HOLD,MIDCPNIFTY25JAN12700CE,41.95,14664.0,Monitoring
2025-01-13,12:10:00,HOLD,MIDCPNIFTY25JAN12700CE,41.65,14700.0,Monitoring
2025-01-13,12:15:00,HOLD,MIDCPNIFTY25JAN12700CE,39.65,14940.0,Monitoring
2025-01-13,12:20:00,HOLD,MIDCPNIFTY25JAN12700CE,40.7,14814.0,Monitoring
2025-01-13,12:25:00,HOLD,MIDCPNIFTY25JAN12700CE,41.5,14718.0,Monitoring
2025-01-13,12:30:00,HOLD,MIDCPNIFTY25JAN12700CE,41.3,14742.0,Monitoring
2025-01-13,12:35:00,HOLD,MIDCPNIFTY25JAN12700CE,43.15,14520.0,Monitoring
2025-01-13,12:40:00,HOLD,MIDCPNIFTY25JAN12700CE,41.85,14676.0,Monitoring
2025-01-13,12:45:00,HOLD,MIDCPNIFTY25JAN12700CE,41.4,14730.0,Monitoring
2025-01-13,12:50:00,HOLD,MIDCPNIFTY25JAN12700CE,40.45,14844.0,Monitoring
2025-01-13,12:55:00,HOLD,MIDCPNIFTY25JAN12700CE,40.05,14892.0,Monitoring
2025-01-13,13:00:00,HOLD,MIDCPNIFTY25JAN12700CE,40.05,14892.0,Monitoring
2025-01-13,13:05:00,HOLD,MIDCPNIFTY25JAN12700CE,39.0,15018.0,Monitoring
2025-01-13,13:10:00,HOLD,MIDCPNIFTY25JAN12700CE,37.65,15180.0,Monitoring
2025-01-13,13:15:00,HOLD,MIDCPNIFTY25JAN12700CE,37.2,15234.0,Monitoring
2025-01-13,13:20:00,HOLD,MIDCPNIFTY25JAN12700CE,37.45,15204.0,Monitoring
2025-01-13,13:25:00,HOLD,MIDCPNIFTY25JAN12700CE,37.1,15246.0,Monitoring
2025-01-13,13:30:00,HOLD,MIDCPNIFTY25JAN12700CE,36.35,15336.0,Monitoring
2025-01-13,13:35:00,HOLD,MIDCPNIFTY25JAN12700CE,35.4,15450.0,Monitoring
2025-01-13,13:40:00,HOLD,MIDCPNIFTY25JAN12700CE,33.05,15732.0,Monitoring
2025-01-13,13:45:00,HOLD,MIDCPNIFTY25JAN12700CE,29.6,16146.0,Monitoring
2025-01-13,13:45:00,BUY_EXIT,MIDCPNIFTY25JAN12700CE,29.6,16146.0,TARGET_LTP_30
