Date,Time,Event,Ticker,Price,PnL_INR,Info
2025-09-03,14:15:00,SELL_ENTRY,MIDCPNIFTY25SEP12700PE,164.6,0.0,Signal PE | Short
2025-09-03,14:20:00,HOLD,MIDCPNIFTY25SEP12700PE,166.1,-180.0,Monitoring
2025-09-03,14:25:00,HOLD,MIDCPNIFTY25SEP12700PE,166.5,-228.0,Monitoring
2025-09-03,14:30:00,HOLD,MIDCPNIFTY25SEP12700PE,167.0,-288.0,Monitoring
2025-09-03,14:35:00,HOLD,MIDCPNIFTY25SEP12700PE,170.85,-750.0,Monitoring
2025-09-03,14:40:00,HOLD,MIDCPNIFTY25SEP12700PE,173.9,-1116.0,Monitoring
2025-09-03,14:45:00,HOLD,MIDCPNIFTY25SEP12700PE,172.0,-888.0,Monitoring
2025-09-03,14:50:00,HOLD,MIDCPNIFTY25SEP12700PE,164.85,-30.0,Monitoring
2025-09-03,14:55:00,HOLD,MIDCPNIFTY25SEP12700PE,166.25,-198.0,Monitoring
2025-09-03,15:00:00,HOLD,MIDCPNIFTY25SEP12700PE,163.4,144.0,Monitoring
2025-09-03,15:05:00,HOLD,MIDCPNIFTY25SEP12700PE,162.5,252.0,Monitoring
2025-09-03,15:10:00,HOLD,MIDCPNIFTY25SEP12700PE,160.45,498.0,Monitoring
2025-09-03,15:15:00,HOLD,MIDCPNIFTY25SEP12700PE,156.85,930.0,Monitoring
2025-09-03,15:20:00,HOLD,MIDCPNIFTY25SEP12700PE,160.95,438.0,Monitoring
2025-09-03,15:25:00,HOLD,MIDCPNIFTY25SEP12700PE,158.0,792.0,Monitoring
2025-09-04,09:15:00,HOLD,MIDCPNIFTY25SEP12700PE,134.8,3576.0,Monitoring
2025-09-04,09:20:00,HOLD,MIDCPNIFTY25SEP12700PE,133.45,3738.0,Monitoring
2025-09-04,09:25:00,HOLD,MIDCPNIFTY25SEP12700PE,136.8,3336.0,Monitoring
2025-09-04,09:30:00,HOLD,MIDCPNIFTY25SEP12700PE,122.75,5022.0,Monitoring
2025-09-04,09:35:00,HOLD,MIDCPNIFTY25SEP12700PE,121.95,5118.0,Monitoring
2025-09-04,09:40:00,HOLD,MIDCPNIFTY25SEP12700PE,128.55,4326.0,Monitoring
2025-09-04,09:45:00,HOLD,MIDCPNIFTY25SEP12700PE,116.45,5778.0,Monitoring
2025-09-04,09:50:00,HOLD,MIDCPNIFTY25SEP12700PE,114.65,5994.0,Monitoring
2025-09-04,09:55:00,HOLD,MIDCPNIFTY25SEP12700PE,115.7,5868.0,Monitoring
2025-09-04,10:00:00,HOLD,MIDCPNIFTY25SEP12700PE,118.85,5490.0,Monitoring
2025-09-04,10:05:00,HOLD,MIDCPNIFTY25SEP12700PE,125.5,4692.0,Monitoring
2025-09-04,10:10:00,HOLD,MIDCPNIFTY25SEP12700PE,134.3,3636.0,Monitoring
2025-09-04,10:15:00,HOLD,MIDCPNIFTY25SEP12700PE,129.2,4248.0,Monitoring
2025-09-04,10:20:00,HOLD,MIDCPNIFTY25SEP12700PE,125.3,4716.0,Monitoring
2025-09-04,10:25:00,HOLD,MIDCPNIFTY25SEP12700PE,135.75,3462.0,Monitoring
2025-09-04,10:30:00,HOLD,MIDCPNIFTY25SEP12700PE,132.85,3810.0,Monitoring
2025-09-04,10:35:00,HOLD,MIDCPNIFTY25SEP12700PE,142.6,2640.0,Monitoring
2025-09-04,10:40:00,HOLD,MIDCPNIFTY25SEP12700PE,149.9,1764.0,Monitoring
2025-09-04,10:45:00,HOLD,MIDCPNIFTY25SEP12700PE,139.3,3036.0,Monitoring
2025-09-04,10:50:00,HOLD,MIDCPNIFTY25SEP12700PE,146.2,2208.0,Monitoring
2025-09-04,10:55:00,HOLD,MIDCPNIFTY25SEP12700PE,143.6,2520.0,Monitoring
2025-09-04,11:00:00,HOLD,MIDCPNIFTY25SEP12700PE,142.0,2712.0,Monitoring
2025-09-04,11:05:00,HOLD,MIDCPNIFTY25SEP12700PE,142.5,2652.0,Monitoring
2025-09-04,11:10:00,HOLD,MIDCPNIFTY25SEP12700PE,144.4,2424.0,Monitoring
2025-09-04,11:15:00,HOLD,MIDCPNIFTY25SEP12700PE,146.0,2232.0,Monitoring
2025-09-04,11:20:00,HOLD,MIDCPNIFTY25SEP12700PE,155.85,1050.0,Monitoring
2025-09-04,11:25:00,HOLD,MIDCPNIFTY25SEP12700PE,150.75,1662.0,Monitoring
2025-09-04,11:30:00,HOLD,MIDCPNIFTY25SEP12700PE,148.9,1884.0,Monitoring
2025-09-04,11:35:00,HOLD,MIDCPNIFTY25SEP12700PE,154.3,1236.0,Monitoring
2025-09-04,11:40:00,HOLD,MIDCPNIFTY25SEP12700PE,149.5,1812.0,Monitoring
2025-09-04,11:45:00,HOLD,MIDCPNIFTY25SEP12700PE,151.9,1524.0,Monitoring
2025-09-04,11:50:00,HOLD,MIDCPNIFTY25SEP12700PE,147.5,2052.0,Monitoring
2025-09-04,11:55:00,HOLD,MIDCPNIFTY25SEP12700PE,148.65,1914.0,Monitoring
2025-09-04,12:00:00,HOLD,MIDCPNIFTY25SEP12700PE,147.5,2052.0,Monitoring
2025-09-04,12:05:00,HOLD,MIDCPNIFTY25SEP12700PE,146.7,2148.0,Monitoring
2025-09-04,12:10:00,HOLD,MIDCPNIFTY25SEP12700PE,151.85,1530.0,Monitoring
2025-09-04,12:15:00,HOLD,MIDCPNIFTY25SEP12700PE,163.45,138.0,Monitoring
2025-09-04,12:20:00,HOLD,MIDCPNIFTY25SEP12700PE,164.9,-36.0,Monitoring
2025-09-04,12:25:00,HOLD,MIDCPNIFTY25SEP12700PE,162.0,312.0,Monitoring
2025-09-04,12:30:00,HOLD,MIDCPNIFTY25SEP12700PE,153.05,1386.0,Monitoring
2025-09-04,12:35:00,HOLD,MIDCPNIFTY25SEP12700PE,150.25,1722.0,Monitoring
2025-09-04,12:40:00,HOLD,MIDCPNIFTY25SEP12700PE,145.0,2352.0,Monitoring
2025-09-04,12:45:00,HOLD,MIDCPNIFTY25SEP12700PE,149.1,1860.0,Monitoring
2025-09-04,12:50:00,HOLD,MIDCPNIFTY25SEP12700PE,150.1,1740.0,Monitoring
2025-09-04,12:55:00,HOLD,MIDCPNIFTY25SEP12700PE,146.35,2190.0,Monitoring
2025-09-04,13:00:00,HOLD,MIDCPNIFTY25SEP12700PE,149.95,1758.0,Monitoring
2025-09-04,13:05:00,HOLD,MIDCPNIFTY25SEP12700PE,152.9,1404.0,Monitoring
2025-09-04,13:10:00,HOLD,MIDCPNIFTY25SEP12700PE,153.2,1368.0,Monitoring
2025-09-04,13:15:00,HOLD,MIDCPNIFTY25SEP12700PE,158.45,738.0,Monitoring
2025-09-04,13:20:00,HOLD,MIDCPNIFTY25SEP12700PE,152.95,1398.0,Monitoring
2025-09-04,13:25:00,HOLD,MIDCPNIFTY25SEP12700PE,152.15,1494.0,Monitoring
2025-09-04,13:30:00,HOLD,MIDCPNIFTY25SEP12700PE,152.4,1464.0,Monitoring
2025-09-04,13:35:00,HOLD,MIDCPNIFTY25SEP12700PE,156.4,984.0,Monitoring
2025-09-04,13:40:00,HOLD,MIDCPNIFTY25SEP12700PE,162.3,276.0,Monitoring
2025-09-04,13:45:00,HOLD,MIDCPNIFTY25SEP12700PE,164.55,6.0,Monitoring
2025-09-04,13:50:00,HOLD,MIDCPNIFTY25SEP12700PE,162.25,282.0,Monitoring
2025-09-04,13:55:00,HOLD,MIDCPNIFTY25SEP12700PE,164.15,54.0,Monitoring
2025-09-04,14:00:00,HOLD,MIDCPNIFTY25SEP12700PE,158.4,744.0,Monitoring
2025-09-04,14:05:00,HOLD,MIDCPNIFTY25SEP12700PE,161.5,372.0,Monitoring
2025-09-04,14:10:00,HOLD,MIDCPNIFTY25SEP12700PE,167.1,-300.0,Monitoring
2025-09-04,14:10:00,BUY_EXIT,MIDCPNIFTY25SEP12700PE,167.1,-300.0,EMA_REVERSAL_SL
