Date,Time,Event,Ticker,Price,PnL_INR,Info
2025-06-04,14:20:00,SELL_ENTRY,MIDCPNIFTY25JUN12700PE,206.0,0.0,Signal PE | Short
2025-06-04,14:25:00,HOLD,MIDCPNIFTY25JUN12700PE,208.05,-246.0,Monitoring
2025-06-04,14:30:00,HOLD,MIDCPNIFTY25JUN12700PE,204.8,144.0,Monitoring
2025-06-04,14:35:00,HOLD,MIDCPNIFTY25JUN12700PE,206.7,-84.0,Monitoring
2025-06-04,14:40:00,HOLD,MIDCPNIFTY25JUN12700PE,207.5,-180.0,Monitoring
2025-06-04,14:45:00,HOLD,MIDCPNIFTY25JUN12700PE,204.65,162.0,Monitoring
2025-06-04,14:50:00,HOLD,MIDCPNIFTY25JUN12700PE,203.65,282.0,Monitoring
2025-06-04,14:55:00,HOLD,MIDCPNIFTY25JUN12700PE,200.75,630.0,Monitoring
2025-06-04,15:00:00,HOLD,MIDCPNIFTY25JUN12700PE,192.85,1578.0,Monitoring
2025-06-04,15:05:00,HOLD,MIDCPNIFTY25JUN12700PE,194.7,1356.0,Monitoring
2025-06-04,15:10:00,HOLD,MIDCPNIFTY25JUN12700PE,196.0,1200.0,Monitoring
2025-06-04,15:15:00,HOLD,MIDCPNIFTY25JUN12700PE,197.55,1014.0,Monitoring
2025-06-04,15:20:00,HOLD,MIDCPNIFTY25JUN12700PE,194.2,1416.0,Monitoring
2025-06-04,15:25:00,HOLD,MIDCPNIFTY25JUN12700PE,191.35,1758.0,Monitoring
2025-06-05,09:15:00,HOLD,MIDCPNIFTY25JUN12700PE,181.0,3000.0,Monitoring
2025-06-05,09:20:00,HOLD,MIDCPNIFTY25JUN12700PE,174.75,3750.0,Monitoring
2025-06-05,09:25:00,HOLD,MIDCPNIFTY25JUN12700PE,174.4,3792.0,Monitoring
2025-06-05,09:30:00,HOLD,MIDCPNIFTY25JUN12700PE,178.3,3324.0,Monitoring
2025-06-05,09:35:00,HOLD,MIDCPNIFTY25JUN12700PE,174.55,3774.0,Monitoring
2025-06-05,09:40:00,HOLD,MIDCPNIFTY25JUN12700PE,175.3,3684.0,Monitoring
2025-06-05,09:45:00,HOLD,MIDCPNIFTY25JUN12700PE,174.75,3750.0,Monitoring
2025-06-05,09:50:00,HOLD,MIDCPNIFTY25JUN12700PE,176.0,3600.0,Monitoring
2025-06-05,09:55:00,HOLD,MIDCPNIFTY25JUN12700PE,174.0,3840.0,Monitoring
2025-06-05,10:00:00,HOLD,MIDCPNIFTY25JUN12700PE,170.35,4278.0,Monitoring
2025-06-05,10:05:00,HOLD,MIDCPNIFTY25JUN12700PE,169.7,4356.0,Monitoring
2025-06-05,10:10:00,HOLD,MIDCPNIFTY25JUN12700PE,169.5,4380.0,Monitoring
2025-06-05,10:15:00,HOLD,MIDCPNIFTY25JUN12700PE,170.45,4266.0,Monitoring
2025-06-05,10:20:00,HOLD,MIDCPNIFTY25JUN12700PE,164.55,4974.0,Monitoring
2025-06-05,10:25:00,HOLD,MIDCPNIFTY25JUN12700PE,163.45,5106.0,Monitoring
2025-06-05,10:30:00,HOLD,MIDCPNIFTY25JUN12700PE,164.0,5040.0,Monitoring
2025-06-05,10:35:00,HOLD,MIDCPNIFTY25JUN12700PE,163.45,5106.0,Monitoring
2025-06-05,10:40:00,HOLD,MIDCPNIFTY25JUN12700PE,160.1,5508.0,Monitoring
2025-06-05,10:45:00,HOLD,MIDCPNIFTY25JUN12700PE,163.1,5148.0,Monitoring
2025-06-05,10:50:00,HOLD,MIDCPNIFTY25JUN12700PE,165.0,4920.0,Monitoring
2025-06-05,10:55:00,HOLD,MIDCPNIFTY25JUN12700PE,163.0,5160.0,Monitoring
2025-06-05,11:00:00,HOLD,MIDCPNIFTY25JUN12700PE,160.7,5436.0,Monitoring
2025-06-05,11:05:00,HOLD,MIDCPNIFTY25JUN12700PE,158.7,5676.0,Monitoring
2025-06-05,11:10:00,HOLD,MIDCPNIFTY25JUN12700PE,159.5,5580.0,Monitoring
2025-06-05,11:15:00,HOLD,MIDCPNIFTY25JUN12700PE,158.65,5682.0,Monitoring
2025-06-05,11:20:00,HOLD,MIDCPNIFTY25JUN12700PE,156.65,5922.0,Monitoring
2025-06-05,11:25:00,HOLD,MIDCPNIFTY25JUN12700PE,155.0,6120.0,Monitoring
2025-06-05,11:30:00,HOLD,MIDCPNIFTY25JUN12700PE,152.7,6396.0,Monitoring
2025-06-05,11:35:00,HOLD,MIDCPNIFTY25JUN12700PE,152.75,6390.0,Monitoring
2025-06-05,11:40:00,HOLD,MIDCPNIFTY25JUN12700PE,151.45,6546.0,Monitoring
2025-06-05,11:45:00,HOLD,MIDCPNIFTY25JUN12700PE,149.0,6840.0,Monitoring
2025-06-05,11:50:00,HOLD,MIDCPNIFTY25JUN12700PE,146.0,7200.0,Monitoring
2025-06-05,11:55:00,HOLD,MIDCPNIFTY25JUN12700PE,145.2,7296.0,Monitoring
2025-06-05,12:00:00,HOLD,MIDCPNIFTY25JUN12700PE,141.8,7704.0,Monitoring
2025-06-05,12:05:00,HOLD,MIDCPNIFTY25JUN12700PE,144.55,7374.0,Monitoring
2025-06-05,12:10:00,HOLD,MIDCPNIFTY25JUN12700PE,142.1,7668.0,Monitoring
2025-06-05,12:15:00,HOLD,MIDCPNIFTY25JUN12700PE,140.85,7818.0,Monitoring
2025-06-05,12:20:00,HOLD,MIDCPNIFTY25JUN12700PE,137.9,8172.0,Monitoring
2025-06-05,12:25:00,HOLD,MIDCPNIFTY25JUN12700PE,135.5,8460.0,Monitoring
2025-06-05,12:30:00,HOLD,MIDCPNIFTY25JUN12700PE,139.5,7980.0,Monitoring
2025-06-05,12:35:00,HOLD,MIDCPNIFTY25JUN12700PE,139.4,7992.0,Monitoring
2025-06-05,12:40:00,HOLD,MIDCPNIFTY25JUN12700PE,138.9,8052.0,Monitoring
2025-06-05,12:45:00,HOLD,MIDCPNIFTY25JUN12700PE,137.35,8238.0,Monitoring
2025-06-05,12:50:00,HOLD,MIDCPNIFTY25JUN12700PE,140.0,7920.0,Monitoring
2025-06-05,12:55:00,HOLD,MIDCPNIFTY25JUN12700PE,141.2,7776.0,Monitoring
2025-06-05,13:00:00,HOLD,MIDCPNIFTY25JUN12700PE,139.0,8040.0,Monitoring
2025-06-05,13:05:00,HOLD,MIDCPNIFTY25JUN12700PE,139.65,7962.0,Monitoring
2025-06-05,13:10:00,HOLD,MIDCPNIFTY25JUN12700PE,138.85,8058.0,Monitoring
2025-06-05,13:15:00,HOLD,MIDCPNIFTY25JUN12700PE,138.9,8052.0,Monitoring
2025-06-05,13:20:00,HOLD,MIDCPNIFTY25JUN12700PE,145.0,7320.0,Monitoring
2025-06-05,13:25:00,HOLD,MIDCPNIFTY25JUN12700PE,144.9,7332.0,Monitoring
2025-06-05,13:30:00,HOLD,MIDCPNIFTY25JUN12700PE,143.0,7560.0,Monitoring
2025-06-05,13:35:00,HOLD,MIDCPNIFTY25JUN12700PE,141.15,7782.0,Monitoring
2025-06-05,13:40:00,HOLD,MIDCPNIFTY25JUN12700PE,145.25,7290.0,Monitoring
2025-06-05,13:45:00,HOLD,MIDCPNIFTY25JUN12700PE,146.2,7176.0,Monitoring
2025-06-05,13:50:00,HOLD,MIDCPNIFTY25JUN12700PE,149.0,6840.0,Monitoring
2025-06-05,13:55:00,HOLD,MIDCPNIFTY25JUN12700PE,148.75,6870.0,Monitoring
2025-06-05,14:00:00,HOLD,MIDCPNIFTY25JUN12700PE,148.4,6912.0,Monitoring
2025-06-05,14:05:00,HOLD,MIDCPNIFTY25JUN12700PE,147.15,7062.0,Monitoring
2025-06-05,14:10:00,HOLD,MIDCPNIFTY25JUN12700PE,147.75,6990.0,Monitoring
2025-06-05,14:15:00,HOLD,MIDCPNIFTY25JUN12700PE,150.65,6642.0,Monitoring
2025-06-05,14:20:00,HOLD,MIDCPNIFTY25JUN12700PE,152.4,6432.0,Monitoring
2025-06-05,14:25:00,HOLD,MIDCPNIFTY25JUN12700PE,151.7,6516.0,Monitoring
2025-06-05,14:30:00,HOLD,MIDCPNIFTY25JUN12700PE,151.0,6600.0,Monitoring
2025-06-05,14:35:00,HOLD,MIDCPNIFTY25JUN12700PE,150.25,6690.0,Monitoring
2025-06-05,14:40:00,HOLD,MIDCPNIFTY25JUN12700PE,146.3,7164.0,Monitoring
2025-06-05,14:45:00,HOLD,MIDCPNIFTY25JUN12700PE,142.1,7668.0,Monitoring
2025-06-05,14:50:00,HOLD,MIDCPNIFTY25JUN12700PE,139.5,7980.0,Monitoring
2025-06-05,14:55:00,HOLD,MIDCPNIFTY25JUN12700PE,141.0,7800.0,Monitoring
2025-06-05,15:00:00,HOLD,MIDCPNIFTY25JUN12700PE,139.5,7980.0,Monitoring
2025-06-05,15:05:00,HOLD,MIDCPNIFTY25JUN12700PE,139.65,7962.0,Monitoring
2025-06-05,15:10:00,HOLD,MIDCPNIFTY25JUN12700PE,141.15,7782.0,Monitoring
2025-06-05,15:15:00,HOLD,MIDCPNIFTY25JUN12700PE,138.9,8052.0,Monitoring
2025-06-05,15:20:00,HOLD,MIDCPNIFTY25JUN12700PE,140.3,7884.0,Monitoring
2025-06-05,15:25:00,HOLD,MIDCPNIFTY25JUN12700PE,141.85,7698.0,Monitoring
2025-06-06,09:15:00,HOLD,MIDCPNIFTY25JUN12700PE,132.0,8880.0,Monitoring
2025-06-06,09:20:00,HOLD,MIDCPNIFTY25JUN12700PE,132.25,8850.0,Monitoring
2025-06-06,09:25:00,HOLD,MIDCPNIFTY25JUN12700PE,133.7,8676.0,Monitoring
2025-06-06,09:30:00,HOLD,MIDCPNIFTY25JUN12700PE,133.0,8760.0,Monitoring
2025-06-06,09:35:00,HOLD,MIDCPNIFTY25JUN12700PE,130.7,9036.0,Monitoring
2025-06-06,09:40:00,HOLD,MIDCPNIFTY25JUN12700PE,132.85,8778.0,Monitoring
2025-06-06,09:45:00,HOLD,MIDCPNIFTY25JUN12700PE,129.2,9216.0,Monitoring
2025-06-06,09:50:00,HOLD,MIDCPNIFTY25JUN12700PE,127.2,9456.0,Monitoring
2025-06-06,09:55:00,HOLD,MIDCPNIFTY25JUN12700PE,122.0,10080.0,Monitoring
2025-06-06,10:00:00,HOLD,MIDCPNIFTY25JUN12700PE,126.3,9564.0,Monitoring
2025-06-06,10:05:00,HOLD,MIDCPNIFTY25JUN12700PE,109.75,11550.0,Monitoring
2025-06-06,10:10:00,HOLD,MIDCPNIFTY25JUN12700PE,113.0,11160.0,Monitoring
2025-06-06,10:15:00,HOLD,MIDCPNIFTY25JUN12700PE,114.8,10944.0,Monitoring
2025-06-06,10:20:00,HOLD,MIDCPNIFTY25JUN12700PE,110.95,11406.0,Monitoring
2025-06-06,10:25:00,HOLD,MIDCPNIFTY25JUN12700PE,103.55,12294.0,Monitoring
2025-06-06,10:30:00,HOLD,MIDCPNIFTY25JUN12700PE,101.95,12486.0,Monitoring
2025-06-06,10:35:00,HOLD,MIDCPNIFTY25JUN12700PE,106.25,11970.0,Monitoring
2025-06-06,10:40:00,HOLD,MIDCPNIFTY25JUN12700PE,102.45,12426.0,Monitoring
2025-06-06,10:45:00,HOLD,MIDCPNIFTY25JUN12700PE,101.0,12600.0,Monitoring
2025-06-06,10:50:00,HOLD,MIDCPNIFTY25JUN12700PE,104.0,12240.0,Monitoring
2025-06-06,10:55:00,HOLD,MIDCPNIFTY25JUN12700PE,102.95,12366.0,Monitoring
2025-06-06,11:00:00,HOLD,MIDCPNIFTY25JUN12700PE,103.25,12330.0,Monitoring
2025-06-06,11:05:00,HOLD,MIDCPNIFTY25JUN12700PE,103.0,12360.0,Monitoring
2025-06-06,11:10:00,HOLD,MIDCPNIFTY25JUN12700PE,103.35,12318.0,Monitoring
2025-06-06,11:15:00,HOLD,MIDCPNIFTY25JUN12700PE,101.4,12552.0,Monitoring
2025-06-06,11:20:00,HOLD,MIDCPNIFTY25JUN12700PE,97.35,13038.0,Monitoring
2025-06-06,11:25:00,HOLD,MIDCPNIFTY25JUN12700PE,99.0,12840.0,Monitoring
2025-06-06,11:30:00,HOLD,MIDCPNIFTY25JUN12700PE,98.0,12960.0,Monitoring
2025-06-06,11:35:00,HOLD,MIDCPNIFTY25JUN12700PE,95.75,13230.0,Monitoring
2025-06-06,11:40:00,HOLD,MIDCPNIFTY25JUN12700PE,91.6,13728.0,Monitoring
2025-06-06,11:45:00,HOLD,MIDCPNIFTY25JUN12700PE,96.4,13152.0,Monitoring
2025-06-06,11:50:00,HOLD,MIDCPNIFTY25JUN12700PE,98.0,12960.0,Monitoring
2025-06-06,11:55:00,HOLD,MIDCPNIFTY25JUN12700PE,93.3,13524.0,Monitoring
2025-06-06,12:00:00,HOLD,MIDCPNIFTY25JUN12700PE,95.75,13230.0,Monitoring
2025-06-06,12:05:00,HOLD,MIDCPNIFTY25JUN12700PE,96.5,13140.0,Monitoring
2025-06-06,12:10:00,HOLD,MIDCPNIFTY25JUN12700PE,97.2,13056.0,Monitoring
2025-06-06,12:15:00,HOLD,MIDCPNIFTY25JUN12700PE,98.95,12846.0,Monitoring
2025-06-06,12:20:00,HOLD,MIDCPNIFTY25JUN12700PE,98.05,12954.0,Monitoring
2025-06-06,12:25:00,HOLD,MIDCPNIFTY25JUN12700PE,98.15,12942.0,Monitoring
2025-06-06,12:30:00,HOLD,MIDCPNIFTY25JUN12700PE,98.95,12846.0,Monitoring
2025-06-06,12:35:00,HOLD,MIDCPNIFTY25JUN12700PE,100.75,12630.0,Monitoring
2025-06-06,12:40:00,HOLD,MIDCPNIFTY25JUN12700PE,99.35,12798.0,Monitoring
2025-06-06,12:45:00,HOLD,MIDCPNIFTY25JUN12700PE,98.0,12960.0,Monitoring
2025-06-06,12:50:00,HOLD,MIDCPNIFTY25JUN12700PE,98.4,12912.0,Monitoring
2025-06-06,12:55:00,HOLD,MIDCPNIFTY25JUN12700PE,98.65,12882.0,Monitoring
2025-06-06,13:00:00,HOLD,MIDCPNIFTY25JUN12700PE,98.2,12936.0,Monitoring
2025-06-06,13:05:00,HOLD,MIDCPNIFTY25JUN12700PE,97.5,13020.0,Monitoring
2025-06-06,13:10:00,HOLD,MIDCPNIFTY25JUN12700PE,96.65,13122.0,Monitoring
2025-06-06,13:15:00,HOLD,MIDCPNIFTY25JUN12700PE,96.95,13086.0,Monitoring
2025-06-06,13:20:00,HOLD,MIDCPNIFTY25JUN12700PE,96.65,13122.0,Monitoring
2025-06-06,13:25:00,HOLD,MIDCPNIFTY25JUN12700PE,95.2,13296.0,Monitoring
2025-06-06,13:30:00,HOLD,MIDCPNIFTY25JUN12700PE,93.0,13560.0,Monitoring
2025-06-06,13:35:00,HOLD,MIDCPNIFTY25JUN12700PE,91.5,13740.0,Monitoring
2025-06-06,13:40:00,HOLD,MIDCPNIFTY25JUN12700PE,91.4,13752.0,Monitoring
2025-06-06,13:45:00,HOLD,MIDCPNIFTY25JUN12700PE,92.2,13656.0,Monitoring
2025-06-06,13:50:00,HOLD,MIDCPNIFTY25JUN12700PE,91.0,13800.0,Monitoring
2025-06-06,13:55:00,HOLD,MIDCPNIFTY25JUN12700PE,90.0,13920.0,Monitoring
2025-06-06,14:00:00,HOLD,MIDCPNIFTY25JUN12700PE,88.35,14118.0,Monitoring
2025-06-06,14:05:00,HOLD,MIDCPNIFTY25JUN12700PE,88.0,14160.0,Monitoring
2025-06-06,14:10:00,HOLD,MIDCPNIFTY25JUN12700PE,87.9,14172.0,Monitoring
2025-06-06,14:15:00,HOLD,MIDCPNIFTY25JUN12700PE,88.0,14160.0,Monitoring
2025-06-06,14:20:00,HOLD,MIDCPNIFTY25JUN12700PE,86.05,14394.0,Monitoring
2025-06-06,14:25:00,HOLD,MIDCPNIFTY25JUN12700PE,85.85,14418.0,Monitoring
2025-06-06,14:30:00,HOLD,MIDCPNIFTY25JUN12700PE,85.0,14520.0,Monitoring
2025-06-06,14:35:00,HOLD,MIDCPNIFTY25JUN12700PE,86.95,14286.0,Monitoring
2025-06-06,14:40:00,HOLD,MIDCPNIFTY25JUN12700PE,85.4,14472.0,Monitoring
2025-06-06,14:45:00,HOLD,MIDCPNIFTY25JUN12700PE,84.0,14640.0,Monitoring
2025-06-06,14:50:00,HOLD,MIDCPNIFTY25JUN12700PE,84.3,14604.0,Monitoring
2025-06-06,14:55:00,HOLD,MIDCPNIFTY25JUN12700PE,82.9,14772.0,Monitoring
2025-06-06,15:00:00,HOLD,MIDCPNIFTY25JUN12700PE,80.05,15114.0,Monitoring
2025-06-06,15:05:00,HOLD,MIDCPNIFTY25JUN12700PE,79.0,15240.0,Monitoring
2025-06-06,15:10:00,HOLD,MIDCPNIFTY25JUN12700PE,79.0,15240.0,Monitoring
2025-06-06,15:15:00,HOLD,MIDCPNIFTY25JUN12700PE,79.25,15210.0,Monitoring
2025-06-06,15:20:00,HOLD,MIDCPNIFTY25JUN12700PE,78.1,15348.0,Monitoring
2025-06-06,15:25:00,HOLD,MIDCPNIFTY25JUN12700PE,82.9,14772.0,Monitoring
2025-06-09,09:15:00,HOLD,MIDCPNIFTY25JUN12700PE,60.25,17490.0,Monitoring
2025-06-09,09:20:00,HOLD,MIDCPNIFTY25JUN12700PE,59.4,17592.0,Monitoring
2025-06-09,09:25:00,HOLD,MIDCPNIFTY25JUN12700PE,59.0,17640.0,Monitoring
2025-06-09,09:30:00,HOLD,MIDCPNIFTY25JUN12700PE,58.4,17712.0,Monitoring
2025-06-09,09:35:00,HOLD,MIDCPNIFTY25JUN12700PE,57.0,17880.0,Monitoring
2025-06-09,09:40:00,HOLD,MIDCPNIFTY25JUN12700PE,57.0,17880.0,Monitoring
2025-06-09,09:45:00,HOLD,MIDCPNIFTY25JUN12700PE,57.95,17766.0,Monitoring
2025-06-09,09:50:00,HOLD,MIDCPNIFTY25JUN12700PE,56.65,17922.0,Monitoring
2025-06-09,09:55:00,HOLD,MIDCPNIFTY25JUN12700PE,57.95,17766.0,Monitoring
2025-06-09,10:00:00,HOLD,MIDCPNIFTY25JUN12700PE,55.15,18102.0,Monitoring
2025-06-09,10:05:00,HOLD,MIDCPNIFTY25JUN12700PE,57.4,17832.0,Monitoring
2025-06-09,10:10:00,HOLD,MIDCPNIFTY25JUN12700PE,58.75,17670.0,Monitoring
2025-06-09,10:15:00,HOLD,MIDCPNIFTY25JUN12700PE,57.95,17766.0,Monitoring
2025-06-09,10:20:00,HOLD,MIDCPNIFTY25JUN12700PE,56.6,17928.0,Monitoring
2025-06-09,10:25:00,HOLD,MIDCPNIFTY25JUN12700PE,56.0,18000.0,Monitoring
2025-06-09,10:30:00,HOLD,MIDCPNIFTY25JUN12700PE,56.8,17904.0,Monitoring
2025-06-09,10:35:00,HOLD,MIDCPNIFTY25JUN12700PE,58.55,17694.0,Monitoring
2025-06-09,10:40:00,HOLD,MIDCPNIFTY25JUN12700PE,58.0,17760.0,Monitoring
2025-06-09,10:45:00,HOLD,MIDCPNIFTY25JUN12700PE,57.75,17790.0,Monitoring
2025-06-09,10:50:00,HOLD,MIDCPNIFTY25JUN12700PE,59.05,17634.0,Monitoring
2025-06-09,10:55:00,HOLD,MIDCPNIFTY25JUN12700PE,59.05,17634.0,Monitoring
2025-06-09,11:00:00,HOLD,MIDCPNIFTY25JUN12700PE,57.35,17838.0,Monitoring
2025-06-09,11:05:00,HOLD,MIDCPNIFTY25JUN12700PE,58.0,17760.0,Monitoring
2025-06-09,11:10:00,HOLD,MIDCPNIFTY25JUN12700PE,58.15,17742.0,Monitoring
2025-06-09,11:15:00,HOLD,MIDCPNIFTY25JUN12700PE,57.25,17850.0,Monitoring
2025-06-09,11:20:00,HOLD,MIDCPNIFTY25JUN12700PE,57.75,17790.0,Monitoring
2025-06-09,11:25:00,HOLD,MIDCPNIFTY25JUN12700PE,57.75,17790.0,Monitoring
2025-06-09,11:30:00,HOLD,MIDCPNIFTY25JUN12700PE,57.0,17880.0,Monitoring
2025-06-09,11:35:00,HOLD,MIDCPNIFTY25JUN12700PE,57.05,17874.0,Monitoring
2025-06-09,11:40:00,HOLD,MIDCPNIFTY25JUN12700PE,56.8,17904.0,Monitoring
2025-06-09,11:45:00,HOLD,MIDCPNIFTY25JUN12700PE,56.8,17904.0,Monitoring
2025-06-09,11:50:00,HOLD,MIDCPNIFTY25JUN12700PE,57.5,17820.0,Monitoring
2025-06-09,11:55:00,HOLD,MIDCPNIFTY25JUN12700PE,57.75,17790.0,Monitoring
2025-06-09,12:00:00,HOLD,MIDCPNIFTY25JUN12700PE,57.4,17832.0,Monitoring
2025-06-09,12:05:00,HOLD,MIDCPNIFTY25JUN12700PE,58.1,17748.0,Monitoring
2025-06-09,12:10:00,HOLD,MIDCPNIFTY25JUN12700PE,56.7,17916.0,Monitoring
2025-06-09,12:15:00,HOLD,MIDCPNIFTY25JUN12700PE,56.5,17940.0,Monitoring
2025-06-09,12:20:00,HOLD,MIDCPNIFTY25JUN12700PE,57.45,17826.0,Monitoring
2025-06-09,12:25:00,HOLD,MIDCPNIFTY25JUN12700PE,56.7,17916.0,Monitoring
2025-06-09,12:30:00,HOLD,MIDCPNIFTY25JUN12700PE,56.5,17940.0,Monitoring
2025-06-09,12:35:00,HOLD,MIDCPNIFTY25JUN12700PE,56.95,17886.0,Monitoring
2025-06-09,12:40:00,HOLD,MIDCPNIFTY25JUN12700PE,57.05,17874.0,Monitoring
2025-06-09,12:45:00,HOLD,MIDCPNIFTY25JUN12700PE,56.95,17886.0,Monitoring
2025-06-09,12:50:00,HOLD,MIDCPNIFTY25JUN12700PE,57.55,17814.0,Monitoring
2025-06-09,12:55:00,HOLD,MIDCPNIFTY25JUN12700PE,57.7,17796.0,Monitoring
2025-06-09,13:00:00,HOLD,MIDCPNIFTY25JUN12700PE,57.2,17856.0,Monitoring
2025-06-09,13:05:00,HOLD,MIDCPNIFTY25JUN12700PE,56.55,17934.0,Monitoring
2025-06-09,13:10:00,HOLD,MIDCPNIFTY25JUN12700PE,55.85,18018.0,Monitoring
2025-06-09,13:15:00,HOLD,MIDCPNIFTY25JUN12700PE,56.1,17988.0,Monitoring
2025-06-09,13:20:00,HOLD,MIDCPNIFTY25JUN12700PE,55.8,18024.0,Monitoring
2025-06-09,13:25:00,HOLD,MIDCPNIFTY25JUN12700PE,54.75,18150.0,Monitoring
2025-06-09,13:30:00,HOLD,MIDCPNIFTY25JUN12700PE,55.4,18072.0,Monitoring
2025-06-09,13:35:00,HOLD,MIDCPNIFTY25JUN12700PE,55.25,18090.0,Monitoring
2025-06-09,13:40:00,HOLD,MIDCPNIFTY25JUN12700PE,55.0,18120.0,Monitoring
2025-06-09,13:45:00,HOLD,MIDCPNIFTY25JUN12700PE,54.2,18216.0,Monitoring
2025-06-09,13:50:00,HOLD,MIDCPNIFTY25JUN12700PE,53.6,18288.0,Monitoring
2025-06-09,13:55:00,HOLD,MIDCPNIFTY25JUN12700PE,53.2,18336.0,Monitoring
2025-06-09,14:00:00,HOLD,MIDCPNIFTY25JUN12700PE,53.35,18318.0,Monitoring
2025-06-09,14:05:00,HOLD,MIDCPNIFTY25JUN12700PE,53.25,18330.0,Monitoring
2025-06-09,14:10:00,HOLD,MIDCPNIFTY25JUN12700PE,55.25,18090.0,Monitoring
2025-06-09,14:15:00,HOLD,MIDCPNIFTY25JUN12700PE,54.0,18240.0,Monitoring
2025-06-09,14:20:00,HOLD,MIDCPNIFTY25JUN12700PE,54.55,18174.0,Monitoring
2025-06-09,14:25:00,HOLD,MIDCPNIFTY25JUN12700PE,53.9,18252.0,Monitoring
2025-06-09,14:30:00,HOLD,MIDCPNIFTY25JUN12700PE,53.05,18354.0,Monitoring
2025-06-09,14:35:00,HOLD,MIDCPNIFTY25JUN12700PE,54.5,18180.0,Monitoring
2025-06-09,14:40:00,HOLD,MIDCPNIFTY25JUN12700PE,53.7,18276.0,Monitoring
2025-06-09,14:45:00,HOLD,MIDCPNIFTY25JUN12700PE,52.95,18366.0,Monitoring
2025-06-09,14:50:00,HOLD,MIDCPNIFTY25JUN12700PE,52.95,18366.0,Monitoring
2025-06-09,14:55:00,HOLD,MIDCPNIFTY25JUN12700PE,52.85,18378.0,Monitoring
2025-06-09,15:00:00,HOLD,MIDCPNIFTY25JUN12700PE,52.2,18456.0,Monitoring
2025-06-09,15:05:00,HOLD,MIDCPNIFTY25JUN12700PE,52.2,18456.0,Monitoring
2025-06-09,15:10:00,HOLD,MIDCPNIFTY25JUN12700PE,52.65,18402.0,Monitoring
2025-06-09,15:15:00,HOLD,MIDCPNIFTY25JUN12700PE,53.6,18288.0,Monitoring
2025-06-09,15:20:00,HOLD,MIDCPNIFTY25JUN12700PE,54.4,18192.0,Monitoring
2025-06-09,15:25:00,HOLD,MIDCPNIFTY25JUN12700PE,53.0,18360.0,Monitoring
2025-06-10,09:15:00,HOLD,MIDCPNIFTY25JUN12700PE,44.4,19392.0,Monitoring
2025-06-10,09:20:00,HOLD,MIDCPNIFTY25JUN12700PE,45.3,19284.0,Monitoring
2025-06-10,09:25:00,HOLD,MIDCPNIFTY25JUN12700PE,51.6,18528.0,Monitoring
2025-06-10,09:30:00,HOLD,MIDCPNIFTY25JUN12700PE,50.0,18720.0,Monitoring
2025-06-10,09:35:00,HOLD,MIDCPNIFTY25JUN12700PE,49.0,18840.0,Monitoring
2025-06-10,09:40:00,HOLD,MIDCPNIFTY25JUN12700PE,48.9,18852.0,Monitoring
2025-06-10,09:45:00,HOLD,MIDCPNIFTY25JUN12700PE,50.5,18660.0,Monitoring
2025-06-10,09:50:00,HOLD,MIDCPNIFTY25JUN12700PE,50.3,18684.0,Monitoring
2025-06-10,09:55:00,HOLD,MIDCPNIFTY25JUN12700PE,48.3,18924.0,Monitoring
2025-06-10,10:00:00,HOLD,MIDCPNIFTY25JUN12700PE,46.3,19164.0,Monitoring
2025-06-10,10:05:00,HOLD,MIDCPNIFTY25JUN12700PE,45.85,19218.0,Monitoring
2025-06-10,10:10:00,HOLD,MIDCPNIFTY25JUN12700PE,43.5,19500.0,Monitoring
2025-06-10,10:15:00,HOLD,MIDCPNIFTY25JUN12700PE,43.0,19560.0,Monitoring
2025-06-10,10:20:00,HOLD,MIDCPNIFTY25JUN12700PE,44.0,19440.0,Monitoring
2025-06-10,10:25:00,HOLD,MIDCPNIFTY25JUN12700PE,45.15,19302.0,Monitoring
2025-06-10,10:30:00,HOLD,MIDCPNIFTY25JUN12700PE,45.0,19320.0,Monitoring
2025-06-10,10:35:00,HOLD,MIDCPNIFTY25JUN12700PE,45.0,19320.0,Monitoring
2025-06-10,10:40:00,HOLD,MIDCPNIFTY25JUN12700PE,44.4,19392.0,Monitoring
2025-06-10,10:45:00,HOLD,MIDCPNIFTY25JUN12700PE,44.1,19428.0,Monitoring
2025-06-10,10:50:00,HOLD,MIDCPNIFTY25JUN12700PE,46.1,19188.0,Monitoring
2025-06-10,10:55:00,HOLD,MIDCPNIFTY25JUN12700PE,47.75,18990.0,Monitoring
2025-06-10,11:00:00,HOLD,MIDCPNIFTY25JUN12700PE,46.8,19104.0,Monitoring
2025-06-10,11:05:00,HOLD,MIDCPNIFTY25JUN12700PE,45.05,19314.0,Monitoring
2025-06-10,11:10:00,HOLD,MIDCPNIFTY25JUN12700PE,45.2,19296.0,Monitoring
2025-06-10,11:15:00,HOLD,MIDCPNIFTY25JUN12700PE,44.95,19326.0,Monitoring
2025-06-10,11:20:00,HOLD,MIDCPNIFTY25JUN12700PE,44.45,19386.0,Monitoring
2025-06-10,11:25:00,HOLD,MIDCPNIFTY25JUN12700PE,44.65,19362.0,Monitoring
2025-06-10,11:30:00,HOLD,MIDCPNIFTY25JUN12700PE,45.1,19308.0,Monitoring
2025-06-10,11:35:00,HOLD,MIDCPNIFTY25JUN12700PE,45.0,19320.0,Monitoring
2025-06-10,11:40:00,HOLD,MIDCPNIFTY25JUN12700PE,44.3,19404.0,Monitoring
2025-06-10,11:45:00,HOLD,MIDCPNIFTY25JUN12700PE,44.15,19422.0,Monitoring
2025-06-10,11:50:00,HOLD,MIDCPNIFTY25JUN12700PE,43.55,19494.0,Monitoring
2025-06-10,11:55:00,HOLD,MIDCPNIFTY25JUN12700PE,43.55,19494.0,Monitoring
2025-06-10,12:00:00,HOLD,MIDCPNIFTY25JUN12700PE,43.5,19500.0,Monitoring
2025-06-10,12:05:00,HOLD,MIDCPNIFTY25JUN12700PE,43.45,19506.0,Monitoring
2025-06-10,12:10:00,HOLD,MIDCPNIFTY25JUN12700PE,44.05,19434.0,Monitoring
2025-06-10,12:15:00,HOLD,MIDCPNIFTY25JUN12700PE,43.75,19470.0,Monitoring
2025-06-10,12:20:00,HOLD,MIDCPNIFTY25JUN12700PE,43.5,19500.0,Monitoring
2025-06-10,12:25:00,HOLD,MIDCPNIFTY25JUN12700PE,43.5,19500.0,Monitoring
2025-06-10,12:30:00,HOLD,MIDCPNIFTY25JUN12700PE,43.0,19560.0,Monitoring
2025-06-10,12:35:00,HOLD,MIDCPNIFTY25JUN12700PE,44.0,19440.0,Monitoring
2025-06-10,12:40:00,HOLD,MIDCPNIFTY25JUN12700PE,44.4,19392.0,Monitoring
2025-06-10,12:45:00,HOLD,MIDCPNIFTY25JUN12700PE,44.8,19344.0,Monitoring
2025-06-10,12:50:00,HOLD,MIDCPNIFTY25JUN12700PE,44.05,19434.0,Monitoring
2025-06-10,12:55:00,HOLD,MIDCPNIFTY25JUN12700PE,43.0,19560.0,Monitoring
2025-06-10,13:00:00,HOLD,MIDCPNIFTY25JUN12700PE,43.0,19560.0,Monitoring
2025-06-10,13:05:00,HOLD,MIDCPNIFTY25JUN12700PE,42.75,19590.0,Monitoring
2025-06-10,13:10:00,HOLD,MIDCPNIFTY25JUN12700PE,44.5,19380.0,Monitoring
2025-06-10,13:15:00,HOLD,MIDCPNIFTY25JUN12700PE,45.35,19278.0,Monitoring
2025-06-10,13:20:00,HOLD,MIDCPNIFTY25JUN12700PE,46.35,19158.0,Monitoring
2025-06-10,13:25:00,HOLD,MIDCPNIFTY25JUN12700PE,45.8,19224.0,Monitoring
2025-06-10,13:30:00,HOLD,MIDCPNIFTY25JUN12700PE,45.8,19224.0,Monitoring
2025-06-10,13:35:00,HOLD,MIDCPNIFTY25JUN12700PE,45.0,19320.0,Monitoring
2025-06-10,13:40:00,HOLD,MIDCPNIFTY25JUN12700PE,44.85,19338.0,Monitoring
2025-06-10,13:45:00,HOLD,MIDCPNIFTY25JUN12700PE,45.7,19236.0,Monitoring
2025-06-10,13:50:00,HOLD,MIDCPNIFTY25JUN12700PE,45.9,19212.0,Monitoring
2025-06-10,13:55:00,HOLD,MIDCPNIFTY25JUN12700PE,45.85,19218.0,Monitoring
2025-06-10,14:00:00,HOLD,MIDCPNIFTY25JUN12700PE,45.85,19218.0,Monitoring
2025-06-10,14:05:00,HOLD,MIDCPNIFTY25JUN12700PE,44.9,19332.0,Monitoring
2025-06-10,14:10:00,HOLD,MIDCPNIFTY25JUN12700PE,44.9,19332.0,Monitoring
2025-06-10,14:15:00,HOLD,MIDCPNIFTY25JUN12700PE,45.55,19254.0,Monitoring
2025-06-10,14:20:00,HOLD,MIDCPNIFTY25JUN12700PE,46.25,19170.0,Monitoring
2025-06-10,14:25:00,HOLD,MIDCPNIFTY25JUN12700PE,45.2,19296.0,Monitoring
2025-06-10,14:30:00,HOLD,MIDCPNIFTY25JUN12700PE,44.8,19344.0,Monitoring
2025-06-10,14:35:00,HOLD,MIDCPNIFTY25JUN12700PE,44.8,19344.0,Monitoring
2025-06-10,14:40:00,HOLD,MIDCPNIFTY25JUN12700PE,46.3,19164.0,Monitoring
2025-06-10,14:45:00,HOLD,MIDCPNIFTY25JUN12700PE,45.1,19308.0,Monitoring
2025-06-10,14:50:00,HOLD,MIDCPNIFTY25JUN12700PE,45.0,19320.0,Monitoring
2025-06-10,14:55:00,HOLD,MIDCPNIFTY25JUN12700PE,45.6,19248.0,Monitoring
2025-06-10,15:00:00,HOLD,MIDCPNIFTY25JUN12700PE,46.65,19122.0,Monitoring
2025-06-10,15:05:00,HOLD,MIDCPNIFTY25JUN12700PE,45.75,19230.0,Monitoring
2025-06-10,15:10:00,HOLD,MIDCPNIFTY25JUN12700PE,46.5,19140.0,Monitoring
2025-06-10,15:15:00,HOLD,MIDCPNIFTY25JUN12700PE,46.35,19158.0,Monitoring
2025-06-10,15:20:00,HOLD,MIDCPNIFTY25JUN12700PE,47.0,19080.0,Monitoring
2025-06-10,15:25:00,HOLD,MIDCPNIFTY25JUN12700PE,46.9,19092.0,Monitoring
2025-06-11,09:15:00,HOLD,MIDCPNIFTY25JUN12700PE,42.1,19668.0,Monitoring
2025-06-11,09:20:00,HOLD,MIDCPNIFTY25JUN12700PE,42.1,19668.0,Monitoring
2025-06-11,09:25:00,HOLD,MIDCPNIFTY25JUN12700PE,42.2,19656.0,Monitoring
2025-06-11,09:30:00,HOLD,MIDCPNIFTY25JUN12700PE,39.7,19956.0,Monitoring
2025-06-11,09:35:00,HOLD,MIDCPNIFTY25JUN12700PE,41.15,19782.0,Monitoring
2025-06-11,09:40:00,HOLD,MIDCPNIFTY25JUN12700PE,42.2,19656.0,Monitoring
2025-06-11,09:45:00,HOLD,MIDCPNIFTY25JUN12700PE,42.75,19590.0,Monitoring
2025-06-11,09:50:00,HOLD,MIDCPNIFTY25JUN12700PE,40.65,19842.0,Monitoring
2025-06-11,09:55:00,HOLD,MIDCPNIFTY25JUN12700PE,40.85,19818.0,Monitoring
2025-06-11,10:00:00,HOLD,MIDCPNIFTY25JUN12700PE,39.95,19926.0,Monitoring
2025-06-11,10:05:00,HOLD,MIDCPNIFTY25JUN12700PE,40.85,19818.0,Monitoring
2025-06-11,10:10:00,HOLD,MIDCPNIFTY25JUN12700PE,41.45,19746.0,Monitoring
2025-06-11,10:15:00,HOLD,MIDCPNIFTY25JUN12700PE,40.3,19884.0,Monitoring
2025-06-11,10:20:00,HOLD,MIDCPNIFTY25JUN12700PE,41.2,19776.0,Monitoring
2025-06-11,10:25:00,HOLD,MIDCPNIFTY25JUN12700PE,41.85,19698.0,Monitoring
2025-06-11,10:30:00,HOLD,MIDCPNIFTY25JUN12700PE,44.15,19422.0,Monitoring
2025-06-11,10:35:00,HOLD,MIDCPNIFTY25JUN12700PE,45.0,19320.0,Monitoring
2025-06-11,10:40:00,HOLD,MIDCPNIFTY25JUN12700PE,40.6,19848.0,Monitoring
2025-06-11,10:45:00,HOLD,MIDCPNIFTY25JUN12700PE,39.6,19968.0,Monitoring
2025-06-11,10:50:00,HOLD,MIDCPNIFTY25JUN12700PE,40.5,19860.0,Monitoring
2025-06-11,10:55:00,HOLD,MIDCPNIFTY25JUN12700PE,40.3,19884.0,Monitoring
2025-06-11,11:00:00,HOLD,MIDCPNIFTY25JUN12700PE,40.05,19914.0,Monitoring
2025-06-11,11:05:00,HOLD,MIDCPNIFTY25JUN12700PE,40.4,19872.0,Monitoring
2025-06-11,11:10:00,HOLD,MIDCPNIFTY25JUN12700PE,40.4,19872.0,Monitoring
2025-06-11,11:15:00,HOLD,MIDCPNIFTY25JUN12700PE,40.0,19920.0,Monitoring
2025-06-11,11:20:00,HOLD,MIDCPNIFTY25JUN12700PE,39.65,19962.0,Monitoring
2025-06-11,11:25:00,HOLD,MIDCPNIFTY25JUN12700PE,39.9,19932.0,Monitoring
2025-06-11,11:30:00,HOLD,MIDCPNIFTY25JUN12700PE,39.6,19968.0,Monitoring
2025-06-11,11:35:00,HOLD,MIDCPNIFTY25JUN12700PE,40.25,19890.0,Monitoring
2025-06-11,11:40:00,HOLD,MIDCPNIFTY25JUN12700PE,40.15,19902.0,Monitoring
2025-06-11,11:45:00,HOLD,MIDCPNIFTY25JUN12700PE,41.05,19794.0,Monitoring
2025-06-11,11:50:00,HOLD,MIDCPNIFTY25JUN12700PE,39.4,19992.0,Monitoring
2025-06-11,11:55:00,HOLD,MIDCPNIFTY25JUN12700PE,39.35,19998.0,Monitoring
2025-06-11,12:00:00,HOLD,MIDCPNIFTY25JUN12700PE,39.4,19992.0,Monitoring
2025-06-11,12:05:00,HOLD,MIDCPNIFTY25JUN12700PE,39.0,20040.0,Monitoring
2025-06-11,12:10:00,HOLD,MIDCPNIFTY25JUN12700PE,38.9,20052.0,Monitoring
2025-06-11,12:15:00,HOLD,MIDCPNIFTY25JUN12700PE,40.1,19908.0,Monitoring
2025-06-11,12:20:00,HOLD,MIDCPNIFTY25JUN12700PE,38.95,20046.0,Monitoring
2025-06-11,12:25:00,HOLD,MIDCPNIFTY25JUN12700PE,39.0,20040.0,Monitoring
2025-06-11,12:30:00,HOLD,MIDCPNIFTY25JUN12700PE,39.45,19986.0,Monitoring
2025-06-11,12:35:00,HOLD,MIDCPNIFTY25JUN12700PE,39.9,19932.0,Monitoring
2025-06-11,12:40:00,HOLD,MIDCPNIFTY25JUN12700PE,39.6,19968.0,Monitoring
2025-06-11,12:45:00,HOLD,MIDCPNIFTY25JUN12700PE,38.55,20094.0,Monitoring
2025-06-11,12:50:00,HOLD,MIDCPNIFTY25JUN12700PE,38.4,20112.0,Monitoring
2025-06-11,12:55:00,HOLD,MIDCPNIFTY25JUN12700PE,38.25,20130.0,Monitoring
2025-06-11,13:00:00,HOLD,MIDCPNIFTY25JUN12700PE,37.5,20220.0,Monitoring
2025-06-11,13:05:00,HOLD,MIDCPNIFTY25JUN12700PE,36.9,20292.0,Monitoring
2025-06-11,13:10:00,HOLD,MIDCPNIFTY25JUN12700PE,37.5,20220.0,Monitoring
2025-06-11,13:15:00,HOLD,MIDCPNIFTY25JUN12700PE,36.9,20292.0,Monitoring
2025-06-11,13:20:00,HOLD,MIDCPNIFTY25JUN12700PE,36.9,20292.0,Monitoring
2025-06-11,13:25:00,HOLD,MIDCPNIFTY25JUN12700PE,41.7,19716.0,Monitoring
2025-06-11,13:30:00,HOLD,MIDCPNIFTY25JUN12700PE,41.65,19722.0,Monitoring
2025-06-11,13:35:00,HOLD,MIDCPNIFTY25JUN12700PE,41.5,19740.0,Monitoring
2025-06-11,13:40:00,HOLD,MIDCPNIFTY25JUN12700PE,43.5,19500.0,Monitoring
2025-06-11,13:45:00,HOLD,MIDCPNIFTY25JUN12700PE,46.55,19134.0,Monitoring
2025-06-11,13:50:00,HOLD,MIDCPNIFTY25JUN12700PE,49.35,18798.0,Monitoring
2025-06-11,13:55:00,HOLD,MIDCPNIFTY25JUN12700PE,43.6,19488.0,Monitoring
2025-06-11,14:00:00,HOLD,MIDCPNIFTY25JUN12700PE,44.5,19380.0,Monitoring
2025-06-11,14:05:00,HOLD,MIDCPNIFTY25JUN12700PE,46.9,19092.0,Monitoring
2025-06-11,14:10:00,HOLD,MIDCPNIFTY25JUN12700PE,44.8,19344.0,Monitoring
2025-06-11,14:10:00,BUY_EXIT,MIDCPNIFTY25JUN12700PE,44.8,19344.0,EMA_REVERSAL_SL
