Date,Time,Event,Ticker,Price,PnL_INR,Info
2024-12-23,14:00:00,SELL_ENTRY,MIDCPNIFTY25JAN12800CE,295.3,0.0,Signal CE | Short
2024-12-23,14:05:00,HOLD,MIDCPNIFTY25JAN12800CE,295.3,0.0,Monitoring
2024-12-23,14:10:00,HOLD,MIDCPNIFTY25JAN12800CE,295.3,0.0,Monitoring
2024-12-23,14:15:00,HOLD,MIDCPNIFTY25JAN12800CE,300.0,-564.0,Monitoring
2024-12-23,14:20:00,HOLD,MIDCPNIFTY25JAN12800CE,300.0,-564.0,Monitoring
2024-12-23,14:25:00,HOLD,MIDCPNIFTY25JAN12800CE,300.0,-564.0,Monitoring
2024-12-23,14:30:00,HOLD,MIDCPNIFTY25JAN12800CE,300.0,-564.0,Monitoring
2024-12-23,14:35:00,HOLD,MIDCPNIFTY25JAN12800CE,300.0,-564.0,Monitoring
2024-12-23,14:40:00,HOLD,MIDCPNIFTY25JAN12800CE,300.0,-564.0,Monitoring
2024-12-23,14:45:00,HOLD,MIDCPNIFTY25JAN12800CE,300.0,-564.0,Monitoring
2024-12-23,14:50:00,HOLD,MIDCPNIFTY25JAN12800CE,300.0,-564.0,Monitoring
2024-12-23,14:55:00,HOLD,MIDCPNIFTY25JAN12800CE,300.0,-564.0,Monitoring
2024-12-23,15:00:00,HOLD,MIDCPNIFTY25JAN12800CE,300.0,-564.0,Monitoring
2024-12-23,15:05:00,HOLD,MIDCPNIFTY25JAN12800CE,300.0,-564.0,Monitoring
2024-12-23,15:10:00,HOLD,MIDCPNIFTY25JAN12800CE,304.35,-1086.0,Monitoring
2024-12-23,15:15:00,HOLD,MIDCPNIFTY25JAN12800CE,304.35,-1086.0,Monitoring
2024-12-23,15:20:00,HOLD,MIDCPNIFTY25JAN12800CE,304.5,-1104.0,Monitoring
2024-12-23,15:25:00,HOLD,MIDCPNIFTY25JAN12800CE,310.0,-1764.0,Monitoring
2024-12-24,09:25:00,HOLD,MIDCPNIFTY25JAN12800CE,311.4,-1932.0,Monitoring
2024-12-24,09:30:00,HOLD,MIDCPNIFTY25JAN12800CE,270.2,3012.0,Monitoring
2024-12-24,09:35:00,HOLD,MIDCPNIFTY25JAN12800CE,271.8,2820.0,Monitoring
2024-12-24,09:40:00,HOLD,MIDCPNIFTY25JAN12800CE,285.35,1194.0,Monitoring
2024-12-24,09:45:00,HOLD,MIDCPNIFTY25JAN12800CE,281.4,1668.0,Monitoring
2024-12-24,09:50:00,HOLD,MIDCPNIFTY25JAN12800CE,281.4,1668.0,Monitoring
2024-12-24,09:55:00,HOLD,MIDCPNIFTY25JAN12800CE,281.4,1668.0,Monitoring
2024-12-24,10:00:00,HOLD,MIDCPNIFTY25JAN12800CE,281.4,1668.0,Monitoring
2024-12-24,10:05:00,HOLD,MIDCPNIFTY25JAN12800CE,281.4,1668.0,Monitoring
2024-12-24,10:10:00,HOLD,MIDCPNIFTY25JAN12800CE,299.9,-552.0,Monitoring
2024-12-24,10:15:00,HOLD,MIDCPNIFTY25JAN12800CE,309.0,-1644.0,Monitoring
2024-12-24,10:20:00,HOLD,MIDCPNIFTY25JAN12800CE,309.0,-1644.0,Monitoring
2024-12-24,10:25:00,HOLD,MIDCPNIFTY25JAN12800CE,323.2,-3348.0,Monitoring
2024-12-24,10:30:00,HOLD,MIDCPNIFTY25JAN12800CE,336.9,-4992.0,Monitoring
2024-12-24,10:35:00,HOLD,MIDCPNIFTY25JAN12800CE,328.95,-4038.0,Monitoring
2024-12-24,10:40:00,HOLD,MIDCPNIFTY25JAN12800CE,317.7,-2688.0,Monitoring
2024-12-24,10:45:00,HOLD,MIDCPNIFTY25JAN12800CE,325.6,-3636.0,Monitoring
2024-12-24,10:50:00,HOLD,MIDCPNIFTY25JAN12800CE,325.6,-3636.0,Monitoring
2024-12-24,10:55:00,HOLD,MIDCPNIFTY25JAN12800CE,325.6,-3636.0,Monitoring
2024-12-24,11:00:00,HOLD,MIDCPNIFTY25JAN12800CE,325.6,-3636.0,Monitoring
2024-12-24,11:05:00,HOLD,MIDCPNIFTY25JAN12800CE,325.1,-3576.0,Monitoring
2024-12-24,11:10:00,HOLD,MIDCPNIFTY25JAN12800CE,325.0,-3564.0,Monitoring
2024-12-24,11:15:00,HOLD,MIDCPNIFTY25JAN12800CE,325.0,-3564.0,Monitoring
2024-12-24,11:20:00,HOLD,MIDCPNIFTY25JAN12800CE,339.9,-5352.0,Monitoring
2024-12-24,11:25:00,HOLD,MIDCPNIFTY25JAN12800CE,323.75,-3414.0,Monitoring
2024-12-24,11:30:00,HOLD,MIDCPNIFTY25JAN12800CE,324.0,-3444.0,Monitoring
2024-12-24,11:35:00,HOLD,MIDCPNIFTY25JAN12800CE,324.0,-3444.0,Monitoring
2024-12-24,11:40:00,HOLD,MIDCPNIFTY25JAN12800CE,324.0,-3444.0,Monitoring
2024-12-24,11:40:00,BUY_EXIT,MIDCPNIFTY25JAN12800CE,324.0,-3444.0,EMA_REVERSAL_SL
