Date,Time,Event,Ticker,Price,PnL_INR,Info
2024-08-13,14:05:00,SELL_ENTRY,MIDCPNIFTY24AUG12700CE,120.0,0.0,Signal CE | Short
2024-08-13,14:10:00,HOLD,MIDCPNIFTY24AUG12700CE,130.0,-1200.0,Monitoring
2024-08-13,14:15:00,HOLD,MIDCPNIFTY24AUG12700CE,128.65,-1038.0,Monitoring
2024-08-13,14:20:00,HOLD,MIDCPNIFTY24AUG12700CE,134.15,-1698.0,Monitoring
2024-08-13,14:25:00,HOLD,MIDCPNIFTY24AUG12700CE,137.35,-2082.0,Monitoring
2024-08-13,14:30:00,HOLD,MIDCPNIFTY24AUG12700CE,130.55,-1266.0,Monitoring
2024-08-13,14:35:00,HOLD,MIDCPNIFTY24AUG12700CE,130.45,-1254.0,Monitoring
2024-08-13,14:40:00,HOLD,MIDCPNIFTY24AUG12700CE,127.55,-906.0,Monitoring
2024-08-13,14:45:00,HOLD,MIDCPNIFTY24AUG12700CE,131.7,-1404.0,Monitoring
2024-08-13,14:50:00,HOLD,MIDCPNIFTY24AUG12700CE,136.55,-1986.0,Monitoring
2024-08-13,14:55:00,HOLD,MIDCPNIFTY24AUG12700CE,130.0,-1200.0,Monitoring
2024-08-13,15:00:00,HOLD,MIDCPNIFTY24AUG12700CE,135.5,-1860.0,Monitoring
2024-08-13,15:05:00,HOLD,MIDCPNIFTY24AUG12700CE,134.85,-1782.0,Monitoring
2024-08-13,15:10:00,HOLD,MIDCPNIFTY24AUG12700CE,130.4,-1248.0,Monitoring
2024-08-13,15:15:00,HOLD,MIDCPNIFTY24AUG12700CE,133.35,-1602.0,Monitoring
2024-08-13,15:20:00,HOLD,MIDCPNIFTY24AUG12700CE,132.55,-1506.0,Monitoring
2024-08-13,15:25:00,HOLD,MIDCPNIFTY24AUG12700CE,140.3,-2436.0,Monitoring
2024-08-14,09:15:00,HOLD,MIDCPNIFTY24AUG12700CE,135.0,-1800.0,Monitoring
2024-08-14,09:20:00,HOLD,MIDCPNIFTY24AUG12700CE,123.5,-420.0,Monitoring
2024-08-14,09:25:00,HOLD,MIDCPNIFTY24AUG12700CE,119.2,96.0,Monitoring
2024-08-14,09:30:00,HOLD,MIDCPNIFTY24AUG12700CE,111.55,1014.0,Monitoring
2024-08-14,09:35:00,HOLD,MIDCPNIFTY24AUG12700CE,107.65,1482.0,Monitoring
2024-08-14,09:40:00,HOLD,MIDCPNIFTY24AUG12700CE,106.9,1572.0,Monitoring
2024-08-14,09:45:00,HOLD,MIDCPNIFTY24AUG12700CE,126.65,-798.0,Monitoring
2024-08-14,09:50:00,HOLD,MIDCPNIFTY24AUG12700CE,111.55,1014.0,Monitoring
2024-08-14,09:55:00,HOLD,MIDCPNIFTY24AUG12700CE,113.0,840.0,Monitoring
2024-08-14,10:00:00,HOLD,MIDCPNIFTY24AUG12700CE,120.0,0.0,Monitoring
2024-08-14,10:05:00,HOLD,MIDCPNIFTY24AUG12700CE,117.0,360.0,Monitoring
2024-08-14,10:10:00,HOLD,MIDCPNIFTY24AUG12700CE,117.0,360.0,Monitoring
2024-08-14,10:15:00,HOLD,MIDCPNIFTY24AUG12700CE,119.55,54.0,Monitoring
2024-08-14,10:20:00,HOLD,MIDCPNIFTY24AUG12700CE,114.75,630.0,Monitoring
2024-08-14,10:25:00,HOLD,MIDCPNIFTY24AUG12700CE,109.8,1224.0,Monitoring
2024-08-14,10:30:00,HOLD,MIDCPNIFTY24AUG12700CE,109.8,1224.0,Monitoring
2024-08-14,10:35:00,HOLD,MIDCPNIFTY24AUG12700CE,109.8,1224.0,Monitoring
2024-08-14,10:40:00,HOLD,MIDCPNIFTY24AUG12700CE,114.25,690.0,Monitoring
2024-08-14,10:45:00,HOLD,MIDCPNIFTY24AUG12700CE,113.9,732.0,Monitoring
2024-08-14,10:50:00,HOLD,MIDCPNIFTY24AUG12700CE,106.5,1620.0,Monitoring
2024-08-14,10:55:00,HOLD,MIDCPNIFTY24AUG12700CE,101.5,2220.0,Monitoring
2024-08-14,11:00:00,HOLD,MIDCPNIFTY24AUG12700CE,100.55,2334.0,Monitoring
2024-08-14,11:05:00,HOLD,MIDCPNIFTY24AUG12700CE,97.05,2754.0,Monitoring
2024-08-14,11:10:00,HOLD,MIDCPNIFTY24AUG12700CE,104.0,1920.0,Monitoring
2024-08-14,11:15:00,HOLD,MIDCPNIFTY24AUG12700CE,104.0,1920.0,Monitoring
2024-08-14,11:20:00,HOLD,MIDCPNIFTY24AUG12700CE,101.0,2280.0,Monitoring
2024-08-14,11:25:00,HOLD,MIDCPNIFTY24AUG12700CE,102.2,2136.0,Monitoring
2024-08-14,11:30:00,HOLD,MIDCPNIFTY24AUG12700CE,105.0,1800.0,Monitoring
2024-08-14,11:35:00,HOLD,MIDCPNIFTY24AUG12700CE,105.0,1800.0,Monitoring
2024-08-14,11:40:00,HOLD,MIDCPNIFTY24AUG12700CE,99.8,2424.0,Monitoring
2024-08-14,11:45:00,HOLD,MIDCPNIFTY24AUG12700CE,100.2,2376.0,Monitoring
2024-08-14,11:50:00,HOLD,MIDCPNIFTY24AUG12700CE,99.75,2430.0,Monitoring
2024-08-14,11:55:00,HOLD,MIDCPNIFTY24AUG12700CE,98.95,2526.0,Monitoring
2024-08-14,12:00:00,HOLD,MIDCPNIFTY24AUG12700CE,98.95,2526.0,Monitoring
2024-08-14,12:05:00,HOLD,MIDCPNIFTY24AUG12700CE,105.0,1800.0,Monitoring
2024-08-14,12:10:00,HOLD,MIDCPNIFTY24AUG12700CE,110.65,1122.0,Monitoring
2024-08-14,12:15:00,HOLD,MIDCPNIFTY24AUG12700CE,106.9,1572.0,Monitoring
2024-08-14,12:20:00,HOLD,MIDCPNIFTY24AUG12700CE,108.25,1410.0,Monitoring
2024-08-14,12:25:00,HOLD,MIDCPNIFTY24AUG12700CE,116.0,480.0,Monitoring
2024-08-14,12:30:00,HOLD,MIDCPNIFTY24AUG12700CE,108.0,1440.0,Monitoring
2024-08-14,12:35:00,HOLD,MIDCPNIFTY24AUG12700CE,105.05,1794.0,Monitoring
2024-08-14,12:40:00,HOLD,MIDCPNIFTY24AUG12700CE,100.15,2382.0,Monitoring
2024-08-14,12:45:00,HOLD,MIDCPNIFTY24AUG12700CE,106.0,1680.0,Monitoring
2024-08-14,12:50:00,HOLD,MIDCPNIFTY24AUG12700CE,117.15,342.0,Monitoring
2024-08-14,12:55:00,HOLD,MIDCPNIFTY24AUG12700CE,115.0,600.0,Monitoring
2024-08-14,13:00:00,HOLD,MIDCPNIFTY24AUG12700CE,109.7,1236.0,Monitoring
2024-08-14,13:05:00,HOLD,MIDCPNIFTY24AUG12700CE,109.7,1236.0,Monitoring
2024-08-14,13:10:00,HOLD,MIDCPNIFTY24AUG12700CE,109.7,1236.0,Monitoring
2024-08-14,13:15:00,HOLD,MIDCPNIFTY24AUG12700CE,105.0,1800.0,Monitoring
2024-08-14,13:20:00,HOLD,MIDCPNIFTY24AUG12700CE,105.0,1800.0,Monitoring
2024-08-14,13:25:00,HOLD,MIDCPNIFTY24AUG12700CE,107.0,1560.0,Monitoring
2024-08-14,13:30:00,HOLD,MIDCPNIFTY24AUG12700CE,105.3,1764.0,Monitoring
2024-08-14,13:35:00,HOLD,MIDCPNIFTY24AUG12700CE,106.9,1572.0,Monitoring
2024-08-14,13:40:00,HOLD,MIDCPNIFTY24AUG12700CE,104.5,1860.0,Monitoring
2024-08-14,13:45:00,HOLD,MIDCPNIFTY24AUG12700CE,108.0,1440.0,Monitoring
2024-08-14,13:50:00,HOLD,MIDCPNIFTY24AUG12700CE,105.15,1782.0,Monitoring
2024-08-14,13:55:00,HOLD,MIDCPNIFTY24AUG12700CE,105.15,1782.0,Monitoring
2024-08-14,14:00:00,HOLD,MIDCPNIFTY24AUG12700CE,104.5,1860.0,Monitoring
2024-08-14,14:05:00,HOLD,MIDCPNIFTY24AUG12700CE,104.5,1860.0,Monitoring
2024-08-14,14:10:00,HOLD,MIDCPNIFTY24AUG12700CE,107.65,1482.0,Monitoring
2024-08-14,14:15:00,HOLD,MIDCPNIFTY24AUG12700CE,109.0,1320.0,Monitoring
2024-08-14,14:20:00,HOLD,MIDCPNIFTY24AUG12700CE,110.0,1200.0,Monitoring
2024-08-14,14:25:00,HOLD,MIDCPNIFTY24AUG12700CE,104.0,1920.0,Monitoring
2024-08-14,14:30:00,HOLD,MIDCPNIFTY24AUG12700CE,105.4,1752.0,Monitoring
2024-08-14,14:35:00,HOLD,MIDCPNIFTY24AUG12700CE,105.4,1752.0,Monitoring
2024-08-14,14:40:00,HOLD,MIDCPNIFTY24AUG12700CE,101.0,2280.0,Monitoring
2024-08-14,14:45:00,HOLD,MIDCPNIFTY24AUG12700CE,102.25,2130.0,Monitoring
2024-08-14,14:50:00,HOLD,MIDCPNIFTY24AUG12700CE,100.85,2298.0,Monitoring
2024-08-14,14:55:00,HOLD,MIDCPNIFTY24AUG12700CE,102.0,2160.0,Monitoring
2024-08-14,15:00:00,HOLD,MIDCPNIFTY24AUG12700CE,100.5,2340.0,Monitoring
2024-08-14,15:05:00,HOLD,MIDCPNIFTY24AUG12700CE,102.65,2082.0,Monitoring
2024-08-14,15:10:00,HOLD,MIDCPNIFTY24AUG12700CE,100.5,2340.0,Monitoring
2024-08-14,15:15:00,HOLD,MIDCPNIFTY24AUG12700CE,100.65,2322.0,Monitoring
2024-08-14,15:20:00,HOLD,MIDCPNIFTY24AUG12700CE,99.6,2448.0,Monitoring
2024-08-14,15:25:00,HOLD,MIDCPNIFTY24AUG12700CE,99.0,2520.0,Monitoring
2024-08-16,09:15:00,HOLD,MIDCPNIFTY24AUG12700CE,146.35,-3162.0,Monitoring
2024-08-16,09:20:00,HOLD,MIDCPNIFTY24AUG12700CE,161.4,-4968.0,Monitoring
2024-08-16,09:25:00,HOLD,MIDCPNIFTY24AUG12700CE,146.0,-3120.0,Monitoring
2024-08-16,09:25:00,BUY_EXIT,MIDCPNIFTY24AUG12700CE,146.0,-3120.0,EMA_REVERSAL_SL
