Date,Time,Event,Ticker,Price,PnL_INR,Info
2025-09-01,14:00:00,SELL_ENTRY,MIDCPNIFTY25SEP12400PE,97.45,0.0,Signal PE | Short
2025-09-01,14:05:00,HOLD,MIDCPNIFTY25SEP12400PE,96.9,66.0,Monitoring
2025-09-01,14:10:00,HOLD,MIDCPNIFTY25SEP12400PE,96.55,108.0,Monitoring
2025-09-01,14:15:00,HOLD,MIDCPNIFTY25SEP12400PE,97.8,-42.0,Monitoring
2025-09-01,14:20:00,HOLD,MIDCPNIFTY25SEP12400PE,96.85,72.0,Monitoring
2025-09-01,14:25:00,HOLD,MIDCPNIFTY25SEP12400PE,98.1,-78.0,Monitoring
2025-09-01,14:30:00,HOLD,MIDCPNIFTY25SEP12400PE,95.2,270.0,Monitoring
2025-09-01,14:35:00,HOLD,MIDCPNIFTY25SEP12400PE,95.3,258.0,Monitoring
2025-09-01,14:40:00,HOLD,MIDCPNIFTY25SEP12400PE,95.55,228.0,Monitoring
2025-09-01,14:45:00,HOLD,MIDCPNIFTY25SEP12400PE,96.85,72.0,Monitoring
2025-09-01,14:50:00,HOLD,MIDCPNIFTY25SEP12400PE,97.3,18.0,Monitoring
2025-09-01,14:55:00,HOLD,MIDCPNIFTY25SEP12400PE,92.1,642.0,Monitoring
2025-09-01,15:00:00,HOLD,MIDCPNIFTY25SEP12400PE,91.1,762.0,Monitoring
2025-09-01,15:05:00,HOLD,MIDCPNIFTY25SEP12400PE,89.55,948.0,Monitoring
2025-09-01,15:10:00,HOLD,MIDCPNIFTY25SEP12400PE,91.55,708.0,Monitoring
2025-09-01,15:15:00,HOLD,MIDCPNIFTY25SEP12400PE,94.1,402.0,Monitoring
2025-09-01,15:20:00,HOLD,MIDCPNIFTY25SEP12400PE,93.95,420.0,Monitoring
2025-09-01,15:25:00,HOLD,MIDCPNIFTY25SEP12400PE,91.0,774.0,Monitoring
2025-09-02,09:15:00,HOLD,MIDCPNIFTY25SEP12400PE,98.6,-138.0,Monitoring
2025-09-02,09:20:00,HOLD,MIDCPNIFTY25SEP12400PE,106.1,-1038.0,Monitoring
2025-09-02,09:25:00,HOLD,MIDCPNIFTY25SEP12400PE,108.95,-1380.0,Monitoring
2025-09-02,09:30:00,HOLD,MIDCPNIFTY25SEP12400PE,98.8,-162.0,Monitoring
2025-09-02,09:35:00,HOLD,MIDCPNIFTY25SEP12400PE,95.0,294.0,Monitoring
2025-09-02,09:40:00,HOLD,MIDCPNIFTY25SEP12400PE,90.0,894.0,Monitoring
2025-09-02,09:45:00,HOLD,MIDCPNIFTY25SEP12400PE,86.7,1290.0,Monitoring
2025-09-02,09:50:00,HOLD,MIDCPNIFTY25SEP12400PE,82.65,1776.0,Monitoring
2025-09-02,09:55:00,HOLD,MIDCPNIFTY25SEP12400PE,85.15,1476.0,Monitoring
2025-09-02,10:00:00,HOLD,MIDCPNIFTY25SEP12400PE,79.85,2112.0,Monitoring
2025-09-02,10:05:00,HOLD,MIDCPNIFTY25SEP12400PE,81.25,1944.0,Monitoring
2025-09-02,10:10:00,HOLD,MIDCPNIFTY25SEP12400PE,79.15,2196.0,Monitoring
2025-09-02,10:15:00,HOLD,MIDCPNIFTY25SEP12400PE,76.65,2496.0,Monitoring
2025-09-02,10:20:00,HOLD,MIDCPNIFTY25SEP12400PE,78.4,2286.0,Monitoring
2025-09-02,10:25:00,HOLD,MIDCPNIFTY25SEP12400PE,77.4,2406.0,Monitoring
2025-09-02,10:30:00,HOLD,MIDCPNIFTY25SEP12400PE,80.1,2082.0,Monitoring
2025-09-02,10:35:00,HOLD,MIDCPNIFTY25SEP12400PE,78.8,2238.0,Monitoring
2025-09-02,10:40:00,HOLD,MIDCPNIFTY25SEP12400PE,78.75,2244.0,Monitoring
2025-09-02,10:45:00,HOLD,MIDCPNIFTY25SEP12400PE,81.05,1968.0,Monitoring
2025-09-02,10:50:00,HOLD,MIDCPNIFTY25SEP12400PE,81.0,1974.0,Monitoring
2025-09-02,10:55:00,HOLD,MIDCPNIFTY25SEP12400PE,79.6,2142.0,Monitoring
2025-09-02,11:00:00,HOLD,MIDCPNIFTY25SEP12400PE,79.25,2184.0,Monitoring
2025-09-02,11:05:00,HOLD,MIDCPNIFTY25SEP12400PE,77.9,2346.0,Monitoring
2025-09-02,11:10:00,HOLD,MIDCPNIFTY25SEP12400PE,78.7,2250.0,Monitoring
2025-09-02,11:15:00,HOLD,MIDCPNIFTY25SEP12400PE,78.0,2334.0,Monitoring
2025-09-02,11:20:00,HOLD,MIDCPNIFTY25SEP12400PE,78.8,2238.0,Monitoring
2025-09-02,11:25:00,HOLD,MIDCPNIFTY25SEP12400PE,79.65,2136.0,Monitoring
2025-09-02,11:30:00,HOLD,MIDCPNIFTY25SEP12400PE,79.5,2154.0,Monitoring
2025-09-02,11:35:00,HOLD,MIDCPNIFTY25SEP12400PE,79.6,2142.0,Monitoring
2025-09-02,11:40:00,HOLD,MIDCPNIFTY25SEP12400PE,80.0,2094.0,Monitoring
2025-09-02,11:45:00,HOLD,MIDCPNIFTY25SEP12400PE,79.45,2160.0,Monitoring
2025-09-02,11:50:00,HOLD,MIDCPNIFTY25SEP12400PE,81.45,1920.0,Monitoring
2025-09-02,11:55:00,HOLD,MIDCPNIFTY25SEP12400PE,79.4,2166.0,Monitoring
2025-09-02,12:00:00,HOLD,MIDCPNIFTY25SEP12400PE,76.65,2496.0,Monitoring
2025-09-02,12:05:00,HOLD,MIDCPNIFTY25SEP12400PE,76.95,2460.0,Monitoring
2025-09-02,12:10:00,HOLD,MIDCPNIFTY25SEP12400PE,77.0,2454.0,Monitoring
2025-09-02,12:15:00,HOLD,MIDCPNIFTY25SEP12400PE,79.8,2118.0,Monitoring
2025-09-02,12:20:00,HOLD,MIDCPNIFTY25SEP12400PE,78.6,2262.0,Monitoring
2025-09-02,12:25:00,HOLD,MIDCPNIFTY25SEP12400PE,74.8,2718.0,Monitoring
2025-09-02,12:30:00,HOLD,MIDCPNIFTY25SEP12400PE,74.25,2784.0,Monitoring
2025-09-02,12:35:00,HOLD,MIDCPNIFTY25SEP12400PE,75.25,2664.0,Monitoring
2025-09-02,12:40:00,HOLD,MIDCPNIFTY25SEP12400PE,76.55,2508.0,Monitoring
2025-09-02,12:45:00,HOLD,MIDCPNIFTY25SEP12400PE,78.05,2328.0,Monitoring
2025-09-02,12:50:00,HOLD,MIDCPNIFTY25SEP12400PE,79.5,2154.0,Monitoring
2025-09-02,12:55:00,HOLD,MIDCPNIFTY25SEP12400PE,78.25,2304.0,Monitoring
2025-09-02,13:00:00,HOLD,MIDCPNIFTY25SEP12400PE,78.0,2334.0,Monitoring
2025-09-02,13:05:00,HOLD,MIDCPNIFTY25SEP12400PE,77.5,2394.0,Monitoring
2025-09-02,13:10:00,HOLD,MIDCPNIFTY25SEP12400PE,81.05,1968.0,Monitoring
2025-09-02,13:15:00,HOLD,MIDCPNIFTY25SEP12400PE,85.55,1428.0,Monitoring
2025-09-02,13:20:00,HOLD,MIDCPNIFTY25SEP12400PE,93.05,528.0,Monitoring
2025-09-02,13:25:00,HOLD,MIDCPNIFTY25SEP12400PE,91.45,720.0,Monitoring
2025-09-02,13:30:00,HOLD,MIDCPNIFTY25SEP12400PE,89.65,936.0,Monitoring
2025-09-02,13:35:00,HOLD,MIDCPNIFTY25SEP12400PE,89.0,1014.0,Monitoring
2025-09-02,13:40:00,HOLD,MIDCPNIFTY25SEP12400PE,98.25,-96.0,Monitoring
2025-09-02,13:45:00,HOLD,MIDCPNIFTY25SEP12400PE,93.85,432.0,Monitoring
2025-09-02,13:50:00,HOLD,MIDCPNIFTY25SEP12400PE,98.2,-90.0,Monitoring
2025-09-02,13:55:00,HOLD,MIDCPNIFTY25SEP12400PE,101.45,-480.0,Monitoring
2025-09-02,13:55:00,BUY_EXIT,MIDCPNIFTY25SEP12400PE,101.45,-480.0,EMA_REVERSAL_SL
