Date,Time,Event,Ticker,Price,PnL_INR,Info
2024-06-24,14:05:00,SELL_ENTRY,MIDCPNIFTY24JUL12100PE,150.0,0.0,Signal PE | Short
2024-06-24,14:10:00,HOLD,MIDCPNIFTY24JUL12100PE,150.0,0.0,Monitoring
2024-06-24,14:15:00,HOLD,MIDCPNIFTY24JUL12100PE,150.0,0.0,Monitoring
2024-06-24,14:20:00,HOLD,MIDCPNIFTY24JUL12100PE,150.0,0.0,Monitoring
2024-06-24,14:25:00,HOLD,MIDCPNIFTY24JUL12100PE,150.0,0.0,Monitoring
2024-06-24,14:30:00,HOLD,MIDCPNIFTY24JUL12100PE,150.0,0.0,Monitoring
2024-06-24,14:35:00,HOLD,MIDCPNIFTY24JUL12100PE,150.0,0.0,Monitoring
2024-06-24,14:40:00,HOLD,MIDCPNIFTY24JUL12100PE,150.0,0.0,Monitoring
2024-06-24,14:45:00,HOLD,MIDCPNIFTY24JUL12100PE,150.0,0.0,Monitoring
2024-06-24,14:50:00,HOLD,MIDCPNIFTY24JUL12100PE,150.0,0.0,Monitoring
2024-06-24,15:05:00,HOLD,MIDCPNIFTY24JUL12100PE,150.0,0.0,Monitoring
2024-06-24,15:10:00,HOLD,MIDCPNIFTY24JUL12100PE,150.0,0.0,Monitoring
2024-06-24,15:15:00,HOLD,MIDCPNIFTY24JUL12100PE,150.0,0.0,Monitoring
2024-06-24,15:20:00,HOLD,MIDCPNIFTY24JUL12100PE,150.0,0.0,Monitoring
2024-06-24,15:25:00,HOLD,MIDCPNIFTY24JUL12100PE,150.0,0.0,Monitoring
2024-06-25,09:15:00,HOLD,MIDCPNIFTY24JUL12100PE,150.0,0.0,Monitoring
2024-06-25,09:20:00,HOLD,MIDCPNIFTY24JUL12100PE,150.0,0.0,Monitoring
2024-06-25,09:25:00,HOLD,MIDCPNIFTY24JUL12100PE,150.0,0.0,Monitoring
2024-06-25,09:30:00,HOLD,MIDCPNIFTY24JUL12100PE,150.0,0.0,Monitoring
2024-06-25,09:35:00,HOLD,MIDCPNIFTY24JUL12100PE,150.0,0.0,Monitoring
2024-06-25,12:05:00,HOLD,MIDCPNIFTY24JUL12100PE,150.0,0.0,Monitoring
2024-06-25,12:10:00,HOLD,MIDCPNIFTY24JUL12100PE,150.0,0.0,Monitoring
2024-06-25,12:15:00,HOLD,MIDCPNIFTY24JUL12100PE,150.0,0.0,Monitoring
2024-06-25,12:20:00,HOLD,MIDCPNIFTY24JUL12100PE,150.0,0.0,Monitoring
2024-06-25,12:55:00,HOLD,MIDCPNIFTY24JUL12100PE,150.0,0.0,Monitoring
2024-06-25,13:00:00,HOLD,MIDCPNIFTY24JUL12100PE,150.0,0.0,Monitoring
2024-06-25,13:05:00,HOLD,MIDCPNIFTY24JUL12100PE,150.0,0.0,Monitoring
2024-06-25,13:10:00,HOLD,MIDCPNIFTY24JUL12100PE,150.0,0.0,Monitoring
2024-06-25,13:15:00,HOLD,MIDCPNIFTY24JUL12100PE,150.0,0.0,Monitoring
2024-06-25,13:20:00,HOLD,MIDCPNIFTY24JUL12100PE,150.0,0.0,Monitoring
2024-06-25,13:25:00,HOLD,MIDCPNIFTY24JUL12100PE,150.0,0.0,Monitoring
2024-06-25,14:05:00,HOLD,MIDCPNIFTY24JUL12100PE,150.0,0.0,Monitoring
2024-06-25,14:10:00,HOLD,MIDCPNIFTY24JUL12100PE,150.0,0.0,Monitoring
2024-06-25,14:15:00,HOLD,MIDCPNIFTY24JUL12100PE,150.0,0.0,Monitoring
2024-06-25,14:20:00,HOLD,MIDCPNIFTY24JUL12100PE,150.0,0.0,Monitoring
2024-06-25,14:25:00,HOLD,MIDCPNIFTY24JUL12100PE,150.0,0.0,Monitoring
2024-06-25,14:30:00,HOLD,MIDCPNIFTY24JUL12100PE,150.0,0.0,Monitoring
2024-06-25,14:35:00,HOLD,MIDCPNIFTY24JUL12100PE,150.0,0.0,Monitoring
2024-06-25,14:40:00,HOLD,MIDCPNIFTY24JUL12100PE,150.0,0.0,Monitoring
2024-06-26,11:35:00,HOLD,MIDCPNIFTY24JUL12100PE,150.1,-12.0,Monitoring
2024-06-26,11:40:00,HOLD,MIDCPNIFTY24JUL12100PE,150.1,-12.0,Monitoring
2024-06-26,11:45:00,HOLD,MIDCPNIFTY24JUL12100PE,150.1,-12.0,Monitoring
2024-06-26,11:50:00,HOLD,MIDCPNIFTY24JUL12100PE,150.1,-12.0,Monitoring
2024-06-27,10:20:00,HOLD,MIDCPNIFTY24JUL12100PE,150.1,-12.0,Monitoring
2024-06-27,10:25:00,HOLD,MIDCPNIFTY24JUL12100PE,150.1,-12.0,Monitoring
2024-06-27,10:30:00,HOLD,MIDCPNIFTY24JUL12100PE,150.1,-12.0,Monitoring
2024-06-27,10:35:00,HOLD,MIDCPNIFTY24JUL12100PE,150.1,-12.0,Monitoring
2024-06-27,10:40:00,HOLD,MIDCPNIFTY24JUL12100PE,150.1,-12.0,Monitoring
2024-06-27,10:45:00,HOLD,MIDCPNIFTY24JUL12100PE,150.1,-12.0,Monitoring
2024-06-27,10:50:00,HOLD,MIDCPNIFTY24JUL12100PE,150.1,-12.0,Monitoring
2024-06-27,10:55:00,HOLD,MIDCPNIFTY24JUL12100PE,150.1,-12.0,Monitoring
2024-06-27,11:00:00,HOLD,MIDCPNIFTY24JUL12100PE,150.1,-12.0,Monitoring
2024-06-27,11:30:00,HOLD,MIDCPNIFTY24JUL12100PE,150.1,-12.0,Monitoring
2024-06-27,11:35:00,HOLD,MIDCPNIFTY24JUL12100PE,150.1,-12.0,Monitoring
2024-06-27,11:40:00,HOLD,MIDCPNIFTY24JUL12100PE,150.1,-12.0,Monitoring
2024-06-27,11:45:00,HOLD,MIDCPNIFTY24JUL12100PE,150.1,-12.0,Monitoring
2024-06-27,14:15:00,HOLD,MIDCPNIFTY24JUL12100PE,150.1,-12.0,Monitoring
2024-06-27,14:20:00,HOLD,MIDCPNIFTY24JUL12100PE,150.1,-12.0,Monitoring
2024-06-27,14:25:00,HOLD,MIDCPNIFTY24JUL12100PE,150.1,-12.0,Monitoring
2024-06-27,14:30:00,HOLD,MIDCPNIFTY24JUL12100PE,150.1,-12.0,Monitoring
2024-06-27,14:40:00,HOLD,MIDCPNIFTY24JUL12100PE,150.1,-12.0,Monitoring
2024-06-27,14:45:00,HOLD,MIDCPNIFTY24JUL12100PE,150.1,-12.0,Monitoring
2024-06-27,14:50:00,HOLD,MIDCPNIFTY24JUL12100PE,150.1,-12.0,Monitoring
2024-06-27,14:55:00,HOLD,MIDCPNIFTY24JUL12100PE,150.1,-12.0,Monitoring
2024-07-01,09:15:00,HOLD,MIDCPNIFTY24JUL12100PE,150.1,-12.0,Monitoring
2024-07-01,09:20:00,HOLD,MIDCPNIFTY24JUL12100PE,150.1,-12.0,Monitoring
2024-07-01,09:25:00,HOLD,MIDCPNIFTY24JUL12100PE,150.1,-12.0,Monitoring
2024-07-01,09:30:00,HOLD,MIDCPNIFTY24JUL12100PE,150.1,-12.0,Monitoring
2024-07-01,12:10:00,HOLD,MIDCPNIFTY24JUL12100PE,150.1,-12.0,Monitoring
2024-07-01,12:15:00,HOLD,MIDCPNIFTY24JUL12100PE,150.1,-12.0,Monitoring
2024-07-01,12:20:00,HOLD,MIDCPNIFTY24JUL12100PE,150.1,-12.0,Monitoring
2024-07-01,12:25:00,HOLD,MIDCPNIFTY24JUL12100PE,150.1,-12.0,Monitoring
2024-07-01,12:50:00,HOLD,MIDCPNIFTY24JUL12100PE,150.1,-12.0,Monitoring
2024-07-01,12:55:00,HOLD,MIDCPNIFTY24JUL12100PE,150.1,-12.0,Monitoring
2024-07-01,13:00:00,HOLD,MIDCPNIFTY24JUL12100PE,150.1,-12.0,Monitoring
2024-07-01,13:05:00,HOLD,MIDCPNIFTY24JUL12100PE,150.1,-12.0,Monitoring
2024-07-01,14:30:00,HOLD,MIDCPNIFTY24JUL12100PE,150.1,-12.0,Monitoring
2024-07-01,14:35:00,HOLD,MIDCPNIFTY24JUL12100PE,150.1,-12.0,Monitoring
2024-07-01,14:40:00,HOLD,MIDCPNIFTY24JUL12100PE,150.1,-12.0,Monitoring
2024-07-01,14:45:00,HOLD,MIDCPNIFTY24JUL12100PE,150.1,-12.0,Monitoring
2024-07-01,14:50:00,HOLD,MIDCPNIFTY24JUL12100PE,150.1,-12.0,Monitoring
2024-07-01,14:55:00,HOLD,MIDCPNIFTY24JUL12100PE,150.1,-12.0,Monitoring
2024-07-01,15:00:00,HOLD,MIDCPNIFTY24JUL12100PE,150.1,-12.0,Monitoring
2024-07-01,15:05:00,HOLD,MIDCPNIFTY24JUL12100PE,150.1,-12.0,Monitoring
2024-07-01,15:10:00,HOLD,MIDCPNIFTY24JUL12100PE,150.1,-12.0,Monitoring
2024-07-01,15:15:00,HOLD,MIDCPNIFTY24JUL12100PE,150.1,-12.0,Monitoring
2024-07-01,15:20:00,HOLD,MIDCPNIFTY24JUL12100PE,150.1,-12.0,Monitoring
2024-07-01,15:25:00,HOLD,MIDCPNIFTY24JUL12100PE,150.1,-12.0,Monitoring
2024-07-02,09:20:00,HOLD,MIDCPNIFTY24JUL12100PE,150.1,-12.0,Monitoring
2024-07-02,09:25:00,HOLD,MIDCPNIFTY24JUL12100PE,150.1,-12.0,Monitoring
2024-07-02,09:30:00,HOLD,MIDCPNIFTY24JUL12100PE,150.1,-12.0,Monitoring
2024-07-02,09:35:00,HOLD,MIDCPNIFTY24JUL12100PE,150.1,-12.0,Monitoring
2024-07-02,09:45:00,HOLD,MIDCPNIFTY24JUL12100PE,150.1,-12.0,Monitoring
2024-07-02,09:50:00,HOLD,MIDCPNIFTY24JUL12100PE,150.1,-12.0,Monitoring
2024-07-02,09:55:00,HOLD,MIDCPNIFTY24JUL12100PE,150.1,-12.0,Monitoring
2024-07-02,10:00:00,HOLD,MIDCPNIFTY24JUL12100PE,150.1,-12.0,Monitoring
2024-07-02,11:05:00,HOLD,MIDCPNIFTY24JUL12100PE,150.1,-12.0,Monitoring
2024-07-02,11:10:00,HOLD,MIDCPNIFTY24JUL12100PE,150.1,-12.0,Monitoring
2024-07-02,11:15:00,HOLD,MIDCPNIFTY24JUL12100PE,150.1,-12.0,Monitoring
2024-07-02,11:20:00,HOLD,MIDCPNIFTY24JUL12100PE,150.1,-12.0,Monitoring
2024-07-02,11:25:00,HOLD,MIDCPNIFTY24JUL12100PE,150.1,-12.0,Monitoring
2024-07-02,11:30:00,HOLD,MIDCPNIFTY24JUL12100PE,150.1,-12.0,Monitoring
2024-07-02,11:35:00,HOLD,MIDCPNIFTY24JUL12100PE,150.1,-12.0,Monitoring
2024-07-02,11:40:00,HOLD,MIDCPNIFTY24JUL12100PE,150.1,-12.0,Monitoring
2024-07-02,12:10:00,HOLD,MIDCPNIFTY24JUL12100PE,150.1,-12.0,Monitoring
2024-07-02,12:15:00,HOLD,MIDCPNIFTY24JUL12100PE,150.1,-12.0,Monitoring
2024-07-02,12:20:00,HOLD,MIDCPNIFTY24JUL12100PE,150.1,-12.0,Monitoring
2024-07-02,12:25:00,HOLD,MIDCPNIFTY24JUL12100PE,150.1,-12.0,Monitoring
2024-07-02,12:35:00,HOLD,MIDCPNIFTY24JUL12100PE,198.0,-5760.0,Monitoring
2024-07-02,12:40:00,HOLD,MIDCPNIFTY24JUL12100PE,198.0,-5760.0,Monitoring
2024-07-02,12:45:00,HOLD,MIDCPNIFTY24JUL12100PE,198.0,-5760.0,Monitoring
2024-07-02,12:50:00,HOLD,MIDCPNIFTY24JUL12100PE,198.0,-5760.0,Monitoring
2024-07-02,13:00:00,HOLD,MIDCPNIFTY24JUL12100PE,198.0,-5760.0,Monitoring
2024-07-02,13:05:00,HOLD,MIDCPNIFTY24JUL12100PE,198.0,-5760.0,Monitoring
2024-07-02,13:10:00,HOLD,MIDCPNIFTY24JUL12100PE,198.0,-5760.0,Monitoring
2024-07-02,13:15:00,HOLD,MIDCPNIFTY24JUL12100PE,198.0,-5760.0,Monitoring
2024-07-03,09:15:00,HOLD,MIDCPNIFTY24JUL12100PE,198.0,-5760.0,Monitoring
2024-07-03,09:20:00,HOLD,MIDCPNIFTY24JUL12100PE,198.0,-5760.0,Monitoring
2024-07-03,09:25:00,HOLD,MIDCPNIFTY24JUL12100PE,198.0,-5760.0,Monitoring
2024-07-03,09:30:00,HOLD,MIDCPNIFTY24JUL12100PE,198.0,-5760.0,Monitoring
2024-07-03,09:40:00,HOLD,MIDCPNIFTY24JUL12100PE,198.0,-5760.0,Monitoring
2024-07-03,09:45:00,HOLD,MIDCPNIFTY24JUL12100PE,198.0,-5760.0,Monitoring
2024-07-03,09:50:00,HOLD,MIDCPNIFTY24JUL12100PE,198.0,-5760.0,Monitoring
2024-07-03,09:55:00,HOLD,MIDCPNIFTY24JUL12100PE,198.0,-5760.0,Monitoring
2024-07-03,12:10:00,HOLD,MIDCPNIFTY24JUL12100PE,198.0,-5760.0,Monitoring
2024-07-03,12:15:00,HOLD,MIDCPNIFTY24JUL12100PE,198.0,-5760.0,Monitoring
2024-07-03,12:20:00,HOLD,MIDCPNIFTY24JUL12100PE,198.0,-5760.0,Monitoring
2024-07-03,12:25:00,HOLD,MIDCPNIFTY24JUL12100PE,198.0,-5760.0,Monitoring
2024-07-03,12:30:00,HOLD,MIDCPNIFTY24JUL12100PE,198.0,-5760.0,Monitoring
2024-07-04,09:45:00,HOLD,MIDCPNIFTY24JUL12100PE,198.0,-5760.0,Monitoring
2024-07-04,09:50:00,HOLD,MIDCPNIFTY24JUL12100PE,198.0,-5760.0,Monitoring
2024-07-04,09:55:00,HOLD,MIDCPNIFTY24JUL12100PE,198.0,-5760.0,Monitoring
2024-07-04,10:00:00,HOLD,MIDCPNIFTY24JUL12100PE,198.0,-5760.0,Monitoring
2024-07-05,11:20:00,HOLD,MIDCPNIFTY24JUL12100PE,198.0,-5760.0,Monitoring
2024-07-05,11:25:00,HOLD,MIDCPNIFTY24JUL12100PE,198.0,-5760.0,Monitoring
2024-07-05,11:30:00,HOLD,MIDCPNIFTY24JUL12100PE,198.0,-5760.0,Monitoring
2024-07-05,11:35:00,HOLD,MIDCPNIFTY24JUL12100PE,198.0,-5760.0,Monitoring
2024-07-05,13:25:00,HOLD,MIDCPNIFTY24JUL12100PE,198.0,-5760.0,Monitoring
2024-07-05,13:30:00,HOLD,MIDCPNIFTY24JUL12100PE,198.0,-5760.0,Monitoring
2024-07-05,13:35:00,HOLD,MIDCPNIFTY24JUL12100PE,198.0,-5760.0,Monitoring
2024-07-05,13:40:00,HOLD,MIDCPNIFTY24JUL12100PE,198.0,-5760.0,Monitoring
2024-07-05,14:30:00,HOLD,MIDCPNIFTY24JUL12100PE,198.0,-5760.0,Monitoring
2024-07-05,14:35:00,HOLD,MIDCPNIFTY24JUL12100PE,198.0,-5760.0,Monitoring
2024-07-05,14:40:00,HOLD,MIDCPNIFTY24JUL12100PE,198.0,-5760.0,Monitoring
2024-07-05,14:45:00,HOLD,MIDCPNIFTY24JUL12100PE,198.0,-5760.0,Monitoring
2024-07-08,09:30:00,HOLD,MIDCPNIFTY24JUL12100PE,107.65,5082.0,Monitoring
2024-07-08,09:35:00,HOLD,MIDCPNIFTY24JUL12100PE,107.65,5082.0,Monitoring
2024-07-08,09:40:00,HOLD,MIDCPNIFTY24JUL12100PE,107.65,5082.0,Monitoring
2024-07-08,09:45:00,HOLD,MIDCPNIFTY24JUL12100PE,107.65,5082.0,Monitoring
2024-07-08,09:50:00,HOLD,MIDCPNIFTY24JUL12100PE,107.65,5082.0,Monitoring
2024-07-08,09:55:00,HOLD,MIDCPNIFTY24JUL12100PE,107.65,5082.0,Monitoring
2024-07-08,10:00:00,HOLD,MIDCPNIFTY24JUL12100PE,107.65,5082.0,Monitoring
2024-07-08,10:05:00,HOLD,MIDCPNIFTY24JUL12100PE,107.65,5082.0,Monitoring
2024-07-08,10:10:00,HOLD,MIDCPNIFTY24JUL12100PE,107.65,5082.0,Monitoring
2024-07-08,10:15:00,HOLD,MIDCPNIFTY24JUL12100PE,107.65,5082.0,Monitoring
2024-07-08,10:20:00,HOLD,MIDCPNIFTY24JUL12100PE,107.65,5082.0,Monitoring
2024-07-08,10:25:00,HOLD,MIDCPNIFTY24JUL12100PE,107.65,5082.0,Monitoring
2024-07-08,10:30:00,HOLD,MIDCPNIFTY24JUL12100PE,107.65,5082.0,Monitoring
2024-07-08,10:35:00,HOLD,MIDCPNIFTY24JUL12100PE,107.65,5082.0,Monitoring
2024-07-08,10:40:00,HOLD,MIDCPNIFTY24JUL12100PE,107.65,5082.0,Monitoring
2024-07-08,10:45:00,HOLD,MIDCPNIFTY24JUL12100PE,107.65,5082.0,Monitoring
2024-07-08,10:50:00,HOLD,MIDCPNIFTY24JUL12100PE,107.65,5082.0,Monitoring
2024-07-08,10:55:00,HOLD,MIDCPNIFTY24JUL12100PE,107.65,5082.0,Monitoring
2024-07-08,11:00:00,HOLD,MIDCPNIFTY24JUL12100PE,107.65,5082.0,Monitoring
2024-07-08,11:05:00,HOLD,MIDCPNIFTY24JUL12100PE,107.65,5082.0,Monitoring
2024-07-08,11:10:00,HOLD,MIDCPNIFTY24JUL12100PE,107.65,5082.0,Monitoring
2024-07-08,11:15:00,HOLD,MIDCPNIFTY24JUL12100PE,107.65,5082.0,Monitoring
2024-07-08,11:20:00,HOLD,MIDCPNIFTY24JUL12100PE,107.65,5082.0,Monitoring
2024-07-08,11:25:00,HOLD,MIDCPNIFTY24JUL12100PE,107.65,5082.0,Monitoring
2024-07-08,11:30:00,HOLD,MIDCPNIFTY24JUL12100PE,107.65,5082.0,Monitoring
2024-07-08,11:35:00,HOLD,MIDCPNIFTY24JUL12100PE,107.65,5082.0,Monitoring
2024-07-08,11:40:00,HOLD,MIDCPNIFTY24JUL12100PE,107.65,5082.0,Monitoring
2024-07-08,11:45:00,HOLD,MIDCPNIFTY24JUL12100PE,107.65,5082.0,Monitoring
2024-07-08,11:50:00,HOLD,MIDCPNIFTY24JUL12100PE,107.65,5082.0,Monitoring
2024-07-08,11:55:00,HOLD,MIDCPNIFTY24JUL12100PE,107.65,5082.0,Monitoring
2024-07-08,12:00:00,HOLD,MIDCPNIFTY24JUL12100PE,107.65,5082.0,Monitoring
2024-07-08,12:05:00,HOLD,MIDCPNIFTY24JUL12100PE,107.65,5082.0,Monitoring
2024-07-08,12:10:00,HOLD,MIDCPNIFTY24JUL12100PE,107.65,5082.0,Monitoring
2024-07-08,12:15:00,HOLD,MIDCPNIFTY24JUL12100PE,107.65,5082.0,Monitoring
2024-07-08,12:20:00,HOLD,MIDCPNIFTY24JUL12100PE,107.65,5082.0,Monitoring
2024-07-08,12:25:00,HOLD,MIDCPNIFTY24JUL12100PE,107.65,5082.0,Monitoring
2024-07-08,12:30:00,HOLD,MIDCPNIFTY24JUL12100PE,107.65,5082.0,Monitoring
2024-07-08,12:35:00,HOLD,MIDCPNIFTY24JUL12100PE,107.65,5082.0,Monitoring
2024-07-08,12:40:00,HOLD,MIDCPNIFTY24JUL12100PE,107.65,5082.0,Monitoring
2024-07-08,12:45:00,HOLD,MIDCPNIFTY24JUL12100PE,107.65,5082.0,Monitoring
2024-07-08,12:50:00,HOLD,MIDCPNIFTY24JUL12100PE,107.65,5082.0,Monitoring
2024-07-08,12:55:00,HOLD,MIDCPNIFTY24JUL12100PE,107.65,5082.0,Monitoring
2024-07-08,13:00:00,HOLD,MIDCPNIFTY24JUL12100PE,107.65,5082.0,Monitoring
2024-07-08,13:05:00,HOLD,MIDCPNIFTY24JUL12100PE,107.65,5082.0,Monitoring
2024-07-08,13:10:00,HOLD,MIDCPNIFTY24JUL12100PE,107.65,5082.0,Monitoring
2024-07-08,13:15:00,HOLD,MIDCPNIFTY24JUL12100PE,117.0,3960.0,Monitoring
2024-07-08,13:20:00,HOLD,MIDCPNIFTY24JUL12100PE,117.0,3960.0,Monitoring
2024-07-08,13:25:00,HOLD,MIDCPNIFTY24JUL12100PE,117.0,3960.0,Monitoring
2024-07-08,13:30:00,HOLD,MIDCPNIFTY24JUL12100PE,117.0,3960.0,Monitoring
2024-07-08,13:35:00,HOLD,MIDCPNIFTY24JUL12100PE,117.0,3960.0,Monitoring
2024-07-08,13:40:00,HOLD,MIDCPNIFTY24JUL12100PE,117.0,3960.0,Monitoring
2024-07-08,13:45:00,HOLD,MIDCPNIFTY24JUL12100PE,117.0,3960.0,Monitoring
2024-07-08,13:50:00,HOLD,MIDCPNIFTY24JUL12100PE,117.0,3960.0,Monitoring
2024-07-08,13:55:00,HOLD,MIDCPNIFTY24JUL12100PE,117.0,3960.0,Monitoring
2024-07-08,14:00:00,HOLD,MIDCPNIFTY24JUL12100PE,117.0,3960.0,Monitoring
2024-07-08,14:05:00,HOLD,MIDCPNIFTY24JUL12100PE,117.0,3960.0,Monitoring
2024-07-08,14:10:00,HOLD,MIDCPNIFTY24JUL12100PE,117.0,3960.0,Monitoring
2024-07-08,14:15:00,HOLD,MIDCPNIFTY24JUL12100PE,117.0,3960.0,Monitoring
2024-07-08,14:20:00,HOLD,MIDCPNIFTY24JUL12100PE,117.0,3960.0,Monitoring
2024-07-08,14:25:00,HOLD,MIDCPNIFTY24JUL12100PE,117.0,3960.0,Monitoring
2024-07-08,14:30:00,HOLD,MIDCPNIFTY24JUL12100PE,117.0,3960.0,Monitoring
2024-07-08,14:35:00,HOLD,MIDCPNIFTY24JUL12100PE,117.0,3960.0,Monitoring
2024-07-08,14:55:00,HOLD,MIDCPNIFTY24JUL12100PE,117.0,3960.0,Monitoring
2024-07-08,15:00:00,HOLD,MIDCPNIFTY24JUL12100PE,117.0,3960.0,Monitoring
2024-07-08,15:05:00,HOLD,MIDCPNIFTY24JUL12100PE,117.0,3960.0,Monitoring
2024-07-08,15:10:00,HOLD,MIDCPNIFTY24JUL12100PE,117.0,3960.0,Monitoring
2024-07-08,15:15:00,HOLD,MIDCPNIFTY24JUL12100PE,117.0,3960.0,Monitoring
2024-07-08,15:20:00,HOLD,MIDCPNIFTY24JUL12100PE,117.0,3960.0,Monitoring
2024-07-08,15:25:00,HOLD,MIDCPNIFTY24JUL12100PE,117.0,3960.0,Monitoring
2024-07-09,09:15:00,HOLD,MIDCPNIFTY24JUL12100PE,117.0,3960.0,Monitoring
2024-07-09,09:20:00,HOLD,MIDCPNIFTY24JUL12100PE,117.0,3960.0,Monitoring
2024-07-09,09:25:00,HOLD,MIDCPNIFTY24JUL12100PE,117.0,3960.0,Monitoring
2024-07-09,09:30:00,HOLD,MIDCPNIFTY24JUL12100PE,117.0,3960.0,Monitoring
2024-07-09,09:35:00,HOLD,MIDCPNIFTY24JUL12100PE,117.0,3960.0,Monitoring
2024-07-09,11:40:00,HOLD,MIDCPNIFTY24JUL12100PE,117.0,3960.0,Monitoring
2024-07-09,11:45:00,HOLD,MIDCPNIFTY24JUL12100PE,117.0,3960.0,Monitoring
2024-07-09,11:50:00,HOLD,MIDCPNIFTY24JUL12100PE,117.0,3960.0,Monitoring
2024-07-09,11:55:00,HOLD,MIDCPNIFTY24JUL12100PE,117.0,3960.0,Monitoring
2024-07-09,14:50:00,HOLD,MIDCPNIFTY24JUL12100PE,117.0,3960.0,Monitoring
2024-07-09,14:55:00,HOLD,MIDCPNIFTY24JUL12100PE,117.0,3960.0,Monitoring
2024-07-09,15:00:00,HOLD,MIDCPNIFTY24JUL12100PE,117.0,3960.0,Monitoring
2024-07-09,15:05:00,HOLD,MIDCPNIFTY24JUL12100PE,117.0,3960.0,Monitoring
2024-07-09,15:15:00,HOLD,MIDCPNIFTY24JUL12100PE,117.0,3960.0,Monitoring
2024-07-09,15:20:00,HOLD,MIDCPNIFTY24JUL12100PE,117.0,3960.0,Monitoring
2024-07-09,15:25:00,HOLD,MIDCPNIFTY24JUL12100PE,117.0,3960.0,Monitoring
2024-07-10,09:40:00,HOLD,MIDCPNIFTY24JUL12100PE,117.0,3960.0,Monitoring
2024-07-10,09:45:00,HOLD,MIDCPNIFTY24JUL12100PE,117.0,3960.0,Monitoring
2024-07-10,09:50:00,HOLD,MIDCPNIFTY24JUL12100PE,117.0,3960.0,Monitoring
2024-07-10,09:55:00,HOLD,MIDCPNIFTY24JUL12100PE,117.0,3960.0,Monitoring
2024-07-10,10:25:00,HOLD,MIDCPNIFTY24JUL12100PE,117.0,3960.0,Monitoring
2024-07-10,10:30:00,HOLD,MIDCPNIFTY24JUL12100PE,117.0,3960.0,Monitoring
2024-07-10,10:35:00,HOLD,MIDCPNIFTY24JUL12100PE,117.0,3960.0,Monitoring
2024-07-10,10:40:00,HOLD,MIDCPNIFTY24JUL12100PE,117.0,3960.0,Monitoring
2024-07-10,10:45:00,HOLD,MIDCPNIFTY24JUL12100PE,117.0,3960.0,Monitoring
2024-07-10,10:50:00,HOLD,MIDCPNIFTY24JUL12100PE,117.0,3960.0,Monitoring
2024-07-10,11:45:00,HOLD,MIDCPNIFTY24JUL12100PE,117.0,3960.0,Monitoring
2024-07-10,11:50:00,HOLD,MIDCPNIFTY24JUL12100PE,117.0,3960.0,Monitoring
2024-07-10,11:55:00,HOLD,MIDCPNIFTY24JUL12100PE,117.0,3960.0,Monitoring
2024-07-10,12:00:00,HOLD,MIDCPNIFTY24JUL12100PE,117.0,3960.0,Monitoring
2024-07-10,14:00:00,HOLD,MIDCPNIFTY24JUL12100PE,117.0,3960.0,Monitoring
2024-07-10,14:05:00,HOLD,MIDCPNIFTY24JUL12100PE,117.0,3960.0,Monitoring
2024-07-10,14:10:00,HOLD,MIDCPNIFTY24JUL12100PE,117.0,3960.0,Monitoring
2024-07-10,14:15:00,HOLD,MIDCPNIFTY24JUL12100PE,117.0,3960.0,Monitoring
2024-07-10,14:20:00,HOLD,MIDCPNIFTY24JUL12100PE,117.0,3960.0,Monitoring
2024-07-10,14:55:00,HOLD,MIDCPNIFTY24JUL12100PE,117.0,3960.0,Monitoring
2024-07-10,15:00:00,HOLD,MIDCPNIFTY24JUL12100PE,117.0,3960.0,Monitoring
2024-07-10,15:05:00,HOLD,MIDCPNIFTY24JUL12100PE,117.0,3960.0,Monitoring
2024-07-10,15:10:00,HOLD,MIDCPNIFTY24JUL12100PE,117.0,3960.0,Monitoring
2024-07-11,09:35:00,HOLD,MIDCPNIFTY24JUL12100PE,117.0,3960.0,Monitoring
2024-07-11,09:40:00,HOLD,MIDCPNIFTY24JUL12100PE,117.0,3960.0,Monitoring
2024-07-11,09:45:00,HOLD,MIDCPNIFTY24JUL12100PE,117.0,3960.0,Monitoring
2024-07-11,09:50:00,HOLD,MIDCPNIFTY24JUL12100PE,117.0,3960.0,Monitoring
2024-07-11,10:15:00,HOLD,MIDCPNIFTY24JUL12100PE,117.0,3960.0,Monitoring
2024-07-11,10:20:00,HOLD,MIDCPNIFTY24JUL12100PE,117.0,3960.0,Monitoring
2024-07-11,10:25:00,HOLD,MIDCPNIFTY24JUL12100PE,117.0,3960.0,Monitoring
2024-07-11,10:30:00,HOLD,MIDCPNIFTY24JUL12100PE,117.0,3960.0,Monitoring
2024-07-11,10:50:00,HOLD,MIDCPNIFTY24JUL12100PE,117.0,3960.0,Monitoring
2024-07-11,10:55:00,HOLD,MIDCPNIFTY24JUL12100PE,117.0,3960.0,Monitoring
2024-07-11,11:00:00,HOLD,MIDCPNIFTY24JUL12100PE,117.0,3960.0,Monitoring
2024-07-11,11:05:00,HOLD,MIDCPNIFTY24JUL12100PE,117.0,3960.0,Monitoring
2024-07-11,12:25:00,HOLD,MIDCPNIFTY24JUL12100PE,117.0,3960.0,Monitoring
2024-07-11,12:30:00,HOLD,MIDCPNIFTY24JUL12100PE,117.0,3960.0,Monitoring
2024-07-11,12:35:00,HOLD,MIDCPNIFTY24JUL12100PE,117.0,3960.0,Monitoring
2024-07-11,12:40:00,HOLD,MIDCPNIFTY24JUL12100PE,117.0,3960.0,Monitoring
2024-07-11,12:45:00,HOLD,MIDCPNIFTY24JUL12100PE,117.0,3960.0,Monitoring
2024-07-11,12:50:00,HOLD,MIDCPNIFTY24JUL12100PE,117.0,3960.0,Monitoring
2024-07-11,14:05:00,HOLD,MIDCPNIFTY24JUL12100PE,117.0,3960.0,Monitoring
2024-07-11,14:10:00,HOLD,MIDCPNIFTY24JUL12100PE,117.0,3960.0,Monitoring
2024-07-11,14:15:00,HOLD,MIDCPNIFTY24JUL12100PE,117.0,3960.0,Monitoring
2024-07-11,14:20:00,HOLD,MIDCPNIFTY24JUL12100PE,117.0,3960.0,Monitoring
2024-07-11,14:25:00,HOLD,MIDCPNIFTY24JUL12100PE,117.0,3960.0,Monitoring
2024-07-11,14:30:00,HOLD,MIDCPNIFTY24JUL12100PE,117.0,3960.0,Monitoring
2024-07-11,14:35:00,HOLD,MIDCPNIFTY24JUL12100PE,117.0,3960.0,Monitoring
2024-07-11,14:40:00,HOLD,MIDCPNIFTY24JUL12100PE,117.0,3960.0,Monitoring
2024-07-11,14:55:00,HOLD,MIDCPNIFTY24JUL12100PE,117.0,3960.0,Monitoring
2024-07-11,15:00:00,HOLD,MIDCPNIFTY24JUL12100PE,117.0,3960.0,Monitoring
2024-07-11,15:05:00,HOLD,MIDCPNIFTY24JUL12100PE,117.0,3960.0,Monitoring
2024-07-11,15:10:00,HOLD,MIDCPNIFTY24JUL12100PE,117.0,3960.0,Monitoring
2024-07-11,15:15:00,HOLD,MIDCPNIFTY24JUL12100PE,117.0,3960.0,Monitoring
2024-07-11,15:25:00,HOLD,MIDCPNIFTY24JUL12100PE,117.0,3960.0,Monitoring
2024-07-12,10:40:00,HOLD,MIDCPNIFTY24JUL12100PE,117.0,3960.0,Monitoring
2024-07-12,10:45:00,HOLD,MIDCPNIFTY24JUL12100PE,117.0,3960.0,Monitoring
2024-07-12,10:50:00,HOLD,MIDCPNIFTY24JUL12100PE,117.0,3960.0,Monitoring
2024-07-12,10:55:00,HOLD,MIDCPNIFTY24JUL12100PE,117.0,3960.0,Monitoring
2024-07-12,11:15:00,HOLD,MIDCPNIFTY24JUL12100PE,117.0,3960.0,Monitoring
2024-07-12,11:20:00,HOLD,MIDCPNIFTY24JUL12100PE,117.0,3960.0,Monitoring
2024-07-12,11:25:00,HOLD,MIDCPNIFTY24JUL12100PE,117.0,3960.0,Monitoring
2024-07-12,11:30:00,HOLD,MIDCPNIFTY24JUL12100PE,117.0,3960.0,Monitoring
2024-07-12,12:30:00,HOLD,MIDCPNIFTY24JUL12100PE,117.0,3960.0,Monitoring
2024-07-12,12:35:00,HOLD,MIDCPNIFTY24JUL12100PE,117.0,3960.0,Monitoring
2024-07-12,12:40:00,HOLD,MIDCPNIFTY24JUL12100PE,117.0,3960.0,Monitoring
2024-07-12,12:45:00,HOLD,MIDCPNIFTY24JUL12100PE,117.0,3960.0,Monitoring
2024-07-12,13:10:00,HOLD,MIDCPNIFTY24JUL12100PE,117.0,3960.0,Monitoring
2024-07-12,13:15:00,HOLD,MIDCPNIFTY24JUL12100PE,117.0,3960.0,Monitoring
2024-07-12,13:20:00,HOLD,MIDCPNIFTY24JUL12100PE,117.0,3960.0,Monitoring
2024-07-12,13:25:00,HOLD,MIDCPNIFTY24JUL12100PE,117.0,3960.0,Monitoring
2024-07-15,12:10:00,HOLD,MIDCPNIFTY24JUL12100PE,117.0,3960.0,Monitoring
2024-07-15,12:15:00,HOLD,MIDCPNIFTY24JUL12100PE,117.0,3960.0,Monitoring
2024-07-15,12:20:00,HOLD,MIDCPNIFTY24JUL12100PE,117.0,3960.0,Monitoring
2024-07-15,12:25:00,HOLD,MIDCPNIFTY24JUL12100PE,117.0,3960.0,Monitoring
2024-07-15,14:40:00,HOLD,MIDCPNIFTY24JUL12100PE,117.0,3960.0,Monitoring
2024-07-15,14:45:00,HOLD,MIDCPNIFTY24JUL12100PE,117.0,3960.0,Monitoring
2024-07-15,14:50:00,HOLD,MIDCPNIFTY24JUL12100PE,117.0,3960.0,Monitoring
2024-07-15,14:55:00,HOLD,MIDCPNIFTY24JUL12100PE,117.0,3960.0,Monitoring
2024-07-15,15:00:00,HOLD,MIDCPNIFTY24JUL12100PE,117.0,3960.0,Monitoring
2024-07-15,15:05:00,HOLD,MIDCPNIFTY24JUL12100PE,117.0,3960.0,Monitoring
2024-07-15,15:10:00,HOLD,MIDCPNIFTY24JUL12100PE,117.0,3960.0,Monitoring
2024-07-15,15:15:00,HOLD,MIDCPNIFTY24JUL12100PE,117.0,3960.0,Monitoring
2024-07-15,15:20:00,HOLD,MIDCPNIFTY24JUL12100PE,117.0,3960.0,Monitoring
2024-07-15,15:25:00,HOLD,MIDCPNIFTY24JUL12100PE,117.0,3960.0,Monitoring
2024-07-16,09:30:00,HOLD,MIDCPNIFTY24JUL12100PE,117.0,3960.0,Monitoring
2024-07-16,09:35:00,HOLD,MIDCPNIFTY24JUL12100PE,117.0,3960.0,Monitoring
2024-07-16,09:40:00,HOLD,MIDCPNIFTY24JUL12100PE,117.0,3960.0,Monitoring
2024-07-16,09:45:00,HOLD,MIDCPNIFTY24JUL12100PE,117.0,3960.0,Monitoring
2024-07-16,09:50:00,HOLD,MIDCPNIFTY24JUL12100PE,117.0,3960.0,Monitoring
2024-07-16,09:55:00,HOLD,MIDCPNIFTY24JUL12100PE,117.0,3960.0,Monitoring
2024-07-16,10:00:00,HOLD,MIDCPNIFTY24JUL12100PE,117.0,3960.0,Monitoring
2024-07-16,10:05:00,HOLD,MIDCPNIFTY24JUL12100PE,117.0,3960.0,Monitoring
2024-07-16,10:10:00,HOLD,MIDCPNIFTY24JUL12100PE,117.0,3960.0,Monitoring
2024-07-16,10:15:00,HOLD,MIDCPNIFTY24JUL12100PE,117.0,3960.0,Monitoring
2024-07-16,10:20:00,HOLD,MIDCPNIFTY24JUL12100PE,117.0,3960.0,Monitoring
2024-07-16,12:10:00,HOLD,MIDCPNIFTY24JUL12100PE,117.0,3960.0,Monitoring
2024-07-16,12:15:00,HOLD,MIDCPNIFTY24JUL12100PE,117.0,3960.0,Monitoring
2024-07-16,12:20:00,HOLD,MIDCPNIFTY24JUL12100PE,117.0,3960.0,Monitoring
2024-07-16,12:25:00,HOLD,MIDCPNIFTY24JUL12100PE,117.0,3960.0,Monitoring
2024-07-16,12:30:00,HOLD,MIDCPNIFTY24JUL12100PE,117.0,3960.0,Monitoring
2024-07-16,12:35:00,HOLD,MIDCPNIFTY24JUL12100PE,117.0,3960.0,Monitoring
2024-07-16,12:40:00,HOLD,MIDCPNIFTY24JUL12100PE,117.0,3960.0,Monitoring
2024-07-16,12:45:00,HOLD,MIDCPNIFTY24JUL12100PE,117.0,3960.0,Monitoring
2024-07-16,12:50:00,HOLD,MIDCPNIFTY24JUL12100PE,117.0,3960.0,Monitoring
2024-07-16,12:55:00,HOLD,MIDCPNIFTY24JUL12100PE,117.0,3960.0,Monitoring
2024-07-18,09:15:00,HOLD,MIDCPNIFTY24JUL12100PE,117.0,3960.0,Monitoring
2024-07-18,09:20:00,HOLD,MIDCPNIFTY24JUL12100PE,117.0,3960.0,Monitoring
2024-07-18,09:25:00,HOLD,MIDCPNIFTY24JUL12100PE,117.0,3960.0,Monitoring
2024-07-18,09:30:00,HOLD,MIDCPNIFTY24JUL12100PE,117.0,3960.0,Monitoring
2024-07-18,09:35:00,HOLD,MIDCPNIFTY24JUL12100PE,117.0,3960.0,Monitoring
2024-07-18,09:40:00,HOLD,MIDCPNIFTY24JUL12100PE,117.0,3960.0,Monitoring
2024-07-18,09:45:00,HOLD,MIDCPNIFTY24JUL12100PE,117.0,3960.0,Monitoring
2024-07-18,09:50:00,HOLD,MIDCPNIFTY24JUL12100PE,117.0,3960.0,Monitoring
2024-07-18,09:55:00,HOLD,MIDCPNIFTY24JUL12100PE,117.0,3960.0,Monitoring
2024-07-18,10:00:00,HOLD,MIDCPNIFTY24JUL12100PE,117.0,3960.0,Monitoring
2024-07-18,10:05:00,HOLD,MIDCPNIFTY24JUL12100PE,117.0,3960.0,Monitoring
2024-07-18,10:10:00,HOLD,MIDCPNIFTY24JUL12100PE,117.0,3960.0,Monitoring
2024-07-18,10:15:00,HOLD,MIDCPNIFTY24JUL12100PE,117.0,3960.0,Monitoring
2024-07-18,10:20:00,HOLD,MIDCPNIFTY24JUL12100PE,117.0,3960.0,Monitoring
2024-07-18,10:25:00,HOLD,MIDCPNIFTY24JUL12100PE,117.0,3960.0,Monitoring
2024-07-18,10:30:00,HOLD,MIDCPNIFTY24JUL12100PE,117.0,3960.0,Monitoring
2024-07-18,10:35:00,HOLD,MIDCPNIFTY24JUL12100PE,117.0,3960.0,Monitoring
2024-07-18,10:40:00,HOLD,MIDCPNIFTY24JUL12100PE,117.0,3960.0,Monitoring
2024-07-18,10:45:00,HOLD,MIDCPNIFTY24JUL12100PE,117.0,3960.0,Monitoring
2024-07-18,10:50:00,HOLD,MIDCPNIFTY24JUL12100PE,117.0,3960.0,Monitoring
2024-07-18,10:55:00,HOLD,MIDCPNIFTY24JUL12100PE,117.0,3960.0,Monitoring
2024-07-18,11:00:00,HOLD,MIDCPNIFTY24JUL12100PE,117.0,3960.0,Monitoring
2024-07-18,11:05:00,HOLD,MIDCPNIFTY24JUL12100PE,117.0,3960.0,Monitoring
2024-07-18,11:10:00,HOLD,MIDCPNIFTY24JUL12100PE,117.0,3960.0,Monitoring
2024-07-18,11:15:00,HOLD,MIDCPNIFTY24JUL12100PE,117.0,3960.0,Monitoring
2024-07-18,11:20:00,HOLD,MIDCPNIFTY24JUL12100PE,117.0,3960.0,Monitoring
2024-07-18,11:25:00,HOLD,MIDCPNIFTY24JUL12100PE,117.0,3960.0,Monitoring
2024-07-18,11:30:00,HOLD,MIDCPNIFTY24JUL12100PE,117.0,3960.0,Monitoring
2024-07-18,11:35:00,HOLD,MIDCPNIFTY24JUL12100PE,117.0,3960.0,Monitoring
2024-07-18,11:40:00,HOLD,MIDCPNIFTY24JUL12100PE,78.0,8640.0,Monitoring
2024-07-18,11:45:00,HOLD,MIDCPNIFTY24JUL12100PE,78.0,8640.0,Monitoring
2024-07-18,11:50:00,HOLD,MIDCPNIFTY24JUL12100PE,78.0,8640.0,Monitoring
2024-07-18,11:55:00,HOLD,MIDCPNIFTY24JUL12100PE,78.0,8640.0,Monitoring
2024-07-18,12:00:00,HOLD,MIDCPNIFTY24JUL12100PE,78.0,8640.0,Monitoring
2024-07-18,12:05:00,HOLD,MIDCPNIFTY24JUL12100PE,78.0,8640.0,Monitoring
2024-07-18,12:10:00,HOLD,MIDCPNIFTY24JUL12100PE,78.0,8640.0,Monitoring
2024-07-18,12:15:00,HOLD,MIDCPNIFTY24JUL12100PE,78.0,8640.0,Monitoring
2024-07-18,12:20:00,HOLD,MIDCPNIFTY24JUL12100PE,78.0,8640.0,Monitoring
2024-07-18,12:25:00,HOLD,MIDCPNIFTY24JUL12100PE,78.0,8640.0,Monitoring
2024-07-18,12:30:00,HOLD,MIDCPNIFTY24JUL12100PE,78.0,8640.0,Monitoring
2024-07-18,12:35:00,HOLD,MIDCPNIFTY24JUL12100PE,78.0,8640.0,Monitoring
2024-07-18,12:40:00,HOLD,MIDCPNIFTY24JUL12100PE,78.0,8640.0,Monitoring
2024-07-18,12:45:00,HOLD,MIDCPNIFTY24JUL12100PE,78.0,8640.0,Monitoring
2024-07-18,12:50:00,HOLD,MIDCPNIFTY24JUL12100PE,78.0,8640.0,Monitoring
2024-07-18,12:55:00,HOLD,MIDCPNIFTY24JUL12100PE,78.0,8640.0,Monitoring
2024-07-18,13:00:00,HOLD,MIDCPNIFTY24JUL12100PE,78.0,8640.0,Monitoring
2024-07-18,13:05:00,HOLD,MIDCPNIFTY24JUL12100PE,78.0,8640.0,Monitoring
2024-07-18,13:10:00,HOLD,MIDCPNIFTY24JUL12100PE,78.0,8640.0,Monitoring
2024-07-18,13:15:00,HOLD,MIDCPNIFTY24JUL12100PE,78.0,8640.0,Monitoring
2024-07-18,13:20:00,HOLD,MIDCPNIFTY24JUL12100PE,78.0,8640.0,Monitoring
2024-07-18,13:25:00,HOLD,MIDCPNIFTY24JUL12100PE,78.0,8640.0,Monitoring
2024-07-18,13:30:00,HOLD,MIDCPNIFTY24JUL12100PE,78.0,8640.0,Monitoring
2024-07-18,13:35:00,HOLD,MIDCPNIFTY24JUL12100PE,78.0,8640.0,Monitoring
2024-07-18,13:40:00,HOLD,MIDCPNIFTY24JUL12100PE,78.0,8640.0,Monitoring
2024-07-18,13:45:00,HOLD,MIDCPNIFTY24JUL12100PE,78.0,8640.0,Monitoring
2024-07-18,13:50:00,HOLD,MIDCPNIFTY24JUL12100PE,78.0,8640.0,Monitoring
2024-07-18,13:55:00,HOLD,MIDCPNIFTY24JUL12100PE,78.0,8640.0,Monitoring
2024-07-18,14:00:00,HOLD,MIDCPNIFTY24JUL12100PE,78.0,8640.0,Monitoring
2024-07-18,14:05:00,HOLD,MIDCPNIFTY24JUL12100PE,78.0,8640.0,Monitoring
2024-07-18,14:10:00,HOLD,MIDCPNIFTY24JUL12100PE,78.0,8640.0,Monitoring
2024-07-18,14:15:00,HOLD,MIDCPNIFTY24JUL12100PE,78.0,8640.0,Monitoring
2024-07-18,14:20:00,HOLD,MIDCPNIFTY24JUL12100PE,78.0,8640.0,Monitoring
2024-07-18,14:25:00,HOLD,MIDCPNIFTY24JUL12100PE,78.0,8640.0,Monitoring
2024-07-18,14:30:00,HOLD,MIDCPNIFTY24JUL12100PE,78.0,8640.0,Monitoring
2024-07-18,14:35:00,HOLD,MIDCPNIFTY24JUL12100PE,78.0,8640.0,Monitoring
2024-07-18,14:40:00,HOLD,MIDCPNIFTY24JUL12100PE,78.0,8640.0,Monitoring
2024-07-18,14:45:00,HOLD,MIDCPNIFTY24JUL12100PE,78.0,8640.0,Monitoring
2024-07-18,14:50:00,HOLD,MIDCPNIFTY24JUL12100PE,78.0,8640.0,Monitoring
2024-07-18,14:55:00,HOLD,MIDCPNIFTY24JUL12100PE,78.0,8640.0,Monitoring
2024-07-18,15:00:00,HOLD,MIDCPNIFTY24JUL12100PE,78.0,8640.0,Monitoring
2024-07-18,15:05:00,HOLD,MIDCPNIFTY24JUL12100PE,78.0,8640.0,Monitoring
2024-07-18,15:10:00,HOLD,MIDCPNIFTY24JUL12100PE,78.0,8640.0,Monitoring
2024-07-18,15:15:00,HOLD,MIDCPNIFTY24JUL12100PE,78.0,8640.0,Monitoring
2024-07-18,15:20:00,HOLD,MIDCPNIFTY24JUL12100PE,78.0,8640.0,Monitoring
2024-07-18,15:25:00,HOLD,MIDCPNIFTY24JUL12100PE,78.0,8640.0,Monitoring
2024-07-19,09:15:00,HOLD,MIDCPNIFTY24JUL12100PE,78.0,8640.0,Monitoring
2024-07-19,09:20:00,HOLD,MIDCPNIFTY24JUL12100PE,78.0,8640.0,Monitoring
2024-07-19,09:25:00,HOLD,MIDCPNIFTY24JUL12100PE,78.0,8640.0,Monitoring
2024-07-19,09:30:00,HOLD,MIDCPNIFTY24JUL12100PE,78.0,8640.0,Monitoring
2024-07-19,09:35:00,HOLD,MIDCPNIFTY24JUL12100PE,78.0,8640.0,Monitoring
2024-07-19,09:40:00,HOLD,MIDCPNIFTY24JUL12100PE,85.85,7698.0,Monitoring
2024-07-19,09:45:00,HOLD,MIDCPNIFTY24JUL12100PE,88.65,7362.0,Monitoring
2024-07-19,09:50:00,HOLD,MIDCPNIFTY24JUL12100PE,92.05,6954.0,Monitoring
2024-07-19,09:55:00,HOLD,MIDCPNIFTY24JUL12100PE,94.7,6636.0,Monitoring
2024-07-19,10:00:00,HOLD,MIDCPNIFTY24JUL12100PE,97.0,6360.0,Monitoring
2024-07-19,10:05:00,HOLD,MIDCPNIFTY24JUL12100PE,100.0,6000.0,Monitoring
2024-07-19,10:10:00,HOLD,MIDCPNIFTY24JUL12100PE,110.95,4686.0,Monitoring
2024-07-19,10:15:00,HOLD,MIDCPNIFTY24JUL12100PE,116.35,4038.0,Monitoring
2024-07-19,10:15:00,BUY_EXIT,MIDCPNIFTY24JUL12100PE,116.35,4038.0,EMA_REVERSAL_SL
