Date,Time,Event,Ticker,Price,PnL_INR,Info
2024-03-26,14:00:00,SELL_ENTRY,MIDCPNIFTY24APR10300PE,150.0,0.0,Signal PE | Short
2024-03-26,14:05:00,HOLD,MIDCPNIFTY24APR10300PE,150.0,0.0,Monitoring
2024-03-26,14:10:00,HOLD,MIDCPNIFTY24APR10300PE,150.0,0.0,Monitoring
2024-03-26,14:15:00,HOLD,MIDCPNIFTY24APR10300PE,150.0,0.0,Monitoring
2024-03-26,14:20:00,HOLD,MIDCPNIFTY24APR10300PE,150.0,0.0,Monitoring
2024-03-26,14:25:00,HOLD,MIDCPNIFTY24APR10300PE,150.0,0.0,Monitoring
2024-03-26,14:30:00,HOLD,MIDCPNIFTY24APR10300PE,150.0,0.0,Monitoring
2024-03-26,14:40:00,HOLD,MIDCPNIFTY24APR10300PE,150.0,0.0,Monitoring
2024-03-26,14:45:00,HOLD,MIDCPNIFTY24APR10300PE,150.0,0.0,Monitoring
2024-03-26,14:50:00,HOLD,MIDCPNIFTY24APR10300PE,150.0,0.0,Monitoring
2024-03-26,14:55:00,HOLD,MIDCPNIFTY24APR10300PE,150.0,0.0,Monitoring
2024-03-26,15:05:00,HOLD,MIDCPNIFTY24APR10300PE,150.0,0.0,Monitoring
2024-03-26,15:10:00,HOLD,MIDCPNIFTY24APR10300PE,150.0,0.0,Monitoring
2024-03-26,15:15:00,HOLD,MIDCPNIFTY24APR10300PE,150.0,0.0,Monitoring
2024-03-26,15:20:00,HOLD,MIDCPNIFTY24APR10300PE,150.0,0.0,Monitoring
2024-03-26,15:25:00,HOLD,MIDCPNIFTY24APR10300PE,150.0,0.0,Monitoring
2024-03-27,09:15:00,HOLD,MIDCPNIFTY24APR10300PE,150.0,0.0,Monitoring
2024-03-27,09:20:00,HOLD,MIDCPNIFTY24APR10300PE,150.0,0.0,Monitoring
2024-03-27,09:25:00,HOLD,MIDCPNIFTY24APR10300PE,150.0,0.0,Monitoring
2024-03-27,09:30:00,HOLD,MIDCPNIFTY24APR10300PE,150.0,0.0,Monitoring
2024-03-27,09:50:00,HOLD,MIDCPNIFTY24APR10300PE,150.0,0.0,Monitoring
2024-03-27,09:55:00,HOLD,MIDCPNIFTY24APR10300PE,150.0,0.0,Monitoring
2024-03-27,10:00:00,HOLD,MIDCPNIFTY24APR10300PE,150.0,0.0,Monitoring
2024-03-27,10:05:00,HOLD,MIDCPNIFTY24APR10300PE,150.0,0.0,Monitoring
2024-03-27,10:10:00,HOLD,MIDCPNIFTY24APR10300PE,150.0,0.0,Monitoring
2024-03-27,10:15:00,HOLD,MIDCPNIFTY24APR10300PE,150.0,0.0,Monitoring
2024-03-27,10:20:00,HOLD,MIDCPNIFTY24APR10300PE,150.0,0.0,Monitoring
2024-03-27,10:25:00,HOLD,MIDCPNIFTY24APR10300PE,150.0,0.0,Monitoring
2024-03-27,10:30:00,HOLD,MIDCPNIFTY24APR10300PE,150.0,0.0,Monitoring
2024-03-27,10:35:00,HOLD,MIDCPNIFTY24APR10300PE,150.0,0.0,Monitoring
2024-03-27,10:40:00,HOLD,MIDCPNIFTY24APR10300PE,150.0,0.0,Monitoring
2024-03-27,10:45:00,HOLD,MIDCPNIFTY24APR10300PE,150.0,0.0,Monitoring
2024-03-27,10:50:00,HOLD,MIDCPNIFTY24APR10300PE,150.0,0.0,Monitoring
2024-03-27,10:55:00,HOLD,MIDCPNIFTY24APR10300PE,150.0,0.0,Monitoring
2024-03-27,11:00:00,HOLD,MIDCPNIFTY24APR10300PE,150.0,0.0,Monitoring
2024-03-27,11:05:00,HOLD,MIDCPNIFTY24APR10300PE,150.0,0.0,Monitoring
2024-03-27,11:10:00,HOLD,MIDCPNIFTY24APR10300PE,150.0,0.0,Monitoring
2024-03-27,11:15:00,HOLD,MIDCPNIFTY24APR10300PE,150.0,0.0,Monitoring
2024-03-27,11:20:00,HOLD,MIDCPNIFTY24APR10300PE,150.0,0.0,Monitoring
2024-03-27,11:25:00,HOLD,MIDCPNIFTY24APR10300PE,150.0,0.0,Monitoring
2024-03-27,12:00:00,HOLD,MIDCPNIFTY24APR10300PE,103.6,5568.0,Monitoring
2024-03-27,12:05:00,HOLD,MIDCPNIFTY24APR10300PE,103.6,5568.0,Monitoring
2024-03-27,12:10:00,HOLD,MIDCPNIFTY24APR10300PE,103.6,5568.0,Monitoring
2024-03-27,12:15:00,HOLD,MIDCPNIFTY24APR10300PE,103.6,5568.0,Monitoring
2024-03-27,12:20:00,HOLD,MIDCPNIFTY24APR10300PE,103.6,5568.0,Monitoring
2024-03-27,12:25:00,HOLD,MIDCPNIFTY24APR10300PE,103.6,5568.0,Monitoring
2024-03-27,12:30:00,HOLD,MIDCPNIFTY24APR10300PE,103.6,5568.0,Monitoring
2024-03-27,12:35:00,HOLD,MIDCPNIFTY24APR10300PE,103.6,5568.0,Monitoring
2024-03-27,12:40:00,HOLD,MIDCPNIFTY24APR10300PE,103.6,5568.0,Monitoring
2024-03-27,12:45:00,HOLD,MIDCPNIFTY24APR10300PE,103.6,5568.0,Monitoring
2024-03-27,12:50:00,HOLD,MIDCPNIFTY24APR10300PE,103.6,5568.0,Monitoring
2024-03-27,12:55:00,HOLD,MIDCPNIFTY24APR10300PE,103.6,5568.0,Monitoring
2024-03-27,13:00:00,HOLD,MIDCPNIFTY24APR10300PE,103.6,5568.0,Monitoring
2024-03-27,13:05:00,HOLD,MIDCPNIFTY24APR10300PE,103.6,5568.0,Monitoring
2024-03-27,13:10:00,HOLD,MIDCPNIFTY24APR10300PE,103.6,5568.0,Monitoring
2024-03-27,13:20:00,HOLD,MIDCPNIFTY24APR10300PE,103.6,5568.0,Monitoring
2024-03-27,13:25:00,HOLD,MIDCPNIFTY24APR10300PE,103.6,5568.0,Monitoring
2024-03-27,13:30:00,HOLD,MIDCPNIFTY24APR10300PE,103.6,5568.0,Monitoring
2024-03-27,13:35:00,HOLD,MIDCPNIFTY24APR10300PE,103.6,5568.0,Monitoring
2024-03-27,14:05:00,HOLD,MIDCPNIFTY24APR10300PE,103.6,5568.0,Monitoring
2024-03-27,14:10:00,HOLD,MIDCPNIFTY24APR10300PE,103.6,5568.0,Monitoring
2024-03-27,14:15:00,HOLD,MIDCPNIFTY24APR10300PE,103.6,5568.0,Monitoring
2024-03-27,14:20:00,HOLD,MIDCPNIFTY24APR10300PE,103.6,5568.0,Monitoring
2024-03-27,14:25:00,HOLD,MIDCPNIFTY24APR10300PE,103.6,5568.0,Monitoring
2024-03-27,14:30:00,HOLD,MIDCPNIFTY24APR10300PE,103.6,5568.0,Monitoring
2024-03-27,14:35:00,HOLD,MIDCPNIFTY24APR10300PE,103.6,5568.0,Monitoring
2024-03-27,14:40:00,HOLD,MIDCPNIFTY24APR10300PE,103.6,5568.0,Monitoring
2024-03-27,14:45:00,HOLD,MIDCPNIFTY24APR10300PE,103.6,5568.0,Monitoring
2024-03-27,14:50:00,HOLD,MIDCPNIFTY24APR10300PE,103.6,5568.0,Monitoring
2024-03-27,14:55:00,HOLD,MIDCPNIFTY24APR10300PE,103.6,5568.0,Monitoring
2024-03-27,15:00:00,HOLD,MIDCPNIFTY24APR10300PE,103.6,5568.0,Monitoring
2024-03-27,15:05:00,HOLD,MIDCPNIFTY24APR10300PE,103.6,5568.0,Monitoring
2024-03-27,15:10:00,HOLD,MIDCPNIFTY24APR10300PE,103.6,5568.0,Monitoring
2024-03-27,15:15:00,HOLD,MIDCPNIFTY24APR10300PE,103.6,5568.0,Monitoring
2024-03-27,15:20:00,HOLD,MIDCPNIFTY24APR10300PE,103.6,5568.0,Monitoring
2024-03-27,15:25:00,HOLD,MIDCPNIFTY24APR10300PE,103.6,5568.0,Monitoring
2024-03-28,09:15:00,HOLD,MIDCPNIFTY24APR10300PE,103.6,5568.0,Monitoring
2024-03-28,09:20:00,HOLD,MIDCPNIFTY24APR10300PE,103.6,5568.0,Monitoring
2024-03-28,09:25:00,HOLD,MIDCPNIFTY24APR10300PE,103.6,5568.0,Monitoring
2024-03-28,09:30:00,HOLD,MIDCPNIFTY24APR10300PE,103.6,5568.0,Monitoring
2024-03-28,09:35:00,HOLD,MIDCPNIFTY24APR10300PE,103.6,5568.0,Monitoring
2024-03-28,09:40:00,HOLD,MIDCPNIFTY24APR10300PE,103.6,5568.0,Monitoring
2024-03-28,09:45:00,HOLD,MIDCPNIFTY24APR10300PE,103.6,5568.0,Monitoring
2024-03-28,09:50:00,HOLD,MIDCPNIFTY24APR10300PE,103.6,5568.0,Monitoring
2024-03-28,09:55:00,HOLD,MIDCPNIFTY24APR10300PE,103.6,5568.0,Monitoring
2024-03-28,10:00:00,HOLD,MIDCPNIFTY24APR10300PE,103.6,5568.0,Monitoring
2024-03-28,10:05:00,HOLD,MIDCPNIFTY24APR10300PE,103.6,5568.0,Monitoring
2024-03-28,10:10:00,HOLD,MIDCPNIFTY24APR10300PE,103.6,5568.0,Monitoring
2024-03-28,10:15:00,HOLD,MIDCPNIFTY24APR10300PE,103.6,5568.0,Monitoring
2024-03-28,10:20:00,HOLD,MIDCPNIFTY24APR10300PE,103.6,5568.0,Monitoring
2024-03-28,10:25:00,HOLD,MIDCPNIFTY24APR10300PE,103.6,5568.0,Monitoring
2024-03-28,10:30:00,HOLD,MIDCPNIFTY24APR10300PE,103.6,5568.0,Monitoring
2024-03-28,10:35:00,HOLD,MIDCPNIFTY24APR10300PE,103.6,5568.0,Monitoring
2024-03-28,10:40:00,HOLD,MIDCPNIFTY24APR10300PE,103.6,5568.0,Monitoring
2024-03-28,10:45:00,HOLD,MIDCPNIFTY24APR10300PE,103.6,5568.0,Monitoring
2024-03-28,10:50:00,HOLD,MIDCPNIFTY24APR10300PE,103.6,5568.0,Monitoring
2024-03-28,11:05:00,HOLD,MIDCPNIFTY24APR10300PE,103.6,5568.0,Monitoring
2024-03-28,11:10:00,HOLD,MIDCPNIFTY24APR10300PE,103.6,5568.0,Monitoring
2024-03-28,11:15:00,HOLD,MIDCPNIFTY24APR10300PE,103.6,5568.0,Monitoring
2024-03-28,11:20:00,HOLD,MIDCPNIFTY24APR10300PE,103.6,5568.0,Monitoring
2024-03-28,11:25:00,HOLD,MIDCPNIFTY24APR10300PE,103.6,5568.0,Monitoring
2024-03-28,11:30:00,HOLD,MIDCPNIFTY24APR10300PE,103.6,5568.0,Monitoring
2024-03-28,11:35:00,HOLD,MIDCPNIFTY24APR10300PE,103.6,5568.0,Monitoring
2024-03-28,11:50:00,HOLD,MIDCPNIFTY24APR10300PE,103.6,5568.0,Monitoring
2024-03-28,11:55:00,HOLD,MIDCPNIFTY24APR10300PE,103.6,5568.0,Monitoring
2024-03-28,12:00:00,HOLD,MIDCPNIFTY24APR10300PE,103.6,5568.0,Monitoring
2024-03-28,12:05:00,HOLD,MIDCPNIFTY24APR10300PE,103.6,5568.0,Monitoring
2024-03-28,12:55:00,HOLD,MIDCPNIFTY24APR10300PE,103.6,5568.0,Monitoring
2024-03-28,13:00:00,HOLD,MIDCPNIFTY24APR10300PE,103.6,5568.0,Monitoring
2024-03-28,13:05:00,HOLD,MIDCPNIFTY24APR10300PE,103.6,5568.0,Monitoring
2024-03-28,13:10:00,HOLD,MIDCPNIFTY24APR10300PE,103.6,5568.0,Monitoring
2024-03-28,13:20:00,HOLD,MIDCPNIFTY24APR10300PE,103.6,5568.0,Monitoring
2024-03-28,13:25:00,HOLD,MIDCPNIFTY24APR10300PE,103.6,5568.0,Monitoring
2024-03-28,13:30:00,HOLD,MIDCPNIFTY24APR10300PE,103.6,5568.0,Monitoring
2024-03-28,13:35:00,HOLD,MIDCPNIFTY24APR10300PE,103.6,5568.0,Monitoring
2024-03-28,13:40:00,HOLD,MIDCPNIFTY24APR10300PE,103.6,5568.0,Monitoring
2024-03-28,13:45:00,HOLD,MIDCPNIFTY24APR10300PE,103.6,5568.0,Monitoring
2024-03-28,13:50:00,HOLD,MIDCPNIFTY24APR10300PE,103.6,5568.0,Monitoring
2024-03-28,13:55:00,HOLD,MIDCPNIFTY24APR10300PE,103.6,5568.0,Monitoring
2024-03-28,14:00:00,HOLD,MIDCPNIFTY24APR10300PE,103.6,5568.0,Monitoring
2024-03-28,14:05:00,HOLD,MIDCPNIFTY24APR10300PE,103.6,5568.0,Monitoring
2024-03-28,14:10:00,HOLD,MIDCPNIFTY24APR10300PE,103.6,5568.0,Monitoring
2024-03-28,14:20:00,HOLD,MIDCPNIFTY24APR10300PE,103.6,5568.0,Monitoring
2024-03-28,14:25:00,HOLD,MIDCPNIFTY24APR10300PE,103.6,5568.0,Monitoring
2024-03-28,14:30:00,HOLD,MIDCPNIFTY24APR10300PE,103.6,5568.0,Monitoring
2024-03-28,14:35:00,HOLD,MIDCPNIFTY24APR10300PE,103.6,5568.0,Monitoring
2024-04-01,09:15:00,HOLD,MIDCPNIFTY24APR10300PE,103.6,5568.0,Monitoring
2024-04-01,09:20:00,HOLD,MIDCPNIFTY24APR10300PE,103.6,5568.0,Monitoring
2024-04-01,09:25:00,HOLD,MIDCPNIFTY24APR10300PE,103.6,5568.0,Monitoring
2024-04-01,09:30:00,HOLD,MIDCPNIFTY24APR10300PE,103.6,5568.0,Monitoring
2024-04-01,09:35:00,HOLD,MIDCPNIFTY24APR10300PE,103.6,5568.0,Monitoring
2024-04-01,09:40:00,HOLD,MIDCPNIFTY24APR10300PE,103.6,5568.0,Monitoring
2024-04-01,09:45:00,HOLD,MIDCPNIFTY24APR10300PE,103.6,5568.0,Monitoring
2024-04-01,09:50:00,HOLD,MIDCPNIFTY24APR10300PE,103.6,5568.0,Monitoring
2024-04-01,09:55:00,HOLD,MIDCPNIFTY24APR10300PE,103.6,5568.0,Monitoring
2024-04-01,10:00:00,HOLD,MIDCPNIFTY24APR10300PE,103.6,5568.0,Monitoring
2024-04-01,10:05:00,HOLD,MIDCPNIFTY24APR10300PE,103.6,5568.0,Monitoring
2024-04-01,10:10:00,HOLD,MIDCPNIFTY24APR10300PE,103.6,5568.0,Monitoring
2024-04-01,10:15:00,HOLD,MIDCPNIFTY24APR10300PE,103.6,5568.0,Monitoring
2024-04-01,10:20:00,HOLD,MIDCPNIFTY24APR10300PE,103.6,5568.0,Monitoring
2024-04-01,10:25:00,HOLD,MIDCPNIFTY24APR10300PE,103.6,5568.0,Monitoring
2024-04-01,10:30:00,HOLD,MIDCPNIFTY24APR10300PE,103.6,5568.0,Monitoring
2024-04-01,10:35:00,HOLD,MIDCPNIFTY24APR10300PE,103.6,5568.0,Monitoring
2024-04-01,10:40:00,HOLD,MIDCPNIFTY24APR10300PE,103.6,5568.0,Monitoring
2024-04-01,10:45:00,HOLD,MIDCPNIFTY24APR10300PE,103.6,5568.0,Monitoring
2024-04-01,10:50:00,HOLD,MIDCPNIFTY24APR10300PE,103.6,5568.0,Monitoring
2024-04-01,10:55:00,HOLD,MIDCPNIFTY24APR10300PE,103.6,5568.0,Monitoring
2024-04-01,11:00:00,HOLD,MIDCPNIFTY24APR10300PE,103.6,5568.0,Monitoring
2024-04-01,11:05:00,HOLD,MIDCPNIFTY24APR10300PE,103.6,5568.0,Monitoring
2024-04-01,11:10:00,HOLD,MIDCPNIFTY24APR10300PE,103.6,5568.0,Monitoring
2024-04-01,11:15:00,HOLD,MIDCPNIFTY24APR10300PE,103.6,5568.0,Monitoring
2024-04-01,11:20:00,HOLD,MIDCPNIFTY24APR10300PE,103.6,5568.0,Monitoring
2024-04-01,11:25:00,HOLD,MIDCPNIFTY24APR10300PE,103.6,5568.0,Monitoring
2024-04-01,11:30:00,HOLD,MIDCPNIFTY24APR10300PE,103.6,5568.0,Monitoring
2024-04-01,11:35:00,HOLD,MIDCPNIFTY24APR10300PE,103.6,5568.0,Monitoring
2024-04-01,11:40:00,HOLD,MIDCPNIFTY24APR10300PE,103.6,5568.0,Monitoring
2024-04-01,11:45:00,HOLD,MIDCPNIFTY24APR10300PE,103.6,5568.0,Monitoring
2024-04-01,11:50:00,HOLD,MIDCPNIFTY24APR10300PE,103.6,5568.0,Monitoring
2024-04-01,11:55:00,HOLD,MIDCPNIFTY24APR10300PE,103.6,5568.0,Monitoring
2024-04-01,12:15:00,HOLD,MIDCPNIFTY24APR10300PE,90.85,7098.0,Monitoring
2024-04-01,12:20:00,HOLD,MIDCPNIFTY24APR10300PE,90.8,7104.0,Monitoring
2024-04-01,12:25:00,HOLD,MIDCPNIFTY24APR10300PE,90.8,7104.0,Monitoring
2024-04-01,12:30:00,HOLD,MIDCPNIFTY24APR10300PE,90.8,7104.0,Monitoring
2024-04-01,12:35:00,HOLD,MIDCPNIFTY24APR10300PE,90.8,7104.0,Monitoring
2024-04-01,12:40:00,HOLD,MIDCPNIFTY24APR10300PE,90.8,7104.0,Monitoring
2024-04-01,12:45:00,HOLD,MIDCPNIFTY24APR10300PE,90.8,7104.0,Monitoring
2024-04-01,12:50:00,HOLD,MIDCPNIFTY24APR10300PE,90.8,7104.0,Monitoring
2024-04-01,12:55:00,HOLD,MIDCPNIFTY24APR10300PE,90.8,7104.0,Monitoring
2024-04-01,13:00:00,HOLD,MIDCPNIFTY24APR10300PE,90.8,7104.0,Monitoring
2024-04-01,13:05:00,HOLD,MIDCPNIFTY24APR10300PE,90.8,7104.0,Monitoring
2024-04-01,13:20:00,HOLD,MIDCPNIFTY24APR10300PE,90.8,7104.0,Monitoring
2024-04-01,13:25:00,HOLD,MIDCPNIFTY24APR10300PE,90.8,7104.0,Monitoring
2024-04-01,13:30:00,HOLD,MIDCPNIFTY24APR10300PE,90.8,7104.0,Monitoring
2024-04-01,13:35:00,HOLD,MIDCPNIFTY24APR10300PE,90.8,7104.0,Monitoring
2024-04-01,13:40:00,HOLD,MIDCPNIFTY24APR10300PE,90.8,7104.0,Monitoring
2024-04-01,13:45:00,HOLD,MIDCPNIFTY24APR10300PE,90.8,7104.0,Monitoring
2024-04-01,13:50:00,HOLD,MIDCPNIFTY24APR10300PE,90.8,7104.0,Monitoring
2024-04-01,13:55:00,HOLD,MIDCPNIFTY24APR10300PE,90.8,7104.0,Monitoring
2024-04-01,14:00:00,HOLD,MIDCPNIFTY24APR10300PE,90.8,7104.0,Monitoring
2024-04-01,14:05:00,HOLD,MIDCPNIFTY24APR10300PE,90.8,7104.0,Monitoring
2024-04-01,14:10:00,HOLD,MIDCPNIFTY24APR10300PE,90.8,7104.0,Monitoring
2024-04-01,14:15:00,HOLD,MIDCPNIFTY24APR10300PE,90.8,7104.0,Monitoring
2024-04-01,14:20:00,HOLD,MIDCPNIFTY24APR10300PE,90.8,7104.0,Monitoring
2024-04-01,14:25:00,HOLD,MIDCPNIFTY24APR10300PE,90.8,7104.0,Monitoring
2024-04-01,14:30:00,HOLD,MIDCPNIFTY24APR10300PE,90.8,7104.0,Monitoring
2024-04-01,14:35:00,HOLD,MIDCPNIFTY24APR10300PE,90.8,7104.0,Monitoring
2024-04-01,14:40:00,HOLD,MIDCPNIFTY24APR10300PE,90.8,7104.0,Monitoring
2024-04-01,14:45:00,HOLD,MIDCPNIFTY24APR10300PE,90.8,7104.0,Monitoring
2024-04-01,14:50:00,HOLD,MIDCPNIFTY24APR10300PE,90.8,7104.0,Monitoring
2024-04-01,14:55:00,HOLD,MIDCPNIFTY24APR10300PE,90.8,7104.0,Monitoring
2024-04-01,15:00:00,HOLD,MIDCPNIFTY24APR10300PE,90.8,7104.0,Monitoring
2024-04-01,15:05:00,HOLD,MIDCPNIFTY24APR10300PE,90.8,7104.0,Monitoring
2024-04-01,15:10:00,HOLD,MIDCPNIFTY24APR10300PE,90.8,7104.0,Monitoring
2024-04-01,15:15:00,HOLD,MIDCPNIFTY24APR10300PE,90.8,7104.0,Monitoring
2024-04-01,15:20:00,HOLD,MIDCPNIFTY24APR10300PE,90.8,7104.0,Monitoring
2024-04-01,15:25:00,HOLD,MIDCPNIFTY24APR10300PE,90.8,7104.0,Monitoring
2024-04-02,09:20:00,HOLD,MIDCPNIFTY24APR10300PE,90.8,7104.0,Monitoring
2024-04-02,09:25:00,HOLD,MIDCPNIFTY24APR10300PE,90.8,7104.0,Monitoring
2024-04-02,09:30:00,HOLD,MIDCPNIFTY24APR10300PE,90.8,7104.0,Monitoring
2024-04-02,09:35:00,HOLD,MIDCPNIFTY24APR10300PE,90.8,7104.0,Monitoring
2024-04-02,09:40:00,HOLD,MIDCPNIFTY24APR10300PE,90.8,7104.0,Monitoring
2024-04-02,09:45:00,HOLD,MIDCPNIFTY24APR10300PE,90.8,7104.0,Monitoring
2024-04-02,09:50:00,HOLD,MIDCPNIFTY24APR10300PE,90.8,7104.0,Monitoring
2024-04-02,09:55:00,HOLD,MIDCPNIFTY24APR10300PE,90.8,7104.0,Monitoring
2024-04-02,10:00:00,HOLD,MIDCPNIFTY24APR10300PE,90.8,7104.0,Monitoring
2024-04-02,10:05:00,HOLD,MIDCPNIFTY24APR10300PE,90.8,7104.0,Monitoring
2024-04-02,10:10:00,HOLD,MIDCPNIFTY24APR10300PE,90.8,7104.0,Monitoring
2024-04-02,10:15:00,HOLD,MIDCPNIFTY24APR10300PE,90.8,7104.0,Monitoring
2024-04-02,10:20:00,HOLD,MIDCPNIFTY24APR10300PE,60.0,10800.0,Monitoring
2024-04-02,10:25:00,HOLD,MIDCPNIFTY24APR10300PE,60.0,10800.0,Monitoring
2024-04-02,10:30:00,HOLD,MIDCPNIFTY24APR10300PE,60.0,10800.0,Monitoring
2024-04-02,10:35:00,HOLD,MIDCPNIFTY24APR10300PE,60.0,10800.0,Monitoring
2024-04-02,10:40:00,HOLD,MIDCPNIFTY24APR10300PE,60.0,10800.0,Monitoring
2024-04-02,10:45:00,HOLD,MIDCPNIFTY24APR10300PE,60.0,10800.0,Monitoring
2024-04-02,10:50:00,HOLD,MIDCPNIFTY24APR10300PE,60.0,10800.0,Monitoring
2024-04-02,10:55:00,HOLD,MIDCPNIFTY24APR10300PE,60.0,10800.0,Monitoring
2024-04-02,11:00:00,HOLD,MIDCPNIFTY24APR10300PE,60.0,10800.0,Monitoring
2024-04-02,11:05:00,HOLD,MIDCPNIFTY24APR10300PE,60.0,10800.0,Monitoring
2024-04-02,11:10:00,HOLD,MIDCPNIFTY24APR10300PE,60.0,10800.0,Monitoring
2024-04-02,11:15:00,HOLD,MIDCPNIFTY24APR10300PE,60.0,10800.0,Monitoring
2024-04-02,12:15:00,HOLD,MIDCPNIFTY24APR10300PE,60.0,10800.0,Monitoring
2024-04-02,12:20:00,HOLD,MIDCPNIFTY24APR10300PE,60.0,10800.0,Monitoring
2024-04-02,12:25:00,HOLD,MIDCPNIFTY24APR10300PE,60.0,10800.0,Monitoring
2024-04-02,12:30:00,HOLD,MIDCPNIFTY24APR10300PE,60.0,10800.0,Monitoring
2024-04-02,12:35:00,HOLD,MIDCPNIFTY24APR10300PE,60.0,10800.0,Monitoring
2024-04-02,13:55:00,HOLD,MIDCPNIFTY24APR10300PE,60.0,10800.0,Monitoring
2024-04-02,14:00:00,HOLD,MIDCPNIFTY24APR10300PE,60.0,10800.0,Monitoring
2024-04-02,14:05:00,HOLD,MIDCPNIFTY24APR10300PE,60.0,10800.0,Monitoring
2024-04-02,14:10:00,HOLD,MIDCPNIFTY24APR10300PE,60.0,10800.0,Monitoring
2024-04-02,14:15:00,HOLD,MIDCPNIFTY24APR10300PE,60.0,10800.0,Monitoring
2024-04-02,14:20:00,HOLD,MIDCPNIFTY24APR10300PE,60.0,10800.0,Monitoring
2024-04-02,14:45:00,HOLD,MIDCPNIFTY24APR10300PE,60.0,10800.0,Monitoring
2024-04-02,14:50:00,HOLD,MIDCPNIFTY24APR10300PE,60.0,10800.0,Monitoring
2024-04-02,14:55:00,HOLD,MIDCPNIFTY24APR10300PE,60.0,10800.0,Monitoring
2024-04-02,15:00:00,HOLD,MIDCPNIFTY24APR10300PE,60.0,10800.0,Monitoring
2024-04-02,15:05:00,HOLD,MIDCPNIFTY24APR10300PE,60.0,10800.0,Monitoring
2024-04-02,15:10:00,HOLD,MIDCPNIFTY24APR10300PE,60.0,10800.0,Monitoring
2024-04-02,15:15:00,HOLD,MIDCPNIFTY24APR10300PE,60.0,10800.0,Monitoring
2024-04-02,15:20:00,HOLD,MIDCPNIFTY24APR10300PE,60.0,10800.0,Monitoring
2024-04-02,15:25:00,HOLD,MIDCPNIFTY24APR10300PE,60.0,10800.0,Monitoring
2024-04-03,09:30:00,HOLD,MIDCPNIFTY24APR10300PE,60.0,10800.0,Monitoring
2024-04-03,09:35:00,HOLD,MIDCPNIFTY24APR10300PE,60.0,10800.0,Monitoring
2024-04-03,09:40:00,HOLD,MIDCPNIFTY24APR10300PE,60.0,10800.0,Monitoring
2024-04-03,09:45:00,HOLD,MIDCPNIFTY24APR10300PE,60.0,10800.0,Monitoring
2024-04-03,09:50:00,HOLD,MIDCPNIFTY24APR10300PE,60.0,10800.0,Monitoring
2024-04-03,09:55:00,HOLD,MIDCPNIFTY24APR10300PE,60.0,10800.0,Monitoring
2024-04-03,10:00:00,HOLD,MIDCPNIFTY24APR10300PE,60.0,10800.0,Monitoring
2024-04-03,11:30:00,HOLD,MIDCPNIFTY24APR10300PE,60.0,10800.0,Monitoring
2024-04-03,11:35:00,HOLD,MIDCPNIFTY24APR10300PE,60.0,10800.0,Monitoring
2024-04-03,11:40:00,HOLD,MIDCPNIFTY24APR10300PE,60.0,10800.0,Monitoring
2024-04-03,11:45:00,HOLD,MIDCPNIFTY24APR10300PE,60.0,10800.0,Monitoring
2024-04-03,11:50:00,HOLD,MIDCPNIFTY24APR10300PE,60.0,10800.0,Monitoring
2024-04-03,12:15:00,HOLD,MIDCPNIFTY24APR10300PE,60.0,10800.0,Monitoring
2024-04-03,12:20:00,HOLD,MIDCPNIFTY24APR10300PE,60.0,10800.0,Monitoring
2024-04-03,12:25:00,HOLD,MIDCPNIFTY24APR10300PE,60.0,10800.0,Monitoring
2024-04-03,12:30:00,HOLD,MIDCPNIFTY24APR10300PE,60.0,10800.0,Monitoring
2024-04-03,12:35:00,HOLD,MIDCPNIFTY24APR10300PE,60.0,10800.0,Monitoring
2024-04-03,12:45:00,HOLD,MIDCPNIFTY24APR10300PE,60.0,10800.0,Monitoring
2024-04-03,12:50:00,HOLD,MIDCPNIFTY24APR10300PE,60.0,10800.0,Monitoring
2024-04-03,12:55:00,HOLD,MIDCPNIFTY24APR10300PE,60.0,10800.0,Monitoring
2024-04-03,13:00:00,HOLD,MIDCPNIFTY24APR10300PE,60.0,10800.0,Monitoring
2024-04-03,13:05:00,HOLD,MIDCPNIFTY24APR10300PE,60.0,10800.0,Monitoring
2024-04-03,13:10:00,HOLD,MIDCPNIFTY24APR10300PE,60.0,10800.0,Monitoring
2024-04-03,13:55:00,HOLD,MIDCPNIFTY24APR10300PE,60.0,10800.0,Monitoring
2024-04-03,14:00:00,HOLD,MIDCPNIFTY24APR10300PE,60.0,10800.0,Monitoring
2024-04-03,14:05:00,HOLD,MIDCPNIFTY24APR10300PE,60.0,10800.0,Monitoring
2024-04-03,14:10:00,HOLD,MIDCPNIFTY24APR10300PE,60.0,10800.0,Monitoring
2024-04-03,14:15:00,HOLD,MIDCPNIFTY24APR10300PE,60.0,10800.0,Monitoring
2024-04-03,14:20:00,HOLD,MIDCPNIFTY24APR10300PE,60.0,10800.0,Monitoring
2024-04-03,14:25:00,HOLD,MIDCPNIFTY24APR10300PE,60.0,10800.0,Monitoring
2024-04-03,14:30:00,HOLD,MIDCPNIFTY24APR10300PE,60.0,10800.0,Monitoring
2024-04-03,14:35:00,HOLD,MIDCPNIFTY24APR10300PE,60.0,10800.0,Monitoring
2024-04-03,14:40:00,HOLD,MIDCPNIFTY24APR10300PE,60.0,10800.0,Monitoring
2024-04-03,14:45:00,HOLD,MIDCPNIFTY24APR10300PE,50.0,12000.0,Monitoring
2024-04-03,14:50:00,HOLD,MIDCPNIFTY24APR10300PE,50.0,12000.0,Monitoring
2024-04-03,14:55:00,HOLD,MIDCPNIFTY24APR10300PE,50.0,12000.0,Monitoring
2024-04-03,15:00:00,HOLD,MIDCPNIFTY24APR10300PE,60.0,10800.0,Monitoring
2024-04-03,15:05:00,HOLD,MIDCPNIFTY24APR10300PE,60.0,10800.0,Monitoring
2024-04-03,15:10:00,HOLD,MIDCPNIFTY24APR10300PE,60.0,10800.0,Monitoring
2024-04-03,15:15:00,HOLD,MIDCPNIFTY24APR10300PE,60.0,10800.0,Monitoring
2024-04-03,15:20:00,HOLD,MIDCPNIFTY24APR10300PE,60.0,10800.0,Monitoring
2024-04-03,15:25:00,HOLD,MIDCPNIFTY24APR10300PE,60.0,10800.0,Monitoring
2024-04-04,09:15:00,HOLD,MIDCPNIFTY24APR10300PE,60.0,10800.0,Monitoring
2024-04-04,09:20:00,HOLD,MIDCPNIFTY24APR10300PE,60.0,10800.0,Monitoring
2024-04-04,09:25:00,HOLD,MIDCPNIFTY24APR10300PE,60.0,10800.0,Monitoring
2024-04-04,09:30:00,HOLD,MIDCPNIFTY24APR10300PE,60.0,10800.0,Monitoring
2024-04-04,09:35:00,HOLD,MIDCPNIFTY24APR10300PE,60.0,10800.0,Monitoring
2024-04-04,09:40:00,HOLD,MIDCPNIFTY24APR10300PE,60.0,10800.0,Monitoring
2024-04-04,09:45:00,HOLD,MIDCPNIFTY24APR10300PE,60.0,10800.0,Monitoring
2024-04-04,09:50:00,HOLD,MIDCPNIFTY24APR10300PE,60.0,10800.0,Monitoring
2024-04-04,09:55:00,HOLD,MIDCPNIFTY24APR10300PE,60.0,10800.0,Monitoring
2024-04-04,10:00:00,HOLD,MIDCPNIFTY24APR10300PE,60.0,10800.0,Monitoring
2024-04-04,10:05:00,HOLD,MIDCPNIFTY24APR10300PE,60.0,10800.0,Monitoring
2024-04-04,10:10:00,HOLD,MIDCPNIFTY24APR10300PE,60.0,10800.0,Monitoring
2024-04-04,10:15:00,HOLD,MIDCPNIFTY24APR10300PE,60.0,10800.0,Monitoring
2024-04-04,10:20:00,HOLD,MIDCPNIFTY24APR10300PE,60.0,10800.0,Monitoring
2024-04-04,10:55:00,HOLD,MIDCPNIFTY24APR10300PE,60.0,10800.0,Monitoring
2024-04-04,11:00:00,HOLD,MIDCPNIFTY24APR10300PE,60.0,10800.0,Monitoring
2024-04-04,11:05:00,HOLD,MIDCPNIFTY24APR10300PE,60.0,10800.0,Monitoring
2024-04-04,11:10:00,HOLD,MIDCPNIFTY24APR10300PE,60.0,10800.0,Monitoring
2024-04-04,12:55:00,HOLD,MIDCPNIFTY24APR10300PE,60.0,10800.0,Monitoring
2024-04-04,13:00:00,HOLD,MIDCPNIFTY24APR10300PE,60.0,10800.0,Monitoring
2024-04-04,13:05:00,HOLD,MIDCPNIFTY24APR10300PE,60.0,10800.0,Monitoring
2024-04-04,13:10:00,HOLD,MIDCPNIFTY24APR10300PE,60.0,10800.0,Monitoring
2024-04-04,13:45:00,HOLD,MIDCPNIFTY24APR10300PE,60.0,10800.0,Monitoring
2024-04-04,13:50:00,HOLD,MIDCPNIFTY24APR10300PE,60.0,10800.0,Monitoring
2024-04-04,13:55:00,HOLD,MIDCPNIFTY24APR10300PE,60.0,10800.0,Monitoring
2024-04-04,14:00:00,HOLD,MIDCPNIFTY24APR10300PE,60.0,10800.0,Monitoring
2024-04-04,14:25:00,HOLD,MIDCPNIFTY24APR10300PE,60.0,10800.0,Monitoring
2024-04-04,14:30:00,HOLD,MIDCPNIFTY24APR10300PE,60.0,10800.0,Monitoring
2024-04-04,14:35:00,HOLD,MIDCPNIFTY24APR10300PE,60.0,10800.0,Monitoring
2024-04-04,14:40:00,HOLD,MIDCPNIFTY24APR10300PE,60.0,10800.0,Monitoring
2024-04-04,14:45:00,HOLD,MIDCPNIFTY24APR10300PE,60.0,10800.0,Monitoring
2024-04-04,14:50:00,HOLD,MIDCPNIFTY24APR10300PE,60.0,10800.0,Monitoring
2024-04-04,14:55:00,HOLD,MIDCPNIFTY24APR10300PE,60.0,10800.0,Monitoring
2024-04-04,15:00:00,HOLD,MIDCPNIFTY24APR10300PE,60.0,10800.0,Monitoring
2024-04-04,15:10:00,HOLD,MIDCPNIFTY24APR10300PE,60.0,10800.0,Monitoring
2024-04-04,15:15:00,HOLD,MIDCPNIFTY24APR10300PE,60.0,10800.0,Monitoring
2024-04-04,15:20:00,HOLD,MIDCPNIFTY24APR10300PE,60.0,10800.0,Monitoring
2024-04-04,15:25:00,HOLD,MIDCPNIFTY24APR10300PE,60.0,10800.0,Monitoring
2024-04-05,09:40:00,HOLD,MIDCPNIFTY24APR10300PE,62.0,10560.0,Monitoring
2024-04-05,09:45:00,HOLD,MIDCPNIFTY24APR10300PE,62.0,10560.0,Monitoring
2024-04-05,09:50:00,HOLD,MIDCPNIFTY24APR10300PE,62.0,10560.0,Monitoring
2024-04-05,09:55:00,HOLD,MIDCPNIFTY24APR10300PE,62.0,10560.0,Monitoring
2024-04-05,10:00:00,HOLD,MIDCPNIFTY24APR10300PE,62.0,10560.0,Monitoring
2024-04-05,10:05:00,HOLD,MIDCPNIFTY24APR10300PE,62.0,10560.0,Monitoring
2024-04-05,10:10:00,HOLD,MIDCPNIFTY24APR10300PE,62.0,10560.0,Monitoring
2024-04-05,10:15:00,HOLD,MIDCPNIFTY24APR10300PE,62.0,10560.0,Monitoring
2024-04-05,10:20:00,HOLD,MIDCPNIFTY24APR10300PE,62.0,10560.0,Monitoring
2024-04-05,10:25:00,HOLD,MIDCPNIFTY24APR10300PE,62.0,10560.0,Monitoring
2024-04-05,10:30:00,HOLD,MIDCPNIFTY24APR10300PE,62.0,10560.0,Monitoring
2024-04-05,10:35:00,HOLD,MIDCPNIFTY24APR10300PE,62.0,10560.0,Monitoring
2024-04-05,10:40:00,HOLD,MIDCPNIFTY24APR10300PE,62.0,10560.0,Monitoring
2024-04-05,10:45:00,HOLD,MIDCPNIFTY24APR10300PE,62.0,10560.0,Monitoring
2024-04-05,10:50:00,HOLD,MIDCPNIFTY24APR10300PE,62.0,10560.0,Monitoring
2024-04-05,10:55:00,HOLD,MIDCPNIFTY24APR10300PE,62.0,10560.0,Monitoring
2024-04-05,11:00:00,HOLD,MIDCPNIFTY24APR10300PE,62.0,10560.0,Monitoring
2024-04-05,11:05:00,HOLD,MIDCPNIFTY24APR10300PE,62.0,10560.0,Monitoring
2024-04-05,11:10:00,HOLD,MIDCPNIFTY24APR10300PE,62.0,10560.0,Monitoring
2024-04-05,11:15:00,HOLD,MIDCPNIFTY24APR10300PE,62.0,10560.0,Monitoring
2024-04-05,11:20:00,HOLD,MIDCPNIFTY24APR10300PE,62.0,10560.0,Monitoring
2024-04-05,11:25:00,HOLD,MIDCPNIFTY24APR10300PE,62.0,10560.0,Monitoring
2024-04-05,11:30:00,HOLD,MIDCPNIFTY24APR10300PE,62.0,10560.0,Monitoring
2024-04-05,12:45:00,HOLD,MIDCPNIFTY24APR10300PE,60.0,10800.0,Monitoring
2024-04-05,12:50:00,HOLD,MIDCPNIFTY24APR10300PE,60.0,10800.0,Monitoring
2024-04-05,12:55:00,HOLD,MIDCPNIFTY24APR10300PE,60.0,10800.0,Monitoring
2024-04-05,13:00:00,HOLD,MIDCPNIFTY24APR10300PE,60.0,10800.0,Monitoring
2024-04-05,13:05:00,HOLD,MIDCPNIFTY24APR10300PE,60.0,10800.0,Monitoring
2024-04-05,13:10:00,HOLD,MIDCPNIFTY24APR10300PE,60.0,10800.0,Monitoring
2024-04-05,13:15:00,HOLD,MIDCPNIFTY24APR10300PE,60.0,10800.0,Monitoring
2024-04-05,13:20:00,HOLD,MIDCPNIFTY24APR10300PE,60.0,10800.0,Monitoring
2024-04-05,13:25:00,HOLD,MIDCPNIFTY24APR10300PE,60.0,10800.0,Monitoring
2024-04-05,13:30:00,HOLD,MIDCPNIFTY24APR10300PE,60.0,10800.0,Monitoring
2024-04-05,13:55:00,HOLD,MIDCPNIFTY24APR10300PE,60.0,10800.0,Monitoring
2024-04-05,14:00:00,HOLD,MIDCPNIFTY24APR10300PE,60.0,10800.0,Monitoring
2024-04-05,14:05:00,HOLD,MIDCPNIFTY24APR10300PE,60.0,10800.0,Monitoring
2024-04-05,14:10:00,HOLD,MIDCPNIFTY24APR10300PE,60.0,10800.0,Monitoring
2024-04-05,14:15:00,HOLD,MIDCPNIFTY24APR10300PE,60.0,10800.0,Monitoring
2024-04-05,14:20:00,HOLD,MIDCPNIFTY24APR10300PE,60.0,10800.0,Monitoring
2024-04-05,14:25:00,HOLD,MIDCPNIFTY24APR10300PE,60.0,10800.0,Monitoring
2024-04-05,14:30:00,HOLD,MIDCPNIFTY24APR10300PE,60.0,10800.0,Monitoring
2024-04-08,09:15:00,HOLD,MIDCPNIFTY24APR10300PE,60.0,10800.0,Monitoring
2024-04-08,09:20:00,HOLD,MIDCPNIFTY24APR10300PE,60.0,10800.0,Monitoring
2024-04-08,09:25:00,HOLD,MIDCPNIFTY24APR10300PE,60.0,10800.0,Monitoring
2024-04-08,09:30:00,HOLD,MIDCPNIFTY24APR10300PE,60.0,10800.0,Monitoring
2024-04-08,09:35:00,HOLD,MIDCPNIFTY24APR10300PE,60.0,10800.0,Monitoring
2024-04-08,09:40:00,HOLD,MIDCPNIFTY24APR10300PE,60.0,10800.0,Monitoring
2024-04-08,09:45:00,HOLD,MIDCPNIFTY24APR10300PE,60.0,10800.0,Monitoring
2024-04-08,09:50:00,HOLD,MIDCPNIFTY24APR10300PE,60.0,10800.0,Monitoring
2024-04-08,09:55:00,HOLD,MIDCPNIFTY24APR10300PE,60.0,10800.0,Monitoring
2024-04-08,10:00:00,HOLD,MIDCPNIFTY24APR10300PE,60.0,10800.0,Monitoring
2024-04-08,10:05:00,HOLD,MIDCPNIFTY24APR10300PE,60.0,10800.0,Monitoring
2024-04-08,10:10:00,HOLD,MIDCPNIFTY24APR10300PE,60.0,10800.0,Monitoring
2024-04-08,10:15:00,HOLD,MIDCPNIFTY24APR10300PE,60.0,10800.0,Monitoring
2024-04-08,10:20:00,HOLD,MIDCPNIFTY24APR10300PE,60.0,10800.0,Monitoring
2024-04-08,10:25:00,HOLD,MIDCPNIFTY24APR10300PE,60.0,10800.0,Monitoring
2024-04-08,10:50:00,HOLD,MIDCPNIFTY24APR10300PE,60.0,10800.0,Monitoring
2024-04-08,10:55:00,HOLD,MIDCPNIFTY24APR10300PE,60.0,10800.0,Monitoring
2024-04-08,11:00:00,HOLD,MIDCPNIFTY24APR10300PE,60.0,10800.0,Monitoring
2024-04-08,11:05:00,HOLD,MIDCPNIFTY24APR10300PE,60.0,10800.0,Monitoring
2024-04-08,12:20:00,HOLD,MIDCPNIFTY24APR10300PE,60.0,10800.0,Monitoring
2024-04-08,12:25:00,HOLD,MIDCPNIFTY24APR10300PE,60.0,10800.0,Monitoring
2024-04-08,12:30:00,HOLD,MIDCPNIFTY24APR10300PE,60.0,10800.0,Monitoring
2024-04-08,12:35:00,HOLD,MIDCPNIFTY24APR10300PE,60.0,10800.0,Monitoring
2024-04-08,12:45:00,HOLD,MIDCPNIFTY24APR10300PE,60.0,10800.0,Monitoring
2024-04-08,12:50:00,HOLD,MIDCPNIFTY24APR10300PE,60.0,10800.0,Monitoring
2024-04-08,12:55:00,HOLD,MIDCPNIFTY24APR10300PE,60.0,10800.0,Monitoring
2024-04-08,13:00:00,HOLD,MIDCPNIFTY24APR10300PE,60.0,10800.0,Monitoring
2024-04-08,13:25:00,HOLD,MIDCPNIFTY24APR10300PE,60.0,10800.0,Monitoring
2024-04-08,13:30:00,HOLD,MIDCPNIFTY24APR10300PE,60.0,10800.0,Monitoring
2024-04-08,13:35:00,HOLD,MIDCPNIFTY24APR10300PE,60.0,10800.0,Monitoring
2024-04-08,13:40:00,HOLD,MIDCPNIFTY24APR10300PE,60.0,10800.0,Monitoring
2024-04-08,13:45:00,HOLD,MIDCPNIFTY24APR10300PE,60.0,10800.0,Monitoring
2024-04-08,13:50:00,HOLD,MIDCPNIFTY24APR10300PE,60.0,10800.0,Monitoring
2024-04-08,13:55:00,HOLD,MIDCPNIFTY24APR10300PE,60.0,10800.0,Monitoring
2024-04-08,14:05:00,HOLD,MIDCPNIFTY24APR10300PE,60.0,10800.0,Monitoring
2024-04-08,14:10:00,HOLD,MIDCPNIFTY24APR10300PE,60.0,10800.0,Monitoring
2024-04-08,14:15:00,HOLD,MIDCPNIFTY24APR10300PE,60.0,10800.0,Monitoring
2024-04-08,14:20:00,HOLD,MIDCPNIFTY24APR10300PE,60.0,10800.0,Monitoring
2024-04-08,14:25:00,HOLD,MIDCPNIFTY24APR10300PE,60.0,10800.0,Monitoring
2024-04-08,14:30:00,HOLD,MIDCPNIFTY24APR10300PE,60.0,10800.0,Monitoring
2024-04-08,15:15:00,HOLD,MIDCPNIFTY24APR10300PE,60.0,10800.0,Monitoring
2024-04-08,15:20:00,HOLD,MIDCPNIFTY24APR10300PE,60.0,10800.0,Monitoring
2024-04-08,15:25:00,HOLD,MIDCPNIFTY24APR10300PE,60.0,10800.0,Monitoring
2024-04-09,09:15:00,HOLD,MIDCPNIFTY24APR10300PE,60.0,10800.0,Monitoring
2024-04-09,09:20:00,HOLD,MIDCPNIFTY24APR10300PE,60.0,10800.0,Monitoring
2024-04-09,09:25:00,HOLD,MIDCPNIFTY24APR10300PE,60.0,10800.0,Monitoring
2024-04-09,09:30:00,HOLD,MIDCPNIFTY24APR10300PE,60.0,10800.0,Monitoring
2024-04-09,09:35:00,HOLD,MIDCPNIFTY24APR10300PE,60.0,10800.0,Monitoring
2024-04-09,09:40:00,HOLD,MIDCPNIFTY24APR10300PE,60.0,10800.0,Monitoring
2024-04-09,09:45:00,HOLD,MIDCPNIFTY24APR10300PE,60.0,10800.0,Monitoring
2024-04-09,09:50:00,HOLD,MIDCPNIFTY24APR10300PE,60.0,10800.0,Monitoring
2024-04-09,10:10:00,HOLD,MIDCPNIFTY24APR10300PE,60.0,10800.0,Monitoring
2024-04-09,10:15:00,HOLD,MIDCPNIFTY24APR10300PE,60.0,10800.0,Monitoring
2024-04-09,10:20:00,HOLD,MIDCPNIFTY24APR10300PE,60.0,10800.0,Monitoring
2024-04-09,10:25:00,HOLD,MIDCPNIFTY24APR10300PE,60.0,10800.0,Monitoring
2024-04-09,10:50:00,HOLD,MIDCPNIFTY24APR10300PE,60.0,10800.0,Monitoring
2024-04-09,10:55:00,HOLD,MIDCPNIFTY24APR10300PE,60.0,10800.0,Monitoring
2024-04-09,11:00:00,HOLD,MIDCPNIFTY24APR10300PE,60.0,10800.0,Monitoring
2024-04-09,11:05:00,HOLD,MIDCPNIFTY24APR10300PE,60.0,10800.0,Monitoring
2024-04-09,12:30:00,HOLD,MIDCPNIFTY24APR10300PE,60.0,10800.0,Monitoring
2024-04-09,12:35:00,HOLD,MIDCPNIFTY24APR10300PE,60.0,10800.0,Monitoring
2024-04-09,12:40:00,HOLD,MIDCPNIFTY24APR10300PE,60.0,10800.0,Monitoring
2024-04-09,12:45:00,HOLD,MIDCPNIFTY24APR10300PE,60.0,10800.0,Monitoring
2024-04-09,14:15:00,HOLD,MIDCPNIFTY24APR10300PE,60.0,10800.0,Monitoring
2024-04-09,14:20:00,HOLD,MIDCPNIFTY24APR10300PE,60.0,10800.0,Monitoring
2024-04-09,14:25:00,HOLD,MIDCPNIFTY24APR10300PE,60.0,10800.0,Monitoring
2024-04-09,14:30:00,HOLD,MIDCPNIFTY24APR10300PE,60.0,10800.0,Monitoring
2024-04-09,15:10:00,HOLD,MIDCPNIFTY24APR10300PE,60.0,10800.0,Monitoring
2024-04-09,15:15:00,HOLD,MIDCPNIFTY24APR10300PE,60.0,10800.0,Monitoring
2024-04-09,15:20:00,HOLD,MIDCPNIFTY24APR10300PE,60.0,10800.0,Monitoring
2024-04-09,15:25:00,HOLD,MIDCPNIFTY24APR10300PE,60.0,10800.0,Monitoring
2024-04-10,09:15:00,HOLD,MIDCPNIFTY24APR10300PE,60.0,10800.0,Monitoring
2024-04-10,09:20:00,HOLD,MIDCPNIFTY24APR10300PE,60.0,10800.0,Monitoring
2024-04-10,09:25:00,HOLD,MIDCPNIFTY24APR10300PE,60.0,10800.0,Monitoring
2024-04-10,09:30:00,HOLD,MIDCPNIFTY24APR10300PE,60.0,10800.0,Monitoring
2024-04-10,09:35:00,HOLD,MIDCPNIFTY24APR10300PE,60.0,10800.0,Monitoring
2024-04-10,09:40:00,HOLD,MIDCPNIFTY24APR10300PE,60.0,10800.0,Monitoring
2024-04-10,09:45:00,HOLD,MIDCPNIFTY24APR10300PE,60.0,10800.0,Monitoring
2024-04-10,09:50:00,HOLD,MIDCPNIFTY24APR10300PE,60.0,10800.0,Monitoring
2024-04-10,09:55:00,HOLD,MIDCPNIFTY24APR10300PE,60.0,10800.0,Monitoring
2024-04-10,10:00:00,HOLD,MIDCPNIFTY24APR10300PE,60.0,10800.0,Monitoring
2024-04-10,10:05:00,HOLD,MIDCPNIFTY24APR10300PE,60.0,10800.0,Monitoring
2024-04-10,10:10:00,HOLD,MIDCPNIFTY24APR10300PE,60.0,10800.0,Monitoring
2024-04-10,10:15:00,HOLD,MIDCPNIFTY24APR10300PE,60.0,10800.0,Monitoring
2024-04-10,10:20:00,HOLD,MIDCPNIFTY24APR10300PE,60.0,10800.0,Monitoring
2024-04-10,10:25:00,HOLD,MIDCPNIFTY24APR10300PE,60.0,10800.0,Monitoring
2024-04-10,10:30:00,HOLD,MIDCPNIFTY24APR10300PE,60.0,10800.0,Monitoring
2024-04-10,10:35:00,HOLD,MIDCPNIFTY24APR10300PE,60.0,10800.0,Monitoring
2024-04-10,10:40:00,HOLD,MIDCPNIFTY24APR10300PE,60.0,10800.0,Monitoring
2024-04-10,10:45:00,HOLD,MIDCPNIFTY24APR10300PE,60.0,10800.0,Monitoring
2024-04-10,10:50:00,HOLD,MIDCPNIFTY24APR10300PE,60.0,10800.0,Monitoring
2024-04-10,10:55:00,HOLD,MIDCPNIFTY24APR10300PE,60.0,10800.0,Monitoring
2024-04-10,11:00:00,HOLD,MIDCPNIFTY24APR10300PE,60.0,10800.0,Monitoring
2024-04-10,11:05:00,HOLD,MIDCPNIFTY24APR10300PE,60.0,10800.0,Monitoring
2024-04-10,11:10:00,HOLD,MIDCPNIFTY24APR10300PE,60.0,10800.0,Monitoring
2024-04-10,11:15:00,HOLD,MIDCPNIFTY24APR10300PE,60.0,10800.0,Monitoring
2024-04-10,11:20:00,HOLD,MIDCPNIFTY24APR10300PE,60.0,10800.0,Monitoring
2024-04-10,11:25:00,HOLD,MIDCPNIFTY24APR10300PE,60.0,10800.0,Monitoring
2024-04-10,11:30:00,HOLD,MIDCPNIFTY24APR10300PE,60.0,10800.0,Monitoring
2024-04-10,11:35:00,HOLD,MIDCPNIFTY24APR10300PE,60.0,10800.0,Monitoring
2024-04-10,12:10:00,HOLD,MIDCPNIFTY24APR10300PE,60.0,10800.0,Monitoring
2024-04-10,12:15:00,HOLD,MIDCPNIFTY24APR10300PE,60.0,10800.0,Monitoring
2024-04-10,12:20:00,HOLD,MIDCPNIFTY24APR10300PE,60.0,10800.0,Monitoring
2024-04-10,12:25:00,HOLD,MIDCPNIFTY24APR10300PE,60.0,10800.0,Monitoring
2024-04-10,15:10:00,HOLD,MIDCPNIFTY24APR10300PE,60.0,10800.0,Monitoring
2024-04-10,15:15:00,HOLD,MIDCPNIFTY24APR10300PE,60.0,10800.0,Monitoring
2024-04-10,15:20:00,HOLD,MIDCPNIFTY24APR10300PE,60.0,10800.0,Monitoring
2024-04-10,15:25:00,HOLD,MIDCPNIFTY24APR10300PE,60.0,10800.0,Monitoring
2024-04-12,09:15:00,HOLD,MIDCPNIFTY24APR10300PE,60.0,10800.0,Monitoring
2024-04-12,09:20:00,HOLD,MIDCPNIFTY24APR10300PE,60.0,10800.0,Monitoring
2024-04-12,09:25:00,HOLD,MIDCPNIFTY24APR10300PE,60.0,10800.0,Monitoring
2024-04-12,09:30:00,HOLD,MIDCPNIFTY24APR10300PE,60.0,10800.0,Monitoring
2024-04-12,09:35:00,HOLD,MIDCPNIFTY24APR10300PE,60.0,10800.0,Monitoring
2024-04-12,09:40:00,HOLD,MIDCPNIFTY24APR10300PE,60.0,10800.0,Monitoring
2024-04-12,09:45:00,HOLD,MIDCPNIFTY24APR10300PE,60.0,10800.0,Monitoring
2024-04-12,09:50:00,HOLD,MIDCPNIFTY24APR10300PE,60.0,10800.0,Monitoring
2024-04-12,09:55:00,HOLD,MIDCPNIFTY24APR10300PE,60.0,10800.0,Monitoring
2024-04-12,10:00:00,HOLD,MIDCPNIFTY24APR10300PE,60.0,10800.0,Monitoring
2024-04-12,10:15:00,HOLD,MIDCPNIFTY24APR10300PE,60.0,10800.0,Monitoring
2024-04-12,10:20:00,HOLD,MIDCPNIFTY24APR10300PE,60.0,10800.0,Monitoring
2024-04-12,10:25:00,HOLD,MIDCPNIFTY24APR10300PE,60.0,10800.0,Monitoring
2024-04-12,10:30:00,HOLD,MIDCPNIFTY24APR10300PE,60.0,10800.0,Monitoring
2024-04-12,10:35:00,HOLD,MIDCPNIFTY24APR10300PE,60.0,10800.0,Monitoring
2024-04-12,10:40:00,HOLD,MIDCPNIFTY24APR10300PE,60.0,10800.0,Monitoring
2024-04-12,10:45:00,HOLD,MIDCPNIFTY24APR10300PE,60.0,10800.0,Monitoring
2024-04-12,10:50:00,HOLD,MIDCPNIFTY24APR10300PE,60.0,10800.0,Monitoring
2024-04-12,10:55:00,HOLD,MIDCPNIFTY24APR10300PE,60.0,10800.0,Monitoring
2024-04-12,13:15:00,HOLD,MIDCPNIFTY24APR10300PE,60.0,10800.0,Monitoring
2024-04-12,13:20:00,HOLD,MIDCPNIFTY24APR10300PE,60.0,10800.0,Monitoring
2024-04-12,13:25:00,HOLD,MIDCPNIFTY24APR10300PE,60.0,10800.0,Monitoring
2024-04-12,13:30:00,HOLD,MIDCPNIFTY24APR10300PE,60.0,10800.0,Monitoring
2024-04-12,13:35:00,HOLD,MIDCPNIFTY24APR10300PE,60.0,10800.0,Monitoring
2024-04-12,14:15:00,HOLD,MIDCPNIFTY24APR10300PE,60.0,10800.0,Monitoring
2024-04-12,14:20:00,HOLD,MIDCPNIFTY24APR10300PE,60.0,10800.0,Monitoring
2024-04-12,14:25:00,HOLD,MIDCPNIFTY24APR10300PE,60.0,10800.0,Monitoring
2024-04-12,14:30:00,HOLD,MIDCPNIFTY24APR10300PE,60.0,10800.0,Monitoring
2024-04-12,14:35:00,HOLD,MIDCPNIFTY24APR10300PE,60.0,10800.0,Monitoring
2024-04-12,14:40:00,HOLD,MIDCPNIFTY24APR10300PE,60.0,10800.0,Monitoring
2024-04-12,14:45:00,HOLD,MIDCPNIFTY24APR10300PE,60.0,10800.0,Monitoring
2024-04-12,14:50:00,HOLD,MIDCPNIFTY24APR10300PE,60.0,10800.0,Monitoring
2024-04-12,14:55:00,HOLD,MIDCPNIFTY24APR10300PE,60.0,10800.0,Monitoring
2024-04-12,15:00:00,HOLD,MIDCPNIFTY24APR10300PE,60.0,10800.0,Monitoring
2024-04-12,15:05:00,HOLD,MIDCPNIFTY24APR10300PE,60.0,10800.0,Monitoring
2024-04-12,15:10:00,HOLD,MIDCPNIFTY24APR10300PE,60.0,10800.0,Monitoring
2024-04-12,15:15:00,HOLD,MIDCPNIFTY24APR10300PE,60.0,10800.0,Monitoring
2024-04-12,15:20:00,HOLD,MIDCPNIFTY24APR10300PE,60.0,10800.0,Monitoring
2024-04-12,15:25:00,HOLD,MIDCPNIFTY24APR10300PE,60.0,10800.0,Monitoring
2024-04-15,09:15:00,HOLD,MIDCPNIFTY24APR10300PE,60.0,10800.0,Monitoring
2024-04-15,09:20:00,HOLD,MIDCPNIFTY24APR10300PE,60.0,10800.0,Monitoring
2024-04-15,09:25:00,HOLD,MIDCPNIFTY24APR10300PE,60.0,10800.0,Monitoring
2024-04-15,09:30:00,HOLD,MIDCPNIFTY24APR10300PE,60.0,10800.0,Monitoring
2024-04-15,09:35:00,HOLD,MIDCPNIFTY24APR10300PE,60.0,10800.0,Monitoring
2024-04-15,09:40:00,HOLD,MIDCPNIFTY24APR10300PE,60.0,10800.0,Monitoring
2024-04-15,09:45:00,HOLD,MIDCPNIFTY24APR10300PE,60.0,10800.0,Monitoring
2024-04-15,09:50:00,HOLD,MIDCPNIFTY24APR10300PE,60.0,10800.0,Monitoring
2024-04-15,09:55:00,HOLD,MIDCPNIFTY24APR10300PE,60.0,10800.0,Monitoring
2024-04-15,10:00:00,HOLD,MIDCPNIFTY24APR10300PE,60.0,10800.0,Monitoring
2024-04-15,10:05:00,HOLD,MIDCPNIFTY24APR10300PE,60.0,10800.0,Monitoring
2024-04-15,10:10:00,HOLD,MIDCPNIFTY24APR10300PE,60.0,10800.0,Monitoring
2024-04-15,10:25:00,HOLD,MIDCPNIFTY24APR10300PE,60.0,10800.0,Monitoring
2024-04-15,10:30:00,HOLD,MIDCPNIFTY24APR10300PE,60.0,10800.0,Monitoring
2024-04-15,10:35:00,HOLD,MIDCPNIFTY24APR10300PE,60.0,10800.0,Monitoring
2024-04-15,10:40:00,HOLD,MIDCPNIFTY24APR10300PE,60.0,10800.0,Monitoring
2024-04-15,10:45:00,HOLD,MIDCPNIFTY24APR10300PE,60.0,10800.0,Monitoring
2024-04-15,10:50:00,HOLD,MIDCPNIFTY24APR10300PE,60.0,10800.0,Monitoring
2024-04-15,10:55:00,HOLD,MIDCPNIFTY24APR10300PE,60.0,10800.0,Monitoring
2024-04-15,11:00:00,HOLD,MIDCPNIFTY24APR10300PE,60.0,10800.0,Monitoring
2024-04-15,11:05:00,HOLD,MIDCPNIFTY24APR10300PE,60.0,10800.0,Monitoring
2024-04-15,11:10:00,HOLD,MIDCPNIFTY24APR10300PE,60.0,10800.0,Monitoring
2024-04-15,11:15:00,HOLD,MIDCPNIFTY24APR10300PE,60.0,10800.0,Monitoring
2024-04-15,11:40:00,HOLD,MIDCPNIFTY24APR10300PE,60.0,10800.0,Monitoring
2024-04-15,11:45:00,HOLD,MIDCPNIFTY24APR10300PE,60.0,10800.0,Monitoring
2024-04-15,11:50:00,HOLD,MIDCPNIFTY24APR10300PE,60.0,10800.0,Monitoring
2024-04-15,11:55:00,HOLD,MIDCPNIFTY24APR10300PE,60.0,10800.0,Monitoring
2024-04-15,12:00:00,HOLD,MIDCPNIFTY24APR10300PE,60.0,10800.0,Monitoring
2024-04-15,12:05:00,HOLD,MIDCPNIFTY24APR10300PE,60.0,10800.0,Monitoring
2024-04-15,12:10:00,HOLD,MIDCPNIFTY24APR10300PE,60.0,10800.0,Monitoring
2024-04-15,12:15:00,HOLD,MIDCPNIFTY24APR10300PE,60.0,10800.0,Monitoring
2024-04-15,12:20:00,HOLD,MIDCPNIFTY24APR10300PE,60.0,10800.0,Monitoring
2024-04-15,12:25:00,HOLD,MIDCPNIFTY24APR10300PE,60.0,10800.0,Monitoring
2024-04-15,12:30:00,HOLD,MIDCPNIFTY24APR10300PE,60.0,10800.0,Monitoring
2024-04-15,12:35:00,HOLD,MIDCPNIFTY24APR10300PE,60.0,10800.0,Monitoring
2024-04-15,12:40:00,HOLD,MIDCPNIFTY24APR10300PE,60.0,10800.0,Monitoring
2024-04-15,13:25:00,HOLD,MIDCPNIFTY24APR10300PE,60.0,10800.0,Monitoring
2024-04-15,13:30:00,HOLD,MIDCPNIFTY24APR10300PE,60.0,10800.0,Monitoring
2024-04-15,13:35:00,HOLD,MIDCPNIFTY24APR10300PE,60.0,10800.0,Monitoring
2024-04-15,13:40:00,HOLD,MIDCPNIFTY24APR10300PE,60.0,10800.0,Monitoring
2024-04-15,15:00:00,HOLD,MIDCPNIFTY24APR10300PE,60.0,10800.0,Monitoring
2024-04-15,15:05:00,HOLD,MIDCPNIFTY24APR10300PE,60.0,10800.0,Monitoring
2024-04-15,15:10:00,HOLD,MIDCPNIFTY24APR10300PE,60.0,10800.0,Monitoring
2024-04-15,15:15:00,HOLD,MIDCPNIFTY24APR10300PE,60.0,10800.0,Monitoring
2024-04-15,15:20:00,HOLD,MIDCPNIFTY24APR10300PE,60.0,10800.0,Monitoring
2024-04-15,15:25:00,HOLD,MIDCPNIFTY24APR10300PE,31.0,14280.0,Monitoring
2024-04-16,09:15:00,HOLD,MIDCPNIFTY24APR10300PE,31.0,14280.0,Monitoring
2024-04-16,09:20:00,HOLD,MIDCPNIFTY24APR10300PE,31.0,14280.0,Monitoring
2024-04-16,09:25:00,HOLD,MIDCPNIFTY24APR10300PE,31.0,14280.0,Monitoring
2024-04-16,09:30:00,HOLD,MIDCPNIFTY24APR10300PE,31.0,14280.0,Monitoring
2024-04-16,09:35:00,HOLD,MIDCPNIFTY24APR10300PE,31.0,14280.0,Monitoring
2024-04-16,09:40:00,HOLD,MIDCPNIFTY24APR10300PE,31.0,14280.0,Monitoring
2024-04-16,09:45:00,HOLD,MIDCPNIFTY24APR10300PE,31.0,14280.0,Monitoring
2024-04-16,09:50:00,HOLD,MIDCPNIFTY24APR10300PE,31.0,14280.0,Monitoring
2024-04-16,09:55:00,HOLD,MIDCPNIFTY24APR10300PE,31.0,14280.0,Monitoring
2024-04-16,10:00:00,HOLD,MIDCPNIFTY24APR10300PE,31.0,14280.0,Monitoring
2024-04-16,10:05:00,HOLD,MIDCPNIFTY24APR10300PE,31.0,14280.0,Monitoring
2024-04-16,10:10:00,HOLD,MIDCPNIFTY24APR10300PE,31.0,14280.0,Monitoring
2024-04-16,10:15:00,HOLD,MIDCPNIFTY24APR10300PE,31.0,14280.0,Monitoring
2024-04-16,10:20:00,HOLD,MIDCPNIFTY24APR10300PE,31.0,14280.0,Monitoring
2024-04-16,10:25:00,HOLD,MIDCPNIFTY24APR10300PE,31.0,14280.0,Monitoring
2024-04-16,10:30:00,HOLD,MIDCPNIFTY24APR10300PE,31.0,14280.0,Monitoring
2024-04-16,10:35:00,HOLD,MIDCPNIFTY24APR10300PE,31.0,14280.0,Monitoring
2024-04-16,10:40:00,HOLD,MIDCPNIFTY24APR10300PE,31.0,14280.0,Monitoring
2024-04-16,10:45:00,HOLD,MIDCPNIFTY24APR10300PE,31.0,14280.0,Monitoring
2024-04-16,10:50:00,HOLD,MIDCPNIFTY24APR10300PE,31.0,14280.0,Monitoring
2024-04-16,10:55:00,HOLD,MIDCPNIFTY24APR10300PE,31.0,14280.0,Monitoring
2024-04-16,11:00:00,HOLD,MIDCPNIFTY24APR10300PE,31.0,14280.0,Monitoring
2024-04-16,11:05:00,HOLD,MIDCPNIFTY24APR10300PE,31.0,14280.0,Monitoring
2024-04-16,11:10:00,HOLD,MIDCPNIFTY24APR10300PE,36.0,13680.0,Monitoring
2024-04-16,11:15:00,HOLD,MIDCPNIFTY24APR10300PE,36.0,13680.0,Monitoring
2024-04-16,11:20:00,HOLD,MIDCPNIFTY24APR10300PE,36.0,13680.0,Monitoring
2024-04-16,11:25:00,HOLD,MIDCPNIFTY24APR10300PE,36.0,13680.0,Monitoring
2024-04-16,11:30:00,HOLD,MIDCPNIFTY24APR10300PE,36.0,13680.0,Monitoring
2024-04-16,11:35:00,HOLD,MIDCPNIFTY24APR10300PE,36.0,13680.0,Monitoring
2024-04-16,11:40:00,HOLD,MIDCPNIFTY24APR10300PE,36.0,13680.0,Monitoring
2024-04-16,11:45:00,HOLD,MIDCPNIFTY24APR10300PE,36.0,13680.0,Monitoring
2024-04-16,11:50:00,HOLD,MIDCPNIFTY24APR10300PE,36.0,13680.0,Monitoring
2024-04-16,11:55:00,HOLD,MIDCPNIFTY24APR10300PE,36.0,13680.0,Monitoring
2024-04-16,12:00:00,HOLD,MIDCPNIFTY24APR10300PE,36.0,13680.0,Monitoring
2024-04-16,12:05:00,HOLD,MIDCPNIFTY24APR10300PE,36.0,13680.0,Monitoring
2024-04-16,12:10:00,HOLD,MIDCPNIFTY24APR10300PE,35.8,13704.0,Monitoring
2024-04-16,12:15:00,HOLD,MIDCPNIFTY24APR10300PE,35.8,13704.0,Monitoring
2024-04-16,12:20:00,HOLD,MIDCPNIFTY24APR10300PE,35.8,13704.0,Monitoring
2024-04-16,12:25:00,HOLD,MIDCPNIFTY24APR10300PE,33.6,13968.0,Monitoring
2024-04-16,12:30:00,HOLD,MIDCPNIFTY24APR10300PE,33.6,13968.0,Monitoring
2024-04-16,12:35:00,HOLD,MIDCPNIFTY24APR10300PE,33.6,13968.0,Monitoring
2024-04-16,12:40:00,HOLD,MIDCPNIFTY24APR10300PE,42.3,12924.0,Monitoring
2024-04-16,12:45:00,HOLD,MIDCPNIFTY24APR10300PE,42.75,12870.0,Monitoring
2024-04-16,12:50:00,HOLD,MIDCPNIFTY24APR10300PE,42.75,12870.0,Monitoring
2024-04-16,12:55:00,HOLD,MIDCPNIFTY24APR10300PE,42.75,12870.0,Monitoring
2024-04-16,13:00:00,HOLD,MIDCPNIFTY24APR10300PE,42.75,12870.0,Monitoring
2024-04-16,13:05:00,HOLD,MIDCPNIFTY24APR10300PE,42.75,12870.0,Monitoring
2024-04-16,13:10:00,HOLD,MIDCPNIFTY24APR10300PE,42.75,12870.0,Monitoring
2024-04-16,13:15:00,HOLD,MIDCPNIFTY24APR10300PE,42.75,12870.0,Monitoring
2024-04-16,13:20:00,HOLD,MIDCPNIFTY24APR10300PE,42.75,12870.0,Monitoring
2024-04-16,13:25:00,HOLD,MIDCPNIFTY24APR10300PE,42.75,12870.0,Monitoring
2024-04-16,13:30:00,HOLD,MIDCPNIFTY24APR10300PE,42.75,12870.0,Monitoring
2024-04-16,13:35:00,HOLD,MIDCPNIFTY24APR10300PE,42.75,12870.0,Monitoring
2024-04-16,13:35:00,BUY_EXIT,MIDCPNIFTY24APR10300PE,42.75,12870.0,EMA_REVERSAL_SL
