Date,Time,Event,Ticker,Price,PnL_INR,Info
2025-04-21,14:00:00,SELL_ENTRY,MIDCPNIFTY25MAY11700PE,223.9,0.0,Signal PE | Short
2025-04-21,14:05:00,HOLD,MIDCPNIFTY25MAY11700PE,223.9,0.0,Monitoring
2025-04-21,14:10:00,HOLD,MIDCPNIFTY25MAY11700PE,223.9,0.0,Monitoring
2025-04-21,14:15:00,HOLD,MIDCPNIFTY25MAY11700PE,223.9,0.0,Monitoring
2025-04-21,14:20:00,HOLD,MIDCPNIFTY25MAY11700PE,213.85,1206.0,Monitoring
2025-04-21,14:25:00,HOLD,MIDCPNIFTY25MAY11700PE,213.85,1206.0,Monitoring
2025-04-21,14:30:00,HOLD,MIDCPNIFTY25MAY11700PE,213.85,1206.0,Monitoring
2025-04-21,14:35:00,HOLD,MIDCPNIFTY25MAY11700PE,214.7,1104.0,Monitoring
2025-04-21,14:40:00,HOLD,MIDCPNIFTY25MAY11700PE,214.7,1104.0,Monitoring
2025-04-21,14:45:00,HOLD,MIDCPNIFTY25MAY11700PE,210.0,1668.0,Monitoring
2025-04-21,14:50:00,HOLD,MIDCPNIFTY25MAY11700PE,210.0,1668.0,Monitoring
2025-04-21,14:55:00,HOLD,MIDCPNIFTY25MAY11700PE,210.0,1668.0,Monitoring
2025-04-21,15:00:00,HOLD,MIDCPNIFTY25MAY11700PE,210.8,1572.0,Monitoring
2025-04-21,15:05:00,HOLD,MIDCPNIFTY25MAY11700PE,214.75,1098.0,Monitoring
2025-04-21,15:10:00,HOLD,MIDCPNIFTY25MAY11700PE,214.75,1098.0,Monitoring
2025-04-21,15:15:00,HOLD,MIDCPNIFTY25MAY11700PE,200.0,2868.0,Monitoring
2025-04-21,15:20:00,HOLD,MIDCPNIFTY25MAY11700PE,200.0,2868.0,Monitoring
2025-04-21,15:25:00,HOLD,MIDCPNIFTY25MAY11700PE,209.95,1674.0,Monitoring
2025-04-22,09:15:00,HOLD,MIDCPNIFTY25MAY11700PE,210.0,1668.0,Monitoring
2025-04-22,09:20:00,HOLD,MIDCPNIFTY25MAY11700PE,210.0,1668.0,Monitoring
2025-04-22,09:25:00,HOLD,MIDCPNIFTY25MAY11700PE,210.0,1668.0,Monitoring
2025-04-22,09:30:00,HOLD,MIDCPNIFTY25MAY11700PE,210.0,1668.0,Monitoring
2025-04-22,09:35:00,HOLD,MIDCPNIFTY25MAY11700PE,210.0,1668.0,Monitoring
2025-04-22,09:40:00,HOLD,MIDCPNIFTY25MAY11700PE,210.0,1668.0,Monitoring
2025-04-22,09:45:00,HOLD,MIDCPNIFTY25MAY11700PE,210.0,1668.0,Monitoring
2025-04-22,09:50:00,HOLD,MIDCPNIFTY25MAY11700PE,210.0,1668.0,Monitoring
2025-04-22,09:55:00,HOLD,MIDCPNIFTY25MAY11700PE,210.0,1668.0,Monitoring
2025-04-22,10:00:00,HOLD,MIDCPNIFTY25MAY11700PE,210.0,1668.0,Monitoring
2025-04-22,10:05:00,HOLD,MIDCPNIFTY25MAY11700PE,210.0,1668.0,Monitoring
2025-04-22,10:10:00,HOLD,MIDCPNIFTY25MAY11700PE,210.0,1668.0,Monitoring
2025-04-22,10:15:00,HOLD,MIDCPNIFTY25MAY11700PE,210.0,1668.0,Monitoring
2025-04-22,10:20:00,HOLD,MIDCPNIFTY25MAY11700PE,210.0,1668.0,Monitoring
2025-04-22,10:25:00,HOLD,MIDCPNIFTY25MAY11700PE,210.0,1668.0,Monitoring
2025-04-22,10:30:00,HOLD,MIDCPNIFTY25MAY11700PE,210.0,1668.0,Monitoring
2025-04-22,10:35:00,HOLD,MIDCPNIFTY25MAY11700PE,210.0,1668.0,Monitoring
2025-04-22,10:40:00,HOLD,MIDCPNIFTY25MAY11700PE,210.0,1668.0,Monitoring
2025-04-22,10:45:00,HOLD,MIDCPNIFTY25MAY11700PE,210.0,1668.0,Monitoring
2025-04-22,10:50:00,HOLD,MIDCPNIFTY25MAY11700PE,210.0,1668.0,Monitoring
2025-04-22,10:55:00,HOLD,MIDCPNIFTY25MAY11700PE,168.95,6594.0,Monitoring
2025-04-22,11:00:00,HOLD,MIDCPNIFTY25MAY11700PE,168.95,6594.0,Monitoring
2025-04-22,11:05:00,HOLD,MIDCPNIFTY25MAY11700PE,169.0,6588.0,Monitoring
2025-04-22,11:10:00,HOLD,MIDCPNIFTY25MAY11700PE,169.0,6588.0,Monitoring
2025-04-22,11:15:00,HOLD,MIDCPNIFTY25MAY11700PE,169.0,6588.0,Monitoring
2025-04-22,11:20:00,HOLD,MIDCPNIFTY25MAY11700PE,169.0,6588.0,Monitoring
2025-04-22,11:25:00,HOLD,MIDCPNIFTY25MAY11700PE,175.0,5868.0,Monitoring
2025-04-22,11:30:00,HOLD,MIDCPNIFTY25MAY11700PE,175.0,5868.0,Monitoring
2025-04-22,11:35:00,HOLD,MIDCPNIFTY25MAY11700PE,175.0,5868.0,Monitoring
2025-04-22,11:40:00,HOLD,MIDCPNIFTY25MAY11700PE,175.0,5868.0,Monitoring
2025-04-22,11:45:00,HOLD,MIDCPNIFTY25MAY11700PE,175.0,5868.0,Monitoring
2025-04-22,11:50:00,HOLD,MIDCPNIFTY25MAY11700PE,172.0,6228.0,Monitoring
2025-04-22,11:55:00,HOLD,MIDCPNIFTY25MAY11700PE,170.0,6468.0,Monitoring
2025-04-22,12:00:00,HOLD,MIDCPNIFTY25MAY11700PE,170.0,6468.0,Monitoring
2025-04-22,12:05:00,HOLD,MIDCPNIFTY25MAY11700PE,170.0,6468.0,Monitoring
2025-04-22,12:10:00,HOLD,MIDCPNIFTY25MAY11700PE,170.0,6468.0,Monitoring
2025-04-22,12:15:00,HOLD,MIDCPNIFTY25MAY11700PE,170.0,6468.0,Monitoring
2025-04-22,12:20:00,HOLD,MIDCPNIFTY25MAY11700PE,170.0,6468.0,Monitoring
2025-04-22,12:25:00,HOLD,MIDCPNIFTY25MAY11700PE,170.0,6468.0,Monitoring
2025-04-22,12:30:00,HOLD,MIDCPNIFTY25MAY11700PE,170.0,6468.0,Monitoring
2025-04-22,12:35:00,HOLD,MIDCPNIFTY25MAY11700PE,170.0,6468.0,Monitoring
2025-04-22,12:40:00,HOLD,MIDCPNIFTY25MAY11700PE,170.0,6468.0,Monitoring
2025-04-22,12:45:00,HOLD,MIDCPNIFTY25MAY11700PE,170.0,6468.0,Monitoring
2025-04-22,12:50:00,HOLD,MIDCPNIFTY25MAY11700PE,170.0,6468.0,Monitoring
2025-04-22,12:55:00,HOLD,MIDCPNIFTY25MAY11700PE,170.0,6468.0,Monitoring
2025-04-22,13:00:00,HOLD,MIDCPNIFTY25MAY11700PE,170.0,6468.0,Monitoring
2025-04-22,13:05:00,HOLD,MIDCPNIFTY25MAY11700PE,170.0,6468.0,Monitoring
2025-04-22,13:10:00,HOLD,MIDCPNIFTY25MAY11700PE,170.0,6468.0,Monitoring
2025-04-22,13:15:00,HOLD,MIDCPNIFTY25MAY11700PE,170.0,6468.0,Monitoring
2025-04-22,13:20:00,HOLD,MIDCPNIFTY25MAY11700PE,170.0,6468.0,Monitoring
2025-04-22,13:25:00,HOLD,MIDCPNIFTY25MAY11700PE,160.05,7662.0,Monitoring
2025-04-22,13:30:00,HOLD,MIDCPNIFTY25MAY11700PE,162.0,7428.0,Monitoring
2025-04-22,13:35:00,HOLD,MIDCPNIFTY25MAY11700PE,162.0,7428.0,Monitoring
2025-04-22,13:40:00,HOLD,MIDCPNIFTY25MAY11700PE,162.0,7428.0,Monitoring
2025-04-22,13:45:00,HOLD,MIDCPNIFTY25MAY11700PE,162.0,7428.0,Monitoring
2025-04-22,13:50:00,HOLD,MIDCPNIFTY25MAY11700PE,162.0,7428.0,Monitoring
2025-04-22,13:55:00,HOLD,MIDCPNIFTY25MAY11700PE,162.0,7428.0,Monitoring
2025-04-22,14:00:00,HOLD,MIDCPNIFTY25MAY11700PE,162.0,7428.0,Monitoring
2025-04-22,14:05:00,HOLD,MIDCPNIFTY25MAY11700PE,160.05,7662.0,Monitoring
2025-04-22,14:10:00,HOLD,MIDCPNIFTY25MAY11700PE,160.05,7662.0,Monitoring
2025-04-22,14:15:00,HOLD,MIDCPNIFTY25MAY11700PE,160.55,7602.0,Monitoring
2025-04-22,14:20:00,HOLD,MIDCPNIFTY25MAY11700PE,160.55,7602.0,Monitoring
2025-04-22,14:25:00,HOLD,MIDCPNIFTY25MAY11700PE,160.55,7602.0,Monitoring
2025-04-22,14:30:00,HOLD,MIDCPNIFTY25MAY11700PE,160.55,7602.0,Monitoring
2025-04-22,14:35:00,HOLD,MIDCPNIFTY25MAY11700PE,160.55,7602.0,Monitoring
2025-04-22,14:40:00,HOLD,MIDCPNIFTY25MAY11700PE,167.4,6780.0,Monitoring
2025-04-22,14:45:00,HOLD,MIDCPNIFTY25MAY11700PE,167.4,6780.0,Monitoring
2025-04-22,14:50:00,HOLD,MIDCPNIFTY25MAY11700PE,167.4,6780.0,Monitoring
2025-04-22,14:55:00,HOLD,MIDCPNIFTY25MAY11700PE,169.0,6588.0,Monitoring
2025-04-22,15:00:00,HOLD,MIDCPNIFTY25MAY11700PE,169.95,6474.0,Monitoring
2025-04-22,15:05:00,HOLD,MIDCPNIFTY25MAY11700PE,167.1,6816.0,Monitoring
2025-04-22,15:10:00,HOLD,MIDCPNIFTY25MAY11700PE,167.1,6816.0,Monitoring
2025-04-22,15:15:00,HOLD,MIDCPNIFTY25MAY11700PE,167.1,6816.0,Monitoring
2025-04-22,15:20:00,HOLD,MIDCPNIFTY25MAY11700PE,170.0,6468.0,Monitoring
2025-04-22,15:25:00,HOLD,MIDCPNIFTY25MAY11700PE,170.0,6468.0,Monitoring
2025-04-23,09:15:00,HOLD,MIDCPNIFTY25MAY11700PE,170.0,6468.0,Monitoring
2025-04-23,09:20:00,HOLD,MIDCPNIFTY25MAY11700PE,145.0,9468.0,Monitoring
2025-04-23,09:25:00,HOLD,MIDCPNIFTY25MAY11700PE,140.0,10068.0,Monitoring
2025-04-23,09:30:00,HOLD,MIDCPNIFTY25MAY11700PE,140.0,10068.0,Monitoring
2025-04-23,09:35:00,HOLD,MIDCPNIFTY25MAY11700PE,140.0,10068.0,Monitoring
2025-04-23,09:40:00,HOLD,MIDCPNIFTY25MAY11700PE,151.05,8742.0,Monitoring
2025-04-23,09:45:00,HOLD,MIDCPNIFTY25MAY11700PE,147.0,9228.0,Monitoring
2025-04-23,09:50:00,HOLD,MIDCPNIFTY25MAY11700PE,142.45,9774.0,Monitoring
2025-04-23,09:55:00,HOLD,MIDCPNIFTY25MAY11700PE,142.45,9774.0,Monitoring
2025-04-23,10:00:00,HOLD,MIDCPNIFTY25MAY11700PE,142.45,9774.0,Monitoring
2025-04-23,10:05:00,HOLD,MIDCPNIFTY25MAY11700PE,142.45,9774.0,Monitoring
2025-04-23,10:10:00,HOLD,MIDCPNIFTY25MAY11700PE,168.2,6684.0,Monitoring
2025-04-23,10:15:00,HOLD,MIDCPNIFTY25MAY11700PE,169.0,6588.0,Monitoring
2025-04-23,10:20:00,HOLD,MIDCPNIFTY25MAY11700PE,169.0,6588.0,Monitoring
2025-04-23,10:25:00,HOLD,MIDCPNIFTY25MAY11700PE,169.0,6588.0,Monitoring
2025-04-23,10:30:00,HOLD,MIDCPNIFTY25MAY11700PE,169.0,6588.0,Monitoring
2025-04-23,10:35:00,HOLD,MIDCPNIFTY25MAY11700PE,169.0,6588.0,Monitoring
2025-04-23,10:40:00,HOLD,MIDCPNIFTY25MAY11700PE,169.0,6588.0,Monitoring
2025-04-23,10:45:00,HOLD,MIDCPNIFTY25MAY11700PE,206.7,2064.0,Monitoring
2025-04-23,10:50:00,HOLD,MIDCPNIFTY25MAY11700PE,206.7,2064.0,Monitoring
2025-04-23,10:50:00,BUY_EXIT,MIDCPNIFTY25MAY11700PE,206.7,2064.0,EMA_REVERSAL_SL
