Date,Time,Event,Ticker,Price,PnL_INR,Info
2024-10-21,14:00:00,SELL_ENTRY,MIDCPNIFTY24OCT13100CE,55.55,0.0,Signal CE | Short
2024-10-21,14:05:00,HOLD,MIDCPNIFTY24OCT13100CE,50.0,666.0,Monitoring
2024-10-21,14:10:00,HOLD,MIDCPNIFTY24OCT13100CE,45.1,1254.0,Monitoring
2024-10-21,14:15:00,HOLD,MIDCPNIFTY24OCT13100CE,52.0,426.0,Monitoring
2024-10-21,14:20:00,HOLD,MIDCPNIFTY24OCT13100CE,47.0,1026.0,Monitoring
2024-10-21,14:25:00,HOLD,MIDCPNIFTY24OCT13100CE,45.85,1164.0,Monitoring
2024-10-21,14:30:00,HOLD,MIDCPNIFTY24OCT13100CE,47.5,966.0,Monitoring
2024-10-21,14:35:00,HOLD,MIDCPNIFTY24OCT13100CE,43.05,1500.0,Monitoring
2024-10-21,14:40:00,HOLD,MIDCPNIFTY24OCT13100CE,44.0,1386.0,Monitoring
2024-10-21,14:45:00,HOLD,MIDCPNIFTY24OCT13100CE,38.65,2028.0,Monitoring
2024-10-21,14:50:00,HOLD,MIDCPNIFTY24OCT13100CE,37.7,2142.0,Monitoring
2024-10-21,14:55:00,HOLD,MIDCPNIFTY24OCT13100CE,41.85,1644.0,Monitoring
2024-10-21,15:00:00,HOLD,MIDCPNIFTY24OCT13100CE,38.15,2088.0,Monitoring
2024-10-21,15:05:00,HOLD,MIDCPNIFTY24OCT13100CE,38.5,2046.0,Monitoring
2024-10-21,15:10:00,HOLD,MIDCPNIFTY24OCT13100CE,36.5,2286.0,Monitoring
2024-10-21,15:15:00,HOLD,MIDCPNIFTY24OCT13100CE,33.75,2616.0,Monitoring
2024-10-21,15:20:00,HOLD,MIDCPNIFTY24OCT13100CE,32.35,2784.0,Monitoring
2024-10-21,15:25:00,HOLD,MIDCPNIFTY24OCT13100CE,31.5,2886.0,Monitoring
2024-10-22,09:15:00,HOLD,MIDCPNIFTY24OCT13100CE,34.65,2508.0,Monitoring
2024-10-22,09:20:00,HOLD,MIDCPNIFTY24OCT13100CE,31.3,2910.0,Monitoring
2024-10-22,09:25:00,HOLD,MIDCPNIFTY24OCT13100CE,35.15,2448.0,Monitoring
2024-10-22,09:30:00,HOLD,MIDCPNIFTY24OCT13100CE,31.05,2940.0,Monitoring
2024-10-22,09:35:00,HOLD,MIDCPNIFTY24OCT13100CE,32.25,2796.0,Monitoring
2024-10-22,09:40:00,HOLD,MIDCPNIFTY24OCT13100CE,34.25,2556.0,Monitoring
2024-10-22,09:45:00,HOLD,MIDCPNIFTY24OCT13100CE,31.65,2868.0,Monitoring
2024-10-22,09:50:00,HOLD,MIDCPNIFTY24OCT13100CE,32.1,2814.0,Monitoring
2024-10-22,09:55:00,HOLD,MIDCPNIFTY24OCT13100CE,32.45,2772.0,Monitoring
2024-10-22,10:00:00,HOLD,MIDCPNIFTY24OCT13100CE,28.7,3222.0,Monitoring
2024-10-22,10:00:00,BUY_EXIT,MIDCPNIFTY24OCT13100CE,28.7,3222.0,TARGET_LTP_30
