Date,Time,Event,Ticker,Price,PnL_INR,Info
2023-09-13,14:00:00,SELL_ENTRY,MIDCPNIFTY23SEP8900PE,73.85,0.0,Signal PE | Short
2023-09-13,14:05:00,HOLD,MIDCPNIFTY23SEP8900PE,71.9,234.0,Monitoring
2023-09-13,14:10:00,HOLD,MIDCPNIFTY23SEP8900PE,71.9,234.0,Monitoring
2023-09-13,14:15:00,HOLD,MIDCPNIFTY23SEP8900PE,67.1,810.0,Monitoring
2023-09-13,14:20:00,HOLD,MIDCPNIFTY23SEP8900PE,66.0,942.0,Monitoring
2023-09-13,14:25:00,HOLD,MIDCPNIFTY23SEP8900PE,62.9,1314.0,Monitoring
2023-09-13,14:30:00,HOLD,MIDCPNIFTY23SEP8900PE,59.15,1764.0,Monitoring
2023-09-13,14:35:00,HOLD,MIDCPNIFTY23SEP8900PE,59.15,1764.0,Monitoring
2023-09-13,14:40:00,HOLD,MIDCPNIFTY23SEP8900PE,61.8,1446.0,Monitoring
2023-09-13,14:45:00,HOLD,MIDCPNIFTY23SEP8900PE,67.35,780.0,Monitoring
2023-09-13,14:50:00,HOLD,MIDCPNIFTY23SEP8900PE,71.0,342.0,Monitoring
2023-09-13,14:55:00,HOLD,MIDCPNIFTY23SEP8900PE,63.9,1194.0,Monitoring
2023-09-13,15:00:00,HOLD,MIDCPNIFTY23SEP8900PE,63.2,1278.0,Monitoring
2023-09-13,15:05:00,HOLD,MIDCPNIFTY23SEP8900PE,61.0,1542.0,Monitoring
2023-09-13,15:10:00,HOLD,MIDCPNIFTY23SEP8900PE,61.1,1530.0,Monitoring
2023-09-13,15:15:00,HOLD,MIDCPNIFTY23SEP8900PE,57.75,1932.0,Monitoring
2023-09-13,15:20:00,HOLD,MIDCPNIFTY23SEP8900PE,58.95,1788.0,Monitoring
2023-09-13,15:25:00,HOLD,MIDCPNIFTY23SEP8900PE,54.35,2340.0,Monitoring
2023-09-14,09:15:00,HOLD,MIDCPNIFTY23SEP8900PE,41.0,3942.0,Monitoring
2023-09-14,09:20:00,HOLD,MIDCPNIFTY23SEP8900PE,41.0,3942.0,Monitoring
2023-09-14,09:25:00,HOLD,MIDCPNIFTY23SEP8900PE,32.1,5010.0,Monitoring
2023-09-14,09:30:00,HOLD,MIDCPNIFTY23SEP8900PE,38.0,4302.0,Monitoring
2023-09-14,09:35:00,HOLD,MIDCPNIFTY23SEP8900PE,32.15,5004.0,Monitoring
2023-09-14,09:40:00,HOLD,MIDCPNIFTY23SEP8900PE,33.6,4830.0,Monitoring
2023-09-14,09:45:00,HOLD,MIDCPNIFTY23SEP8900PE,34.7,4698.0,Monitoring
2023-09-14,09:50:00,HOLD,MIDCPNIFTY23SEP8900PE,34.7,4698.0,Monitoring
2023-09-14,09:55:00,HOLD,MIDCPNIFTY23SEP8900PE,34.7,4698.0,Monitoring
2023-09-14,10:00:00,HOLD,MIDCPNIFTY23SEP8900PE,35.4,4614.0,Monitoring
2023-09-14,10:05:00,HOLD,MIDCPNIFTY23SEP8900PE,37.25,4392.0,Monitoring
2023-09-14,10:10:00,HOLD,MIDCPNIFTY23SEP8900PE,40.75,3972.0,Monitoring
2023-09-14,10:15:00,HOLD,MIDCPNIFTY23SEP8900PE,40.3,4026.0,Monitoring
2023-09-14,10:20:00,HOLD,MIDCPNIFTY23SEP8900PE,37.7,4338.0,Monitoring
2023-09-14,10:25:00,HOLD,MIDCPNIFTY23SEP8900PE,34.65,4704.0,Monitoring
2023-09-14,10:30:00,HOLD,MIDCPNIFTY23SEP8900PE,35.95,4548.0,Monitoring
2023-09-14,10:35:00,HOLD,MIDCPNIFTY23SEP8900PE,35.6,4590.0,Monitoring
2023-09-14,10:40:00,HOLD,MIDCPNIFTY23SEP8900PE,35.9,4554.0,Monitoring
2023-09-14,10:45:00,HOLD,MIDCPNIFTY23SEP8900PE,36.8,4446.0,Monitoring
2023-09-14,10:50:00,HOLD,MIDCPNIFTY23SEP8900PE,38.5,4242.0,Monitoring
2023-09-14,10:55:00,HOLD,MIDCPNIFTY23SEP8900PE,38.5,4242.0,Monitoring
2023-09-14,11:00:00,HOLD,MIDCPNIFTY23SEP8900PE,38.5,4242.0,Monitoring
2023-09-14,11:05:00,HOLD,MIDCPNIFTY23SEP8900PE,36.35,4500.0,Monitoring
2023-09-14,11:10:00,HOLD,MIDCPNIFTY23SEP8900PE,36.35,4500.0,Monitoring
2023-09-14,11:15:00,HOLD,MIDCPNIFTY23SEP8900PE,34.0,4782.0,Monitoring
2023-09-14,11:20:00,HOLD,MIDCPNIFTY23SEP8900PE,34.0,4782.0,Monitoring
2023-09-14,11:25:00,HOLD,MIDCPNIFTY23SEP8900PE,34.05,4776.0,Monitoring
2023-09-14,11:30:00,HOLD,MIDCPNIFTY23SEP8900PE,34.1,4770.0,Monitoring
2023-09-14,11:35:00,HOLD,MIDCPNIFTY23SEP8900PE,37.15,4404.0,Monitoring
2023-09-14,11:40:00,HOLD,MIDCPNIFTY23SEP8900PE,37.15,4404.0,Monitoring
2023-09-14,11:45:00,HOLD,MIDCPNIFTY23SEP8900PE,38.25,4272.0,Monitoring
2023-09-14,11:50:00,HOLD,MIDCPNIFTY23SEP8900PE,38.25,4272.0,Monitoring
2023-09-14,11:55:00,HOLD,MIDCPNIFTY23SEP8900PE,34.75,4692.0,Monitoring
2023-09-14,12:00:00,HOLD,MIDCPNIFTY23SEP8900PE,34.75,4692.0,Monitoring
2023-09-14,12:05:00,HOLD,MIDCPNIFTY23SEP8900PE,34.35,4740.0,Monitoring
2023-09-14,12:10:00,HOLD,MIDCPNIFTY23SEP8900PE,34.25,4752.0,Monitoring
2023-09-14,12:15:00,HOLD,MIDCPNIFTY23SEP8900PE,32.0,5022.0,Monitoring
2023-09-14,12:20:00,HOLD,MIDCPNIFTY23SEP8900PE,33.05,4896.0,Monitoring
2023-09-14,12:25:00,HOLD,MIDCPNIFTY23SEP8900PE,36.0,4542.0,Monitoring
2023-09-14,12:30:00,HOLD,MIDCPNIFTY23SEP8900PE,37.95,4308.0,Monitoring
2023-09-14,12:35:00,HOLD,MIDCPNIFTY23SEP8900PE,38.65,4224.0,Monitoring
2023-09-14,12:40:00,HOLD,MIDCPNIFTY23SEP8900PE,35.05,4656.0,Monitoring
2023-09-14,12:45:00,HOLD,MIDCPNIFTY23SEP8900PE,35.05,4656.0,Monitoring
2023-09-14,12:50:00,HOLD,MIDCPNIFTY23SEP8900PE,35.7,4578.0,Monitoring
2023-09-14,12:55:00,HOLD,MIDCPNIFTY23SEP8900PE,35.85,4560.0,Monitoring
2023-09-14,13:00:00,HOLD,MIDCPNIFTY23SEP8900PE,35.05,4656.0,Monitoring
2023-09-14,13:05:00,HOLD,MIDCPNIFTY23SEP8900PE,36.1,4530.0,Monitoring
2023-09-14,13:10:00,HOLD,MIDCPNIFTY23SEP8900PE,33.75,4812.0,Monitoring
2023-09-14,13:15:00,HOLD,MIDCPNIFTY23SEP8900PE,34.05,4776.0,Monitoring
2023-09-14,13:20:00,HOLD,MIDCPNIFTY23SEP8900PE,33.15,4884.0,Monitoring
2023-09-14,13:25:00,HOLD,MIDCPNIFTY23SEP8900PE,33.15,4884.0,Monitoring
2023-09-14,13:30:00,HOLD,MIDCPNIFTY23SEP8900PE,33.15,4884.0,Monitoring
2023-09-14,13:35:00,HOLD,MIDCPNIFTY23SEP8900PE,33.15,4884.0,Monitoring
2023-09-14,13:40:00,HOLD,MIDCPNIFTY23SEP8900PE,33.7,4818.0,Monitoring
2023-09-14,13:45:00,HOLD,MIDCPNIFTY23SEP8900PE,33.4,4854.0,Monitoring
2023-09-14,13:50:00,HOLD,MIDCPNIFTY23SEP8900PE,33.4,4854.0,Monitoring
2023-09-14,13:55:00,HOLD,MIDCPNIFTY23SEP8900PE,30.4,5214.0,Monitoring
2023-09-14,14:00:00,HOLD,MIDCPNIFTY23SEP8900PE,30.4,5214.0,Monitoring
2023-09-14,14:05:00,HOLD,MIDCPNIFTY23SEP8900PE,34.15,4764.0,Monitoring
2023-09-14,14:10:00,HOLD,MIDCPNIFTY23SEP8900PE,34.0,4782.0,Monitoring
2023-09-14,14:15:00,HOLD,MIDCPNIFTY23SEP8900PE,34.0,4782.0,Monitoring
2023-09-14,14:20:00,HOLD,MIDCPNIFTY23SEP8900PE,31.3,5106.0,Monitoring
2023-09-14,14:25:00,HOLD,MIDCPNIFTY23SEP8900PE,30.2,5238.0,Monitoring
2023-09-14,14:30:00,HOLD,MIDCPNIFTY23SEP8900PE,28.1,5490.0,Monitoring
2023-09-14,14:30:00,BUY_EXIT,MIDCPNIFTY23SEP8900PE,28.1,5490.0,TARGET_LTP_30
