Date,Time,Event,Ticker,Price,PnL_INR,Info
2023-08-14,14:00:00,SELL_ENTRY,MIDCPNIFTY23AUG8500PE,75.0,0.0,Signal PE | Short
2023-08-14,14:05:00,HOLD,MIDCPNIFTY23AUG8500PE,75.0,0.0,Monitoring
2023-08-14,14:10:00,HOLD,MIDCPNIFTY23AUG8500PE,75.0,0.0,Monitoring
2023-08-14,14:15:00,HOLD,MIDCPNIFTY23AUG8500PE,75.0,0.0,Monitoring
2023-08-14,14:20:00,HOLD,MIDCPNIFTY23AUG8500PE,58.0,2040.0,Monitoring
2023-08-14,14:25:00,HOLD,MIDCPNIFTY23AUG8500PE,58.0,2040.0,Monitoring
2023-08-14,14:30:00,HOLD,MIDCPNIFTY23AUG8500PE,58.0,2040.0,Monitoring
2023-08-14,14:35:00,HOLD,MIDCPNIFTY23AUG8500PE,58.0,2040.0,Monitoring
2023-08-14,14:40:00,HOLD,MIDCPNIFTY23AUG8500PE,59.0,1920.0,Monitoring
2023-08-14,14:45:00,HOLD,MIDCPNIFTY23AUG8500PE,59.0,1920.0,Monitoring
2023-08-14,14:50:00,HOLD,MIDCPNIFTY23AUG8500PE,59.0,1920.0,Monitoring
2023-08-14,14:55:00,HOLD,MIDCPNIFTY23AUG8500PE,59.0,1920.0,Monitoring
2023-08-14,15:00:00,HOLD,MIDCPNIFTY23AUG8500PE,59.0,1920.0,Monitoring
2023-08-14,15:05:00,HOLD,MIDCPNIFTY23AUG8500PE,59.0,1920.0,Monitoring
2023-08-14,15:10:00,HOLD,MIDCPNIFTY23AUG8500PE,59.0,1920.0,Monitoring
2023-08-14,15:15:00,HOLD,MIDCPNIFTY23AUG8500PE,60.0,1800.0,Monitoring
2023-08-14,15:20:00,HOLD,MIDCPNIFTY23AUG8500PE,60.0,1800.0,Monitoring
2023-08-14,15:25:00,HOLD,MIDCPNIFTY23AUG8500PE,60.0,1800.0,Monitoring
2023-08-16,09:15:00,HOLD,MIDCPNIFTY23AUG8500PE,60.0,1800.0,Monitoring
2023-08-16,09:20:00,HOLD,MIDCPNIFTY23AUG8500PE,60.0,1800.0,Monitoring
2023-08-16,09:25:00,HOLD,MIDCPNIFTY23AUG8500PE,60.0,1800.0,Monitoring
2023-08-16,09:30:00,HOLD,MIDCPNIFTY23AUG8500PE,70.0,600.0,Monitoring
2023-08-16,09:35:00,HOLD,MIDCPNIFTY23AUG8500PE,70.0,600.0,Monitoring
2023-08-16,09:40:00,HOLD,MIDCPNIFTY23AUG8500PE,70.0,600.0,Monitoring
2023-08-16,09:45:00,HOLD,MIDCPNIFTY23AUG8500PE,70.0,600.0,Monitoring
2023-08-16,09:50:00,HOLD,MIDCPNIFTY23AUG8500PE,70.0,600.0,Monitoring
2023-08-16,09:55:00,HOLD,MIDCPNIFTY23AUG8500PE,70.0,600.0,Monitoring
2023-08-16,10:00:00,HOLD,MIDCPNIFTY23AUG8500PE,70.0,600.0,Monitoring
2023-08-16,10:05:00,HOLD,MIDCPNIFTY23AUG8500PE,70.0,600.0,Monitoring
2023-08-16,10:10:00,HOLD,MIDCPNIFTY23AUG8500PE,69.9,612.0,Monitoring
2023-08-16,10:15:00,HOLD,MIDCPNIFTY23AUG8500PE,69.9,612.0,Monitoring
2023-08-16,10:20:00,HOLD,MIDCPNIFTY23AUG8500PE,69.9,612.0,Monitoring
2023-08-16,10:25:00,HOLD,MIDCPNIFTY23AUG8500PE,69.9,612.0,Monitoring
2023-08-16,10:30:00,HOLD,MIDCPNIFTY23AUG8500PE,69.9,612.0,Monitoring
2023-08-16,10:35:00,HOLD,MIDCPNIFTY23AUG8500PE,69.9,612.0,Monitoring
2023-08-16,10:40:00,HOLD,MIDCPNIFTY23AUG8500PE,69.9,612.0,Monitoring
2023-08-16,10:45:00,HOLD,MIDCPNIFTY23AUG8500PE,69.9,612.0,Monitoring
2023-08-16,10:50:00,HOLD,MIDCPNIFTY23AUG8500PE,69.9,612.0,Monitoring
2023-08-16,10:55:00,HOLD,MIDCPNIFTY23AUG8500PE,69.9,612.0,Monitoring
2023-08-16,11:00:00,HOLD,MIDCPNIFTY23AUG8500PE,75.0,0.0,Monitoring
2023-08-16,11:05:00,HOLD,MIDCPNIFTY23AUG8500PE,74.95,6.0,Monitoring
2023-08-16,11:10:00,HOLD,MIDCPNIFTY23AUG8500PE,74.95,6.0,Monitoring
2023-08-16,11:15:00,HOLD,MIDCPNIFTY23AUG8500PE,74.95,6.0,Monitoring
2023-08-16,11:20:00,HOLD,MIDCPNIFTY23AUG8500PE,74.95,6.0,Monitoring
2023-08-16,11:25:00,HOLD,MIDCPNIFTY23AUG8500PE,74.95,6.0,Monitoring
2023-08-16,11:30:00,HOLD,MIDCPNIFTY23AUG8500PE,74.95,6.0,Monitoring
2023-08-16,11:35:00,HOLD,MIDCPNIFTY23AUG8500PE,74.95,6.0,Monitoring
2023-08-16,11:40:00,HOLD,MIDCPNIFTY23AUG8500PE,74.95,6.0,Monitoring
2023-08-16,11:45:00,HOLD,MIDCPNIFTY23AUG8500PE,74.95,6.0,Monitoring
2023-08-16,11:50:00,HOLD,MIDCPNIFTY23AUG8500PE,74.95,6.0,Monitoring
2023-08-16,11:55:00,HOLD,MIDCPNIFTY23AUG8500PE,74.95,6.0,Monitoring
2023-08-16,12:00:00,HOLD,MIDCPNIFTY23AUG8500PE,61.0,1680.0,Monitoring
2023-08-16,12:05:00,HOLD,MIDCPNIFTY23AUG8500PE,60.0,1800.0,Monitoring
2023-08-16,12:10:00,HOLD,MIDCPNIFTY23AUG8500PE,60.0,1800.0,Monitoring
2023-08-16,12:15:00,HOLD,MIDCPNIFTY23AUG8500PE,60.0,1800.0,Monitoring
2023-08-16,12:20:00,HOLD,MIDCPNIFTY23AUG8500PE,60.0,1800.0,Monitoring
2023-08-16,12:25:00,HOLD,MIDCPNIFTY23AUG8500PE,60.0,1800.0,Monitoring
2023-08-16,12:30:00,HOLD,MIDCPNIFTY23AUG8500PE,60.0,1800.0,Monitoring
2023-08-16,12:35:00,HOLD,MIDCPNIFTY23AUG8500PE,60.0,1800.0,Monitoring
2023-08-16,12:40:00,HOLD,MIDCPNIFTY23AUG8500PE,55.0,2400.0,Monitoring
2023-08-16,12:45:00,HOLD,MIDCPNIFTY23AUG8500PE,55.0,2400.0,Monitoring
2023-08-16,12:50:00,HOLD,MIDCPNIFTY23AUG8500PE,55.0,2400.0,Monitoring
2023-08-16,12:55:00,HOLD,MIDCPNIFTY23AUG8500PE,60.0,1800.0,Monitoring
2023-08-16,13:00:00,HOLD,MIDCPNIFTY23AUG8500PE,60.0,1800.0,Monitoring
2023-08-16,13:05:00,HOLD,MIDCPNIFTY23AUG8500PE,60.0,1800.0,Monitoring
2023-08-16,13:10:00,HOLD,MIDCPNIFTY23AUG8500PE,55.0,2400.0,Monitoring
2023-08-16,13:15:00,HOLD,MIDCPNIFTY23AUG8500PE,50.0,3000.0,Monitoring
2023-08-16,13:20:00,HOLD,MIDCPNIFTY23AUG8500PE,50.0,3000.0,Monitoring
2023-08-16,13:25:00,HOLD,MIDCPNIFTY23AUG8500PE,50.0,3000.0,Monitoring
2023-08-16,13:30:00,HOLD,MIDCPNIFTY23AUG8500PE,50.0,3000.0,Monitoring
2023-08-16,13:35:00,HOLD,MIDCPNIFTY23AUG8500PE,50.0,3000.0,Monitoring
2023-08-16,13:40:00,HOLD,MIDCPNIFTY23AUG8500PE,50.0,3000.0,Monitoring
2023-08-16,13:45:00,HOLD,MIDCPNIFTY23AUG8500PE,50.0,3000.0,Monitoring
2023-08-16,13:50:00,HOLD,MIDCPNIFTY23AUG8500PE,50.0,3000.0,Monitoring
2023-08-16,13:55:00,HOLD,MIDCPNIFTY23AUG8500PE,50.0,3000.0,Monitoring
2023-08-16,14:00:00,HOLD,MIDCPNIFTY23AUG8500PE,50.0,3000.0,Monitoring
2023-08-16,14:05:00,HOLD,MIDCPNIFTY23AUG8500PE,50.0,3000.0,Monitoring
2023-08-16,14:10:00,HOLD,MIDCPNIFTY23AUG8500PE,50.0,3000.0,Monitoring
2023-08-16,14:15:00,HOLD,MIDCPNIFTY23AUG8500PE,50.0,3000.0,Monitoring
2023-08-16,14:20:00,HOLD,MIDCPNIFTY23AUG8500PE,50.0,3000.0,Monitoring
2023-08-16,14:25:00,HOLD,MIDCPNIFTY23AUG8500PE,50.0,3000.0,Monitoring
2023-08-16,14:30:00,HOLD,MIDCPNIFTY23AUG8500PE,50.0,3000.0,Monitoring
2023-08-16,14:35:00,HOLD,MIDCPNIFTY23AUG8500PE,50.0,3000.0,Monitoring
2023-08-16,14:40:00,HOLD,MIDCPNIFTY23AUG8500PE,50.0,3000.0,Monitoring
2023-08-16,14:45:00,HOLD,MIDCPNIFTY23AUG8500PE,50.0,3000.0,Monitoring
2023-08-16,14:50:00,HOLD,MIDCPNIFTY23AUG8500PE,50.0,3000.0,Monitoring
2023-08-16,14:55:00,HOLD,MIDCPNIFTY23AUG8500PE,50.0,3000.0,Monitoring
2023-08-16,15:00:00,HOLD,MIDCPNIFTY23AUG8500PE,50.0,3000.0,Monitoring
2023-08-16,15:05:00,HOLD,MIDCPNIFTY23AUG8500PE,50.0,3000.0,Monitoring
2023-08-16,15:10:00,HOLD,MIDCPNIFTY23AUG8500PE,50.0,3000.0,Monitoring
2023-08-16,15:15:00,HOLD,MIDCPNIFTY23AUG8500PE,50.0,3000.0,Monitoring
2023-08-16,15:20:00,HOLD,MIDCPNIFTY23AUG8500PE,50.0,3000.0,Monitoring
2023-08-16,15:25:00,HOLD,MIDCPNIFTY23AUG8500PE,50.0,3000.0,Monitoring
2023-08-17,09:15:00,HOLD,MIDCPNIFTY23AUG8500PE,50.0,3000.0,Monitoring
2023-08-17,09:20:00,HOLD,MIDCPNIFTY23AUG8500PE,50.0,3000.0,Monitoring
2023-08-17,09:25:00,HOLD,MIDCPNIFTY23AUG8500PE,50.0,3000.0,Monitoring
2023-08-17,09:30:00,HOLD,MIDCPNIFTY23AUG8500PE,50.0,3000.0,Monitoring
2023-08-17,09:35:00,HOLD,MIDCPNIFTY23AUG8500PE,50.0,3000.0,Monitoring
2023-08-17,09:40:00,HOLD,MIDCPNIFTY23AUG8500PE,50.0,3000.0,Monitoring
2023-08-17,09:45:00,HOLD,MIDCPNIFTY23AUG8500PE,50.0,3000.0,Monitoring
2023-08-17,09:50:00,HOLD,MIDCPNIFTY23AUG8500PE,50.0,3000.0,Monitoring
2023-08-17,09:55:00,HOLD,MIDCPNIFTY23AUG8500PE,50.0,3000.0,Monitoring
2023-08-17,10:00:00,HOLD,MIDCPNIFTY23AUG8500PE,49.0,3120.0,Monitoring
2023-08-17,10:05:00,HOLD,MIDCPNIFTY23AUG8500PE,49.0,3120.0,Monitoring
2023-08-17,10:10:00,HOLD,MIDCPNIFTY23AUG8500PE,49.0,3120.0,Monitoring
2023-08-17,10:15:00,HOLD,MIDCPNIFTY23AUG8500PE,49.0,3120.0,Monitoring
2023-08-17,10:20:00,HOLD,MIDCPNIFTY23AUG8500PE,49.0,3120.0,Monitoring
2023-08-17,10:25:00,HOLD,MIDCPNIFTY23AUG8500PE,49.0,3120.0,Monitoring
2023-08-17,10:30:00,HOLD,MIDCPNIFTY23AUG8500PE,49.0,3120.0,Monitoring
2023-08-17,10:35:00,HOLD,MIDCPNIFTY23AUG8500PE,49.0,3120.0,Monitoring
2023-08-17,10:40:00,HOLD,MIDCPNIFTY23AUG8500PE,49.0,3120.0,Monitoring
2023-08-17,10:45:00,HOLD,MIDCPNIFTY23AUG8500PE,49.0,3120.0,Monitoring
2023-08-17,10:50:00,HOLD,MIDCPNIFTY23AUG8500PE,49.0,3120.0,Monitoring
2023-08-17,10:55:00,HOLD,MIDCPNIFTY23AUG8500PE,49.0,3120.0,Monitoring
2023-08-17,11:00:00,HOLD,MIDCPNIFTY23AUG8500PE,45.0,3600.0,Monitoring
2023-08-17,11:05:00,HOLD,MIDCPNIFTY23AUG8500PE,45.0,3600.0,Monitoring
2023-08-17,11:10:00,HOLD,MIDCPNIFTY23AUG8500PE,45.0,3600.0,Monitoring
2023-08-17,11:15:00,HOLD,MIDCPNIFTY23AUG8500PE,53.0,2640.0,Monitoring
2023-08-17,11:20:00,HOLD,MIDCPNIFTY23AUG8500PE,54.0,2520.0,Monitoring
2023-08-17,11:25:00,HOLD,MIDCPNIFTY23AUG8500PE,53.1,2628.0,Monitoring
2023-08-17,11:30:00,HOLD,MIDCPNIFTY23AUG8500PE,54.0,2520.0,Monitoring
2023-08-17,11:35:00,HOLD,MIDCPNIFTY23AUG8500PE,54.0,2520.0,Monitoring
2023-08-17,11:40:00,HOLD,MIDCPNIFTY23AUG8500PE,54.0,2520.0,Monitoring
2023-08-17,11:45:00,HOLD,MIDCPNIFTY23AUG8500PE,54.0,2520.0,Monitoring
2023-08-17,11:50:00,HOLD,MIDCPNIFTY23AUG8500PE,53.95,2526.0,Monitoring
2023-08-17,11:55:00,HOLD,MIDCPNIFTY23AUG8500PE,53.95,2526.0,Monitoring
2023-08-17,12:00:00,HOLD,MIDCPNIFTY23AUG8500PE,53.95,2526.0,Monitoring
2023-08-17,12:05:00,HOLD,MIDCPNIFTY23AUG8500PE,53.95,2526.0,Monitoring
2023-08-17,12:10:00,HOLD,MIDCPNIFTY23AUG8500PE,54.0,2520.0,Monitoring
2023-08-17,12:15:00,HOLD,MIDCPNIFTY23AUG8500PE,54.0,2520.0,Monitoring
2023-08-17,12:20:00,HOLD,MIDCPNIFTY23AUG8500PE,54.0,2520.0,Monitoring
2023-08-17,12:25:00,HOLD,MIDCPNIFTY23AUG8500PE,54.0,2520.0,Monitoring
2023-08-17,12:30:00,HOLD,MIDCPNIFTY23AUG8500PE,54.0,2520.0,Monitoring
2023-08-17,12:35:00,HOLD,MIDCPNIFTY23AUG8500PE,54.0,2520.0,Monitoring
2023-08-17,12:40:00,HOLD,MIDCPNIFTY23AUG8500PE,54.0,2520.0,Monitoring
2023-08-17,12:45:00,HOLD,MIDCPNIFTY23AUG8500PE,54.0,2520.0,Monitoring
2023-08-17,12:50:00,HOLD,MIDCPNIFTY23AUG8500PE,54.0,2520.0,Monitoring
2023-08-17,12:55:00,HOLD,MIDCPNIFTY23AUG8500PE,54.0,2520.0,Monitoring
2023-08-17,12:55:00,BUY_EXIT,MIDCPNIFTY23AUG8500PE,54.0,2520.0,EMA_REVERSAL_SL
