Date,Time,Event,Ticker,Price,PnL_INR,Info
2025-08-07,14:50:00,SELL_ENTRY,MIDCPNIFTY25AUG12500PE,113.95,0.0,Signal PE | Short
2025-08-07,14:55:00,HOLD,MIDCPNIFTY25AUG12500PE,114.1,-18.0,Monitoring
2025-08-07,15:00:00,HOLD,MIDCPNIFTY25AUG12500PE,107.85,732.0,Monitoring
2025-08-07,15:05:00,HOLD,MIDCPNIFTY25AUG12500PE,110.55,408.0,Monitoring
2025-08-07,15:10:00,HOLD,MIDCPNIFTY25AUG12500PE,107.9,726.0,Monitoring
2025-08-07,15:15:00,HOLD,MIDCPNIFTY25AUG12500PE,99.0,1794.0,Monitoring
2025-08-07,15:20:00,HOLD,MIDCPNIFTY25AUG12500PE,100.1,1662.0,Monitoring
2025-08-07,15:25:00,HOLD,MIDCPNIFTY25AUG12500PE,97.25,2004.0,Monitoring
2025-08-08,09:15:00,HOLD,MIDCPNIFTY25AUG12500PE,121.3,-882.0,Monitoring
2025-08-08,09:20:00,HOLD,MIDCPNIFTY25AUG12500PE,127.0,-1566.0,Monitoring
2025-08-08,09:25:00,HOLD,MIDCPNIFTY25AUG12500PE,136.0,-2646.0,Monitoring
2025-08-08,09:30:00,HOLD,MIDCPNIFTY25AUG12500PE,134.0,-2406.0,Monitoring
2025-08-08,09:35:00,HOLD,MIDCPNIFTY25AUG12500PE,129.1,-1818.0,Monitoring
2025-08-08,09:40:00,HOLD,MIDCPNIFTY25AUG12500PE,133.0,-2286.0,Monitoring
2025-08-08,09:45:00,HOLD,MIDCPNIFTY25AUG12500PE,142.1,-3378.0,Monitoring
2025-08-08,09:50:00,HOLD,MIDCPNIFTY25AUG12500PE,140.95,-3240.0,Monitoring
2025-08-08,09:55:00,HOLD,MIDCPNIFTY25AUG12500PE,149.35,-4248.0,Monitoring
2025-08-08,10:00:00,HOLD,MIDCPNIFTY25AUG12500PE,151.25,-4476.0,Monitoring
2025-08-08,10:05:00,HOLD,MIDCPNIFTY25AUG12500PE,145.0,-3726.0,Monitoring
2025-08-08,10:10:00,HOLD,MIDCPNIFTY25AUG12500PE,144.35,-3648.0,Monitoring
2025-08-08,10:15:00,HOLD,MIDCPNIFTY25AUG12500PE,141.0,-3246.0,Monitoring
2025-08-08,10:20:00,HOLD,MIDCPNIFTY25AUG12500PE,137.6,-2838.0,Monitoring
2025-08-08,10:25:00,HOLD,MIDCPNIFTY25AUG12500PE,144.95,-3720.0,Monitoring
2025-08-08,10:30:00,HOLD,MIDCPNIFTY25AUG12500PE,151.15,-4464.0,Monitoring
2025-08-08,10:35:00,HOLD,MIDCPNIFTY25AUG12500PE,159.85,-5508.0,Monitoring
2025-08-08,10:40:00,HOLD,MIDCPNIFTY25AUG12500PE,155.1,-4938.0,Monitoring
2025-08-08,10:45:00,HOLD,MIDCPNIFTY25AUG12500PE,162.1,-5778.0,Monitoring
2025-08-08,10:50:00,HOLD,MIDCPNIFTY25AUG12500PE,151.75,-4536.0,Monitoring
2025-08-08,10:55:00,HOLD,MIDCPNIFTY25AUG12500PE,156.0,-5046.0,Monitoring
2025-08-08,11:00:00,HOLD,MIDCPNIFTY25AUG12500PE,150.15,-4344.0,Monitoring
2025-08-08,11:05:00,HOLD,MIDCPNIFTY25AUG12500PE,150.55,-4392.0,Monitoring
2025-08-08,11:10:00,HOLD,MIDCPNIFTY25AUG12500PE,145.0,-3726.0,Monitoring
2025-08-08,11:15:00,HOLD,MIDCPNIFTY25AUG12500PE,139.4,-3054.0,Monitoring
2025-08-08,11:20:00,HOLD,MIDCPNIFTY25AUG12500PE,146.25,-3876.0,Monitoring
2025-08-08,11:25:00,HOLD,MIDCPNIFTY25AUG12500PE,147.05,-3972.0,Monitoring
2025-08-08,11:30:00,HOLD,MIDCPNIFTY25AUG12500PE,143.0,-3486.0,Monitoring
2025-08-08,11:35:00,HOLD,MIDCPNIFTY25AUG12500PE,146.8,-3942.0,Monitoring
2025-08-08,11:40:00,HOLD,MIDCPNIFTY25AUG12500PE,143.7,-3570.0,Monitoring
2025-08-08,11:45:00,HOLD,MIDCPNIFTY25AUG12500PE,141.45,-3300.0,Monitoring
2025-08-08,11:50:00,HOLD,MIDCPNIFTY25AUG12500PE,135.6,-2598.0,Monitoring
2025-08-08,11:55:00,HOLD,MIDCPNIFTY25AUG12500PE,137.75,-2856.0,Monitoring
2025-08-08,12:00:00,HOLD,MIDCPNIFTY25AUG12500PE,146.35,-3888.0,Monitoring
2025-08-08,12:05:00,HOLD,MIDCPNIFTY25AUG12500PE,145.15,-3744.0,Monitoring
2025-08-08,12:10:00,HOLD,MIDCPNIFTY25AUG12500PE,141.05,-3252.0,Monitoring
2025-08-08,12:15:00,HOLD,MIDCPNIFTY25AUG12500PE,142.7,-3450.0,Monitoring
2025-08-08,12:20:00,HOLD,MIDCPNIFTY25AUG12500PE,142.65,-3444.0,Monitoring
2025-08-08,12:25:00,HOLD,MIDCPNIFTY25AUG12500PE,139.35,-3048.0,Monitoring
2025-08-08,12:30:00,HOLD,MIDCPNIFTY25AUG12500PE,142.3,-3402.0,Monitoring
2025-08-08,12:35:00,HOLD,MIDCPNIFTY25AUG12500PE,148.5,-4146.0,Monitoring
2025-08-08,12:40:00,HOLD,MIDCPNIFTY25AUG12500PE,146.5,-3906.0,Monitoring
2025-08-08,12:45:00,HOLD,MIDCPNIFTY25AUG12500PE,143.0,-3486.0,Monitoring
2025-08-08,12:50:00,HOLD,MIDCPNIFTY25AUG12500PE,137.0,-2766.0,Monitoring
2025-08-08,12:55:00,HOLD,MIDCPNIFTY25AUG12500PE,144.8,-3702.0,Monitoring
2025-08-08,13:00:00,HOLD,MIDCPNIFTY25AUG12500PE,143.0,-3486.0,Monitoring
2025-08-08,13:05:00,HOLD,MIDCPNIFTY25AUG12500PE,147.9,-4074.0,Monitoring
2025-08-08,13:10:00,HOLD,MIDCPNIFTY25AUG12500PE,149.1,-4218.0,Monitoring
2025-08-08,13:15:00,HOLD,MIDCPNIFTY25AUG12500PE,145.0,-3726.0,Monitoring
2025-08-08,13:20:00,HOLD,MIDCPNIFTY25AUG12500PE,148.0,-4086.0,Monitoring
2025-08-08,13:25:00,HOLD,MIDCPNIFTY25AUG12500PE,156.15,-5064.0,Monitoring
2025-08-08,13:30:00,HOLD,MIDCPNIFTY25AUG12500PE,148.8,-4182.0,Monitoring
2025-08-08,13:35:00,HOLD,MIDCPNIFTY25AUG12500PE,148.0,-4086.0,Monitoring
2025-08-08,13:40:00,HOLD,MIDCPNIFTY25AUG12500PE,149.35,-4248.0,Monitoring
2025-08-08,13:45:00,HOLD,MIDCPNIFTY25AUG12500PE,162.0,-5766.0,Monitoring
2025-08-08,13:50:00,HOLD,MIDCPNIFTY25AUG12500PE,161.5,-5706.0,Monitoring
2025-08-08,13:55:00,HOLD,MIDCPNIFTY25AUG12500PE,163.95,-6000.0,Monitoring
2025-08-08,14:00:00,HOLD,MIDCPNIFTY25AUG12500PE,165.55,-6192.0,Monitoring
2025-08-08,14:00:00,BUY_EXIT,MIDCPNIFTY25AUG12500PE,165.55,-6192.0,EMA_REVERSAL_SL
