Date,Time,Event,Ticker,Price,PnL_INR,Info
2025-10-31,15:15:00,SELL_ENTRY,MIDCPNIFTY25NOV13500CE,239.2,0.0,Signal CE | Short
2025-10-31,15:20:00,HOLD,MIDCPNIFTY25NOV13500CE,235.35,462.0,Monitoring
2025-10-31,15:25:00,HOLD,MIDCPNIFTY25NOV13500CE,243.1,-468.0,Monitoring
2025-11-03,09:15:00,HOLD,MIDCPNIFTY25NOV13500CE,247.35,-978.0,Monitoring
2025-11-03,09:20:00,HOLD,MIDCPNIFTY25NOV13500CE,241.95,-330.0,Monitoring
2025-11-03,09:25:00,HOLD,MIDCPNIFTY25NOV13500CE,247.45,-990.0,Monitoring
2025-11-03,09:30:00,HOLD,MIDCPNIFTY25NOV13500CE,244.1,-588.0,Monitoring
2025-11-03,09:35:00,HOLD,MIDCPNIFTY25NOV13500CE,260.95,-2610.0,Monitoring
2025-11-03,09:40:00,HOLD,MIDCPNIFTY25NOV13500CE,263.7,-2940.0,Monitoring
2025-11-03,09:45:00,HOLD,MIDCPNIFTY25NOV13500CE,261.95,-2730.0,Monitoring
2025-11-03,09:50:00,HOLD,MIDCPNIFTY25NOV13500CE,262.05,-2742.0,Monitoring
2025-11-03,09:55:00,HOLD,MIDCPNIFTY25NOV13500CE,263.4,-2904.0,Monitoring
2025-11-03,10:00:00,HOLD,MIDCPNIFTY25NOV13500CE,257.3,-2172.0,Monitoring
2025-11-03,10:05:00,HOLD,MIDCPNIFTY25NOV13500CE,252.0,-1536.0,Monitoring
2025-11-03,10:10:00,HOLD,MIDCPNIFTY25NOV13500CE,251.7,-1500.0,Monitoring
2025-11-03,10:15:00,HOLD,MIDCPNIFTY25NOV13500CE,255.0,-1896.0,Monitoring
2025-11-03,10:20:00,HOLD,MIDCPNIFTY25NOV13500CE,257.15,-2154.0,Monitoring
2025-11-03,10:25:00,HOLD,MIDCPNIFTY25NOV13500CE,256.6,-2088.0,Monitoring
2025-11-03,10:30:00,HOLD,MIDCPNIFTY25NOV13500CE,257.0,-2136.0,Monitoring
2025-11-03,10:35:00,HOLD,MIDCPNIFTY25NOV13500CE,263.35,-2898.0,Monitoring
2025-11-03,10:40:00,HOLD,MIDCPNIFTY25NOV13500CE,267.75,-3426.0,Monitoring
2025-11-03,10:45:00,HOLD,MIDCPNIFTY25NOV13500CE,261.3,-2652.0,Monitoring
2025-11-03,10:50:00,HOLD,MIDCPNIFTY25NOV13500CE,259.0,-2376.0,Monitoring
2025-11-03,10:55:00,HOLD,MIDCPNIFTY25NOV13500CE,265.05,-3102.0,Monitoring
2025-11-03,11:00:00,HOLD,MIDCPNIFTY25NOV13500CE,273.85,-4158.0,Monitoring
2025-11-03,11:05:00,HOLD,MIDCPNIFTY25NOV13500CE,277.9,-4644.0,Monitoring
2025-11-03,11:10:00,HOLD,MIDCPNIFTY25NOV13500CE,283.3,-5292.0,Monitoring
2025-11-03,11:10:00,BUY_EXIT,MIDCPNIFTY25NOV13500CE,283.3,-5292.0,EMA_REVERSAL_SL
