Date,Time,Event,Ticker,Price,PnL_INR,Info
2025-10-27,14:00:00,SELL_ENTRY,MIDCPNIFTY25NOV13200PE,167.5,0.0,Signal PE | Short
2025-10-27,14:05:00,HOLD,MIDCPNIFTY25NOV13200PE,167.35,18.0,Monitoring
2025-10-27,14:10:00,HOLD,MIDCPNIFTY25NOV13200PE,169.5,-240.0,Monitoring
2025-10-27,14:15:00,HOLD,MIDCPNIFTY25NOV13200PE,166.1,168.0,Monitoring
2025-10-27,14:20:00,HOLD,MIDCPNIFTY25NOV13200PE,165.25,270.0,Monitoring
2025-10-27,14:25:00,HOLD,MIDCPNIFTY25NOV13200PE,167.0,60.0,Monitoring
2025-10-27,14:30:00,HOLD,MIDCPNIFTY25NOV13200PE,165.7,216.0,Monitoring
2025-10-27,14:35:00,HOLD,MIDCPNIFTY25NOV13200PE,164.9,312.0,Monitoring
2025-10-27,14:40:00,HOLD,MIDCPNIFTY25NOV13200PE,164.5,360.0,Monitoring
2025-10-27,14:45:00,HOLD,MIDCPNIFTY25NOV13200PE,167.5,0.0,Monitoring
2025-10-27,14:50:00,HOLD,MIDCPNIFTY25NOV13200PE,168.55,-126.0,Monitoring
2025-10-27,14:55:00,HOLD,MIDCPNIFTY25NOV13200PE,167.1,48.0,Monitoring
2025-10-27,15:00:00,HOLD,MIDCPNIFTY25NOV13200PE,165.55,234.0,Monitoring
2025-10-27,15:05:00,HOLD,MIDCPNIFTY25NOV13200PE,161.6,708.0,Monitoring
2025-10-27,15:10:00,HOLD,MIDCPNIFTY25NOV13200PE,162.5,600.0,Monitoring
2025-10-27,15:15:00,HOLD,MIDCPNIFTY25NOV13200PE,161.75,690.0,Monitoring
2025-10-27,15:20:00,HOLD,MIDCPNIFTY25NOV13200PE,159.0,1020.0,Monitoring
2025-10-27,15:25:00,HOLD,MIDCPNIFTY25NOV13200PE,151.75,1890.0,Monitoring
2025-10-28,09:15:00,HOLD,MIDCPNIFTY25NOV13200PE,164.9,312.0,Monitoring
2025-10-28,09:20:00,HOLD,MIDCPNIFTY25NOV13200PE,163.05,534.0,Monitoring
2025-10-28,09:25:00,HOLD,MIDCPNIFTY25NOV13200PE,160.95,786.0,Monitoring
2025-10-28,09:30:00,HOLD,MIDCPNIFTY25NOV13200PE,154.0,1620.0,Monitoring
2025-10-28,09:35:00,HOLD,MIDCPNIFTY25NOV13200PE,155.8,1404.0,Monitoring
2025-10-28,09:40:00,HOLD,MIDCPNIFTY25NOV13200PE,154.0,1620.0,Monitoring
2025-10-28,09:45:00,HOLD,MIDCPNIFTY25NOV13200PE,158.5,1080.0,Monitoring
2025-10-28,09:50:00,HOLD,MIDCPNIFTY25NOV13200PE,164.2,396.0,Monitoring
2025-10-28,09:55:00,HOLD,MIDCPNIFTY25NOV13200PE,161.0,780.0,Monitoring
2025-10-28,10:00:00,HOLD,MIDCPNIFTY25NOV13200PE,165.05,294.0,Monitoring
2025-10-28,10:05:00,HOLD,MIDCPNIFTY25NOV13200PE,170.0,-300.0,Monitoring
2025-10-28,10:10:00,HOLD,MIDCPNIFTY25NOV13200PE,164.35,378.0,Monitoring
2025-10-28,10:15:00,HOLD,MIDCPNIFTY25NOV13200PE,169.5,-240.0,Monitoring
2025-10-28,10:20:00,HOLD,MIDCPNIFTY25NOV13200PE,169.4,-228.0,Monitoring
2025-10-28,10:25:00,HOLD,MIDCPNIFTY25NOV13200PE,172.45,-594.0,Monitoring
2025-10-28,10:30:00,HOLD,MIDCPNIFTY25NOV13200PE,174.5,-840.0,Monitoring
2025-10-28,10:35:00,HOLD,MIDCPNIFTY25NOV13200PE,179.35,-1422.0,Monitoring
2025-10-28,10:40:00,HOLD,MIDCPNIFTY25NOV13200PE,178.45,-1314.0,Monitoring
2025-10-28,10:45:00,HOLD,MIDCPNIFTY25NOV13200PE,177.5,-1200.0,Monitoring
2025-10-28,10:50:00,HOLD,MIDCPNIFTY25NOV13200PE,184.8,-2076.0,Monitoring
2025-10-28,10:55:00,HOLD,MIDCPNIFTY25NOV13200PE,184.0,-1980.0,Monitoring
2025-10-28,11:00:00,HOLD,MIDCPNIFTY25NOV13200PE,186.9,-2328.0,Monitoring
2025-10-28,11:00:00,BUY_EXIT,MIDCPNIFTY25NOV13200PE,186.9,-2328.0,EMA_REVERSAL_SL
