Date,Time,Event,Ticker,Price,PnL_INR,Info
2025-11-03,14:00:00,SELL_ENTRY,MIDCPNIFTY25NOV13400PE,140.8,0.0,Signal PE | Short
2025-11-03,14:05:00,HOLD,MIDCPNIFTY25NOV13400PE,138.0,336.0,Monitoring
2025-11-03,14:10:00,HOLD,MIDCPNIFTY25NOV13400PE,138.55,270.0,Monitoring
2025-11-03,14:15:00,HOLD,MIDCPNIFTY25NOV13400PE,135.05,690.0,Monitoring
2025-11-03,14:20:00,HOLD,MIDCPNIFTY25NOV13400PE,130.4,1248.0,Monitoring
2025-11-03,14:25:00,HOLD,MIDCPNIFTY25NOV13400PE,130.5,1236.0,Monitoring
2025-11-03,14:30:00,HOLD,MIDCPNIFTY25NOV13400PE,127.7,1572.0,Monitoring
2025-11-03,14:35:00,HOLD,MIDCPNIFTY25NOV13400PE,124.85,1914.0,Monitoring
2025-11-03,14:40:00,HOLD,MIDCPNIFTY25NOV13400PE,127.8,1560.0,Monitoring
2025-11-03,14:45:00,HOLD,MIDCPNIFTY25NOV13400PE,131.15,1158.0,Monitoring
2025-11-03,14:50:00,HOLD,MIDCPNIFTY25NOV13400PE,132.5,996.0,Monitoring
2025-11-03,14:55:00,HOLD,MIDCPNIFTY25NOV13400PE,133.75,846.0,Monitoring
2025-11-03,15:00:00,HOLD,MIDCPNIFTY25NOV13400PE,134.15,798.0,Monitoring
2025-11-03,15:05:00,HOLD,MIDCPNIFTY25NOV13400PE,134.85,714.0,Monitoring
2025-11-03,15:10:00,HOLD,MIDCPNIFTY25NOV13400PE,131.9,1068.0,Monitoring
2025-11-03,15:15:00,HOLD,MIDCPNIFTY25NOV13400PE,132.5,996.0,Monitoring
2025-11-03,15:20:00,HOLD,MIDCPNIFTY25NOV13400PE,134.9,708.0,Monitoring
2025-11-03,15:25:00,HOLD,MIDCPNIFTY25NOV13400PE,126.9,1668.0,Monitoring
2025-11-04,09:15:00,HOLD,MIDCPNIFTY25NOV13400PE,141.0,-24.0,Monitoring
2025-11-04,09:20:00,HOLD,MIDCPNIFTY25NOV13400PE,134.75,726.0,Monitoring
2025-11-04,09:25:00,HOLD,MIDCPNIFTY25NOV13400PE,140.0,96.0,Monitoring
2025-11-04,09:30:00,HOLD,MIDCPNIFTY25NOV13400PE,139.15,198.0,Monitoring
2025-11-04,09:35:00,HOLD,MIDCPNIFTY25NOV13400PE,137.5,396.0,Monitoring
2025-11-04,09:40:00,HOLD,MIDCPNIFTY25NOV13400PE,135.25,666.0,Monitoring
2025-11-04,09:45:00,HOLD,MIDCPNIFTY25NOV13400PE,140.3,60.0,Monitoring
2025-11-04,09:50:00,HOLD,MIDCPNIFTY25NOV13400PE,136.8,480.0,Monitoring
2025-11-04,09:55:00,HOLD,MIDCPNIFTY25NOV13400PE,136.0,576.0,Monitoring
2025-11-04,10:00:00,HOLD,MIDCPNIFTY25NOV13400PE,135.5,636.0,Monitoring
2025-11-04,10:05:00,HOLD,MIDCPNIFTY25NOV13400PE,136.0,576.0,Monitoring
2025-11-04,10:10:00,HOLD,MIDCPNIFTY25NOV13400PE,137.0,456.0,Monitoring
2025-11-04,10:15:00,HOLD,MIDCPNIFTY25NOV13400PE,140.0,96.0,Monitoring
2025-11-04,10:20:00,HOLD,MIDCPNIFTY25NOV13400PE,137.8,360.0,Monitoring
2025-11-04,10:25:00,HOLD,MIDCPNIFTY25NOV13400PE,140.2,72.0,Monitoring
2025-11-04,10:30:00,HOLD,MIDCPNIFTY25NOV13400PE,141.0,-24.0,Monitoring
2025-11-04,10:35:00,HOLD,MIDCPNIFTY25NOV13400PE,142.05,-150.0,Monitoring
2025-11-04,10:40:00,HOLD,MIDCPNIFTY25NOV13400PE,147.0,-744.0,Monitoring
2025-11-04,10:45:00,HOLD,MIDCPNIFTY25NOV13400PE,146.7,-708.0,Monitoring
2025-11-04,10:50:00,HOLD,MIDCPNIFTY25NOV13400PE,149.4,-1032.0,Monitoring
2025-11-04,10:55:00,HOLD,MIDCPNIFTY25NOV13400PE,144.35,-426.0,Monitoring
2025-11-04,11:00:00,HOLD,MIDCPNIFTY25NOV13400PE,148.3,-900.0,Monitoring
2025-11-04,11:05:00,HOLD,MIDCPNIFTY25NOV13400PE,153.65,-1542.0,Monitoring
2025-11-04,11:10:00,HOLD,MIDCPNIFTY25NOV13400PE,150.0,-1104.0,Monitoring
2025-11-04,11:15:00,HOLD,MIDCPNIFTY25NOV13400PE,154.0,-1584.0,Monitoring
2025-11-04,11:20:00,HOLD,MIDCPNIFTY25NOV13400PE,154.55,-1650.0,Monitoring
2025-11-04,11:20:00,BUY_EXIT,MIDCPNIFTY25NOV13400PE,154.55,-1650.0,EMA_REVERSAL_SL
