Date,Time,Event,Ticker,Price,PnL_INR,Info
2025-02-17,14:00:00,SELL_ENTRY,MIDCPNIFTY25FEB11000PE,173.6,0.0,Signal PE | Short
2025-02-17,14:05:00,HOLD,MIDCPNIFTY25FEB11000PE,175.0,-168.0,Monitoring
2025-02-17,14:10:00,HOLD,MIDCPNIFTY25FEB11000PE,168.45,618.0,Monitoring
2025-02-17,14:15:00,HOLD,MIDCPNIFTY25FEB11000PE,153.3,2436.0,Monitoring
2025-02-17,14:20:00,HOLD,MIDCPNIFTY25FEB11000PE,159.6,1680.0,Monitoring
2025-02-17,14:25:00,HOLD,MIDCPNIFTY25FEB11000PE,154.6,2280.0,Monitoring
2025-02-17,14:30:00,HOLD,MIDCPNIFTY25FEB11000PE,159.95,1638.0,Monitoring
2025-02-17,14:35:00,HOLD,MIDCPNIFTY25FEB11000PE,160.35,1590.0,Monitoring
2025-02-17,14:40:00,HOLD,MIDCPNIFTY25FEB11000PE,157.45,1938.0,Monitoring
2025-02-17,14:45:00,HOLD,MIDCPNIFTY25FEB11000PE,157.0,1992.0,Monitoring
2025-02-17,14:50:00,HOLD,MIDCPNIFTY25FEB11000PE,155.75,2142.0,Monitoring
2025-02-17,14:55:00,HOLD,MIDCPNIFTY25FEB11000PE,144.6,3480.0,Monitoring
2025-02-17,15:00:00,HOLD,MIDCPNIFTY25FEB11000PE,144.9,3444.0,Monitoring
2025-02-17,15:05:00,HOLD,MIDCPNIFTY25FEB11000PE,141.95,3798.0,Monitoring
2025-02-17,15:10:00,HOLD,MIDCPNIFTY25FEB11000PE,138.3,4236.0,Monitoring
2025-02-17,15:15:00,HOLD,MIDCPNIFTY25FEB11000PE,143.0,3672.0,Monitoring
2025-02-17,15:20:00,HOLD,MIDCPNIFTY25FEB11000PE,141.0,3912.0,Monitoring
2025-02-17,15:25:00,HOLD,MIDCPNIFTY25FEB11000PE,138.0,4272.0,Monitoring
2025-02-18,09:15:00,HOLD,MIDCPNIFTY25FEB11000PE,153.6,2400.0,Monitoring
2025-02-18,09:20:00,HOLD,MIDCPNIFTY25FEB11000PE,166.15,894.0,Monitoring
2025-02-18,09:25:00,HOLD,MIDCPNIFTY25FEB11000PE,177.55,-474.0,Monitoring
2025-02-18,09:30:00,HOLD,MIDCPNIFTY25FEB11000PE,195.65,-2646.0,Monitoring
2025-02-18,09:35:00,HOLD,MIDCPNIFTY25FEB11000PE,181.7,-972.0,Monitoring
2025-02-18,09:40:00,HOLD,MIDCPNIFTY25FEB11000PE,180.3,-804.0,Monitoring
2025-02-18,09:45:00,HOLD,MIDCPNIFTY25FEB11000PE,179.55,-714.0,Monitoring
2025-02-18,09:50:00,HOLD,MIDCPNIFTY25FEB11000PE,178.7,-612.0,Monitoring
2025-02-18,09:55:00,HOLD,MIDCPNIFTY25FEB11000PE,178.35,-570.0,Monitoring
2025-02-18,10:00:00,HOLD,MIDCPNIFTY25FEB11000PE,170.8,336.0,Monitoring
2025-02-18,10:05:00,HOLD,MIDCPNIFTY25FEB11000PE,178.25,-558.0,Monitoring
2025-02-18,10:10:00,HOLD,MIDCPNIFTY25FEB11000PE,188.4,-1776.0,Monitoring
2025-02-18,10:15:00,HOLD,MIDCPNIFTY25FEB11000PE,190.45,-2022.0,Monitoring
2025-02-18,10:20:00,HOLD,MIDCPNIFTY25FEB11000PE,196.75,-2778.0,Monitoring
2025-02-18,10:25:00,HOLD,MIDCPNIFTY25FEB11000PE,200.95,-3282.0,Monitoring
2025-02-18,10:30:00,HOLD,MIDCPNIFTY25FEB11000PE,209.9,-4356.0,Monitoring
2025-02-18,10:35:00,HOLD,MIDCPNIFTY25FEB11000PE,201.8,-3384.0,Monitoring
2025-02-18,10:40:00,HOLD,MIDCPNIFTY25FEB11000PE,193.65,-2406.0,Monitoring
2025-02-18,10:45:00,HOLD,MIDCPNIFTY25FEB11000PE,200.9,-3276.0,Monitoring
2025-02-18,10:50:00,HOLD,MIDCPNIFTY25FEB11000PE,185.65,-1446.0,Monitoring
2025-02-18,10:55:00,HOLD,MIDCPNIFTY25FEB11000PE,184.4,-1296.0,Monitoring
2025-02-18,11:00:00,HOLD,MIDCPNIFTY25FEB11000PE,190.3,-2004.0,Monitoring
2025-02-18,11:05:00,HOLD,MIDCPNIFTY25FEB11000PE,201.45,-3342.0,Monitoring
2025-02-18,11:10:00,HOLD,MIDCPNIFTY25FEB11000PE,214.6,-4920.0,Monitoring
2025-02-18,11:10:00,BUY_EXIT,MIDCPNIFTY25FEB11000PE,214.6,-4920.0,EMA_REVERSAL_SL
