Date,Time,Event,Ticker,Price,PnL_INR,Info
2024-09-17,14:00:00,SELL_ENTRY,MIDCPNIFTY24SEP13200PE,113.3,0.0,Signal PE | Short
2024-09-17,14:05:00,HOLD,MIDCPNIFTY24SEP13200PE,114.8,-180.0,Monitoring
2024-09-17,14:10:00,HOLD,MIDCPNIFTY24SEP13200PE,114.2,-108.0,Monitoring
2024-09-17,14:15:00,HOLD,MIDCPNIFTY24SEP13200PE,113.3,0.0,Monitoring
2024-09-17,14:20:00,HOLD,MIDCPNIFTY24SEP13200PE,114.95,-198.0,Monitoring
2024-09-17,14:25:00,HOLD,MIDCPNIFTY24SEP13200PE,114.2,-108.0,Monitoring
2024-09-17,14:30:00,HOLD,MIDCPNIFTY24SEP13200PE,116.6,-396.0,Monitoring
2024-09-17,14:35:00,HOLD,MIDCPNIFTY24SEP13200PE,115.95,-318.0,Monitoring
2024-09-17,14:40:00,HOLD,MIDCPNIFTY24SEP13200PE,115.95,-318.0,Monitoring
2024-09-17,14:45:00,HOLD,MIDCPNIFTY24SEP13200PE,122.5,-1104.0,Monitoring
2024-09-17,14:50:00,HOLD,MIDCPNIFTY24SEP13200PE,126.7,-1608.0,Monitoring
2024-09-17,14:55:00,HOLD,MIDCPNIFTY24SEP13200PE,121.75,-1014.0,Monitoring
2024-09-17,15:00:00,HOLD,MIDCPNIFTY24SEP13200PE,116.7,-408.0,Monitoring
2024-09-17,15:05:00,HOLD,MIDCPNIFTY24SEP13200PE,116.7,-408.0,Monitoring
2024-09-17,15:10:00,HOLD,MIDCPNIFTY24SEP13200PE,119.05,-690.0,Monitoring
2024-09-17,15:15:00,HOLD,MIDCPNIFTY24SEP13200PE,119.75,-774.0,Monitoring
2024-09-17,15:20:00,HOLD,MIDCPNIFTY24SEP13200PE,122.0,-1044.0,Monitoring
2024-09-17,15:25:00,HOLD,MIDCPNIFTY24SEP13200PE,122.3,-1080.0,Monitoring
2024-09-18,09:15:00,HOLD,MIDCPNIFTY24SEP13200PE,133.1,-2376.0,Monitoring
2024-09-18,09:20:00,HOLD,MIDCPNIFTY24SEP13200PE,141.2,-3348.0,Monitoring
2024-09-18,09:25:00,HOLD,MIDCPNIFTY24SEP13200PE,144.25,-3714.0,Monitoring
2024-09-18,09:30:00,HOLD,MIDCPNIFTY24SEP13200PE,147.85,-4146.0,Monitoring
2024-09-18,09:35:00,HOLD,MIDCPNIFTY24SEP13200PE,140.3,-3240.0,Monitoring
2024-09-18,09:35:00,BUY_EXIT,MIDCPNIFTY24SEP13200PE,140.3,-3240.0,EMA_REVERSAL_SL
