Date,Time,Event,Ticker,Price,PnL_INR,Info
2025-03-19,14:00:00,SELL_ENTRY,MIDCPNIFTY25MAR11100PE,56.95,0.0,Signal PE | Short
2025-03-19,14:05:00,HOLD,MIDCPNIFTY25MAR11100PE,54.55,288.0,Monitoring
2025-03-19,14:10:00,HOLD,MIDCPNIFTY25MAR11100PE,56.45,60.0,Monitoring
2025-03-19,14:15:00,HOLD,MIDCPNIFTY25MAR11100PE,53.95,360.0,Monitoring
2025-03-19,14:20:00,HOLD,MIDCPNIFTY25MAR11100PE,51.7,630.0,Monitoring
2025-03-19,14:25:00,HOLD,MIDCPNIFTY25MAR11100PE,50.75,744.0,Monitoring
2025-03-19,14:30:00,HOLD,MIDCPNIFTY25MAR11100PE,52.4,546.0,Monitoring
2025-03-19,14:35:00,HOLD,MIDCPNIFTY25MAR11100PE,48.0,1074.0,Monitoring
2025-03-19,14:40:00,HOLD,MIDCPNIFTY25MAR11100PE,49.85,852.0,Monitoring
2025-03-19,14:45:00,HOLD,MIDCPNIFTY25MAR11100PE,51.05,708.0,Monitoring
2025-03-19,14:50:00,HOLD,MIDCPNIFTY25MAR11100PE,51.3,678.0,Monitoring
2025-03-19,14:55:00,HOLD,MIDCPNIFTY25MAR11100PE,51.75,624.0,Monitoring
2025-03-19,15:00:00,HOLD,MIDCPNIFTY25MAR11100PE,50.7,750.0,Monitoring
2025-03-19,15:05:00,HOLD,MIDCPNIFTY25MAR11100PE,53.0,474.0,Monitoring
2025-03-19,15:10:00,HOLD,MIDCPNIFTY25MAR11100PE,53.35,432.0,Monitoring
2025-03-19,15:15:00,HOLD,MIDCPNIFTY25MAR11100PE,55.2,210.0,Monitoring
2025-03-19,15:20:00,HOLD,MIDCPNIFTY25MAR11100PE,54.55,288.0,Monitoring
2025-03-19,15:25:00,HOLD,MIDCPNIFTY25MAR11100PE,52.15,576.0,Monitoring
2025-03-20,09:15:00,HOLD,MIDCPNIFTY25MAR11100PE,36.6,2442.0,Monitoring
2025-03-20,09:20:00,HOLD,MIDCPNIFTY25MAR11100PE,34.2,2730.0,Monitoring
2025-03-20,09:25:00,HOLD,MIDCPNIFTY25MAR11100PE,34.7,2670.0,Monitoring
2025-03-20,09:30:00,HOLD,MIDCPNIFTY25MAR11100PE,34.7,2670.0,Monitoring
2025-03-20,09:35:00,HOLD,MIDCPNIFTY25MAR11100PE,37.5,2334.0,Monitoring
2025-03-20,09:40:00,HOLD,MIDCPNIFTY25MAR11100PE,37.0,2394.0,Monitoring
2025-03-20,09:45:00,HOLD,MIDCPNIFTY25MAR11100PE,45.95,1320.0,Monitoring
2025-03-20,09:50:00,HOLD,MIDCPNIFTY25MAR11100PE,53.0,474.0,Monitoring
2025-03-20,09:55:00,HOLD,MIDCPNIFTY25MAR11100PE,56.5,54.0,Monitoring
2025-03-20,10:00:00,HOLD,MIDCPNIFTY25MAR11100PE,54.35,312.0,Monitoring
2025-03-20,10:05:00,HOLD,MIDCPNIFTY25MAR11100PE,66.95,-1200.0,Monitoring
2025-03-20,10:10:00,HOLD,MIDCPNIFTY25MAR11100PE,66.55,-1152.0,Monitoring
2025-03-20,10:15:00,HOLD,MIDCPNIFTY25MAR11100PE,57.8,-102.0,Monitoring
2025-03-20,10:20:00,HOLD,MIDCPNIFTY25MAR11100PE,58.95,-240.0,Monitoring
2025-03-20,10:25:00,HOLD,MIDCPNIFTY25MAR11100PE,49.2,930.0,Monitoring
2025-03-20,10:30:00,HOLD,MIDCPNIFTY25MAR11100PE,51.2,690.0,Monitoring
2025-03-20,10:35:00,HOLD,MIDCPNIFTY25MAR11100PE,49.15,936.0,Monitoring
2025-03-20,10:40:00,HOLD,MIDCPNIFTY25MAR11100PE,52.9,486.0,Monitoring
2025-03-20,10:45:00,HOLD,MIDCPNIFTY25MAR11100PE,52.75,504.0,Monitoring
2025-03-20,10:50:00,HOLD,MIDCPNIFTY25MAR11100PE,57.6,-78.0,Monitoring
2025-03-20,10:55:00,HOLD,MIDCPNIFTY25MAR11100PE,51.1,702.0,Monitoring
2025-03-20,11:00:00,HOLD,MIDCPNIFTY25MAR11100PE,51.35,672.0,Monitoring
2025-03-20,11:05:00,HOLD,MIDCPNIFTY25MAR11100PE,48.0,1074.0,Monitoring
2025-03-20,11:10:00,HOLD,MIDCPNIFTY25MAR11100PE,39.25,2124.0,Monitoring
2025-03-20,11:15:00,HOLD,MIDCPNIFTY25MAR11100PE,40.35,1992.0,Monitoring
2025-03-20,11:20:00,HOLD,MIDCPNIFTY25MAR11100PE,41.15,1896.0,Monitoring
2025-03-20,11:25:00,HOLD,MIDCPNIFTY25MAR11100PE,42.5,1734.0,Monitoring
2025-03-20,11:30:00,HOLD,MIDCPNIFTY25MAR11100PE,45.5,1374.0,Monitoring
2025-03-20,11:35:00,HOLD,MIDCPNIFTY25MAR11100PE,43.1,1662.0,Monitoring
2025-03-20,11:40:00,HOLD,MIDCPNIFTY25MAR11100PE,40.75,1944.0,Monitoring
2025-03-20,11:45:00,HOLD,MIDCPNIFTY25MAR11100PE,41.35,1872.0,Monitoring
2025-03-20,11:50:00,HOLD,MIDCPNIFTY25MAR11100PE,39.6,2082.0,Monitoring
2025-03-20,11:55:00,HOLD,MIDCPNIFTY25MAR11100PE,39.45,2100.0,Monitoring
2025-03-20,12:00:00,HOLD,MIDCPNIFTY25MAR11100PE,40.0,2034.0,Monitoring
2025-03-20,12:05:00,HOLD,MIDCPNIFTY25MAR11100PE,40.7,1950.0,Monitoring
2025-03-20,12:10:00,HOLD,MIDCPNIFTY25MAR11100PE,39.9,2046.0,Monitoring
2025-03-20,12:15:00,HOLD,MIDCPNIFTY25MAR11100PE,37.65,2316.0,Monitoring
2025-03-20,12:20:00,HOLD,MIDCPNIFTY25MAR11100PE,39.1,2142.0,Monitoring
2025-03-20,12:25:00,HOLD,MIDCPNIFTY25MAR11100PE,38.9,2166.0,Monitoring
2025-03-20,12:30:00,HOLD,MIDCPNIFTY25MAR11100PE,41.95,1800.0,Monitoring
2025-03-20,12:35:00,HOLD,MIDCPNIFTY25MAR11100PE,39.55,2088.0,Monitoring
2025-03-20,12:40:00,HOLD,MIDCPNIFTY25MAR11100PE,39.2,2130.0,Monitoring
2025-03-20,12:45:00,HOLD,MIDCPNIFTY25MAR11100PE,39.2,2130.0,Monitoring
2025-03-20,12:50:00,HOLD,MIDCPNIFTY25MAR11100PE,40.5,1974.0,Monitoring
2025-03-20,12:55:00,HOLD,MIDCPNIFTY25MAR11100PE,40.4,1986.0,Monitoring
2025-03-20,13:00:00,HOLD,MIDCPNIFTY25MAR11100PE,44.0,1554.0,Monitoring
2025-03-20,13:05:00,HOLD,MIDCPNIFTY25MAR11100PE,40.8,1938.0,Monitoring
2025-03-20,13:10:00,HOLD,MIDCPNIFTY25MAR11100PE,37.95,2280.0,Monitoring
2025-03-20,13:15:00,HOLD,MIDCPNIFTY25MAR11100PE,40.3,1998.0,Monitoring
2025-03-20,13:20:00,HOLD,MIDCPNIFTY25MAR11100PE,40.3,1998.0,Monitoring
2025-03-20,13:25:00,HOLD,MIDCPNIFTY25MAR11100PE,40.0,2034.0,Monitoring
2025-03-20,13:30:00,HOLD,MIDCPNIFTY25MAR11100PE,39.1,2142.0,Monitoring
2025-03-20,13:35:00,HOLD,MIDCPNIFTY25MAR11100PE,38.15,2256.0,Monitoring
2025-03-20,13:40:00,HOLD,MIDCPNIFTY25MAR11100PE,38.3,2238.0,Monitoring
2025-03-20,13:45:00,HOLD,MIDCPNIFTY25MAR11100PE,38.95,2160.0,Monitoring
2025-03-20,13:50:00,HOLD,MIDCPNIFTY25MAR11100PE,36.55,2448.0,Monitoring
2025-03-20,13:55:00,HOLD,MIDCPNIFTY25MAR11100PE,36.75,2424.0,Monitoring
2025-03-20,14:00:00,HOLD,MIDCPNIFTY25MAR11100PE,37.9,2286.0,Monitoring
2025-03-20,14:05:00,HOLD,MIDCPNIFTY25MAR11100PE,39.1,2142.0,Monitoring
2025-03-20,14:10:00,HOLD,MIDCPNIFTY25MAR11100PE,36.4,2466.0,Monitoring
2025-03-20,14:15:00,HOLD,MIDCPNIFTY25MAR11100PE,36.9,2406.0,Monitoring
2025-03-20,14:20:00,HOLD,MIDCPNIFTY25MAR11100PE,30.9,3126.0,Monitoring
2025-03-20,14:25:00,HOLD,MIDCPNIFTY25MAR11100PE,31.6,3042.0,Monitoring
2025-03-20,14:30:00,HOLD,MIDCPNIFTY25MAR11100PE,33.0,2874.0,Monitoring
2025-03-20,14:35:00,HOLD,MIDCPNIFTY25MAR11100PE,34.0,2754.0,Monitoring
2025-03-20,14:40:00,HOLD,MIDCPNIFTY25MAR11100PE,34.25,2724.0,Monitoring
2025-03-20,14:45:00,HOLD,MIDCPNIFTY25MAR11100PE,35.5,2574.0,Monitoring
2025-03-20,14:50:00,HOLD,MIDCPNIFTY25MAR11100PE,34.65,2676.0,Monitoring
2025-03-20,14:55:00,HOLD,MIDCPNIFTY25MAR11100PE,34.55,2688.0,Monitoring
2025-03-20,15:00:00,HOLD,MIDCPNIFTY25MAR11100PE,35.9,2526.0,Monitoring
2025-03-20,15:05:00,HOLD,MIDCPNIFTY25MAR11100PE,33.9,2766.0,Monitoring
2025-03-20,15:10:00,HOLD,MIDCPNIFTY25MAR11100PE,34.75,2664.0,Monitoring
2025-03-20,15:15:00,HOLD,MIDCPNIFTY25MAR11100PE,31.85,3012.0,Monitoring
2025-03-20,15:20:00,HOLD,MIDCPNIFTY25MAR11100PE,32.9,2886.0,Monitoring
2025-03-20,15:25:00,HOLD,MIDCPNIFTY25MAR11100PE,34.85,2652.0,Monitoring
2025-03-21,09:15:00,HOLD,MIDCPNIFTY25MAR11100PE,33.4,2826.0,Monitoring
2025-03-21,09:20:00,HOLD,MIDCPNIFTY25MAR11100PE,36.85,2412.0,Monitoring
2025-03-21,09:25:00,HOLD,MIDCPNIFTY25MAR11100PE,27.1,3582.0,Monitoring
2025-03-21,09:25:00,BUY_EXIT,MIDCPNIFTY25MAR11100PE,27.1,3582.0,TARGET_LTP_30
