Date,Time,Event,Ticker,Price,PnL_INR,Info
2025-02-18,14:00:00,SELL_ENTRY,MIDCPNIFTY25FEB11200CE,150.0,0.0,Signal CE | Short
2025-02-18,14:05:00,HOLD,MIDCPNIFTY25FEB11200CE,156.85,-822.0,Monitoring
2025-02-18,14:10:00,HOLD,MIDCPNIFTY25FEB11200CE,153.1,-372.0,Monitoring
2025-02-18,14:15:00,HOLD,MIDCPNIFTY25FEB11200CE,152.0,-240.0,Monitoring
2025-02-18,14:20:00,HOLD,MIDCPNIFTY25FEB11200CE,156.35,-762.0,Monitoring
2025-02-18,14:25:00,HOLD,MIDCPNIFTY25FEB11200CE,161.0,-1320.0,Monitoring
2025-02-18,14:30:00,HOLD,MIDCPNIFTY25FEB11200CE,157.7,-924.0,Monitoring
2025-02-18,14:35:00,HOLD,MIDCPNIFTY25FEB11200CE,174.5,-2940.0,Monitoring
2025-02-18,14:40:00,HOLD,MIDCPNIFTY25FEB11200CE,179.75,-3570.0,Monitoring
2025-02-18,14:45:00,HOLD,MIDCPNIFTY25FEB11200CE,185.45,-4254.0,Monitoring
2025-02-18,14:50:00,HOLD,MIDCPNIFTY25FEB11200CE,185.7,-4284.0,Monitoring
2025-02-18,14:55:00,HOLD,MIDCPNIFTY25FEB11200CE,185.5,-4260.0,Monitoring
2025-02-18,15:00:00,HOLD,MIDCPNIFTY25FEB11200CE,186.4,-4368.0,Monitoring
2025-02-18,15:05:00,HOLD,MIDCPNIFTY25FEB11200CE,185.6,-4272.0,Monitoring
2025-02-18,15:05:00,BUY_EXIT,MIDCPNIFTY25FEB11200CE,185.6,-4272.0,EMA_REVERSAL_SL
