Date,Time,Event,Ticker,Price,PnL_INR,Info
2025-05-28,14:00:00,SELL_ENTRY,MIDCPNIFTY25JUN12700CE,349.0,0.0,Signal CE | Short
2025-05-28,14:05:00,HOLD,MIDCPNIFTY25JUN12700CE,350.5,-180.0,Monitoring
2025-05-28,14:10:00,HOLD,MIDCPNIFTY25JUN12700CE,352.15,-378.0,Monitoring
2025-05-28,14:15:00,HOLD,MIDCPNIFTY25JUN12700CE,352.15,-378.0,Monitoring
2025-05-28,14:20:00,HOLD,MIDCPNIFTY25JUN12700CE,357.0,-960.0,Monitoring
2025-05-28,14:25:00,HOLD,MIDCPNIFTY25JUN12700CE,349.55,-66.0,Monitoring
2025-05-28,14:30:00,HOLD,MIDCPNIFTY25JUN12700CE,349.75,-90.0,Monitoring
2025-05-28,14:35:00,HOLD,MIDCPNIFTY25JUN12700CE,338.95,1206.0,Monitoring
2025-05-28,14:40:00,HOLD,MIDCPNIFTY25JUN12700CE,339.75,1110.0,Monitoring
2025-05-28,14:45:00,HOLD,MIDCPNIFTY25JUN12700CE,337.3,1404.0,Monitoring
2025-05-28,14:50:00,HOLD,MIDCPNIFTY25JUN12700CE,337.75,1350.0,Monitoring
2025-05-28,14:55:00,HOLD,MIDCPNIFTY25JUN12700CE,338.1,1308.0,Monitoring
2025-05-28,15:00:00,HOLD,MIDCPNIFTY25JUN12700CE,325.3,2844.0,Monitoring
2025-05-28,15:05:00,HOLD,MIDCPNIFTY25JUN12700CE,325.0,2880.0,Monitoring
2025-05-28,15:10:00,HOLD,MIDCPNIFTY25JUN12700CE,321.0,3360.0,Monitoring
2025-05-28,15:15:00,HOLD,MIDCPNIFTY25JUN12700CE,314.3,4164.0,Monitoring
2025-05-28,15:20:00,HOLD,MIDCPNIFTY25JUN12700CE,316.3,3924.0,Monitoring
2025-05-28,15:25:00,HOLD,MIDCPNIFTY25JUN12700CE,309.1,4788.0,Monitoring
2025-05-29,09:15:00,HOLD,MIDCPNIFTY25JUN12700CE,345.0,480.0,Monitoring
2025-05-29,09:20:00,HOLD,MIDCPNIFTY25JUN12700CE,345.0,480.0,Monitoring
2025-05-29,09:25:00,HOLD,MIDCPNIFTY25JUN12700CE,350.0,-120.0,Monitoring
2025-05-29,09:30:00,HOLD,MIDCPNIFTY25JUN12700CE,341.85,858.0,Monitoring
2025-05-29,09:35:00,HOLD,MIDCPNIFTY25JUN12700CE,336.9,1452.0,Monitoring
2025-05-29,09:40:00,HOLD,MIDCPNIFTY25JUN12700CE,337.0,1440.0,Monitoring
2025-05-29,09:45:00,HOLD,MIDCPNIFTY25JUN12700CE,329.8,2304.0,Monitoring
2025-05-29,09:50:00,HOLD,MIDCPNIFTY25JUN12700CE,323.0,3120.0,Monitoring
2025-05-29,09:55:00,HOLD,MIDCPNIFTY25JUN12700CE,323.0,3120.0,Monitoring
2025-05-29,10:00:00,HOLD,MIDCPNIFTY25JUN12700CE,334.9,1692.0,Monitoring
2025-05-29,10:05:00,HOLD,MIDCPNIFTY25JUN12700CE,333.9,1812.0,Monitoring
2025-05-29,10:10:00,HOLD,MIDCPNIFTY25JUN12700CE,324.05,2994.0,Monitoring
2025-05-29,10:15:00,HOLD,MIDCPNIFTY25JUN12700CE,324.0,3000.0,Monitoring
2025-05-29,10:20:00,HOLD,MIDCPNIFTY25JUN12700CE,322.55,3174.0,Monitoring
2025-05-29,10:25:00,HOLD,MIDCPNIFTY25JUN12700CE,322.55,3174.0,Monitoring
2025-05-29,10:30:00,HOLD,MIDCPNIFTY25JUN12700CE,320.8,3384.0,Monitoring
2025-05-29,10:35:00,HOLD,MIDCPNIFTY25JUN12700CE,316.65,3882.0,Monitoring
2025-05-29,10:40:00,HOLD,MIDCPNIFTY25JUN12700CE,321.55,3294.0,Monitoring
2025-05-29,10:45:00,HOLD,MIDCPNIFTY25JUN12700CE,330.75,2190.0,Monitoring
2025-05-29,10:50:00,HOLD,MIDCPNIFTY25JUN12700CE,338.0,1320.0,Monitoring
2025-05-29,10:55:00,HOLD,MIDCPNIFTY25JUN12700CE,330.7,2196.0,Monitoring
2025-05-29,11:00:00,HOLD,MIDCPNIFTY25JUN12700CE,330.0,2280.0,Monitoring
2025-05-29,11:05:00,HOLD,MIDCPNIFTY25JUN12700CE,338.0,1320.0,Monitoring
2025-05-29,11:10:00,HOLD,MIDCPNIFTY25JUN12700CE,335.65,1602.0,Monitoring
2025-05-29,11:15:00,HOLD,MIDCPNIFTY25JUN12700CE,331.1,2148.0,Monitoring
2025-05-29,11:20:00,HOLD,MIDCPNIFTY25JUN12700CE,330.0,2280.0,Monitoring
2025-05-29,11:25:00,HOLD,MIDCPNIFTY25JUN12700CE,340.0,1080.0,Monitoring
2025-05-29,11:30:00,HOLD,MIDCPNIFTY25JUN12700CE,341.0,960.0,Monitoring
2025-05-29,11:35:00,HOLD,MIDCPNIFTY25JUN12700CE,346.75,270.0,Monitoring
2025-05-29,11:40:00,HOLD,MIDCPNIFTY25JUN12700CE,342.25,810.0,Monitoring
2025-05-29,11:45:00,HOLD,MIDCPNIFTY25JUN12700CE,340.0,1080.0,Monitoring
2025-05-29,11:50:00,HOLD,MIDCPNIFTY25JUN12700CE,340.5,1020.0,Monitoring
2025-05-29,11:55:00,HOLD,MIDCPNIFTY25JUN12700CE,340.5,1020.0,Monitoring
2025-05-29,12:00:00,HOLD,MIDCPNIFTY25JUN12700CE,344.95,486.0,Monitoring
2025-05-29,12:05:00,HOLD,MIDCPNIFTY25JUN12700CE,343.05,714.0,Monitoring
2025-05-29,12:10:00,HOLD,MIDCPNIFTY25JUN12700CE,335.5,1620.0,Monitoring
2025-05-29,12:15:00,HOLD,MIDCPNIFTY25JUN12700CE,343.4,672.0,Monitoring
2025-05-29,12:20:00,HOLD,MIDCPNIFTY25JUN12700CE,343.0,720.0,Monitoring
2025-05-29,12:25:00,HOLD,MIDCPNIFTY25JUN12700CE,339.55,1134.0,Monitoring
2025-05-29,12:30:00,HOLD,MIDCPNIFTY25JUN12700CE,340.3,1044.0,Monitoring
2025-05-29,12:35:00,HOLD,MIDCPNIFTY25JUN12700CE,333.0,1920.0,Monitoring
2025-05-29,12:40:00,HOLD,MIDCPNIFTY25JUN12700CE,334.15,1782.0,Monitoring
2025-05-29,12:45:00,HOLD,MIDCPNIFTY25JUN12700CE,337.35,1398.0,Monitoring
2025-05-29,12:50:00,HOLD,MIDCPNIFTY25JUN12700CE,335.7,1596.0,Monitoring
2025-05-29,12:55:00,HOLD,MIDCPNIFTY25JUN12700CE,339.8,1104.0,Monitoring
2025-05-29,13:00:00,HOLD,MIDCPNIFTY25JUN12700CE,339.8,1104.0,Monitoring
2025-05-29,13:05:00,HOLD,MIDCPNIFTY25JUN12700CE,348.2,96.0,Monitoring
2025-05-29,13:10:00,HOLD,MIDCPNIFTY25JUN12700CE,348.2,96.0,Monitoring
2025-05-29,13:15:00,HOLD,MIDCPNIFTY25JUN12700CE,344.5,540.0,Monitoring
2025-05-29,13:20:00,HOLD,MIDCPNIFTY25JUN12700CE,349.0,0.0,Monitoring
2025-05-29,13:25:00,HOLD,MIDCPNIFTY25JUN12700CE,354.1,-612.0,Monitoring
2025-05-29,13:30:00,HOLD,MIDCPNIFTY25JUN12700CE,348.3,84.0,Monitoring
2025-05-29,13:35:00,HOLD,MIDCPNIFTY25JUN12700CE,345.0,480.0,Monitoring
2025-05-29,13:40:00,HOLD,MIDCPNIFTY25JUN12700CE,345.05,474.0,Monitoring
2025-05-29,13:45:00,HOLD,MIDCPNIFTY25JUN12700CE,345.5,420.0,Monitoring
2025-05-29,13:50:00,HOLD,MIDCPNIFTY25JUN12700CE,348.65,42.0,Monitoring
2025-05-29,13:55:00,HOLD,MIDCPNIFTY25JUN12700CE,347.5,180.0,Monitoring
2025-05-29,14:00:00,HOLD,MIDCPNIFTY25JUN12700CE,347.7,156.0,Monitoring
2025-05-29,14:05:00,HOLD,MIDCPNIFTY25JUN12700CE,340.05,1074.0,Monitoring
2025-05-29,14:10:00,HOLD,MIDCPNIFTY25JUN12700CE,340.05,1074.0,Monitoring
2025-05-29,14:15:00,HOLD,MIDCPNIFTY25JUN12700CE,340.0,1080.0,Monitoring
2025-05-29,14:20:00,HOLD,MIDCPNIFTY25JUN12700CE,345.25,450.0,Monitoring
2025-05-29,14:25:00,HOLD,MIDCPNIFTY25JUN12700CE,352.0,-360.0,Monitoring
2025-05-29,14:30:00,HOLD,MIDCPNIFTY25JUN12700CE,348.3,84.0,Monitoring
2025-05-29,14:35:00,HOLD,MIDCPNIFTY25JUN12700CE,347.4,192.0,Monitoring
2025-05-29,14:40:00,HOLD,MIDCPNIFTY25JUN12700CE,353.3,-516.0,Monitoring
2025-05-29,14:45:00,HOLD,MIDCPNIFTY25JUN12700CE,347.05,234.0,Monitoring
2025-05-29,14:50:00,HOLD,MIDCPNIFTY25JUN12700CE,349.0,0.0,Monitoring
2025-05-29,14:55:00,HOLD,MIDCPNIFTY25JUN12700CE,350.0,-120.0,Monitoring
2025-05-29,15:00:00,HOLD,MIDCPNIFTY25JUN12700CE,360.0,-1320.0,Monitoring
2025-05-29,15:00:00,BUY_EXIT,MIDCPNIFTY25JUN12700CE,360.0,-1320.0,EMA_REVERSAL_SL
