Date,Time,Event,Ticker,Price,PnL_INR,Info
2025-01-21,14:00:00,SELL_ENTRY,MIDCPNIFTY25JAN12400CE,77.45,0.0,Signal CE | Short
2025-01-21,14:05:00,HOLD,MIDCPNIFTY25JAN12400CE,75.9,186.0,Monitoring
2025-01-21,14:10:00,HOLD,MIDCPNIFTY25JAN12400CE,69.1,1002.0,Monitoring
2025-01-21,14:15:00,HOLD,MIDCPNIFTY25JAN12400CE,68.0,1134.0,Monitoring
2025-01-21,14:20:00,HOLD,MIDCPNIFTY25JAN12400CE,67.85,1152.0,Monitoring
2025-01-21,14:25:00,HOLD,MIDCPNIFTY25JAN12400CE,67.8,1158.0,Monitoring
2025-01-21,14:30:00,HOLD,MIDCPNIFTY25JAN12400CE,63.9,1626.0,Monitoring
2025-01-21,14:35:00,HOLD,MIDCPNIFTY25JAN12400CE,60.6,2022.0,Monitoring
2025-01-21,14:40:00,HOLD,MIDCPNIFTY25JAN12400CE,58.95,2220.0,Monitoring
2025-01-21,14:45:00,HOLD,MIDCPNIFTY25JAN12400CE,57.1,2442.0,Monitoring
2025-01-21,14:50:00,HOLD,MIDCPNIFTY25JAN12400CE,53.4,2886.0,Monitoring
2025-01-21,14:55:00,HOLD,MIDCPNIFTY25JAN12400CE,53.1,2922.0,Monitoring
2025-01-21,15:00:00,HOLD,MIDCPNIFTY25JAN12400CE,49.05,3408.0,Monitoring
2025-01-21,15:05:00,HOLD,MIDCPNIFTY25JAN12400CE,53.0,2934.0,Monitoring
2025-01-21,15:10:00,HOLD,MIDCPNIFTY25JAN12400CE,50.45,3240.0,Monitoring
2025-01-21,15:15:00,HOLD,MIDCPNIFTY25JAN12400CE,52.95,2940.0,Monitoring
2025-01-21,15:20:00,HOLD,MIDCPNIFTY25JAN12400CE,51.2,3150.0,Monitoring
2025-01-21,15:25:00,HOLD,MIDCPNIFTY25JAN12400CE,51.5,3114.0,Monitoring
2025-01-22,09:15:00,HOLD,MIDCPNIFTY25JAN12400CE,50.25,3264.0,Monitoring
2025-01-22,09:20:00,HOLD,MIDCPNIFTY25JAN12400CE,51.75,3084.0,Monitoring
2025-01-22,09:25:00,HOLD,MIDCPNIFTY25JAN12400CE,41.1,4362.0,Monitoring
2025-01-22,09:30:00,HOLD,MIDCPNIFTY25JAN12400CE,42.8,4158.0,Monitoring
2025-01-22,09:35:00,HOLD,MIDCPNIFTY25JAN12400CE,41.75,4284.0,Monitoring
2025-01-22,09:40:00,HOLD,MIDCPNIFTY25JAN12400CE,41.05,4368.0,Monitoring
2025-01-22,09:45:00,HOLD,MIDCPNIFTY25JAN12400CE,31.65,5496.0,Monitoring
2025-01-22,09:50:00,HOLD,MIDCPNIFTY25JAN12400CE,33.6,5262.0,Monitoring
2025-01-22,09:55:00,HOLD,MIDCPNIFTY25JAN12400CE,39.65,4536.0,Monitoring
2025-01-22,10:00:00,HOLD,MIDCPNIFTY25JAN12400CE,39.15,4596.0,Monitoring
2025-01-22,10:05:00,HOLD,MIDCPNIFTY25JAN12400CE,43.75,4044.0,Monitoring
2025-01-22,10:10:00,HOLD,MIDCPNIFTY25JAN12400CE,42.0,4254.0,Monitoring
2025-01-22,10:15:00,HOLD,MIDCPNIFTY25JAN12400CE,36.45,4920.0,Monitoring
2025-01-22,10:20:00,HOLD,MIDCPNIFTY25JAN12400CE,38.9,4626.0,Monitoring
2025-01-22,10:25:00,HOLD,MIDCPNIFTY25JAN12400CE,39.7,4530.0,Monitoring
2025-01-22,10:30:00,HOLD,MIDCPNIFTY25JAN12400CE,37.8,4758.0,Monitoring
2025-01-22,10:35:00,HOLD,MIDCPNIFTY25JAN12400CE,32.7,5370.0,Monitoring
2025-01-22,10:40:00,HOLD,MIDCPNIFTY25JAN12400CE,37.7,4770.0,Monitoring
2025-01-22,10:45:00,HOLD,MIDCPNIFTY25JAN12400CE,36.8,4878.0,Monitoring
2025-01-22,10:50:00,HOLD,MIDCPNIFTY25JAN12400CE,33.5,5274.0,Monitoring
2025-01-22,10:55:00,HOLD,MIDCPNIFTY25JAN12400CE,33.5,5274.0,Monitoring
2025-01-22,11:00:00,HOLD,MIDCPNIFTY25JAN12400CE,32.55,5388.0,Monitoring
2025-01-22,11:05:00,HOLD,MIDCPNIFTY25JAN12400CE,32.9,5346.0,Monitoring
2025-01-22,11:10:00,HOLD,MIDCPNIFTY25JAN12400CE,30.55,5628.0,Monitoring
2025-01-22,11:15:00,HOLD,MIDCPNIFTY25JAN12400CE,27.85,5952.0,Monitoring
2025-01-22,11:15:00,BUY_EXIT,MIDCPNIFTY25JAN12400CE,27.85,5952.0,TARGET_LTP_30
