Date,Time,Event,Ticker,Price,PnL_INR,Info
2025-08-25,14:00:00,SELL_ENTRY,MIDCPNIFTY25SEP13000PE,226.65,0.0,Signal PE | Short
2025-08-25,14:05:00,HOLD,MIDCPNIFTY25SEP13000PE,224.05,312.0,Monitoring
2025-08-25,14:10:00,HOLD,MIDCPNIFTY25SEP13000PE,231.1,-534.0,Monitoring
2025-08-25,14:15:00,HOLD,MIDCPNIFTY25SEP13000PE,231.0,-522.0,Monitoring
2025-08-25,14:20:00,HOLD,MIDCPNIFTY25SEP13000PE,237.9,-1350.0,Monitoring
2025-08-25,14:25:00,HOLD,MIDCPNIFTY25SEP13000PE,235.45,-1056.0,Monitoring
2025-08-25,14:30:00,HOLD,MIDCPNIFTY25SEP13000PE,238.0,-1362.0,Monitoring
2025-08-25,14:35:00,HOLD,MIDCPNIFTY25SEP13000PE,242.6,-1914.0,Monitoring
2025-08-25,14:40:00,HOLD,MIDCPNIFTY25SEP13000PE,244.95,-2196.0,Monitoring
2025-08-25,14:45:00,HOLD,MIDCPNIFTY25SEP13000PE,237.6,-1314.0,Monitoring
2025-08-25,14:50:00,HOLD,MIDCPNIFTY25SEP13000PE,239.6,-1554.0,Monitoring
2025-08-25,14:55:00,HOLD,MIDCPNIFTY25SEP13000PE,240.2,-1626.0,Monitoring
2025-08-25,15:00:00,HOLD,MIDCPNIFTY25SEP13000PE,250.65,-2880.0,Monitoring
2025-08-25,15:00:00,BUY_EXIT,MIDCPNIFTY25SEP13000PE,250.65,-2880.0,EMA_REVERSAL_SL
