Date,Time,Event,Ticker,Price,PnL_INR,Info
2025-10-15,14:00:00,SELL_ENTRY,MIDCPNIFTY25OCT13000PE,71.25,0.0,Signal PE | Short
2025-10-15,14:05:00,HOLD,MIDCPNIFTY25OCT13000PE,68.25,360.0,Monitoring
2025-10-15,14:10:00,HOLD,MIDCPNIFTY25OCT13000PE,68.3,354.0,Monitoring
2025-10-15,14:15:00,HOLD,MIDCPNIFTY25OCT13000PE,65.4,702.0,Monitoring
2025-10-15,14:20:00,HOLD,MIDCPNIFTY25OCT13000PE,63.8,894.0,Monitoring
2025-10-15,14:25:00,HOLD,MIDCPNIFTY25OCT13000PE,63.4,942.0,Monitoring
2025-10-15,14:30:00,HOLD,MIDCPNIFTY25OCT13000PE,62.4,1062.0,Monitoring
2025-10-15,14:35:00,HOLD,MIDCPNIFTY25OCT13000PE,61.8,1134.0,Monitoring
2025-10-15,14:40:00,HOLD,MIDCPNIFTY25OCT13000PE,62.5,1050.0,Monitoring
2025-10-15,14:45:00,HOLD,MIDCPNIFTY25OCT13000PE,65.6,678.0,Monitoring
2025-10-15,14:50:00,HOLD,MIDCPNIFTY25OCT13000PE,66.35,588.0,Monitoring
2025-10-15,14:55:00,HOLD,MIDCPNIFTY25OCT13000PE,63.5,930.0,Monitoring
2025-10-15,15:00:00,HOLD,MIDCPNIFTY25OCT13000PE,68.0,390.0,Monitoring
2025-10-15,15:05:00,HOLD,MIDCPNIFTY25OCT13000PE,62.55,1044.0,Monitoring
2025-10-15,15:10:00,HOLD,MIDCPNIFTY25OCT13000PE,62.7,1026.0,Monitoring
2025-10-15,15:15:00,HOLD,MIDCPNIFTY25OCT13000PE,63.7,906.0,Monitoring
2025-10-15,15:20:00,HOLD,MIDCPNIFTY25OCT13000PE,64.75,780.0,Monitoring
2025-10-15,15:25:00,HOLD,MIDCPNIFTY25OCT13000PE,62.05,1104.0,Monitoring
2025-10-16,09:15:00,HOLD,MIDCPNIFTY25OCT13000PE,57.85,1608.0,Monitoring
2025-10-16,09:20:00,HOLD,MIDCPNIFTY25OCT13000PE,55.6,1878.0,Monitoring
2025-10-16,09:25:00,HOLD,MIDCPNIFTY25OCT13000PE,53.6,2118.0,Monitoring
2025-10-16,09:30:00,HOLD,MIDCPNIFTY25OCT13000PE,50.0,2550.0,Monitoring
2025-10-16,09:35:00,HOLD,MIDCPNIFTY25OCT13000PE,54.0,2070.0,Monitoring
2025-10-16,09:40:00,HOLD,MIDCPNIFTY25OCT13000PE,52.3,2274.0,Monitoring
2025-10-16,09:45:00,HOLD,MIDCPNIFTY25OCT13000PE,49.65,2592.0,Monitoring
2025-10-16,09:50:00,HOLD,MIDCPNIFTY25OCT13000PE,49.35,2628.0,Monitoring
2025-10-16,09:55:00,HOLD,MIDCPNIFTY25OCT13000PE,50.6,2478.0,Monitoring
2025-10-16,10:00:00,HOLD,MIDCPNIFTY25OCT13000PE,49.8,2574.0,Monitoring
2025-10-16,10:05:00,HOLD,MIDCPNIFTY25OCT13000PE,53.05,2184.0,Monitoring
2025-10-16,10:10:00,HOLD,MIDCPNIFTY25OCT13000PE,56.55,1764.0,Monitoring
2025-10-16,10:15:00,HOLD,MIDCPNIFTY25OCT13000PE,53.7,2106.0,Monitoring
2025-10-16,10:20:00,HOLD,MIDCPNIFTY25OCT13000PE,53.9,2082.0,Monitoring
2025-10-16,10:25:00,HOLD,MIDCPNIFTY25OCT13000PE,53.65,2112.0,Monitoring
2025-10-16,10:30:00,HOLD,MIDCPNIFTY25OCT13000PE,51.15,2412.0,Monitoring
2025-10-16,10:35:00,HOLD,MIDCPNIFTY25OCT13000PE,51.1,2418.0,Monitoring
2025-10-16,10:40:00,HOLD,MIDCPNIFTY25OCT13000PE,46.75,2940.0,Monitoring
2025-10-16,10:45:00,HOLD,MIDCPNIFTY25OCT13000PE,47.4,2862.0,Monitoring
2025-10-16,10:50:00,HOLD,MIDCPNIFTY25OCT13000PE,45.55,3084.0,Monitoring
2025-10-16,10:55:00,HOLD,MIDCPNIFTY25OCT13000PE,45.2,3126.0,Monitoring
2025-10-16,11:00:00,HOLD,MIDCPNIFTY25OCT13000PE,45.8,3054.0,Monitoring
2025-10-16,11:05:00,HOLD,MIDCPNIFTY25OCT13000PE,45.2,3126.0,Monitoring
2025-10-16,11:10:00,HOLD,MIDCPNIFTY25OCT13000PE,45.7,3066.0,Monitoring
2025-10-16,11:15:00,HOLD,MIDCPNIFTY25OCT13000PE,46.2,3006.0,Monitoring
2025-10-16,11:20:00,HOLD,MIDCPNIFTY25OCT13000PE,45.85,3048.0,Monitoring
2025-10-16,11:25:00,HOLD,MIDCPNIFTY25OCT13000PE,44.0,3270.0,Monitoring
2025-10-16,11:30:00,HOLD,MIDCPNIFTY25OCT13000PE,44.75,3180.0,Monitoring
2025-10-16,11:35:00,HOLD,MIDCPNIFTY25OCT13000PE,44.65,3192.0,Monitoring
2025-10-16,11:40:00,HOLD,MIDCPNIFTY25OCT13000PE,45.95,3036.0,Monitoring
2025-10-16,11:45:00,HOLD,MIDCPNIFTY25OCT13000PE,45.7,3066.0,Monitoring
2025-10-16,11:50:00,HOLD,MIDCPNIFTY25OCT13000PE,44.25,3240.0,Monitoring
2025-10-16,11:55:00,HOLD,MIDCPNIFTY25OCT13000PE,44.8,3174.0,Monitoring
2025-10-16,12:00:00,HOLD,MIDCPNIFTY25OCT13000PE,45.65,3072.0,Monitoring
2025-10-16,12:05:00,HOLD,MIDCPNIFTY25OCT13000PE,42.85,3408.0,Monitoring
2025-10-16,12:10:00,HOLD,MIDCPNIFTY25OCT13000PE,42.8,3414.0,Monitoring
2025-10-16,12:15:00,HOLD,MIDCPNIFTY25OCT13000PE,41.1,3618.0,Monitoring
2025-10-16,12:20:00,HOLD,MIDCPNIFTY25OCT13000PE,40.7,3666.0,Monitoring
2025-10-16,12:25:00,HOLD,MIDCPNIFTY25OCT13000PE,40.45,3696.0,Monitoring
2025-10-16,12:30:00,HOLD,MIDCPNIFTY25OCT13000PE,39.8,3774.0,Monitoring
2025-10-16,12:35:00,HOLD,MIDCPNIFTY25OCT13000PE,39.35,3828.0,Monitoring
2025-10-16,12:40:00,HOLD,MIDCPNIFTY25OCT13000PE,39.9,3762.0,Monitoring
2025-10-16,12:45:00,HOLD,MIDCPNIFTY25OCT13000PE,41.0,3630.0,Monitoring
2025-10-16,12:50:00,HOLD,MIDCPNIFTY25OCT13000PE,39.4,3822.0,Monitoring
2025-10-16,12:55:00,HOLD,MIDCPNIFTY25OCT13000PE,39.9,3762.0,Monitoring
2025-10-16,13:00:00,HOLD,MIDCPNIFTY25OCT13000PE,39.1,3858.0,Monitoring
2025-10-16,13:05:00,HOLD,MIDCPNIFTY25OCT13000PE,40.45,3696.0,Monitoring
2025-10-16,13:10:00,HOLD,MIDCPNIFTY25OCT13000PE,39.4,3822.0,Monitoring
2025-10-16,13:15:00,HOLD,MIDCPNIFTY25OCT13000PE,40.3,3714.0,Monitoring
2025-10-16,13:20:00,HOLD,MIDCPNIFTY25OCT13000PE,40.5,3690.0,Monitoring
2025-10-16,13:25:00,HOLD,MIDCPNIFTY25OCT13000PE,38.3,3954.0,Monitoring
2025-10-16,13:30:00,HOLD,MIDCPNIFTY25OCT13000PE,38.15,3972.0,Monitoring
2025-10-16,13:35:00,HOLD,MIDCPNIFTY25OCT13000PE,39.15,3852.0,Monitoring
2025-10-16,13:40:00,HOLD,MIDCPNIFTY25OCT13000PE,38.95,3876.0,Monitoring
2025-10-16,13:45:00,HOLD,MIDCPNIFTY25OCT13000PE,38.9,3882.0,Monitoring
2025-10-16,13:50:00,HOLD,MIDCPNIFTY25OCT13000PE,39.0,3870.0,Monitoring
2025-10-16,13:55:00,HOLD,MIDCPNIFTY25OCT13000PE,40.3,3714.0,Monitoring
2025-10-16,14:00:00,HOLD,MIDCPNIFTY25OCT13000PE,37.55,4044.0,Monitoring
2025-10-16,14:05:00,HOLD,MIDCPNIFTY25OCT13000PE,38.2,3966.0,Monitoring
2025-10-16,14:10:00,HOLD,MIDCPNIFTY25OCT13000PE,39.1,3858.0,Monitoring
2025-10-16,14:15:00,HOLD,MIDCPNIFTY25OCT13000PE,38.7,3906.0,Monitoring
2025-10-16,14:20:00,HOLD,MIDCPNIFTY25OCT13000PE,38.9,3882.0,Monitoring
2025-10-16,14:25:00,HOLD,MIDCPNIFTY25OCT13000PE,38.05,3984.0,Monitoring
2025-10-16,14:30:00,HOLD,MIDCPNIFTY25OCT13000PE,36.8,4134.0,Monitoring
2025-10-16,14:35:00,HOLD,MIDCPNIFTY25OCT13000PE,37.6,4038.0,Monitoring
2025-10-16,14:40:00,HOLD,MIDCPNIFTY25OCT13000PE,38.2,3966.0,Monitoring
2025-10-16,14:45:00,HOLD,MIDCPNIFTY25OCT13000PE,38.6,3918.0,Monitoring
2025-10-16,14:50:00,HOLD,MIDCPNIFTY25OCT13000PE,38.3,3954.0,Monitoring
2025-10-16,14:55:00,HOLD,MIDCPNIFTY25OCT13000PE,38.4,3942.0,Monitoring
2025-10-16,15:00:00,HOLD,MIDCPNIFTY25OCT13000PE,38.6,3918.0,Monitoring
2025-10-16,15:05:00,HOLD,MIDCPNIFTY25OCT13000PE,37.4,4062.0,Monitoring
2025-10-16,15:10:00,HOLD,MIDCPNIFTY25OCT13000PE,38.05,3984.0,Monitoring
2025-10-16,15:15:00,HOLD,MIDCPNIFTY25OCT13000PE,39.9,3762.0,Monitoring
2025-10-16,15:20:00,HOLD,MIDCPNIFTY25OCT13000PE,41.8,3534.0,Monitoring
2025-10-16,15:25:00,HOLD,MIDCPNIFTY25OCT13000PE,42.2,3486.0,Monitoring
2025-10-17,09:15:00,HOLD,MIDCPNIFTY25OCT13000PE,53.0,2190.0,Monitoring
2025-10-17,09:20:00,HOLD,MIDCPNIFTY25OCT13000PE,53.9,2082.0,Monitoring
2025-10-17,09:25:00,HOLD,MIDCPNIFTY25OCT13000PE,49.0,2670.0,Monitoring
2025-10-17,09:30:00,HOLD,MIDCPNIFTY25OCT13000PE,54.0,2070.0,Monitoring
2025-10-17,09:35:00,HOLD,MIDCPNIFTY25OCT13000PE,52.55,2244.0,Monitoring
2025-10-17,09:40:00,HOLD,MIDCPNIFTY25OCT13000PE,54.4,2022.0,Monitoring
2025-10-17,09:40:00,BUY_EXIT,MIDCPNIFTY25OCT13000PE,54.4,2022.0,EMA_REVERSAL_SL
