Date,Time,Event,Ticker,Price,PnL_INR,Info
2025-08-26,14:00:00,SELL_ENTRY,MIDCPNIFTY25SEP12900CE,215.45,0.0,Signal CE | Short
2025-08-26,14:05:00,HOLD,MIDCPNIFTY25SEP12900CE,211.65,456.0,Monitoring
2025-08-26,14:10:00,HOLD,MIDCPNIFTY25SEP12900CE,207.0,1014.0,Monitoring
2025-08-26,14:15:00,HOLD,MIDCPNIFTY25SEP12900CE,198.85,1992.0,Monitoring
2025-08-26,14:20:00,HOLD,MIDCPNIFTY25SEP12900CE,199.9,1866.0,Monitoring
2025-08-26,14:25:00,HOLD,MIDCPNIFTY25SEP12900CE,199.0,1974.0,Monitoring
2025-08-26,14:30:00,HOLD,MIDCPNIFTY25SEP12900CE,203.0,1494.0,Monitoring
2025-08-26,14:35:00,HOLD,MIDCPNIFTY25SEP12900CE,200.0,1854.0,Monitoring
2025-08-26,14:40:00,HOLD,MIDCPNIFTY25SEP12900CE,198.3,2058.0,Monitoring
2025-08-26,14:45:00,HOLD,MIDCPNIFTY25SEP12900CE,196.3,2298.0,Monitoring
2025-08-26,14:50:00,HOLD,MIDCPNIFTY25SEP12900CE,195.4,2406.0,Monitoring
2025-08-26,14:55:00,HOLD,MIDCPNIFTY25SEP12900CE,197.35,2172.0,Monitoring
2025-08-26,15:00:00,HOLD,MIDCPNIFTY25SEP12900CE,188.0,3294.0,Monitoring
2025-08-26,15:05:00,HOLD,MIDCPNIFTY25SEP12900CE,188.4,3246.0,Monitoring
2025-08-26,15:10:00,HOLD,MIDCPNIFTY25SEP12900CE,188.4,3246.0,Monitoring
2025-08-26,15:15:00,HOLD,MIDCPNIFTY25SEP12900CE,186.05,3528.0,Monitoring
2025-08-26,15:20:00,HOLD,MIDCPNIFTY25SEP12900CE,178.6,4422.0,Monitoring
2025-08-26,15:25:00,HOLD,MIDCPNIFTY25SEP12900CE,185.0,3654.0,Monitoring
2025-08-28,09:15:00,HOLD,MIDCPNIFTY25SEP12900CE,185.0,3654.0,Monitoring
2025-08-28,09:20:00,HOLD,MIDCPNIFTY25SEP12900CE,145.0,8454.0,Monitoring
2025-08-28,09:25:00,HOLD,MIDCPNIFTY25SEP12900CE,147.45,8160.0,Monitoring
2025-08-28,09:30:00,HOLD,MIDCPNIFTY25SEP12900CE,143.5,8634.0,Monitoring
2025-08-28,09:35:00,HOLD,MIDCPNIFTY25SEP12900CE,148.2,8070.0,Monitoring
2025-08-28,09:40:00,HOLD,MIDCPNIFTY25SEP12900CE,162.5,6354.0,Monitoring
2025-08-28,09:45:00,HOLD,MIDCPNIFTY25SEP12900CE,160.1,6642.0,Monitoring
2025-08-28,09:50:00,HOLD,MIDCPNIFTY25SEP12900CE,165.0,6054.0,Monitoring
2025-08-28,09:55:00,HOLD,MIDCPNIFTY25SEP12900CE,165.15,6036.0,Monitoring
2025-08-28,10:00:00,HOLD,MIDCPNIFTY25SEP12900CE,170.15,5436.0,Monitoring
2025-08-28,10:05:00,HOLD,MIDCPNIFTY25SEP12900CE,171.0,5334.0,Monitoring
2025-08-28,10:10:00,HOLD,MIDCPNIFTY25SEP12900CE,168.15,5676.0,Monitoring
2025-08-28,10:15:00,HOLD,MIDCPNIFTY25SEP12900CE,166.5,5874.0,Monitoring
2025-08-28,10:20:00,HOLD,MIDCPNIFTY25SEP12900CE,165.45,6000.0,Monitoring
2025-08-28,10:25:00,HOLD,MIDCPNIFTY25SEP12900CE,168.5,5634.0,Monitoring
2025-08-28,10:30:00,HOLD,MIDCPNIFTY25SEP12900CE,173.0,5094.0,Monitoring
2025-08-28,10:35:00,HOLD,MIDCPNIFTY25SEP12900CE,174.85,4872.0,Monitoring
2025-08-28,10:40:00,HOLD,MIDCPNIFTY25SEP12900CE,168.55,5628.0,Monitoring
2025-08-28,10:45:00,HOLD,MIDCPNIFTY25SEP12900CE,171.0,5334.0,Monitoring
2025-08-28,10:50:00,HOLD,MIDCPNIFTY25SEP12900CE,170.0,5454.0,Monitoring
2025-08-28,10:55:00,HOLD,MIDCPNIFTY25SEP12900CE,167.0,5814.0,Monitoring
2025-08-28,11:00:00,HOLD,MIDCPNIFTY25SEP12900CE,170.8,5358.0,Monitoring
2025-08-28,11:05:00,HOLD,MIDCPNIFTY25SEP12900CE,171.95,5220.0,Monitoring
2025-08-28,11:10:00,HOLD,MIDCPNIFTY25SEP12900CE,168.35,5652.0,Monitoring
2025-08-28,11:15:00,HOLD,MIDCPNIFTY25SEP12900CE,168.35,5652.0,Monitoring
2025-08-28,11:20:00,HOLD,MIDCPNIFTY25SEP12900CE,167.05,5808.0,Monitoring
2025-08-28,11:25:00,HOLD,MIDCPNIFTY25SEP12900CE,165.35,6012.0,Monitoring
2025-08-28,11:30:00,HOLD,MIDCPNIFTY25SEP12900CE,166.95,5820.0,Monitoring
2025-08-28,11:35:00,HOLD,MIDCPNIFTY25SEP12900CE,169.35,5532.0,Monitoring
2025-08-28,11:40:00,HOLD,MIDCPNIFTY25SEP12900CE,169.65,5496.0,Monitoring
2025-08-28,11:45:00,HOLD,MIDCPNIFTY25SEP12900CE,169.65,5496.0,Monitoring
2025-08-28,11:50:00,HOLD,MIDCPNIFTY25SEP12900CE,165.0,6054.0,Monitoring
2025-08-28,11:55:00,HOLD,MIDCPNIFTY25SEP12900CE,160.0,6654.0,Monitoring
2025-08-28,12:00:00,HOLD,MIDCPNIFTY25SEP12900CE,158.0,6894.0,Monitoring
2025-08-28,12:05:00,HOLD,MIDCPNIFTY25SEP12900CE,160.0,6654.0,Monitoring
2025-08-28,12:10:00,HOLD,MIDCPNIFTY25SEP12900CE,160.0,6654.0,Monitoring
2025-08-28,12:15:00,HOLD,MIDCPNIFTY25SEP12900CE,157.5,6954.0,Monitoring
2025-08-28,12:20:00,HOLD,MIDCPNIFTY25SEP12900CE,154.25,7344.0,Monitoring
2025-08-28,12:25:00,HOLD,MIDCPNIFTY25SEP12900CE,156.15,7116.0,Monitoring
2025-08-28,12:30:00,HOLD,MIDCPNIFTY25SEP12900CE,155.65,7176.0,Monitoring
2025-08-28,12:35:00,HOLD,MIDCPNIFTY25SEP12900CE,154.4,7326.0,Monitoring
2025-08-28,12:40:00,HOLD,MIDCPNIFTY25SEP12900CE,153.05,7488.0,Monitoring
2025-08-28,12:45:00,HOLD,MIDCPNIFTY25SEP12900CE,154.0,7374.0,Monitoring
2025-08-28,12:50:00,HOLD,MIDCPNIFTY25SEP12900CE,153.0,7494.0,Monitoring
2025-08-28,12:55:00,HOLD,MIDCPNIFTY25SEP12900CE,153.0,7494.0,Monitoring
2025-08-28,13:00:00,HOLD,MIDCPNIFTY25SEP12900CE,148.0,8094.0,Monitoring
2025-08-28,13:05:00,HOLD,MIDCPNIFTY25SEP12900CE,145.75,8364.0,Monitoring
2025-08-28,13:10:00,HOLD,MIDCPNIFTY25SEP12900CE,150.95,7740.0,Monitoring
2025-08-28,13:15:00,HOLD,MIDCPNIFTY25SEP12900CE,146.7,8250.0,Monitoring
2025-08-28,13:20:00,HOLD,MIDCPNIFTY25SEP12900CE,147.0,8214.0,Monitoring
2025-08-28,13:25:00,HOLD,MIDCPNIFTY25SEP12900CE,146.2,8310.0,Monitoring
2025-08-28,13:30:00,HOLD,MIDCPNIFTY25SEP12900CE,144.2,8550.0,Monitoring
2025-08-28,13:35:00,HOLD,MIDCPNIFTY25SEP12900CE,146.8,8238.0,Monitoring
2025-08-28,13:40:00,HOLD,MIDCPNIFTY25SEP12900CE,145.65,8376.0,Monitoring
2025-08-28,13:45:00,HOLD,MIDCPNIFTY25SEP12900CE,145.65,8376.0,Monitoring
2025-08-28,13:50:00,HOLD,MIDCPNIFTY25SEP12900CE,144.55,8508.0,Monitoring
2025-08-28,13:55:00,HOLD,MIDCPNIFTY25SEP12900CE,145.5,8394.0,Monitoring
2025-08-28,14:00:00,HOLD,MIDCPNIFTY25SEP12900CE,148.95,7980.0,Monitoring
2025-08-28,14:05:00,HOLD,MIDCPNIFTY25SEP12900CE,152.0,7614.0,Monitoring
2025-08-28,14:10:00,HOLD,MIDCPNIFTY25SEP12900CE,152.0,7614.0,Monitoring
2025-08-28,14:15:00,HOLD,MIDCPNIFTY25SEP12900CE,152.0,7614.0,Monitoring
2025-08-28,14:20:00,HOLD,MIDCPNIFTY25SEP12900CE,157.0,7014.0,Monitoring
2025-08-28,14:25:00,HOLD,MIDCPNIFTY25SEP12900CE,151.05,7728.0,Monitoring
2025-08-28,14:30:00,HOLD,MIDCPNIFTY25SEP12900CE,150.0,7854.0,Monitoring
2025-08-28,14:35:00,HOLD,MIDCPNIFTY25SEP12900CE,148.0,8094.0,Monitoring
2025-08-28,14:40:00,HOLD,MIDCPNIFTY25SEP12900CE,147.7,8130.0,Monitoring
2025-08-28,14:45:00,HOLD,MIDCPNIFTY25SEP12900CE,142.2,8790.0,Monitoring
2025-08-28,14:50:00,HOLD,MIDCPNIFTY25SEP12900CE,142.2,8790.0,Monitoring
2025-08-28,14:55:00,HOLD,MIDCPNIFTY25SEP12900CE,143.0,8694.0,Monitoring
2025-08-28,15:00:00,HOLD,MIDCPNIFTY25SEP12900CE,136.75,9444.0,Monitoring
2025-08-28,15:05:00,HOLD,MIDCPNIFTY25SEP12900CE,126.05,10728.0,Monitoring
2025-08-28,15:10:00,HOLD,MIDCPNIFTY25SEP12900CE,123.05,11088.0,Monitoring
2025-08-28,15:15:00,HOLD,MIDCPNIFTY25SEP12900CE,124.75,10884.0,Monitoring
2025-08-28,15:20:00,HOLD,MIDCPNIFTY25SEP12900CE,120.0,11454.0,Monitoring
2025-08-28,15:25:00,HOLD,MIDCPNIFTY25SEP12900CE,117.35,11772.0,Monitoring
2025-08-29,09:15:00,HOLD,MIDCPNIFTY25SEP12900CE,134.35,9732.0,Monitoring
2025-08-29,09:20:00,HOLD,MIDCPNIFTY25SEP12900CE,139.45,9120.0,Monitoring
2025-08-29,09:25:00,HOLD,MIDCPNIFTY25SEP12900CE,128.2,10470.0,Monitoring
2025-08-29,09:30:00,HOLD,MIDCPNIFTY25SEP12900CE,115.65,11976.0,Monitoring
2025-08-29,09:35:00,HOLD,MIDCPNIFTY25SEP12900CE,115.95,11940.0,Monitoring
2025-08-29,09:40:00,HOLD,MIDCPNIFTY25SEP12900CE,107.85,12912.0,Monitoring
2025-08-29,09:45:00,HOLD,MIDCPNIFTY25SEP12900CE,103.9,13386.0,Monitoring
2025-08-29,09:50:00,HOLD,MIDCPNIFTY25SEP12900CE,107.45,12960.0,Monitoring
2025-08-29,09:55:00,HOLD,MIDCPNIFTY25SEP12900CE,112.0,12414.0,Monitoring
2025-08-29,10:00:00,HOLD,MIDCPNIFTY25SEP12900CE,106.45,13080.0,Monitoring
2025-08-29,10:05:00,HOLD,MIDCPNIFTY25SEP12900CE,107.5,12954.0,Monitoring
2025-08-29,10:10:00,HOLD,MIDCPNIFTY25SEP12900CE,107.0,13014.0,Monitoring
2025-08-29,10:15:00,HOLD,MIDCPNIFTY25SEP12900CE,107.65,12936.0,Monitoring
2025-08-29,10:20:00,HOLD,MIDCPNIFTY25SEP12900CE,112.3,12378.0,Monitoring
2025-08-29,10:25:00,HOLD,MIDCPNIFTY25SEP12900CE,109.25,12744.0,Monitoring
2025-08-29,10:30:00,HOLD,MIDCPNIFTY25SEP12900CE,114.1,12162.0,Monitoring
2025-08-29,10:35:00,HOLD,MIDCPNIFTY25SEP12900CE,117.05,11808.0,Monitoring
2025-08-29,10:40:00,HOLD,MIDCPNIFTY25SEP12900CE,120.0,11454.0,Monitoring
2025-08-29,10:45:00,HOLD,MIDCPNIFTY25SEP12900CE,119.0,11574.0,Monitoring
2025-08-29,10:50:00,HOLD,MIDCPNIFTY25SEP12900CE,119.55,11508.0,Monitoring
2025-08-29,10:55:00,HOLD,MIDCPNIFTY25SEP12900CE,119.65,11496.0,Monitoring
2025-08-29,11:00:00,HOLD,MIDCPNIFTY25SEP12900CE,118.85,11592.0,Monitoring
2025-08-29,11:05:00,HOLD,MIDCPNIFTY25SEP12900CE,120.15,11436.0,Monitoring
2025-08-29,11:10:00,HOLD,MIDCPNIFTY25SEP12900CE,128.55,10428.0,Monitoring
2025-08-29,11:15:00,HOLD,MIDCPNIFTY25SEP12900CE,126.9,10626.0,Monitoring
2025-08-29,11:20:00,HOLD,MIDCPNIFTY25SEP12900CE,122.0,11214.0,Monitoring
2025-08-29,11:25:00,HOLD,MIDCPNIFTY25SEP12900CE,132.95,9900.0,Monitoring
2025-08-29,11:30:00,HOLD,MIDCPNIFTY25SEP12900CE,136.55,9468.0,Monitoring
2025-08-29,11:35:00,HOLD,MIDCPNIFTY25SEP12900CE,136.75,9444.0,Monitoring
2025-08-29,11:40:00,HOLD,MIDCPNIFTY25SEP12900CE,138.0,9294.0,Monitoring
2025-08-29,11:45:00,HOLD,MIDCPNIFTY25SEP12900CE,138.05,9288.0,Monitoring
2025-08-29,11:50:00,HOLD,MIDCPNIFTY25SEP12900CE,135.95,9540.0,Monitoring
2025-08-29,11:55:00,HOLD,MIDCPNIFTY25SEP12900CE,130.3,10218.0,Monitoring
2025-08-29,12:00:00,HOLD,MIDCPNIFTY25SEP12900CE,125.8,10758.0,Monitoring
2025-08-29,12:05:00,HOLD,MIDCPNIFTY25SEP12900CE,128.2,10470.0,Monitoring
2025-08-29,12:10:00,HOLD,MIDCPNIFTY25SEP12900CE,132.5,9954.0,Monitoring
2025-08-29,12:15:00,HOLD,MIDCPNIFTY25SEP12900CE,129.9,10266.0,Monitoring
2025-08-29,12:20:00,HOLD,MIDCPNIFTY25SEP12900CE,120.8,11358.0,Monitoring
2025-08-29,12:25:00,HOLD,MIDCPNIFTY25SEP12900CE,114.1,12162.0,Monitoring
2025-08-29,12:30:00,HOLD,MIDCPNIFTY25SEP12900CE,114.05,12168.0,Monitoring
2025-08-29,12:35:00,HOLD,MIDCPNIFTY25SEP12900CE,116.6,11862.0,Monitoring
2025-08-29,12:40:00,HOLD,MIDCPNIFTY25SEP12900CE,115.7,11970.0,Monitoring
2025-08-29,12:45:00,HOLD,MIDCPNIFTY25SEP12900CE,113.35,12252.0,Monitoring
2025-08-29,12:50:00,HOLD,MIDCPNIFTY25SEP12900CE,114.15,12156.0,Monitoring
2025-08-29,12:55:00,HOLD,MIDCPNIFTY25SEP12900CE,110.15,12636.0,Monitoring
2025-08-29,13:00:00,HOLD,MIDCPNIFTY25SEP12900CE,110.0,12654.0,Monitoring
2025-08-29,13:05:00,HOLD,MIDCPNIFTY25SEP12900CE,109.95,12660.0,Monitoring
2025-08-29,13:10:00,HOLD,MIDCPNIFTY25SEP12900CE,111.05,12528.0,Monitoring
2025-08-29,13:15:00,HOLD,MIDCPNIFTY25SEP12900CE,114.0,12174.0,Monitoring
2025-08-29,13:20:00,HOLD,MIDCPNIFTY25SEP12900CE,113.3,12258.0,Monitoring
2025-08-29,13:25:00,HOLD,MIDCPNIFTY25SEP12900CE,114.15,12156.0,Monitoring
2025-08-29,13:30:00,HOLD,MIDCPNIFTY25SEP12900CE,115.5,11994.0,Monitoring
2025-08-29,13:35:00,HOLD,MIDCPNIFTY25SEP12900CE,112.4,12366.0,Monitoring
2025-08-29,13:40:00,HOLD,MIDCPNIFTY25SEP12900CE,111.9,12426.0,Monitoring
2025-08-29,13:45:00,HOLD,MIDCPNIFTY25SEP12900CE,111.4,12486.0,Monitoring
2025-08-29,13:50:00,HOLD,MIDCPNIFTY25SEP12900CE,108.0,12894.0,Monitoring
2025-08-29,13:55:00,HOLD,MIDCPNIFTY25SEP12900CE,104.65,13296.0,Monitoring
2025-08-29,14:00:00,HOLD,MIDCPNIFTY25SEP12900CE,103.1,13482.0,Monitoring
2025-08-29,14:05:00,HOLD,MIDCPNIFTY25SEP12900CE,105.75,13164.0,Monitoring
2025-08-29,14:10:00,HOLD,MIDCPNIFTY25SEP12900CE,108.0,12894.0,Monitoring
2025-08-29,14:15:00,HOLD,MIDCPNIFTY25SEP12900CE,107.25,12984.0,Monitoring
2025-08-29,14:20:00,HOLD,MIDCPNIFTY25SEP12900CE,109.3,12738.0,Monitoring
2025-08-29,14:25:00,HOLD,MIDCPNIFTY25SEP12900CE,103.0,13494.0,Monitoring
2025-08-29,14:30:00,HOLD,MIDCPNIFTY25SEP12900CE,102.0,13614.0,Monitoring
2025-08-29,14:35:00,HOLD,MIDCPNIFTY25SEP12900CE,99.45,13920.0,Monitoring
2025-08-29,14:40:00,HOLD,MIDCPNIFTY25SEP12900CE,96.5,14274.0,Monitoring
2025-08-29,14:45:00,HOLD,MIDCPNIFTY25SEP12900CE,99.35,13932.0,Monitoring
2025-08-29,14:50:00,HOLD,MIDCPNIFTY25SEP12900CE,97.55,14148.0,Monitoring
2025-08-29,14:55:00,HOLD,MIDCPNIFTY25SEP12900CE,101.35,13692.0,Monitoring
2025-08-29,15:00:00,HOLD,MIDCPNIFTY25SEP12900CE,93.55,14628.0,Monitoring
2025-08-29,15:05:00,HOLD,MIDCPNIFTY25SEP12900CE,89.2,15150.0,Monitoring
2025-08-29,15:10:00,HOLD,MIDCPNIFTY25SEP12900CE,85.55,15588.0,Monitoring
2025-08-29,15:15:00,HOLD,MIDCPNIFTY25SEP12900CE,87.5,15354.0,Monitoring
2025-08-29,15:20:00,HOLD,MIDCPNIFTY25SEP12900CE,89.0,15174.0,Monitoring
2025-08-29,15:25:00,HOLD,MIDCPNIFTY25SEP12900CE,90.0,15054.0,Monitoring
2025-09-01,09:15:00,HOLD,MIDCPNIFTY25SEP12900CE,109.55,12708.0,Monitoring
2025-09-01,09:20:00,HOLD,MIDCPNIFTY25SEP12900CE,118.95,11580.0,Monitoring
2025-09-01,09:25:00,HOLD,MIDCPNIFTY25SEP12900CE,118.35,11652.0,Monitoring
2025-09-01,09:30:00,HOLD,MIDCPNIFTY25SEP12900CE,121.4,11286.0,Monitoring
2025-09-01,09:35:00,HOLD,MIDCPNIFTY25SEP12900CE,121.65,11256.0,Monitoring
2025-09-01,09:40:00,HOLD,MIDCPNIFTY25SEP12900CE,128.45,10440.0,Monitoring
2025-09-01,09:45:00,HOLD,MIDCPNIFTY25SEP12900CE,131.6,10062.0,Monitoring
2025-09-01,09:50:00,HOLD,MIDCPNIFTY25SEP12900CE,136.75,9444.0,Monitoring
2025-09-01,09:55:00,HOLD,MIDCPNIFTY25SEP12900CE,133.75,9804.0,Monitoring
2025-09-01,10:00:00,HOLD,MIDCPNIFTY25SEP12900CE,132.95,9900.0,Monitoring
2025-09-01,10:00:00,BUY_EXIT,MIDCPNIFTY25SEP12900CE,132.95,9900.0,EMA_REVERSAL_SL
