Date,Time,Event,Ticker,Price,PnL_INR,Info
2025-05-23,14:00:00,SELL_ENTRY,MIDCPNIFTY25MAY12500PE,95.35,0.0,Signal PE | Short
2025-05-23,14:05:00,HOLD,MIDCPNIFTY25MAY12500PE,95.5,-18.0,Monitoring
2025-05-23,14:10:00,HOLD,MIDCPNIFTY25MAY12500PE,94.15,144.0,Monitoring
2025-05-23,14:15:00,HOLD,MIDCPNIFTY25MAY12500PE,94.7,78.0,Monitoring
2025-05-23,14:20:00,HOLD,MIDCPNIFTY25MAY12500PE,90.6,570.0,Monitoring
2025-05-23,14:25:00,HOLD,MIDCPNIFTY25MAY12500PE,87.85,900.0,Monitoring
2025-05-23,14:30:00,HOLD,MIDCPNIFTY25MAY12500PE,90.4,594.0,Monitoring
2025-05-23,14:35:00,HOLD,MIDCPNIFTY25MAY12500PE,90.3,606.0,Monitoring
2025-05-23,14:40:00,HOLD,MIDCPNIFTY25MAY12500PE,94.15,144.0,Monitoring
2025-05-23,14:45:00,HOLD,MIDCPNIFTY25MAY12500PE,90.45,588.0,Monitoring
2025-05-23,14:50:00,HOLD,MIDCPNIFTY25MAY12500PE,95.3,6.0,Monitoring
2025-05-23,14:55:00,HOLD,MIDCPNIFTY25MAY12500PE,89.8,666.0,Monitoring
2025-05-23,15:00:00,HOLD,MIDCPNIFTY25MAY12500PE,86.3,1086.0,Monitoring
2025-05-23,15:05:00,HOLD,MIDCPNIFTY25MAY12500PE,91.3,486.0,Monitoring
2025-05-23,15:10:00,HOLD,MIDCPNIFTY25MAY12500PE,95.0,42.0,Monitoring
2025-05-23,15:15:00,HOLD,MIDCPNIFTY25MAY12500PE,94.4,114.0,Monitoring
2025-05-23,15:20:00,HOLD,MIDCPNIFTY25MAY12500PE,93.7,198.0,Monitoring
2025-05-23,15:25:00,HOLD,MIDCPNIFTY25MAY12500PE,95.8,-54.0,Monitoring
2025-05-26,09:15:00,HOLD,MIDCPNIFTY25MAY12500PE,69.0,3162.0,Monitoring
2025-05-26,09:20:00,HOLD,MIDCPNIFTY25MAY12500PE,68.0,3282.0,Monitoring
2025-05-26,09:25:00,HOLD,MIDCPNIFTY25MAY12500PE,66.95,3408.0,Monitoring
2025-05-26,09:30:00,HOLD,MIDCPNIFTY25MAY12500PE,64.85,3660.0,Monitoring
2025-05-26,09:35:00,HOLD,MIDCPNIFTY25MAY12500PE,63.15,3864.0,Monitoring
2025-05-26,09:40:00,HOLD,MIDCPNIFTY25MAY12500PE,67.6,3330.0,Monitoring
2025-05-26,09:45:00,HOLD,MIDCPNIFTY25MAY12500PE,64.65,3684.0,Monitoring
2025-05-26,09:50:00,HOLD,MIDCPNIFTY25MAY12500PE,68.95,3168.0,Monitoring
2025-05-26,09:55:00,HOLD,MIDCPNIFTY25MAY12500PE,63.9,3774.0,Monitoring
2025-05-26,10:00:00,HOLD,MIDCPNIFTY25MAY12500PE,66.4,3474.0,Monitoring
2025-05-26,10:05:00,HOLD,MIDCPNIFTY25MAY12500PE,66.3,3486.0,Monitoring
2025-05-26,10:10:00,HOLD,MIDCPNIFTY25MAY12500PE,65.9,3534.0,Monitoring
2025-05-26,10:15:00,HOLD,MIDCPNIFTY25MAY12500PE,68.0,3282.0,Monitoring
2025-05-26,10:20:00,HOLD,MIDCPNIFTY25MAY12500PE,65.8,3546.0,Monitoring
2025-05-26,10:25:00,HOLD,MIDCPNIFTY25MAY12500PE,68.4,3234.0,Monitoring
2025-05-26,10:30:00,HOLD,MIDCPNIFTY25MAY12500PE,71.0,2922.0,Monitoring
2025-05-26,10:35:00,HOLD,MIDCPNIFTY25MAY12500PE,75.2,2418.0,Monitoring
2025-05-26,10:40:00,HOLD,MIDCPNIFTY25MAY12500PE,73.1,2670.0,Monitoring
2025-05-26,10:45:00,HOLD,MIDCPNIFTY25MAY12500PE,72.4,2754.0,Monitoring
2025-05-26,10:50:00,HOLD,MIDCPNIFTY25MAY12500PE,69.7,3078.0,Monitoring
2025-05-26,10:55:00,HOLD,MIDCPNIFTY25MAY12500PE,69.05,3156.0,Monitoring
2025-05-26,11:00:00,HOLD,MIDCPNIFTY25MAY12500PE,72.0,2802.0,Monitoring
2025-05-26,11:05:00,HOLD,MIDCPNIFTY25MAY12500PE,75.2,2418.0,Monitoring
2025-05-26,11:10:00,HOLD,MIDCPNIFTY25MAY12500PE,75.25,2412.0,Monitoring
2025-05-26,11:15:00,HOLD,MIDCPNIFTY25MAY12500PE,74.25,2532.0,Monitoring
2025-05-26,11:20:00,HOLD,MIDCPNIFTY25MAY12500PE,73.85,2580.0,Monitoring
2025-05-26,11:25:00,HOLD,MIDCPNIFTY25MAY12500PE,76.35,2280.0,Monitoring
2025-05-26,11:30:00,HOLD,MIDCPNIFTY25MAY12500PE,77.1,2190.0,Monitoring
2025-05-26,11:35:00,HOLD,MIDCPNIFTY25MAY12500PE,78.65,2004.0,Monitoring
2025-05-26,11:40:00,HOLD,MIDCPNIFTY25MAY12500PE,74.0,2562.0,Monitoring
2025-05-26,11:45:00,HOLD,MIDCPNIFTY25MAY12500PE,75.75,2352.0,Monitoring
2025-05-26,11:50:00,HOLD,MIDCPNIFTY25MAY12500PE,72.25,2772.0,Monitoring
2025-05-26,11:55:00,HOLD,MIDCPNIFTY25MAY12500PE,71.45,2868.0,Monitoring
2025-05-26,12:00:00,HOLD,MIDCPNIFTY25MAY12500PE,71.0,2922.0,Monitoring
2025-05-26,12:05:00,HOLD,MIDCPNIFTY25MAY12500PE,72.5,2742.0,Monitoring
2025-05-26,12:10:00,HOLD,MIDCPNIFTY25MAY12500PE,73.8,2586.0,Monitoring
2025-05-26,12:15:00,HOLD,MIDCPNIFTY25MAY12500PE,73.1,2670.0,Monitoring
2025-05-26,12:20:00,HOLD,MIDCPNIFTY25MAY12500PE,71.7,2838.0,Monitoring
2025-05-26,12:25:00,HOLD,MIDCPNIFTY25MAY12500PE,70.25,3012.0,Monitoring
2025-05-26,12:30:00,HOLD,MIDCPNIFTY25MAY12500PE,70.4,2994.0,Monitoring
2025-05-26,12:35:00,HOLD,MIDCPNIFTY25MAY12500PE,69.75,3072.0,Monitoring
2025-05-26,12:40:00,HOLD,MIDCPNIFTY25MAY12500PE,74.0,2562.0,Monitoring
2025-05-26,12:45:00,HOLD,MIDCPNIFTY25MAY12500PE,70.4,2994.0,Monitoring
2025-05-26,12:50:00,HOLD,MIDCPNIFTY25MAY12500PE,72.3,2766.0,Monitoring
2025-05-26,12:55:00,HOLD,MIDCPNIFTY25MAY12500PE,76.0,2322.0,Monitoring
2025-05-26,13:00:00,HOLD,MIDCPNIFTY25MAY12500PE,76.1,2310.0,Monitoring
2025-05-26,13:05:00,HOLD,MIDCPNIFTY25MAY12500PE,75.2,2418.0,Monitoring
2025-05-26,13:10:00,HOLD,MIDCPNIFTY25MAY12500PE,76.0,2322.0,Monitoring
2025-05-26,13:15:00,HOLD,MIDCPNIFTY25MAY12500PE,76.25,2292.0,Monitoring
2025-05-26,13:20:00,HOLD,MIDCPNIFTY25MAY12500PE,75.45,2388.0,Monitoring
2025-05-26,13:25:00,HOLD,MIDCPNIFTY25MAY12500PE,75.75,2352.0,Monitoring
2025-05-26,13:30:00,HOLD,MIDCPNIFTY25MAY12500PE,72.95,2688.0,Monitoring
2025-05-26,13:35:00,HOLD,MIDCPNIFTY25MAY12500PE,72.35,2760.0,Monitoring
2025-05-26,13:40:00,HOLD,MIDCPNIFTY25MAY12500PE,72.3,2766.0,Monitoring
2025-05-26,13:45:00,HOLD,MIDCPNIFTY25MAY12500PE,70.0,3042.0,Monitoring
2025-05-26,13:50:00,HOLD,MIDCPNIFTY25MAY12500PE,71.0,2922.0,Monitoring
2025-05-26,13:55:00,HOLD,MIDCPNIFTY25MAY12500PE,69.9,3054.0,Monitoring
2025-05-26,14:00:00,HOLD,MIDCPNIFTY25MAY12500PE,68.65,3204.0,Monitoring
2025-05-26,14:05:00,HOLD,MIDCPNIFTY25MAY12500PE,66.6,3450.0,Monitoring
2025-05-26,14:10:00,HOLD,MIDCPNIFTY25MAY12500PE,66.35,3480.0,Monitoring
2025-05-26,14:15:00,HOLD,MIDCPNIFTY25MAY12500PE,68.55,3216.0,Monitoring
2025-05-26,14:20:00,HOLD,MIDCPNIFTY25MAY12500PE,69.4,3114.0,Monitoring
2025-05-26,14:25:00,HOLD,MIDCPNIFTY25MAY12500PE,69.95,3048.0,Monitoring
2025-05-26,14:30:00,HOLD,MIDCPNIFTY25MAY12500PE,69.1,3150.0,Monitoring
2025-05-26,14:35:00,HOLD,MIDCPNIFTY25MAY12500PE,70.05,3036.0,Monitoring
2025-05-26,14:40:00,HOLD,MIDCPNIFTY25MAY12500PE,69.05,3156.0,Monitoring
2025-05-26,14:45:00,HOLD,MIDCPNIFTY25MAY12500PE,69.8,3066.0,Monitoring
2025-05-26,14:50:00,HOLD,MIDCPNIFTY25MAY12500PE,64.95,3648.0,Monitoring
2025-05-26,14:55:00,HOLD,MIDCPNIFTY25MAY12500PE,63.9,3774.0,Monitoring
2025-05-26,15:00:00,HOLD,MIDCPNIFTY25MAY12500PE,64.1,3750.0,Monitoring
2025-05-26,15:05:00,HOLD,MIDCPNIFTY25MAY12500PE,62.0,4002.0,Monitoring
2025-05-26,15:10:00,HOLD,MIDCPNIFTY25MAY12500PE,63.5,3822.0,Monitoring
2025-05-26,15:15:00,HOLD,MIDCPNIFTY25MAY12500PE,63.5,3822.0,Monitoring
2025-05-26,15:20:00,HOLD,MIDCPNIFTY25MAY12500PE,63.35,3840.0,Monitoring
2025-05-26,15:25:00,HOLD,MIDCPNIFTY25MAY12500PE,61.9,4014.0,Monitoring
2025-05-27,09:15:00,HOLD,MIDCPNIFTY25MAY12500PE,71.55,2856.0,Monitoring
2025-05-27,09:20:00,HOLD,MIDCPNIFTY25MAY12500PE,76.0,2322.0,Monitoring
2025-05-27,09:25:00,HOLD,MIDCPNIFTY25MAY12500PE,77.05,2196.0,Monitoring
2025-05-27,09:30:00,HOLD,MIDCPNIFTY25MAY12500PE,79.7,1878.0,Monitoring
2025-05-27,09:35:00,HOLD,MIDCPNIFTY25MAY12500PE,75.65,2364.0,Monitoring
2025-05-27,09:40:00,HOLD,MIDCPNIFTY25MAY12500PE,74.0,2562.0,Monitoring
2025-05-27,09:45:00,HOLD,MIDCPNIFTY25MAY12500PE,78.75,1992.0,Monitoring
2025-05-27,09:50:00,HOLD,MIDCPNIFTY25MAY12500PE,79.15,1944.0,Monitoring
2025-05-27,09:55:00,HOLD,MIDCPNIFTY25MAY12500PE,91.1,510.0,Monitoring
2025-05-27,10:00:00,HOLD,MIDCPNIFTY25MAY12500PE,90.8,546.0,Monitoring
2025-05-27,10:05:00,HOLD,MIDCPNIFTY25MAY12500PE,86.9,1014.0,Monitoring
2025-05-27,10:05:00,BUY_EXIT,MIDCPNIFTY25MAY12500PE,86.9,1014.0,EMA_REVERSAL_SL
