Date,Time,Event,Ticker,Price,PnL_INR,Info
2023-10-20,14:00:00,SELL_ENTRY,MIDCPNIFTY23OCT9100CE,30.15,0.0,Signal CE | Short
2023-10-20,14:05:00,HOLD,MIDCPNIFTY23OCT9100CE,31.35,-144.0,Monitoring
2023-10-20,14:10:00,HOLD,MIDCPNIFTY23OCT9100CE,30.2,-6.0,Monitoring
2023-10-20,14:15:00,HOLD,MIDCPNIFTY23OCT9100CE,32.2,-246.0,Monitoring
2023-10-20,14:20:00,HOLD,MIDCPNIFTY23OCT9100CE,32.85,-324.0,Monitoring
2023-10-20,14:25:00,HOLD,MIDCPNIFTY23OCT9100CE,30.9,-90.0,Monitoring
2023-10-20,14:30:00,HOLD,MIDCPNIFTY23OCT9100CE,31.1,-114.0,Monitoring
2023-10-20,14:35:00,HOLD,MIDCPNIFTY23OCT9100CE,30.0,18.0,Monitoring
2023-10-20,14:40:00,HOLD,MIDCPNIFTY23OCT9100CE,32.15,-240.0,Monitoring
2023-10-20,14:45:00,HOLD,MIDCPNIFTY23OCT9100CE,32.05,-228.0,Monitoring
2023-10-20,14:50:00,HOLD,MIDCPNIFTY23OCT9100CE,32.0,-222.0,Monitoring
2023-10-20,14:55:00,HOLD,MIDCPNIFTY23OCT9100CE,30.0,18.0,Monitoring
2023-10-20,15:00:00,HOLD,MIDCPNIFTY23OCT9100CE,31.0,-102.0,Monitoring
2023-10-20,15:05:00,HOLD,MIDCPNIFTY23OCT9100CE,30.0,18.0,Monitoring
2023-10-20,15:10:00,HOLD,MIDCPNIFTY23OCT9100CE,29.0,138.0,Monitoring
2023-10-20,15:10:00,BUY_EXIT,MIDCPNIFTY23OCT9100CE,29.0,138.0,TARGET_LTP_30
