Date,Time,Event,Ticker,Price,PnL_INR,Info
2025-11-27,14:45:00,SELL_ENTRY,MIDCPNIFTY25DEC14000PE,175.7,0.0,Signal PE | Short
2025-11-27,14:50:00,HOLD,MIDCPNIFTY25DEC14000PE,181.2,-660.0,Monitoring
2025-11-27,14:55:00,HOLD,MIDCPNIFTY25DEC14000PE,178.0,-276.0,Monitoring
2025-11-27,15:00:00,HOLD,MIDCPNIFTY25DEC14000PE,169.85,702.0,Monitoring
2025-11-27,15:05:00,HOLD,MIDCPNIFTY25DEC14000PE,174.75,114.0,Monitoring
2025-11-27,15:10:00,HOLD,MIDCPNIFTY25DEC14000PE,169.85,702.0,Monitoring
2025-11-27,15:15:00,HOLD,MIDCPNIFTY25DEC14000PE,172.4,396.0,Monitoring
2025-11-27,15:20:00,HOLD,MIDCPNIFTY25DEC14000PE,170.95,570.0,Monitoring
2025-11-27,15:25:00,HOLD,MIDCPNIFTY25DEC14000PE,170.95,570.0,Monitoring
2025-11-28,09:15:00,HOLD,MIDCPNIFTY25DEC14000PE,172.3,408.0,Monitoring
2025-11-28,09:20:00,HOLD,MIDCPNIFTY25DEC14000PE,182.7,-840.0,Monitoring
2025-11-28,09:25:00,HOLD,MIDCPNIFTY25DEC14000PE,180.3,-552.0,Monitoring
2025-11-28,09:30:00,HOLD,MIDCPNIFTY25DEC14000PE,170.0,684.0,Monitoring
2025-11-28,09:35:00,HOLD,MIDCPNIFTY25DEC14000PE,180.95,-630.0,Monitoring
2025-11-28,09:40:00,HOLD,MIDCPNIFTY25DEC14000PE,175.45,30.0,Monitoring
2025-11-28,09:45:00,HOLD,MIDCPNIFTY25DEC14000PE,176.65,-114.0,Monitoring
2025-11-28,09:50:00,HOLD,MIDCPNIFTY25DEC14000PE,167.85,942.0,Monitoring
2025-11-28,09:55:00,HOLD,MIDCPNIFTY25DEC14000PE,171.1,552.0,Monitoring
2025-11-28,10:00:00,HOLD,MIDCPNIFTY25DEC14000PE,167.15,1026.0,Monitoring
2025-11-28,10:05:00,HOLD,MIDCPNIFTY25DEC14000PE,170.0,684.0,Monitoring
2025-11-28,10:10:00,HOLD,MIDCPNIFTY25DEC14000PE,175.35,42.0,Monitoring
2025-11-28,10:15:00,HOLD,MIDCPNIFTY25DEC14000PE,177.2,-180.0,Monitoring
2025-11-28,10:20:00,HOLD,MIDCPNIFTY25DEC14000PE,179.8,-492.0,Monitoring
2025-11-28,10:25:00,HOLD,MIDCPNIFTY25DEC14000PE,178.75,-366.0,Monitoring
2025-11-28,10:30:00,HOLD,MIDCPNIFTY25DEC14000PE,173.05,318.0,Monitoring
2025-11-28,10:35:00,HOLD,MIDCPNIFTY25DEC14000PE,168.3,888.0,Monitoring
2025-11-28,10:40:00,HOLD,MIDCPNIFTY25DEC14000PE,171.0,564.0,Monitoring
2025-11-28,10:45:00,HOLD,MIDCPNIFTY25DEC14000PE,168.5,864.0,Monitoring
2025-11-28,10:50:00,HOLD,MIDCPNIFTY25DEC14000PE,167.0,1044.0,Monitoring
2025-11-28,10:55:00,HOLD,MIDCPNIFTY25DEC14000PE,170.75,594.0,Monitoring
2025-11-28,11:00:00,HOLD,MIDCPNIFTY25DEC14000PE,170.9,576.0,Monitoring
2025-11-28,11:05:00,HOLD,MIDCPNIFTY25DEC14000PE,173.45,270.0,Monitoring
2025-11-28,11:10:00,HOLD,MIDCPNIFTY25DEC14000PE,167.4,996.0,Monitoring
2025-11-28,11:15:00,HOLD,MIDCPNIFTY25DEC14000PE,168.1,912.0,Monitoring
2025-11-28,11:20:00,HOLD,MIDCPNIFTY25DEC14000PE,168.4,876.0,Monitoring
2025-11-28,11:25:00,HOLD,MIDCPNIFTY25DEC14000PE,168.4,876.0,Monitoring
2025-11-28,11:30:00,HOLD,MIDCPNIFTY25DEC14000PE,170.35,642.0,Monitoring
2025-11-28,11:35:00,HOLD,MIDCPNIFTY25DEC14000PE,168.8,828.0,Monitoring
2025-11-28,11:40:00,HOLD,MIDCPNIFTY25DEC14000PE,162.6,1572.0,Monitoring
2025-11-28,11:45:00,HOLD,MIDCPNIFTY25DEC14000PE,159.95,1890.0,Monitoring
2025-11-28,11:50:00,HOLD,MIDCPNIFTY25DEC14000PE,162.6,1572.0,Monitoring
2025-11-28,11:55:00,HOLD,MIDCPNIFTY25DEC14000PE,167.25,1014.0,Monitoring
2025-11-28,12:00:00,HOLD,MIDCPNIFTY25DEC14000PE,163.0,1524.0,Monitoring
2025-11-28,12:05:00,HOLD,MIDCPNIFTY25DEC14000PE,166.1,1152.0,Monitoring
2025-11-28,12:10:00,HOLD,MIDCPNIFTY25DEC14000PE,165.0,1284.0,Monitoring
2025-11-28,12:15:00,HOLD,MIDCPNIFTY25DEC14000PE,172.0,444.0,Monitoring
2025-11-28,12:20:00,HOLD,MIDCPNIFTY25DEC14000PE,174.2,180.0,Monitoring
2025-11-28,12:25:00,HOLD,MIDCPNIFTY25DEC14000PE,172.4,396.0,Monitoring
2025-11-28,12:30:00,HOLD,MIDCPNIFTY25DEC14000PE,170.65,606.0,Monitoring
2025-11-28,12:35:00,HOLD,MIDCPNIFTY25DEC14000PE,171.0,564.0,Monitoring
2025-11-28,12:40:00,HOLD,MIDCPNIFTY25DEC14000PE,172.85,342.0,Monitoring
2025-11-28,12:45:00,HOLD,MIDCPNIFTY25DEC14000PE,180.95,-630.0,Monitoring
2025-11-28,12:50:00,HOLD,MIDCPNIFTY25DEC14000PE,183.25,-906.0,Monitoring
2025-11-28,12:55:00,HOLD,MIDCPNIFTY25DEC14000PE,180.5,-576.0,Monitoring
2025-11-28,13:00:00,HOLD,MIDCPNIFTY25DEC14000PE,178.75,-366.0,Monitoring
2025-11-28,13:05:00,HOLD,MIDCPNIFTY25DEC14000PE,180.1,-528.0,Monitoring
2025-11-28,13:10:00,HOLD,MIDCPNIFTY25DEC14000PE,183.0,-876.0,Monitoring
2025-11-28,13:15:00,HOLD,MIDCPNIFTY25DEC14000PE,190.95,-1830.0,Monitoring
2025-11-28,13:20:00,HOLD,MIDCPNIFTY25DEC14000PE,183.9,-984.0,Monitoring
2025-11-28,13:25:00,HOLD,MIDCPNIFTY25DEC14000PE,183.85,-978.0,Monitoring
2025-11-28,13:30:00,HOLD,MIDCPNIFTY25DEC14000PE,182.0,-756.0,Monitoring
2025-11-28,13:35:00,HOLD,MIDCPNIFTY25DEC14000PE,181.25,-666.0,Monitoring
2025-11-28,13:35:00,BUY_EXIT,MIDCPNIFTY25DEC14000PE,181.25,-666.0,EMA_REVERSAL_SL
