Date,Time,Event,Ticker,Price,PnL_INR,Info
2024-04-30,14:00:00,SELL_ENTRY,MIDCPNIFTY24MAY11000PE,158.0,0.0,Signal PE | Short
2024-04-30,14:05:00,HOLD,MIDCPNIFTY24MAY11000PE,158.0,0.0,Monitoring
2024-04-30,14:10:00,HOLD,MIDCPNIFTY24MAY11000PE,158.0,0.0,Monitoring
2024-04-30,14:15:00,HOLD,MIDCPNIFTY24MAY11000PE,158.0,0.0,Monitoring
2024-04-30,14:20:00,HOLD,MIDCPNIFTY24MAY11000PE,158.0,0.0,Monitoring
2024-04-30,14:25:00,HOLD,MIDCPNIFTY24MAY11000PE,150.5,900.0,Monitoring
2024-04-30,14:30:00,HOLD,MIDCPNIFTY24MAY11000PE,150.0,960.0,Monitoring
2024-04-30,14:35:00,HOLD,MIDCPNIFTY24MAY11000PE,155.0,360.0,Monitoring
2024-04-30,14:40:00,HOLD,MIDCPNIFTY24MAY11000PE,160.0,-240.0,Monitoring
2024-04-30,14:45:00,HOLD,MIDCPNIFTY24MAY11000PE,170.0,-1440.0,Monitoring
2024-04-30,14:50:00,HOLD,MIDCPNIFTY24MAY11000PE,180.75,-2730.0,Monitoring
2024-04-30,14:55:00,HOLD,MIDCPNIFTY24MAY11000PE,180.95,-2754.0,Monitoring
2024-04-30,15:00:00,HOLD,MIDCPNIFTY24MAY11000PE,199.5,-4980.0,Monitoring
2024-04-30,15:00:00,BUY_EXIT,MIDCPNIFTY24MAY11000PE,199.5,-4980.0,EMA_REVERSAL_SL
