Date,Time,Event,Ticker,Price,PnL_INR,Info
2024-06-06,14:00:00,SELL_ENTRY,MIDCPNIFTY24JUN11600CE,223.8,0.0,Signal CE | Short
2024-06-06,14:05:00,HOLD,MIDCPNIFTY24JUN11600CE,223.8,0.0,Monitoring
2024-06-06,14:10:00,HOLD,MIDCPNIFTY24JUN11600CE,223.8,0.0,Monitoring
2024-06-06,14:15:00,HOLD,MIDCPNIFTY24JUN11600CE,223.8,0.0,Monitoring
2024-06-06,14:20:00,HOLD,MIDCPNIFTY24JUN11600CE,223.8,0.0,Monitoring
2024-06-06,14:25:00,HOLD,MIDCPNIFTY24JUN11600CE,223.8,0.0,Monitoring
2024-06-06,14:30:00,HOLD,MIDCPNIFTY24JUN11600CE,223.8,0.0,Monitoring
2024-06-06,14:35:00,HOLD,MIDCPNIFTY24JUN11600CE,223.8,0.0,Monitoring
2024-06-06,14:40:00,HOLD,MIDCPNIFTY24JUN11600CE,212.0,1416.0,Monitoring
2024-06-06,14:45:00,HOLD,MIDCPNIFTY24JUN11600CE,212.0,1416.0,Monitoring
2024-06-06,14:50:00,HOLD,MIDCPNIFTY24JUN11600CE,212.0,1416.0,Monitoring
2024-06-06,14:55:00,HOLD,MIDCPNIFTY24JUN11600CE,212.0,1416.0,Monitoring
2024-06-06,15:00:00,HOLD,MIDCPNIFTY24JUN11600CE,212.0,1416.0,Monitoring
2024-06-06,15:05:00,HOLD,MIDCPNIFTY24JUN11600CE,212.0,1416.0,Monitoring
2024-06-06,15:10:00,HOLD,MIDCPNIFTY24JUN11600CE,212.0,1416.0,Monitoring
2024-06-06,15:15:00,HOLD,MIDCPNIFTY24JUN11600CE,212.0,1416.0,Monitoring
2024-06-06,15:20:00,HOLD,MIDCPNIFTY24JUN11600CE,212.0,1416.0,Monitoring
2024-06-06,15:25:00,HOLD,MIDCPNIFTY24JUN11600CE,212.0,1416.0,Monitoring
2024-06-07,09:15:00,HOLD,MIDCPNIFTY24JUN11600CE,212.0,1416.0,Monitoring
2024-06-07,09:20:00,HOLD,MIDCPNIFTY24JUN11600CE,212.0,1416.0,Monitoring
2024-06-07,09:25:00,HOLD,MIDCPNIFTY24JUN11600CE,212.0,1416.0,Monitoring
2024-06-07,09:30:00,HOLD,MIDCPNIFTY24JUN11600CE,212.0,1416.0,Monitoring
2024-06-07,09:35:00,HOLD,MIDCPNIFTY24JUN11600CE,212.0,1416.0,Monitoring
2024-06-07,09:40:00,HOLD,MIDCPNIFTY24JUN11600CE,212.0,1416.0,Monitoring
2024-06-07,09:50:00,HOLD,MIDCPNIFTY24JUN11600CE,254.75,-3714.0,Monitoring
2024-06-07,09:55:00,HOLD,MIDCPNIFTY24JUN11600CE,254.75,-3714.0,Monitoring
2024-06-07,10:00:00,HOLD,MIDCPNIFTY24JUN11600CE,254.75,-3714.0,Monitoring
2024-06-07,10:05:00,HOLD,MIDCPNIFTY24JUN11600CE,254.75,-3714.0,Monitoring
2024-06-07,10:10:00,HOLD,MIDCPNIFTY24JUN11600CE,254.75,-3714.0,Monitoring
2024-06-07,10:15:00,HOLD,MIDCPNIFTY24JUN11600CE,254.75,-3714.0,Monitoring
2024-06-07,10:20:00,HOLD,MIDCPNIFTY24JUN11600CE,254.75,-3714.0,Monitoring
2024-06-07,10:25:00,HOLD,MIDCPNIFTY24JUN11600CE,254.75,-3714.0,Monitoring
2024-06-07,10:30:00,HOLD,MIDCPNIFTY24JUN11600CE,254.75,-3714.0,Monitoring
2024-06-07,10:35:00,HOLD,MIDCPNIFTY24JUN11600CE,254.75,-3714.0,Monitoring
2024-06-07,10:40:00,HOLD,MIDCPNIFTY24JUN11600CE,254.75,-3714.0,Monitoring
2024-06-07,10:45:00,HOLD,MIDCPNIFTY24JUN11600CE,254.75,-3714.0,Monitoring
2024-06-07,10:50:00,HOLD,MIDCPNIFTY24JUN11600CE,254.75,-3714.0,Monitoring
2024-06-07,11:00:00,HOLD,MIDCPNIFTY24JUN11600CE,254.75,-3714.0,Monitoring
2024-06-07,11:05:00,HOLD,MIDCPNIFTY24JUN11600CE,254.75,-3714.0,Monitoring
2024-06-07,11:05:00,BUY_EXIT,MIDCPNIFTY24JUN11600CE,254.75,-3714.0,EMA_REVERSAL_SL
