Date,Time,Event,Ticker,Price,PnL_INR,Info
2024-08-16,14:00:00,SELL_ENTRY,MIDCPNIFTY24AUG12600PE,91.05,0.0,Signal PE | Short
2024-08-16,14:05:00,HOLD,MIDCPNIFTY24AUG12600PE,92.0,-114.0,Monitoring
2024-08-16,14:10:00,HOLD,MIDCPNIFTY24AUG12600PE,91.0,6.0,Monitoring
2024-08-16,14:15:00,HOLD,MIDCPNIFTY24AUG12600PE,89.3,210.0,Monitoring
2024-08-16,14:20:00,HOLD,MIDCPNIFTY24AUG12600PE,88.0,366.0,Monitoring
2024-08-16,14:25:00,HOLD,MIDCPNIFTY24AUG12600PE,87.55,420.0,Monitoring
2024-08-16,14:30:00,HOLD,MIDCPNIFTY24AUG12600PE,90.3,90.0,Monitoring
2024-08-16,14:35:00,HOLD,MIDCPNIFTY24AUG12600PE,88.0,366.0,Monitoring
2024-08-16,14:40:00,HOLD,MIDCPNIFTY24AUG12600PE,89.8,150.0,Monitoring
2024-08-16,14:45:00,HOLD,MIDCPNIFTY24AUG12600PE,87.3,450.0,Monitoring
2024-08-16,14:50:00,HOLD,MIDCPNIFTY24AUG12600PE,84.85,744.0,Monitoring
2024-08-16,14:55:00,HOLD,MIDCPNIFTY24AUG12600PE,81.3,1170.0,Monitoring
2024-08-16,15:00:00,HOLD,MIDCPNIFTY24AUG12600PE,76.75,1716.0,Monitoring
2024-08-16,15:05:00,HOLD,MIDCPNIFTY24AUG12600PE,78.2,1542.0,Monitoring
2024-08-16,15:10:00,HOLD,MIDCPNIFTY24AUG12600PE,78.1,1554.0,Monitoring
2024-08-16,15:15:00,HOLD,MIDCPNIFTY24AUG12600PE,74.0,2046.0,Monitoring
2024-08-16,15:20:00,HOLD,MIDCPNIFTY24AUG12600PE,74.7,1962.0,Monitoring
2024-08-16,15:25:00,HOLD,MIDCPNIFTY24AUG12600PE,73.35,2124.0,Monitoring
2024-08-19,09:15:00,HOLD,MIDCPNIFTY24AUG12600PE,66.55,2940.0,Monitoring
2024-08-19,09:20:00,HOLD,MIDCPNIFTY24AUG12600PE,62.2,3462.0,Monitoring
2024-08-19,09:25:00,HOLD,MIDCPNIFTY24AUG12600PE,63.3,3330.0,Monitoring
2024-08-19,09:30:00,HOLD,MIDCPNIFTY24AUG12600PE,58.65,3888.0,Monitoring
2024-08-19,09:35:00,HOLD,MIDCPNIFTY24AUG12600PE,62.95,3372.0,Monitoring
2024-08-19,09:40:00,HOLD,MIDCPNIFTY24AUG12600PE,59.75,3756.0,Monitoring
2024-08-19,09:45:00,HOLD,MIDCPNIFTY24AUG12600PE,61.45,3552.0,Monitoring
2024-08-19,09:50:00,HOLD,MIDCPNIFTY24AUG12600PE,69.4,2598.0,Monitoring
2024-08-19,09:55:00,HOLD,MIDCPNIFTY24AUG12600PE,63.3,3330.0,Monitoring
2024-08-19,10:00:00,HOLD,MIDCPNIFTY24AUG12600PE,72.25,2256.0,Monitoring
2024-08-19,10:05:00,HOLD,MIDCPNIFTY24AUG12600PE,75.0,1926.0,Monitoring
2024-08-19,10:10:00,HOLD,MIDCPNIFTY24AUG12600PE,75.7,1842.0,Monitoring
2024-08-19,10:15:00,HOLD,MIDCPNIFTY24AUG12600PE,74.4,1998.0,Monitoring
2024-08-19,10:20:00,HOLD,MIDCPNIFTY24AUG12600PE,82.15,1068.0,Monitoring
2024-08-19,10:25:00,HOLD,MIDCPNIFTY24AUG12600PE,85.9,618.0,Monitoring
2024-08-19,10:30:00,HOLD,MIDCPNIFTY24AUG12600PE,88.25,336.0,Monitoring
2024-08-19,10:35:00,HOLD,MIDCPNIFTY24AUG12600PE,77.4,1638.0,Monitoring
2024-08-19,10:40:00,HOLD,MIDCPNIFTY24AUG12600PE,72.8,2190.0,Monitoring
2024-08-19,10:45:00,HOLD,MIDCPNIFTY24AUG12600PE,82.7,1002.0,Monitoring
2024-08-19,10:50:00,HOLD,MIDCPNIFTY24AUG12600PE,80.25,1296.0,Monitoring
2024-08-19,10:55:00,HOLD,MIDCPNIFTY24AUG12600PE,78.0,1566.0,Monitoring
2024-08-19,11:00:00,HOLD,MIDCPNIFTY24AUG12600PE,78.35,1524.0,Monitoring
2024-08-19,11:05:00,HOLD,MIDCPNIFTY24AUG12600PE,77.7,1602.0,Monitoring
2024-08-19,11:10:00,HOLD,MIDCPNIFTY24AUG12600PE,77.95,1572.0,Monitoring
2024-08-19,11:15:00,HOLD,MIDCPNIFTY24AUG12600PE,71.05,2400.0,Monitoring
2024-08-19,11:20:00,HOLD,MIDCPNIFTY24AUG12600PE,73.4,2118.0,Monitoring
2024-08-19,11:25:00,HOLD,MIDCPNIFTY24AUG12600PE,71.9,2298.0,Monitoring
2024-08-19,11:30:00,HOLD,MIDCPNIFTY24AUG12600PE,61.4,3558.0,Monitoring
2024-08-19,11:35:00,HOLD,MIDCPNIFTY24AUG12600PE,56.3,4170.0,Monitoring
2024-08-19,11:40:00,HOLD,MIDCPNIFTY24AUG12600PE,54.25,4416.0,Monitoring
2024-08-19,11:45:00,HOLD,MIDCPNIFTY24AUG12600PE,54.2,4422.0,Monitoring
2024-08-19,11:50:00,HOLD,MIDCPNIFTY24AUG12600PE,55.2,4302.0,Monitoring
2024-08-19,11:55:00,HOLD,MIDCPNIFTY24AUG12600PE,54.45,4392.0,Monitoring
2024-08-19,12:00:00,HOLD,MIDCPNIFTY24AUG12600PE,65.45,3072.0,Monitoring
2024-08-19,12:05:00,HOLD,MIDCPNIFTY24AUG12600PE,77.1,1674.0,Monitoring
2024-08-19,12:10:00,HOLD,MIDCPNIFTY24AUG12600PE,77.55,1620.0,Monitoring
2024-08-19,12:15:00,HOLD,MIDCPNIFTY24AUG12600PE,70.0,2526.0,Monitoring
2024-08-19,12:20:00,HOLD,MIDCPNIFTY24AUG12600PE,78.25,1536.0,Monitoring
2024-08-19,12:25:00,HOLD,MIDCPNIFTY24AUG12600PE,85.25,696.0,Monitoring
2024-08-19,12:30:00,HOLD,MIDCPNIFTY24AUG12600PE,86.0,606.0,Monitoring
2024-08-19,12:35:00,HOLD,MIDCPNIFTY24AUG12600PE,72.75,2196.0,Monitoring
2024-08-19,12:40:00,HOLD,MIDCPNIFTY24AUG12600PE,82.35,1044.0,Monitoring
2024-08-19,12:45:00,HOLD,MIDCPNIFTY24AUG12600PE,76.45,1752.0,Monitoring
2024-08-19,12:50:00,HOLD,MIDCPNIFTY24AUG12600PE,82.0,1086.0,Monitoring
2024-08-19,12:55:00,HOLD,MIDCPNIFTY24AUG12600PE,88.9,258.0,Monitoring
2024-08-19,13:00:00,HOLD,MIDCPNIFTY24AUG12600PE,87.4,438.0,Monitoring
2024-08-19,13:05:00,HOLD,MIDCPNIFTY24AUG12600PE,92.8,-210.0,Monitoring
2024-08-19,13:10:00,HOLD,MIDCPNIFTY24AUG12600PE,82.0,1086.0,Monitoring
2024-08-19,13:15:00,HOLD,MIDCPNIFTY24AUG12600PE,72.55,2220.0,Monitoring
2024-08-19,13:20:00,HOLD,MIDCPNIFTY24AUG12600PE,78.05,1560.0,Monitoring
2024-08-19,13:25:00,HOLD,MIDCPNIFTY24AUG12600PE,81.0,1206.0,Monitoring
2024-08-19,13:30:00,HOLD,MIDCPNIFTY24AUG12600PE,77.0,1686.0,Monitoring
2024-08-19,13:35:00,HOLD,MIDCPNIFTY24AUG12600PE,79.2,1422.0,Monitoring
2024-08-19,13:40:00,HOLD,MIDCPNIFTY24AUG12600PE,84.3,810.0,Monitoring
2024-08-19,13:45:00,HOLD,MIDCPNIFTY24AUG12600PE,88.25,336.0,Monitoring
2024-08-19,13:50:00,HOLD,MIDCPNIFTY24AUG12600PE,84.8,750.0,Monitoring
2024-08-19,13:55:00,HOLD,MIDCPNIFTY24AUG12600PE,89.4,198.0,Monitoring
2024-08-19,14:00:00,HOLD,MIDCPNIFTY24AUG12600PE,89.0,246.0,Monitoring
2024-08-19,14:05:00,HOLD,MIDCPNIFTY24AUG12600PE,82.65,1008.0,Monitoring
2024-08-19,14:10:00,HOLD,MIDCPNIFTY24AUG12600PE,91.15,-12.0,Monitoring
2024-08-19,14:15:00,HOLD,MIDCPNIFTY24AUG12600PE,83.95,852.0,Monitoring
2024-08-19,14:20:00,HOLD,MIDCPNIFTY24AUG12600PE,78.0,1566.0,Monitoring
2024-08-19,14:25:00,HOLD,MIDCPNIFTY24AUG12600PE,72.85,2184.0,Monitoring
2024-08-19,14:30:00,HOLD,MIDCPNIFTY24AUG12600PE,63.05,3360.0,Monitoring
2024-08-19,14:35:00,HOLD,MIDCPNIFTY24AUG12600PE,63.65,3288.0,Monitoring
2024-08-19,14:40:00,HOLD,MIDCPNIFTY24AUG12600PE,68.65,2688.0,Monitoring
2024-08-19,14:45:00,HOLD,MIDCPNIFTY24AUG12600PE,63.1,3354.0,Monitoring
2024-08-19,14:50:00,HOLD,MIDCPNIFTY24AUG12600PE,63.9,3258.0,Monitoring
2024-08-19,14:55:00,HOLD,MIDCPNIFTY24AUG12600PE,71.65,2328.0,Monitoring
2024-08-19,15:00:00,HOLD,MIDCPNIFTY24AUG12600PE,72.0,2286.0,Monitoring
2024-08-19,15:05:00,HOLD,MIDCPNIFTY24AUG12600PE,66.8,2910.0,Monitoring
2024-08-19,15:10:00,HOLD,MIDCPNIFTY24AUG12600PE,58.75,3876.0,Monitoring
2024-08-19,15:15:00,HOLD,MIDCPNIFTY24AUG12600PE,53.95,4452.0,Monitoring
2024-08-19,15:20:00,HOLD,MIDCPNIFTY24AUG12600PE,53.0,4566.0,Monitoring
2024-08-19,15:25:00,HOLD,MIDCPNIFTY24AUG12600PE,52.6,4614.0,Monitoring
2024-08-20,09:15:00,HOLD,MIDCPNIFTY24AUG12600PE,50.2,4902.0,Monitoring
2024-08-20,09:20:00,HOLD,MIDCPNIFTY24AUG12600PE,46.7,5322.0,Monitoring
2024-08-20,09:25:00,HOLD,MIDCPNIFTY24AUG12600PE,46.1,5394.0,Monitoring
2024-08-20,09:30:00,HOLD,MIDCPNIFTY24AUG12600PE,42.75,5796.0,Monitoring
2024-08-20,09:35:00,HOLD,MIDCPNIFTY24AUG12600PE,43.8,5670.0,Monitoring
2024-08-20,09:40:00,HOLD,MIDCPNIFTY24AUG12600PE,43.65,5688.0,Monitoring
2024-08-20,09:45:00,HOLD,MIDCPNIFTY24AUG12600PE,42.8,5790.0,Monitoring
2024-08-20,09:50:00,HOLD,MIDCPNIFTY24AUG12600PE,42.85,5784.0,Monitoring
2024-08-20,09:55:00,HOLD,MIDCPNIFTY24AUG12600PE,42.2,5862.0,Monitoring
2024-08-20,10:00:00,HOLD,MIDCPNIFTY24AUG12600PE,41.9,5898.0,Monitoring
2024-08-20,10:05:00,HOLD,MIDCPNIFTY24AUG12600PE,40.8,6030.0,Monitoring
2024-08-20,10:10:00,HOLD,MIDCPNIFTY24AUG12600PE,39.95,6132.0,Monitoring
2024-08-20,10:15:00,HOLD,MIDCPNIFTY24AUG12600PE,40.5,6066.0,Monitoring
2024-08-20,10:20:00,HOLD,MIDCPNIFTY24AUG12600PE,42.75,5796.0,Monitoring
2024-08-20,10:25:00,HOLD,MIDCPNIFTY24AUG12600PE,41.0,6006.0,Monitoring
2024-08-20,10:30:00,HOLD,MIDCPNIFTY24AUG12600PE,40.8,6030.0,Monitoring
2024-08-20,10:35:00,HOLD,MIDCPNIFTY24AUG12600PE,40.35,6084.0,Monitoring
2024-08-20,10:40:00,HOLD,MIDCPNIFTY24AUG12600PE,41.9,5898.0,Monitoring
2024-08-20,10:45:00,HOLD,MIDCPNIFTY24AUG12600PE,41.9,5898.0,Monitoring
2024-08-20,10:50:00,HOLD,MIDCPNIFTY24AUG12600PE,41.8,5910.0,Monitoring
2024-08-20,10:55:00,HOLD,MIDCPNIFTY24AUG12600PE,41.05,6000.0,Monitoring
2024-08-20,11:00:00,HOLD,MIDCPNIFTY24AUG12600PE,42.5,5826.0,Monitoring
2024-08-20,11:05:00,HOLD,MIDCPNIFTY24AUG12600PE,41.3,5970.0,Monitoring
2024-08-20,11:10:00,HOLD,MIDCPNIFTY24AUG12600PE,39.55,6180.0,Monitoring
2024-08-20,11:15:00,HOLD,MIDCPNIFTY24AUG12600PE,38.35,6324.0,Monitoring
2024-08-20,11:20:00,HOLD,MIDCPNIFTY24AUG12600PE,39.2,6222.0,Monitoring
2024-08-20,11:25:00,HOLD,MIDCPNIFTY24AUG12600PE,39.95,6132.0,Monitoring
2024-08-20,11:30:00,HOLD,MIDCPNIFTY24AUG12600PE,40.55,6060.0,Monitoring
2024-08-20,11:35:00,HOLD,MIDCPNIFTY24AUG12600PE,42.25,5856.0,Monitoring
2024-08-20,11:40:00,HOLD,MIDCPNIFTY24AUG12600PE,39.9,6138.0,Monitoring
2024-08-20,11:45:00,HOLD,MIDCPNIFTY24AUG12600PE,39.5,6186.0,Monitoring
2024-08-20,11:50:00,HOLD,MIDCPNIFTY24AUG12600PE,39.8,6150.0,Monitoring
2024-08-20,11:55:00,HOLD,MIDCPNIFTY24AUG12600PE,37.65,6408.0,Monitoring
2024-08-20,12:00:00,HOLD,MIDCPNIFTY24AUG12600PE,37.2,6462.0,Monitoring
2024-08-20,12:05:00,HOLD,MIDCPNIFTY24AUG12600PE,37.0,6486.0,Monitoring
2024-08-20,12:10:00,HOLD,MIDCPNIFTY24AUG12600PE,36.65,6528.0,Monitoring
2024-08-20,12:15:00,HOLD,MIDCPNIFTY24AUG12600PE,34.45,6792.0,Monitoring
2024-08-20,12:20:00,HOLD,MIDCPNIFTY24AUG12600PE,34.05,6840.0,Monitoring
2024-08-20,12:25:00,HOLD,MIDCPNIFTY24AUG12600PE,34.4,6798.0,Monitoring
2024-08-20,12:30:00,HOLD,MIDCPNIFTY24AUG12600PE,35.0,6726.0,Monitoring
2024-08-20,12:35:00,HOLD,MIDCPNIFTY24AUG12600PE,35.3,6690.0,Monitoring
2024-08-20,12:40:00,HOLD,MIDCPNIFTY24AUG12600PE,35.65,6648.0,Monitoring
2024-08-20,12:45:00,HOLD,MIDCPNIFTY24AUG12600PE,33.8,6870.0,Monitoring
2024-08-20,12:50:00,HOLD,MIDCPNIFTY24AUG12600PE,32.7,7002.0,Monitoring
2024-08-20,12:55:00,HOLD,MIDCPNIFTY24AUG12600PE,31.95,7092.0,Monitoring
2024-08-20,13:00:00,HOLD,MIDCPNIFTY24AUG12600PE,32.4,7038.0,Monitoring
2024-08-20,13:05:00,HOLD,MIDCPNIFTY24AUG12600PE,31.4,7158.0,Monitoring
2024-08-20,13:10:00,HOLD,MIDCPNIFTY24AUG12600PE,31.75,7116.0,Monitoring
2024-08-20,13:15:00,HOLD,MIDCPNIFTY24AUG12600PE,31.95,7092.0,Monitoring
2024-08-20,13:20:00,HOLD,MIDCPNIFTY24AUG12600PE,32.6,7014.0,Monitoring
2024-08-20,13:25:00,HOLD,MIDCPNIFTY24AUG12600PE,31.85,7104.0,Monitoring
2024-08-20,13:30:00,HOLD,MIDCPNIFTY24AUG12600PE,31.65,7128.0,Monitoring
2024-08-20,13:35:00,HOLD,MIDCPNIFTY24AUG12600PE,31.0,7206.0,Monitoring
2024-08-20,13:40:00,HOLD,MIDCPNIFTY24AUG12600PE,31.35,7164.0,Monitoring
2024-08-20,13:45:00,HOLD,MIDCPNIFTY24AUG12600PE,30.55,7260.0,Monitoring
2024-08-20,13:50:00,HOLD,MIDCPNIFTY24AUG12600PE,29.5,7386.0,Monitoring
2024-08-20,13:50:00,BUY_EXIT,MIDCPNIFTY24AUG12600PE,29.5,7386.0,TARGET_LTP_30
