Date,Time,Event,Ticker,Price,PnL_INR,Info
2025-04-08,14:00:00,SELL_ENTRY,MIDCPNIFTY25APR11000PE,294.8,0.0,Signal PE | Short
2025-04-08,14:05:00,HOLD,MIDCPNIFTY25APR11000PE,289.05,690.0,Monitoring
2025-04-08,14:10:00,HOLD,MIDCPNIFTY25APR11000PE,280.0,1776.0,Monitoring
2025-04-08,14:15:00,HOLD,MIDCPNIFTY25APR11000PE,271.95,2742.0,Monitoring
2025-04-08,14:20:00,HOLD,MIDCPNIFTY25APR11000PE,267.9,3228.0,Monitoring
2025-04-08,14:25:00,HOLD,MIDCPNIFTY25APR11000PE,252.75,5046.0,Monitoring
2025-04-08,14:30:00,HOLD,MIDCPNIFTY25APR11000PE,256.65,4578.0,Monitoring
2025-04-08,14:35:00,HOLD,MIDCPNIFTY25APR11000PE,261.65,3978.0,Monitoring
2025-04-08,14:40:00,HOLD,MIDCPNIFTY25APR11000PE,262.1,3924.0,Monitoring
2025-04-08,14:45:00,HOLD,MIDCPNIFTY25APR11000PE,268.1,3204.0,Monitoring
2025-04-08,14:50:00,HOLD,MIDCPNIFTY25APR11000PE,266.15,3438.0,Monitoring
2025-04-08,14:55:00,HOLD,MIDCPNIFTY25APR11000PE,268.3,3180.0,Monitoring
2025-04-08,15:00:00,HOLD,MIDCPNIFTY25APR11000PE,274.0,2496.0,Monitoring
2025-04-08,15:05:00,HOLD,MIDCPNIFTY25APR11000PE,271.55,2790.0,Monitoring
2025-04-08,15:10:00,HOLD,MIDCPNIFTY25APR11000PE,272.65,2658.0,Monitoring
2025-04-08,15:15:00,HOLD,MIDCPNIFTY25APR11000PE,268.55,3150.0,Monitoring
2025-04-08,15:20:00,HOLD,MIDCPNIFTY25APR11000PE,269.15,3078.0,Monitoring
2025-04-08,15:25:00,HOLD,MIDCPNIFTY25APR11000PE,260.0,4176.0,Monitoring
2025-04-09,09:15:00,HOLD,MIDCPNIFTY25APR11000PE,318.0,-2784.0,Monitoring
2025-04-09,09:20:00,HOLD,MIDCPNIFTY25APR11000PE,339.15,-5322.0,Monitoring
2025-04-09,09:25:00,HOLD,MIDCPNIFTY25APR11000PE,345.3,-6060.0,Monitoring
2025-04-09,09:30:00,HOLD,MIDCPNIFTY25APR11000PE,335.75,-4914.0,Monitoring
2025-04-09,09:35:00,HOLD,MIDCPNIFTY25APR11000PE,346.7,-6228.0,Monitoring
2025-04-09,09:40:00,HOLD,MIDCPNIFTY25APR11000PE,330.65,-4302.0,Monitoring
2025-04-09,09:45:00,HOLD,MIDCPNIFTY25APR11000PE,352.0,-6864.0,Monitoring
2025-04-09,09:50:00,HOLD,MIDCPNIFTY25APR11000PE,358.05,-7590.0,Monitoring
2025-04-09,09:55:00,HOLD,MIDCPNIFTY25APR11000PE,361.2,-7968.0,Monitoring
2025-04-09,09:55:00,BUY_EXIT,MIDCPNIFTY25APR11000PE,361.2,-7968.0,EMA_REVERSAL_SL
