Date,Time,Event,Ticker,Price,PnL_INR,Info
2025-04-09,14:00:00,SELL_ENTRY,MIDCPNIFTY25APR11000PE,279.95,0.0,Signal PE | Short
2025-04-09,14:05:00,HOLD,MIDCPNIFTY25APR11000PE,272.0,954.0,Monitoring
2025-04-09,14:10:00,HOLD,MIDCPNIFTY25APR11000PE,277.65,276.0,Monitoring
2025-04-09,14:15:00,HOLD,MIDCPNIFTY25APR11000PE,276.0,474.0,Monitoring
2025-04-09,14:20:00,HOLD,MIDCPNIFTY25APR11000PE,269.25,1284.0,Monitoring
2025-04-09,14:25:00,HOLD,MIDCPNIFTY25APR11000PE,272.0,954.0,Monitoring
2025-04-09,14:30:00,HOLD,MIDCPNIFTY25APR11000PE,274.05,708.0,Monitoring
2025-04-09,14:35:00,HOLD,MIDCPNIFTY25APR11000PE,268.05,1428.0,Monitoring
2025-04-09,14:40:00,HOLD,MIDCPNIFTY25APR11000PE,262.0,2154.0,Monitoring
2025-04-09,14:45:00,HOLD,MIDCPNIFTY25APR11000PE,266.0,1674.0,Monitoring
2025-04-09,14:50:00,HOLD,MIDCPNIFTY25APR11000PE,272.15,936.0,Monitoring
2025-04-09,14:55:00,HOLD,MIDCPNIFTY25APR11000PE,273.5,774.0,Monitoring
2025-04-09,15:00:00,HOLD,MIDCPNIFTY25APR11000PE,269.0,1314.0,Monitoring
2025-04-09,15:05:00,HOLD,MIDCPNIFTY25APR11000PE,269.95,1200.0,Monitoring
2025-04-09,15:10:00,HOLD,MIDCPNIFTY25APR11000PE,271.95,960.0,Monitoring
2025-04-09,15:15:00,HOLD,MIDCPNIFTY25APR11000PE,276.6,402.0,Monitoring
2025-04-09,15:20:00,HOLD,MIDCPNIFTY25APR11000PE,283.0,-366.0,Monitoring
2025-04-09,15:25:00,HOLD,MIDCPNIFTY25APR11000PE,283.0,-366.0,Monitoring
2025-04-11,09:15:00,HOLD,MIDCPNIFTY25APR11000PE,198.75,9744.0,Monitoring
2025-04-11,09:20:00,HOLD,MIDCPNIFTY25APR11000PE,177.05,12348.0,Monitoring
2025-04-11,09:25:00,HOLD,MIDCPNIFTY25APR11000PE,188.35,10992.0,Monitoring
2025-04-11,09:30:00,HOLD,MIDCPNIFTY25APR11000PE,173.65,12756.0,Monitoring
2025-04-11,09:35:00,HOLD,MIDCPNIFTY25APR11000PE,168.25,13404.0,Monitoring
2025-04-11,09:40:00,HOLD,MIDCPNIFTY25APR11000PE,169.45,13260.0,Monitoring
2025-04-11,09:45:00,HOLD,MIDCPNIFTY25APR11000PE,167.0,13554.0,Monitoring
2025-04-11,09:50:00,HOLD,MIDCPNIFTY25APR11000PE,173.45,12780.0,Monitoring
2025-04-11,09:55:00,HOLD,MIDCPNIFTY25APR11000PE,192.0,10554.0,Monitoring
2025-04-11,10:00:00,HOLD,MIDCPNIFTY25APR11000PE,176.7,12390.0,Monitoring
2025-04-11,10:05:00,HOLD,MIDCPNIFTY25APR11000PE,185.7,11310.0,Monitoring
2025-04-11,10:10:00,HOLD,MIDCPNIFTY25APR11000PE,191.55,10608.0,Monitoring
2025-04-11,10:15:00,HOLD,MIDCPNIFTY25APR11000PE,189.35,10872.0,Monitoring
2025-04-11,10:20:00,HOLD,MIDCPNIFTY25APR11000PE,193.75,10344.0,Monitoring
2025-04-11,10:25:00,HOLD,MIDCPNIFTY25APR11000PE,192.0,10554.0,Monitoring
2025-04-11,10:30:00,HOLD,MIDCPNIFTY25APR11000PE,186.3,11238.0,Monitoring
2025-04-11,10:35:00,HOLD,MIDCPNIFTY25APR11000PE,197.65,9876.0,Monitoring
2025-04-11,10:40:00,HOLD,MIDCPNIFTY25APR11000PE,190.15,10776.0,Monitoring
2025-04-11,10:45:00,HOLD,MIDCPNIFTY25APR11000PE,183.0,11634.0,Monitoring
2025-04-11,10:50:00,HOLD,MIDCPNIFTY25APR11000PE,183.15,11616.0,Monitoring
2025-04-11,10:55:00,HOLD,MIDCPNIFTY25APR11000PE,173.9,12726.0,Monitoring
2025-04-11,11:00:00,HOLD,MIDCPNIFTY25APR11000PE,170.0,13194.0,Monitoring
2025-04-11,11:05:00,HOLD,MIDCPNIFTY25APR11000PE,169.15,13296.0,Monitoring
2025-04-11,11:10:00,HOLD,MIDCPNIFTY25APR11000PE,168.15,13416.0,Monitoring
2025-04-11,11:15:00,HOLD,MIDCPNIFTY25APR11000PE,173.45,12780.0,Monitoring
2025-04-11,11:20:00,HOLD,MIDCPNIFTY25APR11000PE,164.95,13800.0,Monitoring
2025-04-11,11:25:00,HOLD,MIDCPNIFTY25APR11000PE,164.6,13842.0,Monitoring
2025-04-11,11:30:00,HOLD,MIDCPNIFTY25APR11000PE,157.6,14682.0,Monitoring
2025-04-11,11:35:00,HOLD,MIDCPNIFTY25APR11000PE,142.0,16554.0,Monitoring
2025-04-11,11:40:00,HOLD,MIDCPNIFTY25APR11000PE,144.1,16302.0,Monitoring
2025-04-11,11:45:00,HOLD,MIDCPNIFTY25APR11000PE,137.4,17106.0,Monitoring
2025-04-11,11:50:00,HOLD,MIDCPNIFTY25APR11000PE,143.1,16422.0,Monitoring
2025-04-11,11:55:00,HOLD,MIDCPNIFTY25APR11000PE,141.5,16614.0,Monitoring
2025-04-11,12:00:00,HOLD,MIDCPNIFTY25APR11000PE,142.8,16458.0,Monitoring
2025-04-11,12:05:00,HOLD,MIDCPNIFTY25APR11000PE,148.8,15738.0,Monitoring
2025-04-11,12:10:00,HOLD,MIDCPNIFTY25APR11000PE,138.0,17034.0,Monitoring
2025-04-11,12:15:00,HOLD,MIDCPNIFTY25APR11000PE,141.05,16668.0,Monitoring
2025-04-11,12:20:00,HOLD,MIDCPNIFTY25APR11000PE,139.9,16806.0,Monitoring
2025-04-11,12:25:00,HOLD,MIDCPNIFTY25APR11000PE,140.9,16686.0,Monitoring
2025-04-11,12:30:00,HOLD,MIDCPNIFTY25APR11000PE,144.0,16314.0,Monitoring
2025-04-11,12:35:00,HOLD,MIDCPNIFTY25APR11000PE,147.35,15912.0,Monitoring
2025-04-11,12:40:00,HOLD,MIDCPNIFTY25APR11000PE,140.1,16782.0,Monitoring
2025-04-11,12:45:00,HOLD,MIDCPNIFTY25APR11000PE,138.4,16986.0,Monitoring
2025-04-11,12:50:00,HOLD,MIDCPNIFTY25APR11000PE,140.65,16716.0,Monitoring
2025-04-11,12:55:00,HOLD,MIDCPNIFTY25APR11000PE,142.5,16494.0,Monitoring
2025-04-11,13:00:00,HOLD,MIDCPNIFTY25APR11000PE,139.0,16914.0,Monitoring
2025-04-11,13:05:00,HOLD,MIDCPNIFTY25APR11000PE,139.2,16890.0,Monitoring
2025-04-11,13:10:00,HOLD,MIDCPNIFTY25APR11000PE,141.25,16644.0,Monitoring
2025-04-11,13:15:00,HOLD,MIDCPNIFTY25APR11000PE,144.2,16290.0,Monitoring
2025-04-11,13:20:00,HOLD,MIDCPNIFTY25APR11000PE,143.65,16356.0,Monitoring
2025-04-11,13:25:00,HOLD,MIDCPNIFTY25APR11000PE,145.3,16158.0,Monitoring
2025-04-11,13:30:00,HOLD,MIDCPNIFTY25APR11000PE,155.0,14994.0,Monitoring
2025-04-11,13:35:00,HOLD,MIDCPNIFTY25APR11000PE,148.3,15798.0,Monitoring
2025-04-11,13:40:00,HOLD,MIDCPNIFTY25APR11000PE,151.0,15474.0,Monitoring
2025-04-11,13:45:00,HOLD,MIDCPNIFTY25APR11000PE,155.75,14904.0,Monitoring
2025-04-11,13:50:00,HOLD,MIDCPNIFTY25APR11000PE,161.7,14190.0,Monitoring
2025-04-11,13:55:00,HOLD,MIDCPNIFTY25APR11000PE,158.45,14580.0,Monitoring
2025-04-11,14:00:00,HOLD,MIDCPNIFTY25APR11000PE,169.55,13248.0,Monitoring
2025-04-11,14:05:00,HOLD,MIDCPNIFTY25APR11000PE,170.0,13194.0,Monitoring
2025-04-11,14:10:00,HOLD,MIDCPNIFTY25APR11000PE,171.05,13068.0,Monitoring
2025-04-11,14:15:00,HOLD,MIDCPNIFTY25APR11000PE,172.2,12930.0,Monitoring
2025-04-11,14:20:00,HOLD,MIDCPNIFTY25APR11000PE,172.95,12840.0,Monitoring
2025-04-11,14:25:00,HOLD,MIDCPNIFTY25APR11000PE,174.55,12648.0,Monitoring
2025-04-11,14:30:00,HOLD,MIDCPNIFTY25APR11000PE,168.85,13332.0,Monitoring
2025-04-11,14:35:00,HOLD,MIDCPNIFTY25APR11000PE,171.75,12984.0,Monitoring
2025-04-11,14:40:00,HOLD,MIDCPNIFTY25APR11000PE,163.85,13932.0,Monitoring
2025-04-11,14:45:00,HOLD,MIDCPNIFTY25APR11000PE,158.8,14538.0,Monitoring
2025-04-11,14:50:00,HOLD,MIDCPNIFTY25APR11000PE,159.0,14514.0,Monitoring
2025-04-11,14:55:00,HOLD,MIDCPNIFTY25APR11000PE,159.35,14472.0,Monitoring
2025-04-11,15:00:00,HOLD,MIDCPNIFTY25APR11000PE,159.45,14460.0,Monitoring
2025-04-11,15:05:00,HOLD,MIDCPNIFTY25APR11000PE,158.2,14610.0,Monitoring
2025-04-11,15:10:00,HOLD,MIDCPNIFTY25APR11000PE,157.8,14658.0,Monitoring
2025-04-11,15:15:00,HOLD,MIDCPNIFTY25APR11000PE,161.55,14208.0,Monitoring
2025-04-11,15:20:00,HOLD,MIDCPNIFTY25APR11000PE,159.4,14466.0,Monitoring
2025-04-11,15:25:00,HOLD,MIDCPNIFTY25APR11000PE,158.4,14586.0,Monitoring
2025-04-15,09:15:00,HOLD,MIDCPNIFTY25APR11000PE,85.25,23364.0,Monitoring
2025-04-15,09:20:00,HOLD,MIDCPNIFTY25APR11000PE,72.25,24924.0,Monitoring
2025-04-15,09:25:00,HOLD,MIDCPNIFTY25APR11000PE,74.75,24624.0,Monitoring
2025-04-15,09:30:00,HOLD,MIDCPNIFTY25APR11000PE,67.65,25476.0,Monitoring
2025-04-15,09:35:00,HOLD,MIDCPNIFTY25APR11000PE,57.2,26730.0,Monitoring
2025-04-15,09:40:00,HOLD,MIDCPNIFTY25APR11000PE,59.15,26496.0,Monitoring
2025-04-15,09:45:00,HOLD,MIDCPNIFTY25APR11000PE,58.0,26634.0,Monitoring
2025-04-15,09:50:00,HOLD,MIDCPNIFTY25APR11000PE,56.0,26874.0,Monitoring
2025-04-15,09:55:00,HOLD,MIDCPNIFTY25APR11000PE,58.2,26610.0,Monitoring
2025-04-15,10:00:00,HOLD,MIDCPNIFTY25APR11000PE,59.0,26514.0,Monitoring
2025-04-15,10:05:00,HOLD,MIDCPNIFTY25APR11000PE,58.0,26634.0,Monitoring
2025-04-15,10:10:00,HOLD,MIDCPNIFTY25APR11000PE,58.25,26604.0,Monitoring
2025-04-15,10:15:00,HOLD,MIDCPNIFTY25APR11000PE,58.7,26550.0,Monitoring
2025-04-15,10:20:00,HOLD,MIDCPNIFTY25APR11000PE,62.0,26154.0,Monitoring
2025-04-15,10:25:00,HOLD,MIDCPNIFTY25APR11000PE,58.6,26562.0,Monitoring
2025-04-15,10:30:00,HOLD,MIDCPNIFTY25APR11000PE,57.9,26646.0,Monitoring
2025-04-15,10:35:00,HOLD,MIDCPNIFTY25APR11000PE,60.0,26394.0,Monitoring
2025-04-15,10:40:00,HOLD,MIDCPNIFTY25APR11000PE,58.8,26538.0,Monitoring
2025-04-15,10:45:00,HOLD,MIDCPNIFTY25APR11000PE,58.9,26526.0,Monitoring
2025-04-15,10:50:00,HOLD,MIDCPNIFTY25APR11000PE,58.9,26526.0,Monitoring
2025-04-15,10:55:00,HOLD,MIDCPNIFTY25APR11000PE,57.45,26700.0,Monitoring
2025-04-15,11:00:00,HOLD,MIDCPNIFTY25APR11000PE,56.6,26802.0,Monitoring
2025-04-15,11:05:00,HOLD,MIDCPNIFTY25APR11000PE,58.55,26568.0,Monitoring
2025-04-15,11:10:00,HOLD,MIDCPNIFTY25APR11000PE,60.0,26394.0,Monitoring
2025-04-15,11:15:00,HOLD,MIDCPNIFTY25APR11000PE,57.9,26646.0,Monitoring
2025-04-15,11:20:00,HOLD,MIDCPNIFTY25APR11000PE,57.8,26658.0,Monitoring
2025-04-15,11:25:00,HOLD,MIDCPNIFTY25APR11000PE,56.75,26784.0,Monitoring
2025-04-15,11:30:00,HOLD,MIDCPNIFTY25APR11000PE,57.4,26706.0,Monitoring
2025-04-15,11:35:00,HOLD,MIDCPNIFTY25APR11000PE,56.95,26760.0,Monitoring
2025-04-15,11:40:00,HOLD,MIDCPNIFTY25APR11000PE,58.7,26550.0,Monitoring
2025-04-15,11:45:00,HOLD,MIDCPNIFTY25APR11000PE,58.2,26610.0,Monitoring
2025-04-15,11:50:00,HOLD,MIDCPNIFTY25APR11000PE,56.5,26814.0,Monitoring
2025-04-15,11:55:00,HOLD,MIDCPNIFTY25APR11000PE,57.4,26706.0,Monitoring
2025-04-15,12:00:00,HOLD,MIDCPNIFTY25APR11000PE,56.7,26790.0,Monitoring
2025-04-15,12:05:00,HOLD,MIDCPNIFTY25APR11000PE,56.4,26826.0,Monitoring
2025-04-15,12:10:00,HOLD,MIDCPNIFTY25APR11000PE,55.55,26928.0,Monitoring
2025-04-15,12:15:00,HOLD,MIDCPNIFTY25APR11000PE,53.8,27138.0,Monitoring
2025-04-15,12:20:00,HOLD,MIDCPNIFTY25APR11000PE,55.0,26994.0,Monitoring
2025-04-15,12:25:00,HOLD,MIDCPNIFTY25APR11000PE,54.3,27078.0,Monitoring
2025-04-15,12:30:00,HOLD,MIDCPNIFTY25APR11000PE,52.75,27264.0,Monitoring
2025-04-15,12:35:00,HOLD,MIDCPNIFTY25APR11000PE,52.9,27246.0,Monitoring
2025-04-15,12:40:00,HOLD,MIDCPNIFTY25APR11000PE,54.05,27108.0,Monitoring
2025-04-15,12:45:00,HOLD,MIDCPNIFTY25APR11000PE,51.95,27360.0,Monitoring
2025-04-15,12:50:00,HOLD,MIDCPNIFTY25APR11000PE,53.7,27150.0,Monitoring
2025-04-15,12:55:00,HOLD,MIDCPNIFTY25APR11000PE,53.55,27168.0,Monitoring
2025-04-15,13:00:00,HOLD,MIDCPNIFTY25APR11000PE,53.4,27186.0,Monitoring
2025-04-15,13:05:00,HOLD,MIDCPNIFTY25APR11000PE,52.6,27282.0,Monitoring
2025-04-15,13:10:00,HOLD,MIDCPNIFTY25APR11000PE,51.75,27384.0,Monitoring
2025-04-15,13:15:00,HOLD,MIDCPNIFTY25APR11000PE,51.75,27384.0,Monitoring
2025-04-15,13:20:00,HOLD,MIDCPNIFTY25APR11000PE,51.3,27438.0,Monitoring
2025-04-15,13:25:00,HOLD,MIDCPNIFTY25APR11000PE,48.4,27786.0,Monitoring
2025-04-15,13:30:00,HOLD,MIDCPNIFTY25APR11000PE,49.55,27648.0,Monitoring
2025-04-15,13:35:00,HOLD,MIDCPNIFTY25APR11000PE,49.65,27636.0,Monitoring
2025-04-15,13:40:00,HOLD,MIDCPNIFTY25APR11000PE,48.05,27828.0,Monitoring
2025-04-15,13:45:00,HOLD,MIDCPNIFTY25APR11000PE,46.8,27978.0,Monitoring
2025-04-15,13:50:00,HOLD,MIDCPNIFTY25APR11000PE,45.45,28140.0,Monitoring
2025-04-15,13:55:00,HOLD,MIDCPNIFTY25APR11000PE,46.55,28008.0,Monitoring
2025-04-15,14:00:00,HOLD,MIDCPNIFTY25APR11000PE,46.65,27996.0,Monitoring
2025-04-15,14:05:00,HOLD,MIDCPNIFTY25APR11000PE,45.6,28122.0,Monitoring
2025-04-15,14:10:00,HOLD,MIDCPNIFTY25APR11000PE,44.35,28272.0,Monitoring
2025-04-15,14:15:00,HOLD,MIDCPNIFTY25APR11000PE,45.2,28170.0,Monitoring
2025-04-15,14:20:00,HOLD,MIDCPNIFTY25APR11000PE,43.6,28362.0,Monitoring
2025-04-15,14:25:00,HOLD,MIDCPNIFTY25APR11000PE,43.55,28368.0,Monitoring
2025-04-15,14:30:00,HOLD,MIDCPNIFTY25APR11000PE,43.85,28332.0,Monitoring
2025-04-15,14:35:00,HOLD,MIDCPNIFTY25APR11000PE,43.6,28362.0,Monitoring
2025-04-15,14:40:00,HOLD,MIDCPNIFTY25APR11000PE,42.95,28440.0,Monitoring
2025-04-15,14:45:00,HOLD,MIDCPNIFTY25APR11000PE,40.5,28734.0,Monitoring
2025-04-15,14:50:00,HOLD,MIDCPNIFTY25APR11000PE,39.75,28824.0,Monitoring
2025-04-15,14:55:00,HOLD,MIDCPNIFTY25APR11000PE,40.15,28776.0,Monitoring
2025-04-15,15:00:00,HOLD,MIDCPNIFTY25APR11000PE,39.3,28878.0,Monitoring
2025-04-15,15:05:00,HOLD,MIDCPNIFTY25APR11000PE,39.05,28908.0,Monitoring
2025-04-15,15:10:00,HOLD,MIDCPNIFTY25APR11000PE,38.25,29004.0,Monitoring
2025-04-15,15:15:00,HOLD,MIDCPNIFTY25APR11000PE,38.65,28956.0,Monitoring
2025-04-15,15:20:00,HOLD,MIDCPNIFTY25APR11000PE,38.65,28956.0,Monitoring
2025-04-15,15:25:00,HOLD,MIDCPNIFTY25APR11000PE,39.0,28914.0,Monitoring
2025-04-16,09:15:00,HOLD,MIDCPNIFTY25APR11000PE,39.05,28908.0,Monitoring
2025-04-16,09:20:00,HOLD,MIDCPNIFTY25APR11000PE,33.15,29616.0,Monitoring
2025-04-16,09:25:00,HOLD,MIDCPNIFTY25APR11000PE,28.5,30174.0,Monitoring
2025-04-16,09:25:00,BUY_EXIT,MIDCPNIFTY25APR11000PE,28.5,30174.0,TARGET_LTP_30
