Date,Time,Event,Ticker,Price,PnL_INR,Info
2024-09-18,14:00:00,SELL_ENTRY,MIDCPNIFTY24SEP13300CE,107.5,0.0,Signal CE | Short
2024-09-18,14:05:00,HOLD,MIDCPNIFTY24SEP13300CE,94.0,1620.0,Monitoring
2024-09-18,14:10:00,HOLD,MIDCPNIFTY24SEP13300CE,100.6,828.0,Monitoring
2024-09-18,14:15:00,HOLD,MIDCPNIFTY24SEP13300CE,102.05,654.0,Monitoring
2024-09-18,14:20:00,HOLD,MIDCPNIFTY24SEP13300CE,103.1,528.0,Monitoring
2024-09-18,14:25:00,HOLD,MIDCPNIFTY24SEP13300CE,100.0,900.0,Monitoring
2024-09-18,14:30:00,HOLD,MIDCPNIFTY24SEP13300CE,100.95,786.0,Monitoring
2024-09-18,14:35:00,HOLD,MIDCPNIFTY24SEP13300CE,96.2,1356.0,Monitoring
2024-09-18,14:40:00,HOLD,MIDCPNIFTY24SEP13300CE,98.8,1044.0,Monitoring
2024-09-18,14:45:00,HOLD,MIDCPNIFTY24SEP13300CE,101.85,678.0,Monitoring
2024-09-18,14:50:00,HOLD,MIDCPNIFTY24SEP13300CE,104.95,306.0,Monitoring
2024-09-18,14:55:00,HOLD,MIDCPNIFTY24SEP13300CE,105.0,300.0,Monitoring
2024-09-18,15:00:00,HOLD,MIDCPNIFTY24SEP13300CE,115.7,-984.0,Monitoring
2024-09-18,15:05:00,HOLD,MIDCPNIFTY24SEP13300CE,115.75,-990.0,Monitoring
2024-09-18,15:10:00,HOLD,MIDCPNIFTY24SEP13300CE,114.0,-780.0,Monitoring
2024-09-18,15:15:00,HOLD,MIDCPNIFTY24SEP13300CE,107.55,-6.0,Monitoring
2024-09-18,15:20:00,HOLD,MIDCPNIFTY24SEP13300CE,110.45,-354.0,Monitoring
2024-09-18,15:25:00,HOLD,MIDCPNIFTY24SEP13300CE,112.55,-606.0,Monitoring
2024-09-19,09:15:00,HOLD,MIDCPNIFTY24SEP13300CE,138.0,-3660.0,Monitoring
2024-09-19,09:20:00,HOLD,MIDCPNIFTY24SEP13300CE,139.2,-3804.0,Monitoring
2024-09-19,09:25:00,HOLD,MIDCPNIFTY24SEP13300CE,141.1,-4032.0,Monitoring
2024-09-19,09:30:00,HOLD,MIDCPNIFTY24SEP13300CE,138.3,-3696.0,Monitoring
2024-09-19,09:35:00,HOLD,MIDCPNIFTY24SEP13300CE,129.6,-2652.0,Monitoring
2024-09-19,09:40:00,HOLD,MIDCPNIFTY24SEP13300CE,132.3,-2976.0,Monitoring
2024-09-19,09:45:00,HOLD,MIDCPNIFTY24SEP13300CE,122.3,-1776.0,Monitoring
2024-09-19,09:50:00,HOLD,MIDCPNIFTY24SEP13300CE,102.35,618.0,Monitoring
2024-09-19,09:55:00,HOLD,MIDCPNIFTY24SEP13300CE,103.0,540.0,Monitoring
2024-09-19,10:00:00,HOLD,MIDCPNIFTY24SEP13300CE,100.0,900.0,Monitoring
2024-09-19,10:05:00,HOLD,MIDCPNIFTY24SEP13300CE,97.2,1236.0,Monitoring
2024-09-19,10:10:00,HOLD,MIDCPNIFTY24SEP13300CE,87.6,2388.0,Monitoring
2024-09-19,10:15:00,HOLD,MIDCPNIFTY24SEP13300CE,89.3,2184.0,Monitoring
2024-09-19,10:20:00,HOLD,MIDCPNIFTY24SEP13300CE,89.35,2178.0,Monitoring
2024-09-19,10:25:00,HOLD,MIDCPNIFTY24SEP13300CE,88.95,2226.0,Monitoring
2024-09-19,10:30:00,HOLD,MIDCPNIFTY24SEP13300CE,92.05,1854.0,Monitoring
2024-09-19,10:35:00,HOLD,MIDCPNIFTY24SEP13300CE,87.85,2358.0,Monitoring
2024-09-19,10:40:00,HOLD,MIDCPNIFTY24SEP13300CE,84.9,2712.0,Monitoring
2024-09-19,10:45:00,HOLD,MIDCPNIFTY24SEP13300CE,82.8,2964.0,Monitoring
2024-09-19,10:50:00,HOLD,MIDCPNIFTY24SEP13300CE,88.2,2316.0,Monitoring
2024-09-19,10:55:00,HOLD,MIDCPNIFTY24SEP13300CE,82.85,2958.0,Monitoring
2024-09-19,11:00:00,HOLD,MIDCPNIFTY24SEP13300CE,82.25,3030.0,Monitoring
2024-09-19,11:05:00,HOLD,MIDCPNIFTY24SEP13300CE,80.2,3276.0,Monitoring
2024-09-19,11:10:00,HOLD,MIDCPNIFTY24SEP13300CE,82.0,3060.0,Monitoring
2024-09-19,11:15:00,HOLD,MIDCPNIFTY24SEP13300CE,75.6,3828.0,Monitoring
2024-09-19,11:20:00,HOLD,MIDCPNIFTY24SEP13300CE,73.2,4116.0,Monitoring
2024-09-19,11:25:00,HOLD,MIDCPNIFTY24SEP13300CE,69.7,4536.0,Monitoring
2024-09-19,11:30:00,HOLD,MIDCPNIFTY24SEP13300CE,70.0,4500.0,Monitoring
2024-09-19,11:35:00,HOLD,MIDCPNIFTY24SEP13300CE,70.8,4404.0,Monitoring
2024-09-19,11:40:00,HOLD,MIDCPNIFTY24SEP13300CE,69.75,4530.0,Monitoring
2024-09-19,11:45:00,HOLD,MIDCPNIFTY24SEP13300CE,67.85,4758.0,Monitoring
2024-09-19,11:50:00,HOLD,MIDCPNIFTY24SEP13300CE,70.7,4416.0,Monitoring
2024-09-19,11:55:00,HOLD,MIDCPNIFTY24SEP13300CE,64.65,5142.0,Monitoring
2024-09-19,12:00:00,HOLD,MIDCPNIFTY24SEP13300CE,65.7,5016.0,Monitoring
2024-09-19,12:05:00,HOLD,MIDCPNIFTY24SEP13300CE,66.0,4980.0,Monitoring
2024-09-19,12:10:00,HOLD,MIDCPNIFTY24SEP13300CE,66.0,4980.0,Monitoring
2024-09-19,12:15:00,HOLD,MIDCPNIFTY24SEP13300CE,63.0,5340.0,Monitoring
2024-09-19,12:20:00,HOLD,MIDCPNIFTY24SEP13300CE,66.15,4962.0,Monitoring
2024-09-19,12:25:00,HOLD,MIDCPNIFTY24SEP13300CE,65.5,5040.0,Monitoring
2024-09-19,12:30:00,HOLD,MIDCPNIFTY24SEP13300CE,66.5,4920.0,Monitoring
2024-09-19,12:35:00,HOLD,MIDCPNIFTY24SEP13300CE,72.3,4224.0,Monitoring
2024-09-19,12:40:00,HOLD,MIDCPNIFTY24SEP13300CE,72.0,4260.0,Monitoring
2024-09-19,12:45:00,HOLD,MIDCPNIFTY24SEP13300CE,72.0,4260.0,Monitoring
2024-09-19,12:50:00,HOLD,MIDCPNIFTY24SEP13300CE,64.75,5130.0,Monitoring
2024-09-19,12:55:00,HOLD,MIDCPNIFTY24SEP13300CE,61.7,5496.0,Monitoring
2024-09-19,13:00:00,HOLD,MIDCPNIFTY24SEP13300CE,60.6,5628.0,Monitoring
2024-09-19,13:05:00,HOLD,MIDCPNIFTY24SEP13300CE,60.45,5646.0,Monitoring
2024-09-19,13:10:00,HOLD,MIDCPNIFTY24SEP13300CE,60.2,5676.0,Monitoring
2024-09-19,13:15:00,HOLD,MIDCPNIFTY24SEP13300CE,62.9,5352.0,Monitoring
2024-09-19,13:20:00,HOLD,MIDCPNIFTY24SEP13300CE,68.65,4662.0,Monitoring
2024-09-19,13:25:00,HOLD,MIDCPNIFTY24SEP13300CE,63.95,5226.0,Monitoring
2024-09-19,13:30:00,HOLD,MIDCPNIFTY24SEP13300CE,67.2,4836.0,Monitoring
2024-09-19,13:35:00,HOLD,MIDCPNIFTY24SEP13300CE,64.25,5190.0,Monitoring
2024-09-19,13:40:00,HOLD,MIDCPNIFTY24SEP13300CE,64.8,5124.0,Monitoring
2024-09-19,13:45:00,HOLD,MIDCPNIFTY24SEP13300CE,62.05,5454.0,Monitoring
2024-09-19,13:50:00,HOLD,MIDCPNIFTY24SEP13300CE,65.0,5100.0,Monitoring
2024-09-19,13:55:00,HOLD,MIDCPNIFTY24SEP13300CE,64.15,5202.0,Monitoring
2024-09-19,14:00:00,HOLD,MIDCPNIFTY24SEP13300CE,60.0,5700.0,Monitoring
2024-09-19,14:05:00,HOLD,MIDCPNIFTY24SEP13300CE,63.05,5334.0,Monitoring
2024-09-19,14:10:00,HOLD,MIDCPNIFTY24SEP13300CE,60.55,5634.0,Monitoring
2024-09-19,14:15:00,HOLD,MIDCPNIFTY24SEP13300CE,61.0,5580.0,Monitoring
2024-09-19,14:20:00,HOLD,MIDCPNIFTY24SEP13300CE,62.0,5460.0,Monitoring
2024-09-19,14:25:00,HOLD,MIDCPNIFTY24SEP13300CE,63.05,5334.0,Monitoring
2024-09-19,14:30:00,HOLD,MIDCPNIFTY24SEP13300CE,63.8,5244.0,Monitoring
2024-09-19,14:35:00,HOLD,MIDCPNIFTY24SEP13300CE,63.0,5340.0,Monitoring
2024-09-19,14:40:00,HOLD,MIDCPNIFTY24SEP13300CE,62.0,5460.0,Monitoring
2024-09-19,14:45:00,HOLD,MIDCPNIFTY24SEP13300CE,64.0,5220.0,Monitoring
2024-09-19,14:50:00,HOLD,MIDCPNIFTY24SEP13300CE,71.65,4302.0,Monitoring
2024-09-19,14:55:00,HOLD,MIDCPNIFTY24SEP13300CE,70.2,4476.0,Monitoring
2024-09-19,15:00:00,HOLD,MIDCPNIFTY24SEP13300CE,78.5,3480.0,Monitoring
2024-09-19,15:05:00,HOLD,MIDCPNIFTY24SEP13300CE,85.0,2700.0,Monitoring
2024-09-19,15:10:00,HOLD,MIDCPNIFTY24SEP13300CE,86.05,2574.0,Monitoring
2024-09-19,15:15:00,HOLD,MIDCPNIFTY24SEP13300CE,84.95,2706.0,Monitoring
2024-09-19,15:20:00,HOLD,MIDCPNIFTY24SEP13300CE,83.25,2910.0,Monitoring
2024-09-19,15:25:00,HOLD,MIDCPNIFTY24SEP13300CE,85.05,2694.0,Monitoring
2024-09-20,09:15:00,HOLD,MIDCPNIFTY24SEP13300CE,87.0,2460.0,Monitoring
2024-09-20,09:20:00,HOLD,MIDCPNIFTY24SEP13300CE,74.65,3942.0,Monitoring
2024-09-20,09:25:00,HOLD,MIDCPNIFTY24SEP13300CE,70.0,4500.0,Monitoring
2024-09-20,09:30:00,HOLD,MIDCPNIFTY24SEP13300CE,72.0,4260.0,Monitoring
2024-09-20,09:35:00,HOLD,MIDCPNIFTY24SEP13300CE,69.25,4590.0,Monitoring
2024-09-20,09:40:00,HOLD,MIDCPNIFTY24SEP13300CE,73.0,4140.0,Monitoring
2024-09-20,09:45:00,HOLD,MIDCPNIFTY24SEP13300CE,71.65,4302.0,Monitoring
2024-09-20,09:50:00,HOLD,MIDCPNIFTY24SEP13300CE,70.55,4434.0,Monitoring
2024-09-20,09:55:00,HOLD,MIDCPNIFTY24SEP13300CE,81.55,3114.0,Monitoring
2024-09-20,10:00:00,HOLD,MIDCPNIFTY24SEP13300CE,79.2,3396.0,Monitoring
2024-09-20,10:05:00,HOLD,MIDCPNIFTY24SEP13300CE,75.7,3816.0,Monitoring
2024-09-20,10:10:00,HOLD,MIDCPNIFTY24SEP13300CE,75.45,3846.0,Monitoring
2024-09-20,10:15:00,HOLD,MIDCPNIFTY24SEP13300CE,66.85,4878.0,Monitoring
2024-09-20,10:20:00,HOLD,MIDCPNIFTY24SEP13300CE,69.5,4560.0,Monitoring
2024-09-20,10:25:00,HOLD,MIDCPNIFTY24SEP13300CE,70.55,4434.0,Monitoring
2024-09-20,10:30:00,HOLD,MIDCPNIFTY24SEP13300CE,70.25,4470.0,Monitoring
2024-09-20,10:35:00,HOLD,MIDCPNIFTY24SEP13300CE,73.3,4104.0,Monitoring
2024-09-20,10:40:00,HOLD,MIDCPNIFTY24SEP13300CE,85.3,2664.0,Monitoring
2024-09-20,10:45:00,HOLD,MIDCPNIFTY24SEP13300CE,83.5,2880.0,Monitoring
2024-09-20,10:50:00,HOLD,MIDCPNIFTY24SEP13300CE,78.5,3480.0,Monitoring
2024-09-20,10:55:00,HOLD,MIDCPNIFTY24SEP13300CE,80.25,3270.0,Monitoring
2024-09-20,11:00:00,HOLD,MIDCPNIFTY24SEP13300CE,80.0,3300.0,Monitoring
2024-09-20,11:05:00,HOLD,MIDCPNIFTY24SEP13300CE,84.7,2736.0,Monitoring
2024-09-20,11:10:00,HOLD,MIDCPNIFTY24SEP13300CE,81.05,3174.0,Monitoring
2024-09-20,11:15:00,HOLD,MIDCPNIFTY24SEP13300CE,84.1,2808.0,Monitoring
2024-09-20,11:20:00,HOLD,MIDCPNIFTY24SEP13300CE,82.6,2988.0,Monitoring
2024-09-20,11:25:00,HOLD,MIDCPNIFTY24SEP13300CE,80.45,3246.0,Monitoring
2024-09-20,11:30:00,HOLD,MIDCPNIFTY24SEP13300CE,80.7,3216.0,Monitoring
2024-09-20,11:35:00,HOLD,MIDCPNIFTY24SEP13300CE,78.95,3426.0,Monitoring
2024-09-20,11:40:00,HOLD,MIDCPNIFTY24SEP13300CE,80.6,3228.0,Monitoring
2024-09-20,11:45:00,HOLD,MIDCPNIFTY24SEP13300CE,81.3,3144.0,Monitoring
2024-09-20,11:50:00,HOLD,MIDCPNIFTY24SEP13300CE,79.15,3402.0,Monitoring
2024-09-20,11:55:00,HOLD,MIDCPNIFTY24SEP13300CE,80.05,3294.0,Monitoring
2024-09-20,12:00:00,HOLD,MIDCPNIFTY24SEP13300CE,78.7,3456.0,Monitoring
2024-09-20,12:05:00,HOLD,MIDCPNIFTY24SEP13300CE,81.05,3174.0,Monitoring
2024-09-20,12:10:00,HOLD,MIDCPNIFTY24SEP13300CE,84.8,2724.0,Monitoring
2024-09-20,12:10:00,BUY_EXIT,MIDCPNIFTY24SEP13300CE,84.8,2724.0,EMA_REVERSAL_SL
