Date,Time,Event,Ticker,Price,PnL_INR,Info
2023-12-29,15:00:00,SELL_ENTRY,MIDCPNIFTY24JAN10400CE,180.0,0.0,Signal CE | Short
2023-12-29,15:05:00,HOLD,MIDCPNIFTY24JAN10400CE,180.0,0.0,Monitoring
2023-12-29,15:10:00,HOLD,MIDCPNIFTY24JAN10400CE,180.0,0.0,Monitoring
2023-12-29,15:15:00,HOLD,MIDCPNIFTY24JAN10400CE,180.0,0.0,Monitoring
2023-12-29,15:20:00,HOLD,MIDCPNIFTY24JAN10400CE,180.0,0.0,Monitoring
2023-12-29,15:25:00,HOLD,MIDCPNIFTY24JAN10400CE,180.0,0.0,Monitoring
2024-01-01,09:25:00,HOLD,MIDCPNIFTY24JAN10400CE,180.0,0.0,Monitoring
2024-01-01,09:30:00,HOLD,MIDCPNIFTY24JAN10400CE,180.0,0.0,Monitoring
2024-01-01,09:35:00,HOLD,MIDCPNIFTY24JAN10400CE,180.0,0.0,Monitoring
2024-01-01,09:40:00,HOLD,MIDCPNIFTY24JAN10400CE,180.0,0.0,Monitoring
2024-01-01,09:45:00,HOLD,MIDCPNIFTY24JAN10400CE,180.0,0.0,Monitoring
2024-01-01,09:50:00,HOLD,MIDCPNIFTY24JAN10400CE,180.0,0.0,Monitoring
2024-01-01,09:55:00,HOLD,MIDCPNIFTY24JAN10400CE,180.0,0.0,Monitoring
2024-01-01,10:00:00,HOLD,MIDCPNIFTY24JAN10400CE,180.0,0.0,Monitoring
2024-01-01,10:05:00,HOLD,MIDCPNIFTY24JAN10400CE,180.0,0.0,Monitoring
2024-01-01,10:25:00,HOLD,MIDCPNIFTY24JAN10400CE,180.0,0.0,Monitoring
2024-01-01,10:30:00,HOLD,MIDCPNIFTY24JAN10400CE,180.0,0.0,Monitoring
2024-01-01,10:35:00,HOLD,MIDCPNIFTY24JAN10400CE,180.0,0.0,Monitoring
2024-01-01,10:40:00,HOLD,MIDCPNIFTY24JAN10400CE,180.0,0.0,Monitoring
2024-01-01,10:45:00,HOLD,MIDCPNIFTY24JAN10400CE,180.0,0.0,Monitoring
2024-01-01,11:00:00,HOLD,MIDCPNIFTY24JAN10400CE,180.0,0.0,Monitoring
2024-01-01,11:05:00,HOLD,MIDCPNIFTY24JAN10400CE,180.0,0.0,Monitoring
2024-01-01,11:10:00,HOLD,MIDCPNIFTY24JAN10400CE,180.0,0.0,Monitoring
2024-01-01,11:15:00,HOLD,MIDCPNIFTY24JAN10400CE,180.0,0.0,Monitoring
2024-01-01,11:20:00,HOLD,MIDCPNIFTY24JAN10400CE,180.0,0.0,Monitoring
2024-01-01,11:25:00,HOLD,MIDCPNIFTY24JAN10400CE,180.0,0.0,Monitoring
2024-01-01,11:30:00,HOLD,MIDCPNIFTY24JAN10400CE,180.0,0.0,Monitoring
2024-01-01,12:30:00,HOLD,MIDCPNIFTY24JAN10400CE,180.0,0.0,Monitoring
2024-01-01,12:35:00,HOLD,MIDCPNIFTY24JAN10400CE,180.0,0.0,Monitoring
2024-01-01,12:40:00,HOLD,MIDCPNIFTY24JAN10400CE,180.0,0.0,Monitoring
2024-01-01,12:45:00,HOLD,MIDCPNIFTY24JAN10400CE,180.0,0.0,Monitoring
2024-01-02,09:15:00,HOLD,MIDCPNIFTY24JAN10400CE,180.0,0.0,Monitoring
2024-01-02,09:20:00,HOLD,MIDCPNIFTY24JAN10400CE,180.0,0.0,Monitoring
2024-01-02,09:25:00,HOLD,MIDCPNIFTY24JAN10400CE,180.0,0.0,Monitoring
2024-01-02,09:30:00,HOLD,MIDCPNIFTY24JAN10400CE,180.0,0.0,Monitoring
2024-01-02,09:35:00,HOLD,MIDCPNIFTY24JAN10400CE,180.0,0.0,Monitoring
2024-01-02,09:40:00,HOLD,MIDCPNIFTY24JAN10400CE,180.0,0.0,Monitoring
2024-01-02,09:45:00,HOLD,MIDCPNIFTY24JAN10400CE,180.0,0.0,Monitoring
2024-01-02,09:50:00,HOLD,MIDCPNIFTY24JAN10400CE,180.0,0.0,Monitoring
2024-01-02,09:55:00,HOLD,MIDCPNIFTY24JAN10400CE,180.0,0.0,Monitoring
2024-01-02,10:00:00,HOLD,MIDCPNIFTY24JAN10400CE,180.0,0.0,Monitoring
2024-01-02,10:05:00,HOLD,MIDCPNIFTY24JAN10400CE,180.0,0.0,Monitoring
2024-01-02,10:10:00,HOLD,MIDCPNIFTY24JAN10400CE,180.0,0.0,Monitoring
2024-01-02,10:25:00,HOLD,MIDCPNIFTY24JAN10400CE,180.0,0.0,Monitoring
2024-01-02,10:30:00,HOLD,MIDCPNIFTY24JAN10400CE,180.0,0.0,Monitoring
2024-01-02,10:35:00,HOLD,MIDCPNIFTY24JAN10400CE,180.0,0.0,Monitoring
2024-01-02,10:40:00,HOLD,MIDCPNIFTY24JAN10400CE,180.0,0.0,Monitoring
2024-01-03,09:30:00,HOLD,MIDCPNIFTY24JAN10400CE,180.0,0.0,Monitoring
2024-01-03,09:35:00,HOLD,MIDCPNIFTY24JAN10400CE,180.0,0.0,Monitoring
2024-01-03,09:40:00,HOLD,MIDCPNIFTY24JAN10400CE,180.0,0.0,Monitoring
2024-01-03,09:45:00,HOLD,MIDCPNIFTY24JAN10400CE,180.0,0.0,Monitoring
2024-01-03,12:20:00,HOLD,MIDCPNIFTY24JAN10400CE,180.0,0.0,Monitoring
2024-01-03,12:25:00,HOLD,MIDCPNIFTY24JAN10400CE,180.0,0.0,Monitoring
2024-01-03,12:30:00,HOLD,MIDCPNIFTY24JAN10400CE,180.0,0.0,Monitoring
2024-01-03,12:35:00,HOLD,MIDCPNIFTY24JAN10400CE,180.0,0.0,Monitoring
2024-01-03,12:40:00,HOLD,MIDCPNIFTY24JAN10400CE,180.0,0.0,Monitoring
2024-01-03,12:45:00,HOLD,MIDCPNIFTY24JAN10400CE,180.0,0.0,Monitoring
2024-01-03,13:45:00,HOLD,MIDCPNIFTY24JAN10400CE,180.0,0.0,Monitoring
2024-01-03,13:50:00,HOLD,MIDCPNIFTY24JAN10400CE,180.0,0.0,Monitoring
2024-01-03,13:55:00,HOLD,MIDCPNIFTY24JAN10400CE,180.0,0.0,Monitoring
2024-01-03,14:00:00,HOLD,MIDCPNIFTY24JAN10400CE,180.0,0.0,Monitoring
2024-01-03,14:35:00,HOLD,MIDCPNIFTY24JAN10400CE,180.0,0.0,Monitoring
2024-01-03,14:40:00,HOLD,MIDCPNIFTY24JAN10400CE,180.0,0.0,Monitoring
2024-01-03,14:45:00,HOLD,MIDCPNIFTY24JAN10400CE,180.0,0.0,Monitoring
2024-01-03,14:50:00,HOLD,MIDCPNIFTY24JAN10400CE,180.0,0.0,Monitoring
2024-01-04,09:25:00,HOLD,MIDCPNIFTY24JAN10400CE,180.0,0.0,Monitoring
2024-01-04,09:30:00,HOLD,MIDCPNIFTY24JAN10400CE,180.0,0.0,Monitoring
2024-01-04,09:35:00,HOLD,MIDCPNIFTY24JAN10400CE,180.0,0.0,Monitoring
2024-01-04,09:40:00,HOLD,MIDCPNIFTY24JAN10400CE,180.0,0.0,Monitoring
2024-01-04,09:45:00,HOLD,MIDCPNIFTY24JAN10400CE,180.0,0.0,Monitoring
2024-01-04,09:50:00,HOLD,MIDCPNIFTY24JAN10400CE,180.0,0.0,Monitoring
2024-01-04,09:55:00,HOLD,MIDCPNIFTY24JAN10400CE,180.0,0.0,Monitoring
2024-01-04,10:00:00,HOLD,MIDCPNIFTY24JAN10400CE,180.0,0.0,Monitoring
2024-01-04,10:05:00,HOLD,MIDCPNIFTY24JAN10400CE,180.0,0.0,Monitoring
2024-01-04,10:10:00,HOLD,MIDCPNIFTY24JAN10400CE,180.0,0.0,Monitoring
2024-01-04,10:30:00,HOLD,MIDCPNIFTY24JAN10400CE,180.0,0.0,Monitoring
2024-01-04,10:35:00,HOLD,MIDCPNIFTY24JAN10400CE,180.0,0.0,Monitoring
2024-01-04,10:40:00,HOLD,MIDCPNIFTY24JAN10400CE,180.0,0.0,Monitoring
2024-01-04,10:45:00,HOLD,MIDCPNIFTY24JAN10400CE,180.0,0.0,Monitoring
2024-01-04,12:45:00,HOLD,MIDCPNIFTY24JAN10400CE,180.0,0.0,Monitoring
2024-01-04,12:50:00,HOLD,MIDCPNIFTY24JAN10400CE,180.0,0.0,Monitoring
2024-01-04,12:55:00,HOLD,MIDCPNIFTY24JAN10400CE,180.0,0.0,Monitoring
2024-01-04,13:00:00,HOLD,MIDCPNIFTY24JAN10400CE,180.0,0.0,Monitoring
2024-01-04,13:05:00,HOLD,MIDCPNIFTY24JAN10400CE,180.0,0.0,Monitoring
2024-01-04,14:25:00,HOLD,MIDCPNIFTY24JAN10400CE,180.0,0.0,Monitoring
2024-01-04,14:30:00,HOLD,MIDCPNIFTY24JAN10400CE,180.0,0.0,Monitoring
2024-01-04,14:35:00,HOLD,MIDCPNIFTY24JAN10400CE,180.0,0.0,Monitoring
2024-01-04,14:40:00,HOLD,MIDCPNIFTY24JAN10400CE,180.0,0.0,Monitoring
2024-01-04,14:55:00,HOLD,MIDCPNIFTY24JAN10400CE,180.0,0.0,Monitoring
2024-01-04,15:00:00,HOLD,MIDCPNIFTY24JAN10400CE,180.0,0.0,Monitoring
2024-01-04,15:05:00,HOLD,MIDCPNIFTY24JAN10400CE,180.0,0.0,Monitoring
2024-01-04,15:10:00,HOLD,MIDCPNIFTY24JAN10400CE,180.0,0.0,Monitoring
2024-01-04,15:20:00,HOLD,MIDCPNIFTY24JAN10400CE,180.0,0.0,Monitoring
2024-01-04,15:25:00,HOLD,MIDCPNIFTY24JAN10400CE,180.0,0.0,Monitoring
2024-01-05,09:25:00,HOLD,MIDCPNIFTY24JAN10400CE,180.0,0.0,Monitoring
2024-01-05,09:30:00,HOLD,MIDCPNIFTY24JAN10400CE,180.0,0.0,Monitoring
2024-01-05,09:35:00,HOLD,MIDCPNIFTY24JAN10400CE,180.0,0.0,Monitoring
2024-01-05,09:40:00,HOLD,MIDCPNIFTY24JAN10400CE,180.0,0.0,Monitoring
2024-01-05,09:45:00,HOLD,MIDCPNIFTY24JAN10400CE,180.0,0.0,Monitoring
2024-01-05,09:50:00,HOLD,MIDCPNIFTY24JAN10400CE,180.0,0.0,Monitoring
2024-01-05,09:55:00,HOLD,MIDCPNIFTY24JAN10400CE,180.0,0.0,Monitoring
2024-01-05,10:00:00,HOLD,MIDCPNIFTY24JAN10400CE,180.0,0.0,Monitoring
2024-01-05,10:05:00,HOLD,MIDCPNIFTY24JAN10400CE,180.0,0.0,Monitoring
2024-01-05,10:10:00,HOLD,MIDCPNIFTY24JAN10400CE,180.0,0.0,Monitoring
2024-01-05,10:15:00,HOLD,MIDCPNIFTY24JAN10400CE,180.0,0.0,Monitoring
2024-01-05,10:20:00,HOLD,MIDCPNIFTY24JAN10400CE,180.0,0.0,Monitoring
2024-01-05,10:25:00,HOLD,MIDCPNIFTY24JAN10400CE,180.0,0.0,Monitoring
2024-01-05,11:15:00,HOLD,MIDCPNIFTY24JAN10400CE,180.0,0.0,Monitoring
2024-01-05,11:20:00,HOLD,MIDCPNIFTY24JAN10400CE,180.0,0.0,Monitoring
2024-01-05,11:25:00,HOLD,MIDCPNIFTY24JAN10400CE,180.0,0.0,Monitoring
2024-01-05,11:30:00,HOLD,MIDCPNIFTY24JAN10400CE,180.0,0.0,Monitoring
2024-01-05,11:35:00,HOLD,MIDCPNIFTY24JAN10400CE,180.0,0.0,Monitoring
2024-01-05,11:40:00,HOLD,MIDCPNIFTY24JAN10400CE,180.0,0.0,Monitoring
2024-01-05,11:45:00,HOLD,MIDCPNIFTY24JAN10400CE,180.0,0.0,Monitoring
2024-01-05,12:05:00,HOLD,MIDCPNIFTY24JAN10400CE,180.0,0.0,Monitoring
2024-01-05,12:10:00,HOLD,MIDCPNIFTY24JAN10400CE,180.0,0.0,Monitoring
2024-01-05,12:15:00,HOLD,MIDCPNIFTY24JAN10400CE,180.0,0.0,Monitoring
2024-01-05,12:20:00,HOLD,MIDCPNIFTY24JAN10400CE,180.0,0.0,Monitoring
2024-01-05,12:25:00,HOLD,MIDCPNIFTY24JAN10400CE,180.0,0.0,Monitoring
2024-01-05,12:30:00,HOLD,MIDCPNIFTY24JAN10400CE,180.0,0.0,Monitoring
2024-01-05,12:35:00,HOLD,MIDCPNIFTY24JAN10400CE,180.0,0.0,Monitoring
2024-01-05,12:40:00,HOLD,MIDCPNIFTY24JAN10400CE,180.0,0.0,Monitoring
2024-01-05,12:45:00,HOLD,MIDCPNIFTY24JAN10400CE,180.0,0.0,Monitoring
2024-01-05,15:25:00,HOLD,MIDCPNIFTY24JAN10400CE,180.0,0.0,Monitoring
2024-01-08,09:35:00,HOLD,MIDCPNIFTY24JAN10400CE,180.0,0.0,Monitoring
2024-01-08,09:40:00,HOLD,MIDCPNIFTY24JAN10400CE,180.0,0.0,Monitoring
2024-01-08,09:45:00,HOLD,MIDCPNIFTY24JAN10400CE,180.0,0.0,Monitoring
2024-01-08,09:50:00,HOLD,MIDCPNIFTY24JAN10400CE,180.0,0.0,Monitoring
2024-01-08,10:40:00,HOLD,MIDCPNIFTY24JAN10400CE,180.0,0.0,Monitoring
2024-01-08,10:45:00,HOLD,MIDCPNIFTY24JAN10400CE,180.0,0.0,Monitoring
2024-01-08,10:50:00,HOLD,MIDCPNIFTY24JAN10400CE,180.0,0.0,Monitoring
2024-01-08,10:55:00,HOLD,MIDCPNIFTY24JAN10400CE,180.0,0.0,Monitoring
2024-01-08,12:35:00,HOLD,MIDCPNIFTY24JAN10400CE,180.0,0.0,Monitoring
2024-01-08,12:40:00,HOLD,MIDCPNIFTY24JAN10400CE,180.0,0.0,Monitoring
2024-01-08,12:45:00,HOLD,MIDCPNIFTY24JAN10400CE,180.0,0.0,Monitoring
2024-01-08,12:50:00,HOLD,MIDCPNIFTY24JAN10400CE,180.0,0.0,Monitoring
2024-01-08,14:15:00,HOLD,MIDCPNIFTY24JAN10400CE,180.0,0.0,Monitoring
2024-01-08,14:20:00,HOLD,MIDCPNIFTY24JAN10400CE,180.0,0.0,Monitoring
2024-01-08,14:25:00,HOLD,MIDCPNIFTY24JAN10400CE,180.0,0.0,Monitoring
2024-01-08,14:30:00,HOLD,MIDCPNIFTY24JAN10400CE,180.0,0.0,Monitoring
2024-01-08,14:35:00,HOLD,MIDCPNIFTY24JAN10400CE,180.0,0.0,Monitoring
2024-01-08,14:40:00,HOLD,MIDCPNIFTY24JAN10400CE,180.0,0.0,Monitoring
2024-01-08,14:45:00,HOLD,MIDCPNIFTY24JAN10400CE,180.0,0.0,Monitoring
2024-01-08,14:50:00,HOLD,MIDCPNIFTY24JAN10400CE,180.0,0.0,Monitoring
2024-01-08,15:20:00,HOLD,MIDCPNIFTY24JAN10400CE,180.0,0.0,Monitoring
2024-01-08,15:25:00,HOLD,MIDCPNIFTY24JAN10400CE,180.0,0.0,Monitoring
2024-01-09,09:55:00,HOLD,MIDCPNIFTY24JAN10400CE,180.0,0.0,Monitoring
2024-01-09,10:00:00,HOLD,MIDCPNIFTY24JAN10400CE,180.0,0.0,Monitoring
2024-01-09,10:05:00,HOLD,MIDCPNIFTY24JAN10400CE,180.0,0.0,Monitoring
2024-01-09,10:10:00,HOLD,MIDCPNIFTY24JAN10400CE,180.0,0.0,Monitoring
2024-01-09,10:25:00,HOLD,MIDCPNIFTY24JAN10400CE,180.0,0.0,Monitoring
2024-01-09,10:30:00,HOLD,MIDCPNIFTY24JAN10400CE,180.0,0.0,Monitoring
2024-01-09,10:35:00,HOLD,MIDCPNIFTY24JAN10400CE,180.0,0.0,Monitoring
2024-01-09,10:40:00,HOLD,MIDCPNIFTY24JAN10400CE,180.0,0.0,Monitoring
2024-01-09,11:15:00,HOLD,MIDCPNIFTY24JAN10400CE,180.0,0.0,Monitoring
2024-01-09,11:20:00,HOLD,MIDCPNIFTY24JAN10400CE,180.0,0.0,Monitoring
2024-01-09,11:25:00,HOLD,MIDCPNIFTY24JAN10400CE,180.0,0.0,Monitoring
2024-01-09,11:30:00,HOLD,MIDCPNIFTY24JAN10400CE,180.0,0.0,Monitoring
2024-01-09,11:50:00,HOLD,MIDCPNIFTY24JAN10400CE,180.0,0.0,Monitoring
2024-01-09,11:55:00,HOLD,MIDCPNIFTY24JAN10400CE,180.0,0.0,Monitoring
2024-01-09,12:00:00,HOLD,MIDCPNIFTY24JAN10400CE,180.0,0.0,Monitoring
2024-01-09,12:05:00,HOLD,MIDCPNIFTY24JAN10400CE,180.0,0.0,Monitoring
2024-01-09,13:15:00,HOLD,MIDCPNIFTY24JAN10400CE,180.0,0.0,Monitoring
2024-01-09,13:20:00,HOLD,MIDCPNIFTY24JAN10400CE,180.0,0.0,Monitoring
2024-01-09,13:25:00,HOLD,MIDCPNIFTY24JAN10400CE,180.0,0.0,Monitoring
2024-01-09,13:30:00,HOLD,MIDCPNIFTY24JAN10400CE,180.0,0.0,Monitoring
2024-01-09,14:10:00,HOLD,MIDCPNIFTY24JAN10400CE,180.0,0.0,Monitoring
2024-01-09,14:15:00,HOLD,MIDCPNIFTY24JAN10400CE,180.0,0.0,Monitoring
2024-01-09,14:20:00,HOLD,MIDCPNIFTY24JAN10400CE,180.0,0.0,Monitoring
2024-01-09,14:25:00,HOLD,MIDCPNIFTY24JAN10400CE,180.0,0.0,Monitoring
2024-01-09,14:35:00,HOLD,MIDCPNIFTY24JAN10400CE,180.0,0.0,Monitoring
2024-01-09,14:40:00,HOLD,MIDCPNIFTY24JAN10400CE,180.0,0.0,Monitoring
2024-01-09,14:45:00,HOLD,MIDCPNIFTY24JAN10400CE,180.0,0.0,Monitoring
2024-01-09,14:50:00,HOLD,MIDCPNIFTY24JAN10400CE,180.0,0.0,Monitoring
2024-01-10,09:35:00,HOLD,MIDCPNIFTY24JAN10400CE,180.0,0.0,Monitoring
2024-01-10,09:40:00,HOLD,MIDCPNIFTY24JAN10400CE,180.0,0.0,Monitoring
2024-01-10,09:45:00,HOLD,MIDCPNIFTY24JAN10400CE,180.0,0.0,Monitoring
2024-01-10,09:50:00,HOLD,MIDCPNIFTY24JAN10400CE,180.0,0.0,Monitoring
2024-01-10,09:55:00,HOLD,MIDCPNIFTY24JAN10400CE,186.8,-816.0,Monitoring
2024-01-10,10:00:00,HOLD,MIDCPNIFTY24JAN10400CE,186.8,-816.0,Monitoring
2024-01-10,10:00:00,BUY_EXIT,MIDCPNIFTY24JAN10400CE,186.8,-816.0,EMA_REVERSAL_SL
