Date,Time,Event,Ticker,Price,PnL_INR,Info
2023-09-15,14:55:00,SELL_ENTRY,MIDCPNIFTY23SEP9100PE,52.7,0.0,Signal PE | Short
2023-09-15,15:00:00,HOLD,MIDCPNIFTY23SEP9100PE,48.95,450.0,Monitoring
2023-09-15,15:05:00,HOLD,MIDCPNIFTY23SEP9100PE,51.2,180.0,Monitoring
2023-09-15,15:10:00,HOLD,MIDCPNIFTY23SEP9100PE,52.0,84.0,Monitoring
2023-09-15,15:15:00,HOLD,MIDCPNIFTY23SEP9100PE,52.85,-18.0,Monitoring
2023-09-15,15:20:00,HOLD,MIDCPNIFTY23SEP9100PE,55.0,-276.0,Monitoring
2023-09-15,15:25:00,HOLD,MIDCPNIFTY23SEP9100PE,52.2,60.0,Monitoring
2023-09-18,09:15:00,HOLD,MIDCPNIFTY23SEP9100PE,66.95,-1710.0,Monitoring
2023-09-18,09:20:00,HOLD,MIDCPNIFTY23SEP9100PE,73.35,-2478.0,Monitoring
2023-09-18,09:25:00,HOLD,MIDCPNIFTY23SEP9100PE,77.0,-2916.0,Monitoring
2023-09-18,09:30:00,HOLD,MIDCPNIFTY23SEP9100PE,75.3,-2712.0,Monitoring
2023-09-18,09:35:00,HOLD,MIDCPNIFTY23SEP9100PE,72.95,-2430.0,Monitoring
2023-09-18,09:40:00,HOLD,MIDCPNIFTY23SEP9100PE,65.0,-1476.0,Monitoring
2023-09-18,09:45:00,HOLD,MIDCPNIFTY23SEP9100PE,59.35,-798.0,Monitoring
2023-09-18,09:50:00,HOLD,MIDCPNIFTY23SEP9100PE,59.4,-804.0,Monitoring
2023-09-18,09:55:00,HOLD,MIDCPNIFTY23SEP9100PE,58.0,-636.0,Monitoring
2023-09-18,10:00:00,HOLD,MIDCPNIFTY23SEP9100PE,57.8,-612.0,Monitoring
2023-09-18,10:05:00,HOLD,MIDCPNIFTY23SEP9100PE,55.45,-330.0,Monitoring
2023-09-18,10:10:00,HOLD,MIDCPNIFTY23SEP9100PE,51.4,156.0,Monitoring
2023-09-18,10:15:00,HOLD,MIDCPNIFTY23SEP9100PE,53.5,-96.0,Monitoring
2023-09-18,10:20:00,HOLD,MIDCPNIFTY23SEP9100PE,52.6,12.0,Monitoring
2023-09-18,10:25:00,HOLD,MIDCPNIFTY23SEP9100PE,53.35,-78.0,Monitoring
2023-09-18,10:30:00,HOLD,MIDCPNIFTY23SEP9100PE,51.85,102.0,Monitoring
2023-09-18,10:35:00,HOLD,MIDCPNIFTY23SEP9100PE,54.5,-216.0,Monitoring
2023-09-18,10:40:00,HOLD,MIDCPNIFTY23SEP9100PE,53.2,-60.0,Monitoring
2023-09-18,10:45:00,HOLD,MIDCPNIFTY23SEP9100PE,53.15,-54.0,Monitoring
2023-09-18,10:50:00,HOLD,MIDCPNIFTY23SEP9100PE,52.2,60.0,Monitoring
2023-09-18,10:55:00,HOLD,MIDCPNIFTY23SEP9100PE,51.5,144.0,Monitoring
2023-09-18,11:00:00,HOLD,MIDCPNIFTY23SEP9100PE,52.3,48.0,Monitoring
2023-09-18,11:05:00,HOLD,MIDCPNIFTY23SEP9100PE,54.05,-162.0,Monitoring
2023-09-18,11:10:00,HOLD,MIDCPNIFTY23SEP9100PE,54.75,-246.0,Monitoring
2023-09-18,11:15:00,HOLD,MIDCPNIFTY23SEP9100PE,49.85,342.0,Monitoring
2023-09-18,11:20:00,HOLD,MIDCPNIFTY23SEP9100PE,51.7,120.0,Monitoring
2023-09-18,11:25:00,HOLD,MIDCPNIFTY23SEP9100PE,51.65,126.0,Monitoring
2023-09-18,11:30:00,HOLD,MIDCPNIFTY23SEP9100PE,51.25,174.0,Monitoring
2023-09-18,11:35:00,HOLD,MIDCPNIFTY23SEP9100PE,50.1,312.0,Monitoring
2023-09-18,11:40:00,HOLD,MIDCPNIFTY23SEP9100PE,49.8,348.0,Monitoring
2023-09-18,11:45:00,HOLD,MIDCPNIFTY23SEP9100PE,50.05,318.0,Monitoring
2023-09-18,11:50:00,HOLD,MIDCPNIFTY23SEP9100PE,51.35,162.0,Monitoring
2023-09-18,11:55:00,HOLD,MIDCPNIFTY23SEP9100PE,50.7,240.0,Monitoring
2023-09-18,12:00:00,HOLD,MIDCPNIFTY23SEP9100PE,52.3,48.0,Monitoring
2023-09-18,12:05:00,HOLD,MIDCPNIFTY23SEP9100PE,51.5,144.0,Monitoring
2023-09-18,12:10:00,HOLD,MIDCPNIFTY23SEP9100PE,55.4,-324.0,Monitoring
2023-09-18,12:15:00,HOLD,MIDCPNIFTY23SEP9100PE,55.0,-276.0,Monitoring
2023-09-18,12:20:00,HOLD,MIDCPNIFTY23SEP9100PE,52.15,66.0,Monitoring
2023-09-18,12:25:00,HOLD,MIDCPNIFTY23SEP9100PE,51.0,204.0,Monitoring
2023-09-18,12:30:00,HOLD,MIDCPNIFTY23SEP9100PE,52.2,60.0,Monitoring
2023-09-18,12:35:00,HOLD,MIDCPNIFTY23SEP9100PE,52.5,24.0,Monitoring
2023-09-18,12:40:00,HOLD,MIDCPNIFTY23SEP9100PE,51.3,168.0,Monitoring
2023-09-18,12:45:00,HOLD,MIDCPNIFTY23SEP9100PE,52.75,-6.0,Monitoring
2023-09-18,12:50:00,HOLD,MIDCPNIFTY23SEP9100PE,52.55,18.0,Monitoring
2023-09-18,12:55:00,HOLD,MIDCPNIFTY23SEP9100PE,53.4,-84.0,Monitoring
2023-09-18,13:00:00,HOLD,MIDCPNIFTY23SEP9100PE,53.75,-126.0,Monitoring
2023-09-18,13:05:00,HOLD,MIDCPNIFTY23SEP9100PE,53.95,-150.0,Monitoring
2023-09-18,13:10:00,HOLD,MIDCPNIFTY23SEP9100PE,54.6,-228.0,Monitoring
2023-09-18,13:15:00,HOLD,MIDCPNIFTY23SEP9100PE,52.2,60.0,Monitoring
2023-09-18,13:20:00,HOLD,MIDCPNIFTY23SEP9100PE,54.05,-162.0,Monitoring
2023-09-18,13:25:00,HOLD,MIDCPNIFTY23SEP9100PE,53.0,-36.0,Monitoring
2023-09-18,13:30:00,HOLD,MIDCPNIFTY23SEP9100PE,51.9,96.0,Monitoring
2023-09-18,13:35:00,HOLD,MIDCPNIFTY23SEP9100PE,51.3,168.0,Monitoring
2023-09-18,13:40:00,HOLD,MIDCPNIFTY23SEP9100PE,53.0,-36.0,Monitoring
2023-09-18,13:45:00,HOLD,MIDCPNIFTY23SEP9100PE,53.0,-36.0,Monitoring
2023-09-18,13:50:00,HOLD,MIDCPNIFTY23SEP9100PE,53.85,-138.0,Monitoring
2023-09-18,13:55:00,HOLD,MIDCPNIFTY23SEP9100PE,55.65,-354.0,Monitoring
2023-09-18,14:00:00,HOLD,MIDCPNIFTY23SEP9100PE,54.45,-210.0,Monitoring
2023-09-18,14:05:00,HOLD,MIDCPNIFTY23SEP9100PE,52.5,24.0,Monitoring
2023-09-18,14:10:00,HOLD,MIDCPNIFTY23SEP9100PE,53.8,-132.0,Monitoring
2023-09-18,14:15:00,HOLD,MIDCPNIFTY23SEP9100PE,53.85,-138.0,Monitoring
2023-09-18,14:20:00,HOLD,MIDCPNIFTY23SEP9100PE,52.7,0.0,Monitoring
2023-09-18,14:25:00,HOLD,MIDCPNIFTY23SEP9100PE,54.95,-270.0,Monitoring
2023-09-18,14:30:00,HOLD,MIDCPNIFTY23SEP9100PE,52.75,-6.0,Monitoring
2023-09-18,14:35:00,HOLD,MIDCPNIFTY23SEP9100PE,52.75,-6.0,Monitoring
2023-09-18,14:40:00,HOLD,MIDCPNIFTY23SEP9100PE,54.15,-174.0,Monitoring
2023-09-18,14:45:00,HOLD,MIDCPNIFTY23SEP9100PE,55.0,-276.0,Monitoring
2023-09-18,14:50:00,HOLD,MIDCPNIFTY23SEP9100PE,55.1,-288.0,Monitoring
2023-09-18,14:55:00,HOLD,MIDCPNIFTY23SEP9100PE,56.8,-492.0,Monitoring
2023-09-18,15:00:00,HOLD,MIDCPNIFTY23SEP9100PE,60.5,-936.0,Monitoring
2023-09-18,15:05:00,HOLD,MIDCPNIFTY23SEP9100PE,54.35,-198.0,Monitoring
2023-09-18,15:10:00,HOLD,MIDCPNIFTY23SEP9100PE,59.15,-774.0,Monitoring
2023-09-18,15:15:00,HOLD,MIDCPNIFTY23SEP9100PE,65.0,-1476.0,Monitoring
2023-09-18,15:20:00,HOLD,MIDCPNIFTY23SEP9100PE,58.5,-696.0,Monitoring
2023-09-18,15:25:00,HOLD,MIDCPNIFTY23SEP9100PE,60.35,-918.0,Monitoring
2023-09-20,09:15:00,HOLD,MIDCPNIFTY23SEP9100PE,73.25,-2466.0,Monitoring
2023-09-20,09:20:00,HOLD,MIDCPNIFTY23SEP9100PE,59.45,-810.0,Monitoring
2023-09-20,09:25:00,HOLD,MIDCPNIFTY23SEP9100PE,58.9,-744.0,Monitoring
2023-09-20,09:30:00,HOLD,MIDCPNIFTY23SEP9100PE,57.95,-630.0,Monitoring
2023-09-20,09:35:00,HOLD,MIDCPNIFTY23SEP9100PE,58.75,-726.0,Monitoring
2023-09-20,09:40:00,HOLD,MIDCPNIFTY23SEP9100PE,58.45,-690.0,Monitoring
2023-09-20,09:45:00,HOLD,MIDCPNIFTY23SEP9100PE,61.9,-1104.0,Monitoring
2023-09-20,09:50:00,HOLD,MIDCPNIFTY23SEP9100PE,55.25,-306.0,Monitoring
2023-09-20,09:55:00,HOLD,MIDCPNIFTY23SEP9100PE,54.25,-186.0,Monitoring
2023-09-20,10:00:00,HOLD,MIDCPNIFTY23SEP9100PE,53.95,-150.0,Monitoring
2023-09-20,10:05:00,HOLD,MIDCPNIFTY23SEP9100PE,56.0,-396.0,Monitoring
2023-09-20,10:10:00,HOLD,MIDCPNIFTY23SEP9100PE,54.75,-246.0,Monitoring
2023-09-20,10:15:00,HOLD,MIDCPNIFTY23SEP9100PE,49.5,384.0,Monitoring
2023-09-20,10:20:00,HOLD,MIDCPNIFTY23SEP9100PE,43.75,1074.0,Monitoring
2023-09-20,10:25:00,HOLD,MIDCPNIFTY23SEP9100PE,51.0,204.0,Monitoring
2023-09-20,10:30:00,HOLD,MIDCPNIFTY23SEP9100PE,48.05,558.0,Monitoring
2023-09-20,10:35:00,HOLD,MIDCPNIFTY23SEP9100PE,46.8,708.0,Monitoring
2023-09-20,10:40:00,HOLD,MIDCPNIFTY23SEP9100PE,45.25,894.0,Monitoring
2023-09-20,10:45:00,HOLD,MIDCPNIFTY23SEP9100PE,46.55,738.0,Monitoring
2023-09-20,10:50:00,HOLD,MIDCPNIFTY23SEP9100PE,45.35,882.0,Monitoring
2023-09-20,10:55:00,HOLD,MIDCPNIFTY23SEP9100PE,44.55,978.0,Monitoring
2023-09-20,11:00:00,HOLD,MIDCPNIFTY23SEP9100PE,47.4,636.0,Monitoring
2023-09-20,11:05:00,HOLD,MIDCPNIFTY23SEP9100PE,44.4,996.0,Monitoring
2023-09-20,11:10:00,HOLD,MIDCPNIFTY23SEP9100PE,38.85,1662.0,Monitoring
2023-09-20,11:15:00,HOLD,MIDCPNIFTY23SEP9100PE,37.9,1776.0,Monitoring
2023-09-20,11:20:00,HOLD,MIDCPNIFTY23SEP9100PE,36.85,1902.0,Monitoring
2023-09-20,11:25:00,HOLD,MIDCPNIFTY23SEP9100PE,37.6,1812.0,Monitoring
2023-09-20,11:30:00,HOLD,MIDCPNIFTY23SEP9100PE,37.5,1824.0,Monitoring
2023-09-20,11:35:00,HOLD,MIDCPNIFTY23SEP9100PE,38.0,1764.0,Monitoring
2023-09-20,11:40:00,HOLD,MIDCPNIFTY23SEP9100PE,37.7,1800.0,Monitoring
2023-09-20,11:45:00,HOLD,MIDCPNIFTY23SEP9100PE,36.35,1962.0,Monitoring
2023-09-20,11:50:00,HOLD,MIDCPNIFTY23SEP9100PE,39.05,1638.0,Monitoring
2023-09-20,11:55:00,HOLD,MIDCPNIFTY23SEP9100PE,37.55,1818.0,Monitoring
2023-09-20,12:00:00,HOLD,MIDCPNIFTY23SEP9100PE,37.1,1872.0,Monitoring
2023-09-20,12:05:00,HOLD,MIDCPNIFTY23SEP9100PE,37.0,1884.0,Monitoring
2023-09-20,12:10:00,HOLD,MIDCPNIFTY23SEP9100PE,35.65,2046.0,Monitoring
2023-09-20,12:15:00,HOLD,MIDCPNIFTY23SEP9100PE,34.1,2232.0,Monitoring
2023-09-20,12:20:00,HOLD,MIDCPNIFTY23SEP9100PE,34.3,2208.0,Monitoring
2023-09-20,12:25:00,HOLD,MIDCPNIFTY23SEP9100PE,36.0,2004.0,Monitoring
2023-09-20,12:30:00,HOLD,MIDCPNIFTY23SEP9100PE,34.25,2214.0,Monitoring
2023-09-20,12:35:00,HOLD,MIDCPNIFTY23SEP9100PE,32.65,2406.0,Monitoring
2023-09-20,12:40:00,HOLD,MIDCPNIFTY23SEP9100PE,33.05,2358.0,Monitoring
2023-09-20,12:45:00,HOLD,MIDCPNIFTY23SEP9100PE,33.0,2364.0,Monitoring
2023-09-20,12:50:00,HOLD,MIDCPNIFTY23SEP9100PE,32.3,2448.0,Monitoring
2023-09-20,12:55:00,HOLD,MIDCPNIFTY23SEP9100PE,33.0,2364.0,Monitoring
2023-09-20,13:00:00,HOLD,MIDCPNIFTY23SEP9100PE,35.4,2076.0,Monitoring
2023-09-20,13:05:00,HOLD,MIDCPNIFTY23SEP9100PE,36.7,1920.0,Monitoring
2023-09-20,13:10:00,HOLD,MIDCPNIFTY23SEP9100PE,36.0,2004.0,Monitoring
2023-09-20,13:15:00,HOLD,MIDCPNIFTY23SEP9100PE,36.45,1950.0,Monitoring
2023-09-20,13:20:00,HOLD,MIDCPNIFTY23SEP9100PE,32.4,2436.0,Monitoring
2023-09-20,13:25:00,HOLD,MIDCPNIFTY23SEP9100PE,33.65,2286.0,Monitoring
2023-09-20,13:30:00,HOLD,MIDCPNIFTY23SEP9100PE,33.55,2298.0,Monitoring
2023-09-20,13:35:00,HOLD,MIDCPNIFTY23SEP9100PE,33.6,2292.0,Monitoring
2023-09-20,13:40:00,HOLD,MIDCPNIFTY23SEP9100PE,36.3,1968.0,Monitoring
2023-09-20,13:45:00,HOLD,MIDCPNIFTY23SEP9100PE,41.8,1308.0,Monitoring
2023-09-20,13:50:00,HOLD,MIDCPNIFTY23SEP9100PE,47.0,684.0,Monitoring
2023-09-20,13:55:00,HOLD,MIDCPNIFTY23SEP9100PE,50.8,228.0,Monitoring
2023-09-20,14:00:00,HOLD,MIDCPNIFTY23SEP9100PE,44.0,1044.0,Monitoring
2023-09-20,14:05:00,HOLD,MIDCPNIFTY23SEP9100PE,42.25,1254.0,Monitoring
2023-09-20,14:10:00,HOLD,MIDCPNIFTY23SEP9100PE,34.7,2160.0,Monitoring
2023-09-20,14:15:00,HOLD,MIDCPNIFTY23SEP9100PE,35.85,2022.0,Monitoring
2023-09-20,14:20:00,HOLD,MIDCPNIFTY23SEP9100PE,40.5,1464.0,Monitoring
2023-09-20,14:25:00,HOLD,MIDCPNIFTY23SEP9100PE,41.5,1344.0,Monitoring
2023-09-20,14:30:00,HOLD,MIDCPNIFTY23SEP9100PE,37.75,1794.0,Monitoring
2023-09-20,14:35:00,HOLD,MIDCPNIFTY23SEP9100PE,38.3,1728.0,Monitoring
2023-09-20,14:40:00,HOLD,MIDCPNIFTY23SEP9100PE,44.6,972.0,Monitoring
2023-09-20,14:45:00,HOLD,MIDCPNIFTY23SEP9100PE,45.0,924.0,Monitoring
2023-09-20,14:50:00,HOLD,MIDCPNIFTY23SEP9100PE,43.8,1068.0,Monitoring
2023-09-20,14:55:00,HOLD,MIDCPNIFTY23SEP9100PE,43.95,1050.0,Monitoring
2023-09-20,15:00:00,HOLD,MIDCPNIFTY23SEP9100PE,42.65,1206.0,Monitoring
2023-09-20,15:05:00,HOLD,MIDCPNIFTY23SEP9100PE,43.05,1158.0,Monitoring
2023-09-20,15:10:00,HOLD,MIDCPNIFTY23SEP9100PE,40.5,1464.0,Monitoring
2023-09-20,15:15:00,HOLD,MIDCPNIFTY23SEP9100PE,40.9,1416.0,Monitoring
2023-09-20,15:20:00,HOLD,MIDCPNIFTY23SEP9100PE,39.95,1530.0,Monitoring
2023-09-20,15:25:00,HOLD,MIDCPNIFTY23SEP9100PE,36.85,1902.0,Monitoring
2023-09-21,09:15:00,HOLD,MIDCPNIFTY23SEP9100PE,41.0,1404.0,Monitoring
2023-09-21,09:15:00,BUY_EXIT,MIDCPNIFTY23SEP9100PE,41.0,1404.0,ROLLOVER_EXIT
