Date,Time,Event,Ticker,Price,PnL_INR,Info
2025-03-21,14:00:00,SELL_ENTRY,MIDCPNIFTY25MAR11300PE,51.5,0.0,Signal PE | Short
2025-03-21,14:05:00,HOLD,MIDCPNIFTY25MAR11300PE,48.8,324.0,Monitoring
2025-03-21,14:10:00,HOLD,MIDCPNIFTY25MAR11300PE,48.75,330.0,Monitoring
2025-03-21,14:15:00,HOLD,MIDCPNIFTY25MAR11300PE,44.4,852.0,Monitoring
2025-03-21,14:20:00,HOLD,MIDCPNIFTY25MAR11300PE,37.85,1638.0,Monitoring
2025-03-21,14:25:00,HOLD,MIDCPNIFTY25MAR11300PE,37.1,1728.0,Monitoring
2025-03-21,14:30:00,HOLD,MIDCPNIFTY25MAR11300PE,40.7,1296.0,Monitoring
2025-03-21,14:35:00,HOLD,MIDCPNIFTY25MAR11300PE,37.9,1632.0,Monitoring
2025-03-21,14:40:00,HOLD,MIDCPNIFTY25MAR11300PE,40.95,1266.0,Monitoring
2025-03-21,14:45:00,HOLD,MIDCPNIFTY25MAR11300PE,39.35,1458.0,Monitoring
2025-03-21,14:50:00,HOLD,MIDCPNIFTY25MAR11300PE,37.15,1722.0,Monitoring
2025-03-21,14:55:00,HOLD,MIDCPNIFTY25MAR11300PE,37.8,1644.0,Monitoring
2025-03-21,15:00:00,HOLD,MIDCPNIFTY25MAR11300PE,39.95,1386.0,Monitoring
2025-03-21,15:05:00,HOLD,MIDCPNIFTY25MAR11300PE,35.65,1902.0,Monitoring
2025-03-21,15:10:00,HOLD,MIDCPNIFTY25MAR11300PE,35.3,1944.0,Monitoring
2025-03-21,15:15:00,HOLD,MIDCPNIFTY25MAR11300PE,35.7,1896.0,Monitoring
2025-03-21,15:20:00,HOLD,MIDCPNIFTY25MAR11300PE,33.7,2136.0,Monitoring
2025-03-21,15:25:00,HOLD,MIDCPNIFTY25MAR11300PE,30.05,2574.0,Monitoring
2025-03-24,09:15:00,HOLD,MIDCPNIFTY25MAR11300PE,19.15,3882.0,Monitoring
2025-03-24,09:15:00,BUY_EXIT,MIDCPNIFTY25MAR11300PE,19.15,3882.0,TARGET_LTP_30
