Date,Time,Event,Ticker,Price,PnL_INR,Info
2024-06-14,14:00:00,SELL_ENTRY,MIDCPNIFTY24JUN11900PE,63.4,0.0,Signal PE | Short
2024-06-14,14:05:00,HOLD,MIDCPNIFTY24JUN11900PE,62.65,90.0,Monitoring
2024-06-14,14:10:00,HOLD,MIDCPNIFTY24JUN11900PE,62.95,54.0,Monitoring
2024-06-14,14:15:00,HOLD,MIDCPNIFTY24JUN11900PE,61.1,276.0,Monitoring
2024-06-14,14:20:00,HOLD,MIDCPNIFTY24JUN11900PE,64.2,-96.0,Monitoring
2024-06-14,14:25:00,HOLD,MIDCPNIFTY24JUN11900PE,62.5,108.0,Monitoring
2024-06-14,14:30:00,HOLD,MIDCPNIFTY24JUN11900PE,58.95,534.0,Monitoring
2024-06-14,14:35:00,HOLD,MIDCPNIFTY24JUN11900PE,60.0,408.0,Monitoring
2024-06-14,14:40:00,HOLD,MIDCPNIFTY24JUN11900PE,61.05,282.0,Monitoring
2024-06-14,14:45:00,HOLD,MIDCPNIFTY24JUN11900PE,61.4,240.0,Monitoring
2024-06-14,14:50:00,HOLD,MIDCPNIFTY24JUN11900PE,59.5,468.0,Monitoring
2024-06-14,14:55:00,HOLD,MIDCPNIFTY24JUN11900PE,56.25,858.0,Monitoring
2024-06-14,15:00:00,HOLD,MIDCPNIFTY24JUN11900PE,57.15,750.0,Monitoring
2024-06-14,15:05:00,HOLD,MIDCPNIFTY24JUN11900PE,58.45,594.0,Monitoring
2024-06-14,15:10:00,HOLD,MIDCPNIFTY24JUN11900PE,60.0,408.0,Monitoring
2024-06-14,15:15:00,HOLD,MIDCPNIFTY24JUN11900PE,59.6,456.0,Monitoring
2024-06-14,15:20:00,HOLD,MIDCPNIFTY24JUN11900PE,59.25,498.0,Monitoring
2024-06-14,15:25:00,HOLD,MIDCPNIFTY24JUN11900PE,58.0,648.0,Monitoring
2024-06-18,09:15:00,HOLD,MIDCPNIFTY24JUN11900PE,44.0,2328.0,Monitoring
2024-06-18,09:20:00,HOLD,MIDCPNIFTY24JUN11900PE,52.1,1356.0,Monitoring
2024-06-18,09:25:00,HOLD,MIDCPNIFTY24JUN11900PE,49.95,1614.0,Monitoring
2024-06-18,09:30:00,HOLD,MIDCPNIFTY24JUN11900PE,45.0,2208.0,Monitoring
2024-06-18,09:35:00,HOLD,MIDCPNIFTY24JUN11900PE,38.85,2946.0,Monitoring
2024-06-18,09:40:00,HOLD,MIDCPNIFTY24JUN11900PE,38.3,3012.0,Monitoring
2024-06-18,09:45:00,HOLD,MIDCPNIFTY24JUN11900PE,36.1,3276.0,Monitoring
2024-06-18,09:50:00,HOLD,MIDCPNIFTY24JUN11900PE,35.35,3366.0,Monitoring
2024-06-18,09:55:00,HOLD,MIDCPNIFTY24JUN11900PE,33.85,3546.0,Monitoring
2024-06-18,10:00:00,HOLD,MIDCPNIFTY24JUN11900PE,32.3,3732.0,Monitoring
2024-06-18,10:05:00,HOLD,MIDCPNIFTY24JUN11900PE,31.9,3780.0,Monitoring
2024-06-18,10:10:00,HOLD,MIDCPNIFTY24JUN11900PE,33.8,3552.0,Monitoring
2024-06-18,10:15:00,HOLD,MIDCPNIFTY24JUN11900PE,38.1,3036.0,Monitoring
2024-06-18,10:20:00,HOLD,MIDCPNIFTY24JUN11900PE,41.1,2676.0,Monitoring
2024-06-18,10:25:00,HOLD,MIDCPNIFTY24JUN11900PE,38.35,3006.0,Monitoring
2024-06-18,10:30:00,HOLD,MIDCPNIFTY24JUN11900PE,35.75,3318.0,Monitoring
2024-06-18,10:35:00,HOLD,MIDCPNIFTY24JUN11900PE,33.3,3612.0,Monitoring
2024-06-18,10:40:00,HOLD,MIDCPNIFTY24JUN11900PE,35.1,3396.0,Monitoring
2024-06-18,10:45:00,HOLD,MIDCPNIFTY24JUN11900PE,36.4,3240.0,Monitoring
2024-06-18,10:50:00,HOLD,MIDCPNIFTY24JUN11900PE,39.95,2814.0,Monitoring
2024-06-18,10:55:00,HOLD,MIDCPNIFTY24JUN11900PE,39.8,2832.0,Monitoring
2024-06-18,11:00:00,HOLD,MIDCPNIFTY24JUN11900PE,36.8,3192.0,Monitoring
2024-06-18,11:05:00,HOLD,MIDCPNIFTY24JUN11900PE,32.7,3684.0,Monitoring
2024-06-18,11:10:00,HOLD,MIDCPNIFTY24JUN11900PE,33.0,3648.0,Monitoring
2024-06-18,11:15:00,HOLD,MIDCPNIFTY24JUN11900PE,31.3,3852.0,Monitoring
2024-06-18,11:20:00,HOLD,MIDCPNIFTY24JUN11900PE,30.0,4008.0,Monitoring
2024-06-18,11:25:00,HOLD,MIDCPNIFTY24JUN11900PE,29.3,4092.0,Monitoring
2024-06-18,11:25:00,BUY_EXIT,MIDCPNIFTY24JUN11900PE,29.3,4092.0,TARGET_LTP_30
