Date,Time,Event,Ticker,Price,PnL_INR,Info
2025-03-25,14:40:00,SELL_ENTRY,MIDCPNIFTY25APR11700PE,281.45,0.0,Signal PE | Short
2025-03-25,14:45:00,HOLD,MIDCPNIFTY25APR11700PE,296.95,-1860.0,Monitoring
2025-03-25,14:50:00,HOLD,MIDCPNIFTY25APR11700PE,300.0,-2226.0,Monitoring
2025-03-25,14:55:00,HOLD,MIDCPNIFTY25APR11700PE,300.0,-2226.0,Monitoring
2025-03-25,15:00:00,HOLD,MIDCPNIFTY25APR11700PE,300.0,-2226.0,Monitoring
2025-03-25,15:05:00,HOLD,MIDCPNIFTY25APR11700PE,300.0,-2226.0,Monitoring
2025-03-25,15:10:00,HOLD,MIDCPNIFTY25APR11700PE,312.0,-3666.0,Monitoring
2025-03-25,15:15:00,HOLD,MIDCPNIFTY25APR11700PE,312.0,-3666.0,Monitoring
2025-03-25,15:20:00,HOLD,MIDCPNIFTY25APR11700PE,306.9,-3054.0,Monitoring
2025-03-25,15:25:00,HOLD,MIDCPNIFTY25APR11700PE,345.9,-7734.0,Monitoring
2025-03-26,09:15:00,HOLD,MIDCPNIFTY25APR11700PE,302.75,-2556.0,Monitoring
2025-03-26,09:20:00,HOLD,MIDCPNIFTY25APR11700PE,300.0,-2226.0,Monitoring
2025-03-26,09:25:00,HOLD,MIDCPNIFTY25APR11700PE,299.95,-2220.0,Monitoring
2025-03-26,09:30:00,HOLD,MIDCPNIFTY25APR11700PE,293.0,-1386.0,Monitoring
2025-03-26,09:35:00,HOLD,MIDCPNIFTY25APR11700PE,315.0,-4026.0,Monitoring
2025-03-26,09:40:00,HOLD,MIDCPNIFTY25APR11700PE,321.65,-4824.0,Monitoring
2025-03-26,09:45:00,HOLD,MIDCPNIFTY25APR11700PE,313.0,-3786.0,Monitoring
2025-03-26,09:50:00,HOLD,MIDCPNIFTY25APR11700PE,319.35,-4548.0,Monitoring
2025-03-26,09:55:00,HOLD,MIDCPNIFTY25APR11700PE,298.75,-2076.0,Monitoring
2025-03-26,10:00:00,HOLD,MIDCPNIFTY25APR11700PE,299.05,-2112.0,Monitoring
2025-03-26,10:05:00,HOLD,MIDCPNIFTY25APR11700PE,293.3,-1422.0,Monitoring
2025-03-26,10:10:00,HOLD,MIDCPNIFTY25APR11700PE,290.05,-1032.0,Monitoring
2025-03-26,10:15:00,HOLD,MIDCPNIFTY25APR11700PE,290.65,-1104.0,Monitoring
2025-03-26,10:20:00,HOLD,MIDCPNIFTY25APR11700PE,293.0,-1386.0,Monitoring
2025-03-26,10:25:00,HOLD,MIDCPNIFTY25APR11700PE,293.0,-1386.0,Monitoring
2025-03-26,10:30:00,HOLD,MIDCPNIFTY25APR11700PE,293.0,-1386.0,Monitoring
2025-03-26,10:35:00,HOLD,MIDCPNIFTY25APR11700PE,278.85,312.0,Monitoring
2025-03-26,10:40:00,HOLD,MIDCPNIFTY25APR11700PE,282.7,-150.0,Monitoring
2025-03-26,10:45:00,HOLD,MIDCPNIFTY25APR11700PE,285.7,-510.0,Monitoring
2025-03-26,10:50:00,HOLD,MIDCPNIFTY25APR11700PE,286.3,-582.0,Monitoring
2025-03-26,10:55:00,HOLD,MIDCPNIFTY25APR11700PE,286.3,-582.0,Monitoring
2025-03-26,11:00:00,HOLD,MIDCPNIFTY25APR11700PE,303.45,-2640.0,Monitoring
2025-03-26,11:05:00,HOLD,MIDCPNIFTY25APR11700PE,298.0,-1986.0,Monitoring
2025-03-26,11:10:00,HOLD,MIDCPNIFTY25APR11700PE,295.0,-1626.0,Monitoring
2025-03-26,11:15:00,HOLD,MIDCPNIFTY25APR11700PE,292.0,-1266.0,Monitoring
2025-03-26,11:20:00,HOLD,MIDCPNIFTY25APR11700PE,292.0,-1266.0,Monitoring
2025-03-26,11:25:00,HOLD,MIDCPNIFTY25APR11700PE,292.0,-1266.0,Monitoring
2025-03-26,11:30:00,HOLD,MIDCPNIFTY25APR11700PE,292.0,-1266.0,Monitoring
2025-03-26,11:35:00,HOLD,MIDCPNIFTY25APR11700PE,289.4,-954.0,Monitoring
2025-03-26,11:40:00,HOLD,MIDCPNIFTY25APR11700PE,296.8,-1842.0,Monitoring
2025-03-26,11:45:00,HOLD,MIDCPNIFTY25APR11700PE,296.8,-1842.0,Monitoring
2025-03-26,11:50:00,HOLD,MIDCPNIFTY25APR11700PE,302.35,-2508.0,Monitoring
2025-03-26,11:55:00,HOLD,MIDCPNIFTY25APR11700PE,309.2,-3330.0,Monitoring
2025-03-26,12:00:00,HOLD,MIDCPNIFTY25APR11700PE,316.75,-4236.0,Monitoring
2025-03-26,12:05:00,HOLD,MIDCPNIFTY25APR11700PE,305.0,-2826.0,Monitoring
2025-03-26,12:10:00,HOLD,MIDCPNIFTY25APR11700PE,305.0,-2826.0,Monitoring
2025-03-26,12:15:00,HOLD,MIDCPNIFTY25APR11700PE,306.8,-3042.0,Monitoring
2025-03-26,12:20:00,HOLD,MIDCPNIFTY25APR11700PE,306.8,-3042.0,Monitoring
2025-03-26,12:25:00,HOLD,MIDCPNIFTY25APR11700PE,310.2,-3450.0,Monitoring
2025-03-26,12:30:00,HOLD,MIDCPNIFTY25APR11700PE,305.15,-2844.0,Monitoring
2025-03-26,12:35:00,HOLD,MIDCPNIFTY25APR11700PE,305.0,-2826.0,Monitoring
2025-03-26,12:40:00,HOLD,MIDCPNIFTY25APR11700PE,309.45,-3360.0,Monitoring
2025-03-26,12:45:00,HOLD,MIDCPNIFTY25APR11700PE,299.3,-2142.0,Monitoring
2025-03-26,12:50:00,HOLD,MIDCPNIFTY25APR11700PE,299.3,-2142.0,Monitoring
2025-03-26,12:55:00,HOLD,MIDCPNIFTY25APR11700PE,299.3,-2142.0,Monitoring
2025-03-26,13:00:00,HOLD,MIDCPNIFTY25APR11700PE,307.8,-3162.0,Monitoring
2025-03-26,13:05:00,HOLD,MIDCPNIFTY25APR11700PE,310.3,-3462.0,Monitoring
2025-03-26,13:10:00,HOLD,MIDCPNIFTY25APR11700PE,316.0,-4146.0,Monitoring
2025-03-26,13:10:00,BUY_EXIT,MIDCPNIFTY25APR11700PE,316.0,-4146.0,EMA_REVERSAL_SL
