Date,Time,Event,Ticker,Price,PnL_INR,Info
2025-11-24,14:00:00,SELL_ENTRY,MIDCPNIFTY25DEC13900CE,288.0,0.0,Signal CE | Short
2025-11-24,14:05:00,HOLD,MIDCPNIFTY25DEC13900CE,274.65,1602.0,Monitoring
2025-11-24,14:10:00,HOLD,MIDCPNIFTY25DEC13900CE,274.0,1680.0,Monitoring
2025-11-24,14:15:00,HOLD,MIDCPNIFTY25DEC13900CE,274.95,1566.0,Monitoring
2025-11-24,14:20:00,HOLD,MIDCPNIFTY25DEC13900CE,269.45,2226.0,Monitoring
2025-11-24,14:25:00,HOLD,MIDCPNIFTY25DEC13900CE,267.65,2442.0,Monitoring
2025-11-24,14:30:00,HOLD,MIDCPNIFTY25DEC13900CE,263.6,2928.0,Monitoring
2025-11-24,14:35:00,HOLD,MIDCPNIFTY25DEC13900CE,252.6,4248.0,Monitoring
2025-11-24,14:40:00,HOLD,MIDCPNIFTY25DEC13900CE,257.85,3618.0,Monitoring
2025-11-24,14:45:00,HOLD,MIDCPNIFTY25DEC13900CE,260.7,3276.0,Monitoring
2025-11-24,14:50:00,HOLD,MIDCPNIFTY25DEC13900CE,254.55,4014.0,Monitoring
2025-11-24,14:55:00,HOLD,MIDCPNIFTY25DEC13900CE,254.0,4080.0,Monitoring
2025-11-24,15:00:00,HOLD,MIDCPNIFTY25DEC13900CE,250.0,4560.0,Monitoring
2025-11-24,15:05:00,HOLD,MIDCPNIFTY25DEC13900CE,248.3,4764.0,Monitoring
2025-11-24,15:10:00,HOLD,MIDCPNIFTY25DEC13900CE,249.95,4566.0,Monitoring
2025-11-24,15:15:00,HOLD,MIDCPNIFTY25DEC13900CE,248.85,4698.0,Monitoring
2025-11-24,15:20:00,HOLD,MIDCPNIFTY25DEC13900CE,243.9,5292.0,Monitoring
2025-11-24,15:25:00,HOLD,MIDCPNIFTY25DEC13900CE,243.55,5334.0,Monitoring
2025-11-25,09:15:00,HOLD,MIDCPNIFTY25DEC13900CE,258.0,3600.0,Monitoring
2025-11-25,09:20:00,HOLD,MIDCPNIFTY25DEC13900CE,260.05,3354.0,Monitoring
2025-11-25,09:25:00,HOLD,MIDCPNIFTY25DEC13900CE,261.0,3240.0,Monitoring
2025-11-25,09:30:00,HOLD,MIDCPNIFTY25DEC13900CE,264.95,2766.0,Monitoring
2025-11-25,09:35:00,HOLD,MIDCPNIFTY25DEC13900CE,266.0,2640.0,Monitoring
2025-11-25,09:40:00,HOLD,MIDCPNIFTY25DEC13900CE,266.0,2640.0,Monitoring
2025-11-25,09:45:00,HOLD,MIDCPNIFTY25DEC13900CE,259.0,3480.0,Monitoring
2025-11-25,09:50:00,HOLD,MIDCPNIFTY25DEC13900CE,267.0,2520.0,Monitoring
2025-11-25,09:55:00,HOLD,MIDCPNIFTY25DEC13900CE,266.5,2580.0,Monitoring
2025-11-25,10:00:00,HOLD,MIDCPNIFTY25DEC13900CE,263.5,2940.0,Monitoring
2025-11-25,10:05:00,HOLD,MIDCPNIFTY25DEC13900CE,264.45,2826.0,Monitoring
2025-11-25,10:10:00,HOLD,MIDCPNIFTY25DEC13900CE,272.0,1920.0,Monitoring
2025-11-25,10:15:00,HOLD,MIDCPNIFTY25DEC13900CE,270.0,2160.0,Monitoring
2025-11-25,10:20:00,HOLD,MIDCPNIFTY25DEC13900CE,269.2,2256.0,Monitoring
2025-11-25,10:25:00,HOLD,MIDCPNIFTY25DEC13900CE,271.95,1926.0,Monitoring
2025-11-25,10:30:00,HOLD,MIDCPNIFTY25DEC13900CE,269.0,2280.0,Monitoring
2025-11-25,10:35:00,HOLD,MIDCPNIFTY25DEC13900CE,270.0,2160.0,Monitoring
2025-11-25,10:40:00,HOLD,MIDCPNIFTY25DEC13900CE,267.9,2412.0,Monitoring
2025-11-25,10:45:00,HOLD,MIDCPNIFTY25DEC13900CE,264.4,2832.0,Monitoring
2025-11-25,10:50:00,HOLD,MIDCPNIFTY25DEC13900CE,261.95,3126.0,Monitoring
2025-11-25,10:55:00,HOLD,MIDCPNIFTY25DEC13900CE,253.2,4176.0,Monitoring
2025-11-25,11:00:00,HOLD,MIDCPNIFTY25DEC13900CE,256.0,3840.0,Monitoring
2025-11-25,11:05:00,HOLD,MIDCPNIFTY25DEC13900CE,256.15,3822.0,Monitoring
2025-11-25,11:10:00,HOLD,MIDCPNIFTY25DEC13900CE,260.0,3360.0,Monitoring
2025-11-25,11:15:00,HOLD,MIDCPNIFTY25DEC13900CE,264.05,2874.0,Monitoring
2025-11-25,11:20:00,HOLD,MIDCPNIFTY25DEC13900CE,262.0,3120.0,Monitoring
2025-11-25,11:25:00,HOLD,MIDCPNIFTY25DEC13900CE,268.4,2352.0,Monitoring
2025-11-25,11:30:00,HOLD,MIDCPNIFTY25DEC13900CE,266.0,2640.0,Monitoring
2025-11-25,11:35:00,HOLD,MIDCPNIFTY25DEC13900CE,264.65,2802.0,Monitoring
2025-11-25,11:40:00,HOLD,MIDCPNIFTY25DEC13900CE,264.0,2880.0,Monitoring
2025-11-25,11:45:00,HOLD,MIDCPNIFTY25DEC13900CE,264.1,2868.0,Monitoring
2025-11-25,11:50:00,HOLD,MIDCPNIFTY25DEC13900CE,266.35,2598.0,Monitoring
2025-11-25,11:55:00,HOLD,MIDCPNIFTY25DEC13900CE,266.35,2598.0,Monitoring
2025-11-25,12:00:00,HOLD,MIDCPNIFTY25DEC13900CE,270.0,2160.0,Monitoring
2025-11-25,12:05:00,HOLD,MIDCPNIFTY25DEC13900CE,269.5,2220.0,Monitoring
2025-11-25,12:10:00,HOLD,MIDCPNIFTY25DEC13900CE,265.5,2700.0,Monitoring
2025-11-25,12:15:00,HOLD,MIDCPNIFTY25DEC13900CE,260.05,3354.0,Monitoring
2025-11-25,12:20:00,HOLD,MIDCPNIFTY25DEC13900CE,258.0,3600.0,Monitoring
2025-11-25,12:25:00,HOLD,MIDCPNIFTY25DEC13900CE,255.65,3882.0,Monitoring
2025-11-25,12:30:00,HOLD,MIDCPNIFTY25DEC13900CE,261.0,3240.0,Monitoring
2025-11-25,12:35:00,HOLD,MIDCPNIFTY25DEC13900CE,261.0,3240.0,Monitoring
2025-11-25,12:40:00,HOLD,MIDCPNIFTY25DEC13900CE,267.0,2520.0,Monitoring
2025-11-25,12:45:00,HOLD,MIDCPNIFTY25DEC13900CE,268.0,2400.0,Monitoring
2025-11-25,12:50:00,HOLD,MIDCPNIFTY25DEC13900CE,265.0,2760.0,Monitoring
2025-11-25,12:55:00,HOLD,MIDCPNIFTY25DEC13900CE,265.0,2760.0,Monitoring
2025-11-25,13:00:00,HOLD,MIDCPNIFTY25DEC13900CE,260.85,3258.0,Monitoring
2025-11-25,13:05:00,HOLD,MIDCPNIFTY25DEC13900CE,261.7,3156.0,Monitoring
2025-11-25,13:10:00,HOLD,MIDCPNIFTY25DEC13900CE,264.0,2880.0,Monitoring
2025-11-25,13:15:00,HOLD,MIDCPNIFTY25DEC13900CE,265.0,2760.0,Monitoring
2025-11-25,13:20:00,HOLD,MIDCPNIFTY25DEC13900CE,263.95,2886.0,Monitoring
2025-11-25,13:25:00,HOLD,MIDCPNIFTY25DEC13900CE,265.65,2682.0,Monitoring
2025-11-25,13:30:00,HOLD,MIDCPNIFTY25DEC13900CE,264.0,2880.0,Monitoring
2025-11-25,13:35:00,HOLD,MIDCPNIFTY25DEC13900CE,265.5,2700.0,Monitoring
2025-11-25,13:40:00,HOLD,MIDCPNIFTY25DEC13900CE,262.85,3018.0,Monitoring
2025-11-25,13:45:00,HOLD,MIDCPNIFTY25DEC13900CE,263.9,2892.0,Monitoring
2025-11-25,13:50:00,HOLD,MIDCPNIFTY25DEC13900CE,265.0,2760.0,Monitoring
2025-11-25,13:55:00,HOLD,MIDCPNIFTY25DEC13900CE,267.4,2472.0,Monitoring
2025-11-25,14:00:00,HOLD,MIDCPNIFTY25DEC13900CE,268.2,2376.0,Monitoring
2025-11-25,14:05:00,HOLD,MIDCPNIFTY25DEC13900CE,272.0,1920.0,Monitoring
2025-11-25,14:10:00,HOLD,MIDCPNIFTY25DEC13900CE,275.2,1536.0,Monitoring
2025-11-25,14:15:00,HOLD,MIDCPNIFTY25DEC13900CE,278.0,1200.0,Monitoring
2025-11-25,14:20:00,HOLD,MIDCPNIFTY25DEC13900CE,271.8,1944.0,Monitoring
2025-11-25,14:25:00,HOLD,MIDCPNIFTY25DEC13900CE,269.0,2280.0,Monitoring
2025-11-25,14:30:00,HOLD,MIDCPNIFTY25DEC13900CE,272.35,1878.0,Monitoring
2025-11-25,14:35:00,HOLD,MIDCPNIFTY25DEC13900CE,270.35,2118.0,Monitoring
2025-11-25,14:40:00,HOLD,MIDCPNIFTY25DEC13900CE,262.25,3090.0,Monitoring
2025-11-25,14:45:00,HOLD,MIDCPNIFTY25DEC13900CE,260.15,3342.0,Monitoring
2025-11-25,14:50:00,HOLD,MIDCPNIFTY25DEC13900CE,258.35,3558.0,Monitoring
2025-11-25,14:55:00,HOLD,MIDCPNIFTY25DEC13900CE,252.0,4320.0,Monitoring
2025-11-25,15:00:00,HOLD,MIDCPNIFTY25DEC13900CE,254.5,4020.0,Monitoring
2025-11-25,15:05:00,HOLD,MIDCPNIFTY25DEC13900CE,256.0,3840.0,Monitoring
2025-11-25,15:10:00,HOLD,MIDCPNIFTY25DEC13900CE,256.2,3816.0,Monitoring
2025-11-25,15:15:00,HOLD,MIDCPNIFTY25DEC13900CE,256.15,3822.0,Monitoring
2025-11-25,15:20:00,HOLD,MIDCPNIFTY25DEC13900CE,252.0,4320.0,Monitoring
2025-11-25,15:25:00,HOLD,MIDCPNIFTY25DEC13900CE,243.0,5400.0,Monitoring
2025-11-26,09:15:00,HOLD,MIDCPNIFTY25DEC13900CE,282.0,720.0,Monitoring
2025-11-26,09:20:00,HOLD,MIDCPNIFTY25DEC13900CE,278.4,1152.0,Monitoring
2025-11-26,09:25:00,HOLD,MIDCPNIFTY25DEC13900CE,295.0,-840.0,Monitoring
2025-11-26,09:30:00,HOLD,MIDCPNIFTY25DEC13900CE,310.55,-2706.0,Monitoring
2025-11-26,09:35:00,HOLD,MIDCPNIFTY25DEC13900CE,308.5,-2460.0,Monitoring
2025-11-26,09:35:00,BUY_EXIT,MIDCPNIFTY25DEC13900CE,308.5,-2460.0,EMA_REVERSAL_SL
