Date,Time,Event,Ticker,Price,PnL_INR,Info
2024-09-12,14:00:00,SELL_ENTRY,MIDCPNIFTY24SEP13200PE,179.45,0.0,Signal PE | Short
2024-09-12,14:05:00,HOLD,MIDCPNIFTY24SEP13200PE,187.5,-966.0,Monitoring
2024-09-12,14:10:00,HOLD,MIDCPNIFTY24SEP13200PE,168.1,1362.0,Monitoring
2024-09-12,14:15:00,HOLD,MIDCPNIFTY24SEP13200PE,167.95,1380.0,Monitoring
2024-09-12,14:20:00,HOLD,MIDCPNIFTY24SEP13200PE,164.55,1788.0,Monitoring
2024-09-12,14:25:00,HOLD,MIDCPNIFTY24SEP13200PE,164.9,1746.0,Monitoring
2024-09-12,14:30:00,HOLD,MIDCPNIFTY24SEP13200PE,157.05,2688.0,Monitoring
2024-09-12,14:35:00,HOLD,MIDCPNIFTY24SEP13200PE,147.9,3786.0,Monitoring
2024-09-12,14:40:00,HOLD,MIDCPNIFTY24SEP13200PE,150.0,3534.0,Monitoring
2024-09-12,14:45:00,HOLD,MIDCPNIFTY24SEP13200PE,150.0,3534.0,Monitoring
2024-09-12,14:50:00,HOLD,MIDCPNIFTY24SEP13200PE,160.0,2334.0,Monitoring
2024-09-12,14:55:00,HOLD,MIDCPNIFTY24SEP13200PE,145.9,4026.0,Monitoring
2024-09-12,15:00:00,HOLD,MIDCPNIFTY24SEP13200PE,145.9,4026.0,Monitoring
2024-09-12,15:05:00,HOLD,MIDCPNIFTY24SEP13200PE,145.95,4020.0,Monitoring
2024-09-12,15:10:00,HOLD,MIDCPNIFTY24SEP13200PE,145.95,4020.0,Monitoring
2024-09-12,15:15:00,HOLD,MIDCPNIFTY24SEP13200PE,144.0,4254.0,Monitoring
2024-09-12,15:20:00,HOLD,MIDCPNIFTY24SEP13200PE,145.0,4134.0,Monitoring
2024-09-12,15:25:00,HOLD,MIDCPNIFTY24SEP13200PE,136.15,5196.0,Monitoring
2024-09-13,09:15:00,HOLD,MIDCPNIFTY24SEP13200PE,136.15,5196.0,Monitoring
2024-09-13,09:20:00,HOLD,MIDCPNIFTY24SEP13200PE,136.15,5196.0,Monitoring
2024-09-13,09:25:00,HOLD,MIDCPNIFTY24SEP13200PE,138.85,4872.0,Monitoring
2024-09-13,09:30:00,HOLD,MIDCPNIFTY24SEP13200PE,140.15,4716.0,Monitoring
2024-09-13,09:35:00,HOLD,MIDCPNIFTY24SEP13200PE,142.4,4446.0,Monitoring
2024-09-13,09:40:00,HOLD,MIDCPNIFTY24SEP13200PE,163.55,1908.0,Monitoring
2024-09-13,09:45:00,HOLD,MIDCPNIFTY24SEP13200PE,163.55,1908.0,Monitoring
2024-09-13,09:50:00,HOLD,MIDCPNIFTY24SEP13200PE,163.55,1908.0,Monitoring
2024-09-13,09:55:00,HOLD,MIDCPNIFTY24SEP13200PE,163.55,1908.0,Monitoring
2024-09-13,10:00:00,HOLD,MIDCPNIFTY24SEP13200PE,126.0,6414.0,Monitoring
2024-09-13,10:05:00,HOLD,MIDCPNIFTY24SEP13200PE,125.0,6534.0,Monitoring
2024-09-13,10:10:00,HOLD,MIDCPNIFTY24SEP13200PE,125.0,6534.0,Monitoring
2024-09-13,10:15:00,HOLD,MIDCPNIFTY24SEP13200PE,128.0,6174.0,Monitoring
2024-09-13,10:20:00,HOLD,MIDCPNIFTY24SEP13200PE,128.0,6174.0,Monitoring
2024-09-13,10:25:00,HOLD,MIDCPNIFTY24SEP13200PE,128.0,6174.0,Monitoring
2024-09-13,10:30:00,HOLD,MIDCPNIFTY24SEP13200PE,128.0,6174.0,Monitoring
2024-09-13,10:35:00,HOLD,MIDCPNIFTY24SEP13200PE,128.0,6174.0,Monitoring
2024-09-13,10:40:00,HOLD,MIDCPNIFTY24SEP13200PE,125.0,6534.0,Monitoring
2024-09-13,10:45:00,HOLD,MIDCPNIFTY24SEP13200PE,131.0,5814.0,Monitoring
2024-09-13,10:50:00,HOLD,MIDCPNIFTY24SEP13200PE,131.0,5814.0,Monitoring
2024-09-13,10:55:00,HOLD,MIDCPNIFTY24SEP13200PE,135.55,5268.0,Monitoring
2024-09-13,11:00:00,HOLD,MIDCPNIFTY24SEP13200PE,135.55,5268.0,Monitoring
2024-09-13,11:05:00,HOLD,MIDCPNIFTY24SEP13200PE,125.0,6534.0,Monitoring
2024-09-13,11:10:00,HOLD,MIDCPNIFTY24SEP13200PE,130.0,5934.0,Monitoring
2024-09-13,11:15:00,HOLD,MIDCPNIFTY24SEP13200PE,130.0,5934.0,Monitoring
2024-09-13,11:20:00,HOLD,MIDCPNIFTY24SEP13200PE,130.85,5832.0,Monitoring
2024-09-13,11:25:00,HOLD,MIDCPNIFTY24SEP13200PE,130.85,5832.0,Monitoring
2024-09-13,11:30:00,HOLD,MIDCPNIFTY24SEP13200PE,130.85,5832.0,Monitoring
2024-09-13,11:35:00,HOLD,MIDCPNIFTY24SEP13200PE,130.85,5832.0,Monitoring
2024-09-13,11:40:00,HOLD,MIDCPNIFTY24SEP13200PE,130.85,5832.0,Monitoring
2024-09-13,11:45:00,HOLD,MIDCPNIFTY24SEP13200PE,130.85,5832.0,Monitoring
2024-09-13,11:50:00,HOLD,MIDCPNIFTY24SEP13200PE,130.85,5832.0,Monitoring
2024-09-13,11:55:00,HOLD,MIDCPNIFTY24SEP13200PE,130.0,5934.0,Monitoring
2024-09-13,12:00:00,HOLD,MIDCPNIFTY24SEP13200PE,130.0,5934.0,Monitoring
2024-09-13,12:05:00,HOLD,MIDCPNIFTY24SEP13200PE,130.0,5934.0,Monitoring
2024-09-13,12:10:00,HOLD,MIDCPNIFTY24SEP13200PE,130.0,5934.0,Monitoring
2024-09-13,12:15:00,HOLD,MIDCPNIFTY24SEP13200PE,130.0,5934.0,Monitoring
2024-09-13,12:20:00,HOLD,MIDCPNIFTY24SEP13200PE,130.0,5934.0,Monitoring
2024-09-13,12:25:00,HOLD,MIDCPNIFTY24SEP13200PE,130.0,5934.0,Monitoring
2024-09-13,12:30:00,HOLD,MIDCPNIFTY24SEP13200PE,130.0,5934.0,Monitoring
2024-09-13,12:35:00,HOLD,MIDCPNIFTY24SEP13200PE,130.0,5934.0,Monitoring
2024-09-13,12:40:00,HOLD,MIDCPNIFTY24SEP13200PE,130.0,5934.0,Monitoring
2024-09-13,12:45:00,HOLD,MIDCPNIFTY24SEP13200PE,130.0,5934.0,Monitoring
2024-09-13,12:50:00,HOLD,MIDCPNIFTY24SEP13200PE,130.0,5934.0,Monitoring
2024-09-13,12:55:00,HOLD,MIDCPNIFTY24SEP13200PE,130.0,5934.0,Monitoring
2024-09-13,13:00:00,HOLD,MIDCPNIFTY24SEP13200PE,125.05,6528.0,Monitoring
2024-09-13,13:05:00,HOLD,MIDCPNIFTY24SEP13200PE,125.0,6534.0,Monitoring
2024-09-13,13:10:00,HOLD,MIDCPNIFTY24SEP13200PE,125.0,6534.0,Monitoring
2024-09-13,13:15:00,HOLD,MIDCPNIFTY24SEP13200PE,125.0,6534.0,Monitoring
2024-09-13,13:20:00,HOLD,MIDCPNIFTY24SEP13200PE,125.0,6534.0,Monitoring
2024-09-13,13:25:00,HOLD,MIDCPNIFTY24SEP13200PE,125.0,6534.0,Monitoring
2024-09-13,13:30:00,HOLD,MIDCPNIFTY24SEP13200PE,125.0,6534.0,Monitoring
2024-09-13,13:35:00,HOLD,MIDCPNIFTY24SEP13200PE,125.0,6534.0,Monitoring
2024-09-13,13:40:00,HOLD,MIDCPNIFTY24SEP13200PE,125.0,6534.0,Monitoring
2024-09-13,13:45:00,HOLD,MIDCPNIFTY24SEP13200PE,125.0,6534.0,Monitoring
2024-09-13,13:50:00,HOLD,MIDCPNIFTY24SEP13200PE,125.0,6534.0,Monitoring
2024-09-13,13:55:00,HOLD,MIDCPNIFTY24SEP13200PE,125.0,6534.0,Monitoring
2024-09-13,14:00:00,HOLD,MIDCPNIFTY24SEP13200PE,125.0,6534.0,Monitoring
2024-09-13,14:05:00,HOLD,MIDCPNIFTY24SEP13200PE,125.0,6534.0,Monitoring
2024-09-13,14:10:00,HOLD,MIDCPNIFTY24SEP13200PE,125.0,6534.0,Monitoring
2024-09-13,14:15:00,HOLD,MIDCPNIFTY24SEP13200PE,125.0,6534.0,Monitoring
2024-09-13,14:20:00,HOLD,MIDCPNIFTY24SEP13200PE,125.0,6534.0,Monitoring
2024-09-13,14:25:00,HOLD,MIDCPNIFTY24SEP13200PE,125.0,6534.0,Monitoring
2024-09-13,14:30:00,HOLD,MIDCPNIFTY24SEP13200PE,120.0,7134.0,Monitoring
2024-09-13,14:35:00,HOLD,MIDCPNIFTY24SEP13200PE,120.0,7134.0,Monitoring
2024-09-13,14:40:00,HOLD,MIDCPNIFTY24SEP13200PE,120.0,7134.0,Monitoring
2024-09-13,14:45:00,HOLD,MIDCPNIFTY24SEP13200PE,121.0,7014.0,Monitoring
2024-09-13,14:50:00,HOLD,MIDCPNIFTY24SEP13200PE,115.0,7734.0,Monitoring
2024-09-13,14:55:00,HOLD,MIDCPNIFTY24SEP13200PE,115.0,7734.0,Monitoring
2024-09-13,15:00:00,HOLD,MIDCPNIFTY24SEP13200PE,121.15,6996.0,Monitoring
2024-09-13,15:05:00,HOLD,MIDCPNIFTY24SEP13200PE,114.6,7782.0,Monitoring
2024-09-13,15:10:00,HOLD,MIDCPNIFTY24SEP13200PE,120.0,7134.0,Monitoring
2024-09-13,15:15:00,HOLD,MIDCPNIFTY24SEP13200PE,119.85,7152.0,Monitoring
2024-09-13,15:20:00,HOLD,MIDCPNIFTY24SEP13200PE,121.0,7014.0,Monitoring
2024-09-13,15:25:00,HOLD,MIDCPNIFTY24SEP13200PE,124.35,6612.0,Monitoring
2024-09-16,09:15:00,HOLD,MIDCPNIFTY24SEP13200PE,124.35,6612.0,Monitoring
2024-09-16,09:20:00,HOLD,MIDCPNIFTY24SEP13200PE,120.6,7062.0,Monitoring
2024-09-16,09:25:00,HOLD,MIDCPNIFTY24SEP13200PE,110.0,8334.0,Monitoring
2024-09-16,09:30:00,HOLD,MIDCPNIFTY24SEP13200PE,114.0,7854.0,Monitoring
2024-09-16,09:35:00,HOLD,MIDCPNIFTY24SEP13200PE,110.05,8328.0,Monitoring
2024-09-16,09:40:00,HOLD,MIDCPNIFTY24SEP13200PE,110.05,8328.0,Monitoring
2024-09-16,09:45:00,HOLD,MIDCPNIFTY24SEP13200PE,85.4,11286.0,Monitoring
2024-09-16,09:50:00,HOLD,MIDCPNIFTY24SEP13200PE,102.7,9210.0,Monitoring
2024-09-16,09:55:00,HOLD,MIDCPNIFTY24SEP13200PE,98.2,9750.0,Monitoring
2024-09-16,10:00:00,HOLD,MIDCPNIFTY24SEP13200PE,115.0,7734.0,Monitoring
2024-09-16,10:05:00,HOLD,MIDCPNIFTY24SEP13200PE,114.0,7854.0,Monitoring
2024-09-16,10:10:00,HOLD,MIDCPNIFTY24SEP13200PE,115.0,7734.0,Monitoring
2024-09-16,10:15:00,HOLD,MIDCPNIFTY24SEP13200PE,120.6,7062.0,Monitoring
2024-09-16,10:20:00,HOLD,MIDCPNIFTY24SEP13200PE,120.6,7062.0,Monitoring
2024-09-16,10:25:00,HOLD,MIDCPNIFTY24SEP13200PE,118.5,7314.0,Monitoring
2024-09-16,10:30:00,HOLD,MIDCPNIFTY24SEP13200PE,110.0,8334.0,Monitoring
2024-09-16,10:35:00,HOLD,MIDCPNIFTY24SEP13200PE,115.5,7674.0,Monitoring
2024-09-16,10:40:00,HOLD,MIDCPNIFTY24SEP13200PE,116.8,7518.0,Monitoring
2024-09-16,10:45:00,HOLD,MIDCPNIFTY24SEP13200PE,112.25,8064.0,Monitoring
2024-09-16,10:50:00,HOLD,MIDCPNIFTY24SEP13200PE,116.95,7500.0,Monitoring
2024-09-16,10:55:00,HOLD,MIDCPNIFTY24SEP13200PE,116.95,7500.0,Monitoring
2024-09-16,11:00:00,HOLD,MIDCPNIFTY24SEP13200PE,112.7,8010.0,Monitoring
2024-09-16,11:05:00,HOLD,MIDCPNIFTY24SEP13200PE,107.4,8646.0,Monitoring
2024-09-16,11:10:00,HOLD,MIDCPNIFTY24SEP13200PE,110.05,8328.0,Monitoring
2024-09-16,11:15:00,HOLD,MIDCPNIFTY24SEP13200PE,110.05,8328.0,Monitoring
2024-09-16,11:20:00,HOLD,MIDCPNIFTY24SEP13200PE,114.95,7740.0,Monitoring
2024-09-16,11:25:00,HOLD,MIDCPNIFTY24SEP13200PE,116.75,7524.0,Monitoring
2024-09-16,11:30:00,HOLD,MIDCPNIFTY24SEP13200PE,116.75,7524.0,Monitoring
2024-09-16,11:35:00,HOLD,MIDCPNIFTY24SEP13200PE,116.75,7524.0,Monitoring
2024-09-16,11:40:00,HOLD,MIDCPNIFTY24SEP13200PE,116.75,7524.0,Monitoring
2024-09-16,11:45:00,HOLD,MIDCPNIFTY24SEP13200PE,116.3,7578.0,Monitoring
2024-09-16,11:50:00,HOLD,MIDCPNIFTY24SEP13200PE,122.1,6882.0,Monitoring
2024-09-16,11:55:00,HOLD,MIDCPNIFTY24SEP13200PE,122.1,6882.0,Monitoring
2024-09-16,12:00:00,HOLD,MIDCPNIFTY24SEP13200PE,123.5,6714.0,Monitoring
2024-09-16,12:05:00,HOLD,MIDCPNIFTY24SEP13200PE,125.5,6474.0,Monitoring
2024-09-16,12:10:00,HOLD,MIDCPNIFTY24SEP13200PE,137.0,5094.0,Monitoring
2024-09-16,12:15:00,HOLD,MIDCPNIFTY24SEP13200PE,137.0,5094.0,Monitoring
2024-09-16,12:20:00,HOLD,MIDCPNIFTY24SEP13200PE,137.0,5094.0,Monitoring
2024-09-16,12:20:00,BUY_EXIT,MIDCPNIFTY24SEP13200PE,137.0,5094.0,EMA_REVERSAL_SL
