Date,Time,Event,Ticker,Price,PnL_INR,Info
2025-08-04,14:00:00,SELL_ENTRY,MIDCPNIFTY25AUG12600PE,141.4,0.0,Signal PE | Short
2025-08-04,14:05:00,HOLD,MIDCPNIFTY25AUG12600PE,139.6,216.0,Monitoring
2025-08-04,14:10:00,HOLD,MIDCPNIFTY25AUG12600PE,142.1,-84.0,Monitoring
2025-08-04,14:15:00,HOLD,MIDCPNIFTY25AUG12600PE,139.1,276.0,Monitoring
2025-08-04,14:20:00,HOLD,MIDCPNIFTY25AUG12600PE,138.0,408.0,Monitoring
2025-08-04,14:25:00,HOLD,MIDCPNIFTY25AUG12600PE,139.85,186.0,Monitoring
2025-08-04,14:30:00,HOLD,MIDCPNIFTY25AUG12600PE,134.0,888.0,Monitoring
2025-08-04,14:35:00,HOLD,MIDCPNIFTY25AUG12600PE,134.8,792.0,Monitoring
2025-08-04,14:40:00,HOLD,MIDCPNIFTY25AUG12600PE,138.0,408.0,Monitoring
2025-08-04,14:45:00,HOLD,MIDCPNIFTY25AUG12600PE,134.1,876.0,Monitoring
2025-08-04,14:50:00,HOLD,MIDCPNIFTY25AUG12600PE,133.25,978.0,Monitoring
2025-08-04,14:55:00,HOLD,MIDCPNIFTY25AUG12600PE,134.0,888.0,Monitoring
2025-08-04,15:00:00,HOLD,MIDCPNIFTY25AUG12600PE,132.0,1128.0,Monitoring
2025-08-04,15:05:00,HOLD,MIDCPNIFTY25AUG12600PE,130.1,1356.0,Monitoring
2025-08-04,15:10:00,HOLD,MIDCPNIFTY25AUG12600PE,132.75,1038.0,Monitoring
2025-08-04,15:15:00,HOLD,MIDCPNIFTY25AUG12600PE,130.55,1302.0,Monitoring
2025-08-04,15:20:00,HOLD,MIDCPNIFTY25AUG12600PE,130.75,1278.0,Monitoring
2025-08-04,15:25:00,HOLD,MIDCPNIFTY25AUG12600PE,129.45,1434.0,Monitoring
2025-08-05,09:15:00,HOLD,MIDCPNIFTY25AUG12600PE,140.7,84.0,Monitoring
2025-08-05,09:20:00,HOLD,MIDCPNIFTY25AUG12600PE,142.2,-96.0,Monitoring
2025-08-05,09:25:00,HOLD,MIDCPNIFTY25AUG12600PE,144.5,-372.0,Monitoring
2025-08-05,09:30:00,HOLD,MIDCPNIFTY25AUG12600PE,146.1,-564.0,Monitoring
2025-08-05,09:35:00,HOLD,MIDCPNIFTY25AUG12600PE,161.4,-2400.0,Monitoring
2025-08-05,09:40:00,HOLD,MIDCPNIFTY25AUG12600PE,164.7,-2796.0,Monitoring
2025-08-05,09:45:00,HOLD,MIDCPNIFTY25AUG12600PE,174.05,-3918.0,Monitoring
2025-08-05,09:50:00,HOLD,MIDCPNIFTY25AUG12600PE,179.3,-4548.0,Monitoring
2025-08-05,09:55:00,HOLD,MIDCPNIFTY25AUG12600PE,181.6,-4824.0,Monitoring
2025-08-05,10:00:00,HOLD,MIDCPNIFTY25AUG12600PE,178.6,-4464.0,Monitoring
2025-08-05,10:05:00,HOLD,MIDCPNIFTY25AUG12600PE,162.7,-2556.0,Monitoring
2025-08-05,10:10:00,HOLD,MIDCPNIFTY25AUG12600PE,174.55,-3978.0,Monitoring
2025-08-05,10:15:00,HOLD,MIDCPNIFTY25AUG12600PE,171.0,-3552.0,Monitoring
2025-08-05,10:20:00,HOLD,MIDCPNIFTY25AUG12600PE,174.35,-3954.0,Monitoring
2025-08-05,10:20:00,BUY_EXIT,MIDCPNIFTY25AUG12600PE,174.35,-3954.0,EMA_REVERSAL_SL
