Date,Time,Event,Ticker,Price,PnL_INR,Info
2025-01-24,14:00:00,SELL_ENTRY,MIDCPNIFTY25JAN12200CE,113.95,0.0,Signal CE | Short
2025-01-24,14:05:00,HOLD,MIDCPNIFTY25JAN12200CE,107.3,798.0,Monitoring
2025-01-24,14:10:00,HOLD,MIDCPNIFTY25JAN12200CE,94.2,2370.0,Monitoring
2025-01-24,14:15:00,HOLD,MIDCPNIFTY25JAN12200CE,93.35,2472.0,Monitoring
2025-01-24,14:20:00,HOLD,MIDCPNIFTY25JAN12200CE,85.1,3462.0,Monitoring
2025-01-24,14:25:00,HOLD,MIDCPNIFTY25JAN12200CE,90.8,2778.0,Monitoring
2025-01-24,14:30:00,HOLD,MIDCPNIFTY25JAN12200CE,91.4,2706.0,Monitoring
2025-01-24,14:35:00,HOLD,MIDCPNIFTY25JAN12200CE,76.8,4458.0,Monitoring
2025-01-24,14:40:00,HOLD,MIDCPNIFTY25JAN12200CE,75.3,4638.0,Monitoring
2025-01-24,14:45:00,HOLD,MIDCPNIFTY25JAN12200CE,75.75,4584.0,Monitoring
2025-01-24,14:50:00,HOLD,MIDCPNIFTY25JAN12200CE,88.95,3000.0,Monitoring
2025-01-24,14:55:00,HOLD,MIDCPNIFTY25JAN12200CE,87.1,3222.0,Monitoring
2025-01-24,15:00:00,HOLD,MIDCPNIFTY25JAN12200CE,80.55,4008.0,Monitoring
2025-01-24,15:05:00,HOLD,MIDCPNIFTY25JAN12200CE,87.7,3150.0,Monitoring
2025-01-24,15:10:00,HOLD,MIDCPNIFTY25JAN12200CE,76.5,4494.0,Monitoring
2025-01-24,15:15:00,HOLD,MIDCPNIFTY25JAN12200CE,82.7,3750.0,Monitoring
2025-01-24,15:20:00,HOLD,MIDCPNIFTY25JAN12200CE,77.55,4368.0,Monitoring
2025-01-24,15:25:00,HOLD,MIDCPNIFTY25JAN12200CE,71.55,5088.0,Monitoring
2025-01-27,09:15:00,HOLD,MIDCPNIFTY25JAN12200CE,40.45,8820.0,Monitoring
2025-01-27,09:20:00,HOLD,MIDCPNIFTY25JAN12200CE,42.95,8520.0,Monitoring
2025-01-27,09:25:00,HOLD,MIDCPNIFTY25JAN12200CE,37.1,9222.0,Monitoring
2025-01-27,09:30:00,HOLD,MIDCPNIFTY25JAN12200CE,35.0,9474.0,Monitoring
2025-01-27,09:35:00,HOLD,MIDCPNIFTY25JAN12200CE,38.15,9096.0,Monitoring
2025-01-27,09:40:00,HOLD,MIDCPNIFTY25JAN12200CE,37.45,9180.0,Monitoring
2025-01-27,09:45:00,HOLD,MIDCPNIFTY25JAN12200CE,34.6,9522.0,Monitoring
2025-01-27,09:50:00,HOLD,MIDCPNIFTY25JAN12200CE,31.1,9942.0,Monitoring
2025-01-27,09:55:00,HOLD,MIDCPNIFTY25JAN12200CE,27.75,10344.0,Monitoring
2025-01-27,09:55:00,BUY_EXIT,MIDCPNIFTY25JAN12200CE,27.75,10344.0,TARGET_LTP_30
