Date,Time,Event,Ticker,Price,PnL_INR,Info
2024-04-18,14:55:00,SELL_ENTRY,MIDCPNIFTY24APR10900CE,82.65,0.0,Signal CE | Short
2024-04-18,15:00:00,HOLD,MIDCPNIFTY24APR10900CE,78.0,558.0,Monitoring
2024-04-18,15:05:00,HOLD,MIDCPNIFTY24APR10900CE,78.0,558.0,Monitoring
2024-04-18,15:10:00,HOLD,MIDCPNIFTY24APR10900CE,78.05,552.0,Monitoring
2024-04-18,15:15:00,HOLD,MIDCPNIFTY24APR10900CE,82.85,-24.0,Monitoring
2024-04-18,15:20:00,HOLD,MIDCPNIFTY24APR10900CE,82.95,-36.0,Monitoring
2024-04-18,15:25:00,HOLD,MIDCPNIFTY24APR10900CE,80.15,300.0,Monitoring
2024-04-19,09:30:00,HOLD,MIDCPNIFTY24APR10900CE,49.25,4008.0,Monitoring
2024-04-19,09:35:00,HOLD,MIDCPNIFTY24APR10900CE,50.15,3900.0,Monitoring
2024-04-19,09:40:00,HOLD,MIDCPNIFTY24APR10900CE,49.15,4020.0,Monitoring
2024-04-19,09:45:00,HOLD,MIDCPNIFTY24APR10900CE,48.8,4062.0,Monitoring
2024-04-19,09:50:00,HOLD,MIDCPNIFTY24APR10900CE,45.0,4518.0,Monitoring
2024-04-19,09:55:00,HOLD,MIDCPNIFTY24APR10900CE,47.25,4248.0,Monitoring
2024-04-19,10:00:00,HOLD,MIDCPNIFTY24APR10900CE,49.0,4038.0,Monitoring
2024-04-19,10:05:00,HOLD,MIDCPNIFTY24APR10900CE,49.7,3954.0,Monitoring
2024-04-19,10:10:00,HOLD,MIDCPNIFTY24APR10900CE,49.0,4038.0,Monitoring
2024-04-19,10:15:00,HOLD,MIDCPNIFTY24APR10900CE,49.05,4032.0,Monitoring
2024-04-19,10:20:00,HOLD,MIDCPNIFTY24APR10900CE,48.75,4068.0,Monitoring
2024-04-19,10:25:00,HOLD,MIDCPNIFTY24APR10900CE,46.0,4398.0,Monitoring
2024-04-19,10:30:00,HOLD,MIDCPNIFTY24APR10900CE,46.25,4368.0,Monitoring
2024-04-19,10:35:00,HOLD,MIDCPNIFTY24APR10900CE,46.2,4374.0,Monitoring
2024-04-19,10:40:00,HOLD,MIDCPNIFTY24APR10900CE,47.55,4212.0,Monitoring
2024-04-19,10:45:00,HOLD,MIDCPNIFTY24APR10900CE,42.15,4860.0,Monitoring
2024-04-19,10:50:00,HOLD,MIDCPNIFTY24APR10900CE,41.65,4920.0,Monitoring
2024-04-19,10:55:00,HOLD,MIDCPNIFTY24APR10900CE,44.3,4602.0,Monitoring
2024-04-19,11:00:00,HOLD,MIDCPNIFTY24APR10900CE,42.05,4872.0,Monitoring
2024-04-19,11:05:00,HOLD,MIDCPNIFTY24APR10900CE,41.95,4884.0,Monitoring
2024-04-19,11:10:00,HOLD,MIDCPNIFTY24APR10900CE,41.5,4938.0,Monitoring
2024-04-19,11:15:00,HOLD,MIDCPNIFTY24APR10900CE,40.0,5118.0,Monitoring
2024-04-19,11:20:00,HOLD,MIDCPNIFTY24APR10900CE,41.05,4992.0,Monitoring
2024-04-19,11:25:00,HOLD,MIDCPNIFTY24APR10900CE,43.05,4752.0,Monitoring
2024-04-19,11:30:00,HOLD,MIDCPNIFTY24APR10900CE,41.05,4992.0,Monitoring
2024-04-19,11:35:00,HOLD,MIDCPNIFTY24APR10900CE,44.4,4590.0,Monitoring
2024-04-19,11:40:00,HOLD,MIDCPNIFTY24APR10900CE,46.3,4362.0,Monitoring
2024-04-19,11:45:00,HOLD,MIDCPNIFTY24APR10900CE,45.25,4488.0,Monitoring
2024-04-19,11:50:00,HOLD,MIDCPNIFTY24APR10900CE,45.25,4488.0,Monitoring
2024-04-19,11:55:00,HOLD,MIDCPNIFTY24APR10900CE,43.85,4656.0,Monitoring
2024-04-19,12:00:00,HOLD,MIDCPNIFTY24APR10900CE,43.85,4656.0,Monitoring
2024-04-19,12:05:00,HOLD,MIDCPNIFTY24APR10900CE,45.25,4488.0,Monitoring
2024-04-19,12:10:00,HOLD,MIDCPNIFTY24APR10900CE,44.2,4614.0,Monitoring
2024-04-19,12:15:00,HOLD,MIDCPNIFTY24APR10900CE,45.85,4416.0,Monitoring
2024-04-19,12:20:00,HOLD,MIDCPNIFTY24APR10900CE,49.75,3948.0,Monitoring
2024-04-19,12:25:00,HOLD,MIDCPNIFTY24APR10900CE,47.85,4176.0,Monitoring
2024-04-19,12:30:00,HOLD,MIDCPNIFTY24APR10900CE,46.25,4368.0,Monitoring
2024-04-19,12:35:00,HOLD,MIDCPNIFTY24APR10900CE,49.0,4038.0,Monitoring
2024-04-19,12:40:00,HOLD,MIDCPNIFTY24APR10900CE,51.45,3744.0,Monitoring
2024-04-19,12:45:00,HOLD,MIDCPNIFTY24APR10900CE,50.8,3822.0,Monitoring
2024-04-19,12:50:00,HOLD,MIDCPNIFTY24APR10900CE,52.0,3678.0,Monitoring
2024-04-19,12:55:00,HOLD,MIDCPNIFTY24APR10900CE,55.0,3318.0,Monitoring
2024-04-19,13:00:00,HOLD,MIDCPNIFTY24APR10900CE,53.9,3450.0,Monitoring
2024-04-19,13:05:00,HOLD,MIDCPNIFTY24APR10900CE,54.4,3390.0,Monitoring
2024-04-19,13:10:00,HOLD,MIDCPNIFTY24APR10900CE,55.4,3270.0,Monitoring
2024-04-19,13:15:00,HOLD,MIDCPNIFTY24APR10900CE,53.55,3492.0,Monitoring
2024-04-19,13:20:00,HOLD,MIDCPNIFTY24APR10900CE,55.0,3318.0,Monitoring
2024-04-19,13:25:00,HOLD,MIDCPNIFTY24APR10900CE,55.8,3222.0,Monitoring
2024-04-19,13:30:00,HOLD,MIDCPNIFTY24APR10900CE,54.6,3366.0,Monitoring
2024-04-19,13:35:00,HOLD,MIDCPNIFTY24APR10900CE,52.5,3618.0,Monitoring
2024-04-19,13:40:00,HOLD,MIDCPNIFTY24APR10900CE,48.1,4146.0,Monitoring
2024-04-19,13:45:00,HOLD,MIDCPNIFTY24APR10900CE,51.05,3792.0,Monitoring
2024-04-19,13:50:00,HOLD,MIDCPNIFTY24APR10900CE,56.35,3156.0,Monitoring
2024-04-19,13:55:00,HOLD,MIDCPNIFTY24APR10900CE,56.8,3102.0,Monitoring
2024-04-19,14:00:00,HOLD,MIDCPNIFTY24APR10900CE,62.85,2376.0,Monitoring
2024-04-19,14:05:00,HOLD,MIDCPNIFTY24APR10900CE,65.0,2118.0,Monitoring
2024-04-19,14:10:00,HOLD,MIDCPNIFTY24APR10900CE,60.05,2712.0,Monitoring
2024-04-19,14:15:00,HOLD,MIDCPNIFTY24APR10900CE,59.95,2724.0,Monitoring
2024-04-19,14:20:00,HOLD,MIDCPNIFTY24APR10900CE,57.0,3078.0,Monitoring
2024-04-19,14:25:00,HOLD,MIDCPNIFTY24APR10900CE,57.1,3066.0,Monitoring
2024-04-19,14:30:00,HOLD,MIDCPNIFTY24APR10900CE,61.05,2592.0,Monitoring
2024-04-19,14:35:00,HOLD,MIDCPNIFTY24APR10900CE,57.9,2970.0,Monitoring
2024-04-19,14:40:00,HOLD,MIDCPNIFTY24APR10900CE,50.65,3840.0,Monitoring
2024-04-19,14:45:00,HOLD,MIDCPNIFTY24APR10900CE,51.45,3744.0,Monitoring
2024-04-19,14:50:00,HOLD,MIDCPNIFTY24APR10900CE,51.15,3780.0,Monitoring
2024-04-19,14:55:00,HOLD,MIDCPNIFTY24APR10900CE,50.2,3894.0,Monitoring
2024-04-19,15:00:00,HOLD,MIDCPNIFTY24APR10900CE,48.35,4116.0,Monitoring
2024-04-19,15:05:00,HOLD,MIDCPNIFTY24APR10900CE,52.0,3678.0,Monitoring
2024-04-19,15:10:00,HOLD,MIDCPNIFTY24APR10900CE,51.75,3708.0,Monitoring
2024-04-19,15:15:00,HOLD,MIDCPNIFTY24APR10900CE,51.95,3684.0,Monitoring
2024-04-19,15:20:00,HOLD,MIDCPNIFTY24APR10900CE,56.9,3090.0,Monitoring
2024-04-19,15:25:00,HOLD,MIDCPNIFTY24APR10900CE,51.7,3714.0,Monitoring
2024-04-22,09:15:00,HOLD,MIDCPNIFTY24APR10900CE,55.0,3318.0,Monitoring
2024-04-22,09:20:00,HOLD,MIDCPNIFTY24APR10900CE,53.0,3558.0,Monitoring
2024-04-22,09:25:00,HOLD,MIDCPNIFTY24APR10900CE,48.25,4128.0,Monitoring
2024-04-22,09:30:00,HOLD,MIDCPNIFTY24APR10900CE,46.35,4356.0,Monitoring
2024-04-22,09:35:00,HOLD,MIDCPNIFTY24APR10900CE,45.4,4470.0,Monitoring
2024-04-22,09:40:00,HOLD,MIDCPNIFTY24APR10900CE,45.2,4494.0,Monitoring
2024-04-22,09:45:00,HOLD,MIDCPNIFTY24APR10900CE,42.25,4848.0,Monitoring
2024-04-22,09:50:00,HOLD,MIDCPNIFTY24APR10900CE,43.25,4728.0,Monitoring
2024-04-22,09:55:00,HOLD,MIDCPNIFTY24APR10900CE,42.9,4770.0,Monitoring
2024-04-22,10:00:00,HOLD,MIDCPNIFTY24APR10900CE,42.6,4806.0,Monitoring
2024-04-22,10:05:00,HOLD,MIDCPNIFTY24APR10900CE,41.2,4974.0,Monitoring
2024-04-22,10:10:00,HOLD,MIDCPNIFTY24APR10900CE,42.4,4830.0,Monitoring
2024-04-22,10:15:00,HOLD,MIDCPNIFTY24APR10900CE,40.7,5034.0,Monitoring
2024-04-22,10:20:00,HOLD,MIDCPNIFTY24APR10900CE,37.9,5370.0,Monitoring
2024-04-22,10:25:00,HOLD,MIDCPNIFTY24APR10900CE,36.25,5568.0,Monitoring
2024-04-22,10:30:00,HOLD,MIDCPNIFTY24APR10900CE,36.35,5556.0,Monitoring
2024-04-22,10:35:00,HOLD,MIDCPNIFTY24APR10900CE,37.5,5418.0,Monitoring
2024-04-22,10:40:00,HOLD,MIDCPNIFTY24APR10900CE,38.55,5292.0,Monitoring
2024-04-22,10:45:00,HOLD,MIDCPNIFTY24APR10900CE,37.5,5418.0,Monitoring
2024-04-22,10:50:00,HOLD,MIDCPNIFTY24APR10900CE,39.0,5238.0,Monitoring
2024-04-22,10:55:00,HOLD,MIDCPNIFTY24APR10900CE,41.1,4986.0,Monitoring
2024-04-22,11:00:00,HOLD,MIDCPNIFTY24APR10900CE,41.1,4986.0,Monitoring
2024-04-22,11:05:00,HOLD,MIDCPNIFTY24APR10900CE,40.1,5106.0,Monitoring
2024-04-22,11:10:00,HOLD,MIDCPNIFTY24APR10900CE,39.65,5160.0,Monitoring
2024-04-22,11:15:00,HOLD,MIDCPNIFTY24APR10900CE,38.15,5340.0,Monitoring
2024-04-22,11:20:00,HOLD,MIDCPNIFTY24APR10900CE,38.75,5268.0,Monitoring
2024-04-22,11:25:00,HOLD,MIDCPNIFTY24APR10900CE,39.35,5196.0,Monitoring
2024-04-22,11:30:00,HOLD,MIDCPNIFTY24APR10900CE,39.65,5160.0,Monitoring
2024-04-22,11:35:00,HOLD,MIDCPNIFTY24APR10900CE,39.0,5238.0,Monitoring
2024-04-22,11:40:00,HOLD,MIDCPNIFTY24APR10900CE,37.0,5478.0,Monitoring
2024-04-22,11:45:00,HOLD,MIDCPNIFTY24APR10900CE,37.4,5430.0,Monitoring
2024-04-22,11:50:00,HOLD,MIDCPNIFTY24APR10900CE,37.0,5478.0,Monitoring
2024-04-22,11:55:00,HOLD,MIDCPNIFTY24APR10900CE,37.8,5382.0,Monitoring
2024-04-22,12:00:00,HOLD,MIDCPNIFTY24APR10900CE,37.65,5400.0,Monitoring
2024-04-22,12:05:00,HOLD,MIDCPNIFTY24APR10900CE,37.55,5412.0,Monitoring
2024-04-22,12:10:00,HOLD,MIDCPNIFTY24APR10900CE,37.7,5394.0,Monitoring
2024-04-22,12:15:00,HOLD,MIDCPNIFTY24APR10900CE,35.45,5664.0,Monitoring
2024-04-22,12:20:00,HOLD,MIDCPNIFTY24APR10900CE,37.35,5436.0,Monitoring
2024-04-22,12:25:00,HOLD,MIDCPNIFTY24APR10900CE,33.7,5874.0,Monitoring
2024-04-22,12:30:00,HOLD,MIDCPNIFTY24APR10900CE,34.0,5838.0,Monitoring
2024-04-22,12:35:00,HOLD,MIDCPNIFTY24APR10900CE,33.5,5898.0,Monitoring
2024-04-22,12:40:00,HOLD,MIDCPNIFTY24APR10900CE,32.3,6042.0,Monitoring
2024-04-22,12:45:00,HOLD,MIDCPNIFTY24APR10900CE,31.05,6192.0,Monitoring
2024-04-22,12:50:00,HOLD,MIDCPNIFTY24APR10900CE,30.55,6252.0,Monitoring
2024-04-22,12:55:00,HOLD,MIDCPNIFTY24APR10900CE,31.75,6108.0,Monitoring
2024-04-22,13:00:00,HOLD,MIDCPNIFTY24APR10900CE,32.55,6012.0,Monitoring
2024-04-22,13:05:00,HOLD,MIDCPNIFTY24APR10900CE,31.3,6162.0,Monitoring
2024-04-22,13:10:00,HOLD,MIDCPNIFTY24APR10900CE,30.95,6204.0,Monitoring
2024-04-22,13:15:00,HOLD,MIDCPNIFTY24APR10900CE,31.25,6168.0,Monitoring
2024-04-22,13:20:00,HOLD,MIDCPNIFTY24APR10900CE,31.4,6150.0,Monitoring
2024-04-22,13:25:00,HOLD,MIDCPNIFTY24APR10900CE,31.4,6150.0,Monitoring
2024-04-22,13:30:00,HOLD,MIDCPNIFTY24APR10900CE,31.4,6150.0,Monitoring
2024-04-22,13:35:00,HOLD,MIDCPNIFTY24APR10900CE,32.3,6042.0,Monitoring
2024-04-22,13:40:00,HOLD,MIDCPNIFTY24APR10900CE,33.05,5952.0,Monitoring
2024-04-22,13:45:00,HOLD,MIDCPNIFTY24APR10900CE,33.6,5886.0,Monitoring
2024-04-22,13:50:00,HOLD,MIDCPNIFTY24APR10900CE,33.1,5946.0,Monitoring
2024-04-22,13:55:00,HOLD,MIDCPNIFTY24APR10900CE,32.25,6048.0,Monitoring
2024-04-22,14:00:00,HOLD,MIDCPNIFTY24APR10900CE,31.6,6126.0,Monitoring
2024-04-22,14:05:00,HOLD,MIDCPNIFTY24APR10900CE,31.5,6138.0,Monitoring
2024-04-22,14:10:00,HOLD,MIDCPNIFTY24APR10900CE,31.45,6144.0,Monitoring
2024-04-22,14:15:00,HOLD,MIDCPNIFTY24APR10900CE,31.4,6150.0,Monitoring
2024-04-22,14:20:00,HOLD,MIDCPNIFTY24APR10900CE,31.9,6090.0,Monitoring
2024-04-22,14:25:00,HOLD,MIDCPNIFTY24APR10900CE,32.5,6018.0,Monitoring
2024-04-22,14:30:00,HOLD,MIDCPNIFTY24APR10900CE,32.15,6060.0,Monitoring
2024-04-22,14:35:00,HOLD,MIDCPNIFTY24APR10900CE,33.2,5934.0,Monitoring
2024-04-22,14:40:00,HOLD,MIDCPNIFTY24APR10900CE,34.2,5814.0,Monitoring
2024-04-22,14:45:00,HOLD,MIDCPNIFTY24APR10900CE,34.05,5832.0,Monitoring
2024-04-22,14:50:00,HOLD,MIDCPNIFTY24APR10900CE,35.0,5718.0,Monitoring
2024-04-22,14:55:00,HOLD,MIDCPNIFTY24APR10900CE,34.9,5730.0,Monitoring
2024-04-22,15:00:00,HOLD,MIDCPNIFTY24APR10900CE,34.35,5796.0,Monitoring
2024-04-22,15:05:00,HOLD,MIDCPNIFTY24APR10900CE,35.0,5718.0,Monitoring
2024-04-22,15:10:00,HOLD,MIDCPNIFTY24APR10900CE,33.65,5880.0,Monitoring
2024-04-22,15:15:00,HOLD,MIDCPNIFTY24APR10900CE,36.0,5598.0,Monitoring
2024-04-22,15:20:00,HOLD,MIDCPNIFTY24APR10900CE,39.3,5202.0,Monitoring
2024-04-22,15:25:00,HOLD,MIDCPNIFTY24APR10900CE,40.15,5100.0,Monitoring
2024-04-23,09:15:00,HOLD,MIDCPNIFTY24APR10900CE,34.7,5754.0,Monitoring
2024-04-23,09:20:00,HOLD,MIDCPNIFTY24APR10900CE,34.3,5802.0,Monitoring
2024-04-23,09:25:00,HOLD,MIDCPNIFTY24APR10900CE,34.95,5724.0,Monitoring
2024-04-23,09:30:00,HOLD,MIDCPNIFTY24APR10900CE,35.25,5688.0,Monitoring
2024-04-23,09:35:00,HOLD,MIDCPNIFTY24APR10900CE,37.4,5430.0,Monitoring
2024-04-23,09:40:00,HOLD,MIDCPNIFTY24APR10900CE,42.75,4788.0,Monitoring
2024-04-23,09:45:00,HOLD,MIDCPNIFTY24APR10900CE,40.1,5106.0,Monitoring
2024-04-23,09:50:00,HOLD,MIDCPNIFTY24APR10900CE,41.25,4968.0,Monitoring
2024-04-23,09:55:00,HOLD,MIDCPNIFTY24APR10900CE,42.0,4878.0,Monitoring
2024-04-23,10:00:00,HOLD,MIDCPNIFTY24APR10900CE,42.0,4878.0,Monitoring
2024-04-23,10:05:00,HOLD,MIDCPNIFTY24APR10900CE,41.2,4974.0,Monitoring
2024-04-23,10:10:00,HOLD,MIDCPNIFTY24APR10900CE,42.7,4794.0,Monitoring
2024-04-23,10:15:00,HOLD,MIDCPNIFTY24APR10900CE,42.0,4878.0,Monitoring
2024-04-23,10:15:00,BUY_EXIT,MIDCPNIFTY24APR10900CE,42.0,4878.0,EMA_REVERSAL_SL
