Date,Time,Event,Ticker,Price,PnL_INR,Info
2025-04-29,15:10:00,SELL_ENTRY,MIDCPNIFTY25MAY12300CE,295.5,0.0,Signal CE | Short
2025-04-29,15:15:00,HOLD,MIDCPNIFTY25MAY12300CE,299.9,-528.0,Monitoring
2025-04-29,15:20:00,HOLD,MIDCPNIFTY25MAY12300CE,295.3,24.0,Monitoring
2025-04-29,15:25:00,HOLD,MIDCPNIFTY25MAY12300CE,301.75,-750.0,Monitoring
2025-04-30,09:15:00,HOLD,MIDCPNIFTY25MAY12300CE,267.7,3336.0,Monitoring
2025-04-30,09:20:00,HOLD,MIDCPNIFTY25MAY12300CE,279.45,1926.0,Monitoring
2025-04-30,09:25:00,HOLD,MIDCPNIFTY25MAY12300CE,276.85,2238.0,Monitoring
2025-04-30,09:30:00,HOLD,MIDCPNIFTY25MAY12300CE,316.3,-2496.0,Monitoring
2025-04-30,09:35:00,HOLD,MIDCPNIFTY25MAY12300CE,322.0,-3180.0,Monitoring
2025-04-30,09:40:00,HOLD,MIDCPNIFTY25MAY12300CE,306.6,-1332.0,Monitoring
2025-04-30,09:45:00,HOLD,MIDCPNIFTY25MAY12300CE,322.95,-3294.0,Monitoring
2025-04-30,09:50:00,HOLD,MIDCPNIFTY25MAY12300CE,331.85,-4362.0,Monitoring
2025-04-30,09:55:00,HOLD,MIDCPNIFTY25MAY12300CE,307.55,-1446.0,Monitoring
2025-04-30,10:00:00,HOLD,MIDCPNIFTY25MAY12300CE,297.95,-294.0,Monitoring
2025-04-30,10:05:00,HOLD,MIDCPNIFTY25MAY12300CE,308.5,-1560.0,Monitoring
2025-04-30,10:10:00,HOLD,MIDCPNIFTY25MAY12300CE,303.55,-966.0,Monitoring
2025-04-30,10:15:00,HOLD,MIDCPNIFTY25MAY12300CE,318.9,-2808.0,Monitoring
2025-04-30,10:20:00,HOLD,MIDCPNIFTY25MAY12300CE,316.75,-2550.0,Monitoring
2025-04-30,10:25:00,HOLD,MIDCPNIFTY25MAY12300CE,303.25,-930.0,Monitoring
2025-04-30,10:30:00,HOLD,MIDCPNIFTY25MAY12300CE,298.0,-300.0,Monitoring
2025-04-30,10:35:00,HOLD,MIDCPNIFTY25MAY12300CE,298.25,-330.0,Monitoring
2025-04-30,10:40:00,HOLD,MIDCPNIFTY25MAY12300CE,301.25,-690.0,Monitoring
2025-04-30,10:45:00,HOLD,MIDCPNIFTY25MAY12300CE,301.45,-714.0,Monitoring
2025-04-30,10:50:00,HOLD,MIDCPNIFTY25MAY12300CE,304.0,-1020.0,Monitoring
2025-04-30,10:55:00,HOLD,MIDCPNIFTY25MAY12300CE,309.3,-1656.0,Monitoring
2025-04-30,11:00:00,HOLD,MIDCPNIFTY25MAY12300CE,318.65,-2778.0,Monitoring
2025-04-30,11:05:00,HOLD,MIDCPNIFTY25MAY12300CE,297.0,-180.0,Monitoring
2025-04-30,11:10:00,HOLD,MIDCPNIFTY25MAY12300CE,295.0,60.0,Monitoring
2025-04-30,11:15:00,HOLD,MIDCPNIFTY25MAY12300CE,309.2,-1644.0,Monitoring
2025-04-30,11:20:00,HOLD,MIDCPNIFTY25MAY12300CE,305.0,-1140.0,Monitoring
2025-04-30,11:25:00,HOLD,MIDCPNIFTY25MAY12300CE,297.95,-294.0,Monitoring
2025-04-30,11:30:00,HOLD,MIDCPNIFTY25MAY12300CE,292.0,420.0,Monitoring
2025-04-30,11:35:00,HOLD,MIDCPNIFTY25MAY12300CE,297.0,-180.0,Monitoring
2025-04-30,11:40:00,HOLD,MIDCPNIFTY25MAY12300CE,292.9,312.0,Monitoring
2025-04-30,11:45:00,HOLD,MIDCPNIFTY25MAY12300CE,287.0,1020.0,Monitoring
2025-04-30,11:50:00,HOLD,MIDCPNIFTY25MAY12300CE,286.35,1098.0,Monitoring
2025-04-30,11:55:00,HOLD,MIDCPNIFTY25MAY12300CE,290.9,552.0,Monitoring
2025-04-30,12:00:00,HOLD,MIDCPNIFTY25MAY12300CE,292.0,420.0,Monitoring
2025-04-30,12:05:00,HOLD,MIDCPNIFTY25MAY12300CE,295.9,-48.0,Monitoring
2025-04-30,12:10:00,HOLD,MIDCPNIFTY25MAY12300CE,292.35,378.0,Monitoring
2025-04-30,12:15:00,HOLD,MIDCPNIFTY25MAY12300CE,287.35,978.0,Monitoring
2025-04-30,12:20:00,HOLD,MIDCPNIFTY25MAY12300CE,287.0,1020.0,Monitoring
2025-04-30,12:25:00,HOLD,MIDCPNIFTY25MAY12300CE,289.25,750.0,Monitoring
2025-04-30,12:30:00,HOLD,MIDCPNIFTY25MAY12300CE,290.65,582.0,Monitoring
2025-04-30,12:35:00,HOLD,MIDCPNIFTY25MAY12300CE,285.65,1182.0,Monitoring
2025-04-30,12:40:00,HOLD,MIDCPNIFTY25MAY12300CE,287.35,978.0,Monitoring
2025-04-30,12:45:00,HOLD,MIDCPNIFTY25MAY12300CE,286.9,1032.0,Monitoring
2025-04-30,12:50:00,HOLD,MIDCPNIFTY25MAY12300CE,288.0,900.0,Monitoring
2025-04-30,12:55:00,HOLD,MIDCPNIFTY25MAY12300CE,283.55,1434.0,Monitoring
2025-04-30,13:00:00,HOLD,MIDCPNIFTY25MAY12300CE,275.0,2460.0,Monitoring
2025-04-30,13:05:00,HOLD,MIDCPNIFTY25MAY12300CE,272.1,2808.0,Monitoring
2025-04-30,13:10:00,HOLD,MIDCPNIFTY25MAY12300CE,272.6,2748.0,Monitoring
2025-04-30,13:15:00,HOLD,MIDCPNIFTY25MAY12300CE,263.0,3900.0,Monitoring
2025-04-30,13:20:00,HOLD,MIDCPNIFTY25MAY12300CE,263.0,3900.0,Monitoring
2025-04-30,13:25:00,HOLD,MIDCPNIFTY25MAY12300CE,267.05,3414.0,Monitoring
2025-04-30,13:30:00,HOLD,MIDCPNIFTY25MAY12300CE,280.05,1854.0,Monitoring
2025-04-30,13:35:00,HOLD,MIDCPNIFTY25MAY12300CE,286.15,1122.0,Monitoring
2025-04-30,13:40:00,HOLD,MIDCPNIFTY25MAY12300CE,278.0,2100.0,Monitoring
2025-04-30,13:45:00,HOLD,MIDCPNIFTY25MAY12300CE,271.4,2892.0,Monitoring
2025-04-30,13:50:00,HOLD,MIDCPNIFTY25MAY12300CE,266.85,3438.0,Monitoring
2025-04-30,13:55:00,HOLD,MIDCPNIFTY25MAY12300CE,272.1,2808.0,Monitoring
2025-04-30,14:00:00,HOLD,MIDCPNIFTY25MAY12300CE,271.15,2922.0,Monitoring
2025-04-30,14:05:00,HOLD,MIDCPNIFTY25MAY12300CE,262.45,3966.0,Monitoring
2025-04-30,14:10:00,HOLD,MIDCPNIFTY25MAY12300CE,262.25,3990.0,Monitoring
2025-04-30,14:15:00,HOLD,MIDCPNIFTY25MAY12300CE,264.5,3720.0,Monitoring
2025-04-30,14:20:00,HOLD,MIDCPNIFTY25MAY12300CE,263.75,3810.0,Monitoring
2025-04-30,14:25:00,HOLD,MIDCPNIFTY25MAY12300CE,263.8,3804.0,Monitoring
2025-04-30,14:30:00,HOLD,MIDCPNIFTY25MAY12300CE,251.6,5268.0,Monitoring
2025-04-30,14:35:00,HOLD,MIDCPNIFTY25MAY12300CE,254.5,4920.0,Monitoring
2025-04-30,14:40:00,HOLD,MIDCPNIFTY25MAY12300CE,247.2,5796.0,Monitoring
2025-04-30,14:45:00,HOLD,MIDCPNIFTY25MAY12300CE,252.0,5220.0,Monitoring
2025-04-30,14:50:00,HOLD,MIDCPNIFTY25MAY12300CE,254.3,4944.0,Monitoring
2025-04-30,14:55:00,HOLD,MIDCPNIFTY25MAY12300CE,255.0,4860.0,Monitoring
2025-04-30,15:00:00,HOLD,MIDCPNIFTY25MAY12300CE,253.55,5034.0,Monitoring
2025-04-30,15:05:00,HOLD,MIDCPNIFTY25MAY12300CE,260.0,4260.0,Monitoring
2025-04-30,15:10:00,HOLD,MIDCPNIFTY25MAY12300CE,254.7,4896.0,Monitoring
2025-04-30,15:15:00,HOLD,MIDCPNIFTY25MAY12300CE,255.85,4758.0,Monitoring
2025-04-30,15:20:00,HOLD,MIDCPNIFTY25MAY12300CE,248.65,5622.0,Monitoring
2025-04-30,15:25:00,HOLD,MIDCPNIFTY25MAY12300CE,245.0,6060.0,Monitoring
2025-05-02,09:15:00,HOLD,MIDCPNIFTY25MAY12300CE,266.1,3528.0,Monitoring
2025-05-02,09:20:00,HOLD,MIDCPNIFTY25MAY12300CE,261.95,4026.0,Monitoring
2025-05-02,09:25:00,HOLD,MIDCPNIFTY25MAY12300CE,266.3,3504.0,Monitoring
2025-05-02,09:30:00,HOLD,MIDCPNIFTY25MAY12300CE,275.95,2346.0,Monitoring
2025-05-02,09:35:00,HOLD,MIDCPNIFTY25MAY12300CE,292.25,390.0,Monitoring
2025-05-02,09:40:00,HOLD,MIDCPNIFTY25MAY12300CE,286.55,1074.0,Monitoring
2025-05-02,09:45:00,HOLD,MIDCPNIFTY25MAY12300CE,297.15,-198.0,Monitoring
2025-05-02,09:50:00,HOLD,MIDCPNIFTY25MAY12300CE,292.0,420.0,Monitoring
2025-05-02,09:55:00,HOLD,MIDCPNIFTY25MAY12300CE,299.35,-462.0,Monitoring
2025-05-02,10:00:00,HOLD,MIDCPNIFTY25MAY12300CE,300.1,-552.0,Monitoring
2025-05-02,10:05:00,HOLD,MIDCPNIFTY25MAY12300CE,304.45,-1074.0,Monitoring
2025-05-02,10:10:00,HOLD,MIDCPNIFTY25MAY12300CE,304.8,-1116.0,Monitoring
2025-05-02,10:15:00,HOLD,MIDCPNIFTY25MAY12300CE,299.2,-444.0,Monitoring
2025-05-02,10:20:00,HOLD,MIDCPNIFTY25MAY12300CE,298.9,-408.0,Monitoring
2025-05-02,10:20:00,BUY_EXIT,MIDCPNIFTY25MAY12300CE,298.9,-408.0,EMA_REVERSAL_SL
