Date,Time,Event,Ticker,Price,PnL_INR,Info
2025-12-01,14:00:00,SELL_ENTRY,MIDCPNIFTY25DEC14200CE,194.6,0.0,Signal CE | Short
2025-12-01,14:05:00,HOLD,MIDCPNIFTY25DEC14200CE,191.4,384.0,Monitoring
2025-12-01,14:10:00,HOLD,MIDCPNIFTY25DEC14200CE,193.0,192.0,Monitoring
2025-12-01,14:15:00,HOLD,MIDCPNIFTY25DEC14200CE,189.0,672.0,Monitoring
2025-12-01,14:20:00,HOLD,MIDCPNIFTY25DEC14200CE,185.9,1044.0,Monitoring
2025-12-01,14:25:00,HOLD,MIDCPNIFTY25DEC14200CE,188.3,756.0,Monitoring
2025-12-01,14:30:00,HOLD,MIDCPNIFTY25DEC14200CE,184.8,1176.0,Monitoring
2025-12-01,14:35:00,HOLD,MIDCPNIFTY25DEC14200CE,183.95,1278.0,Monitoring
2025-12-01,14:40:00,HOLD,MIDCPNIFTY25DEC14200CE,181.6,1560.0,Monitoring
2025-12-01,14:45:00,HOLD,MIDCPNIFTY25DEC14200CE,180.95,1638.0,Monitoring
2025-12-01,14:50:00,HOLD,MIDCPNIFTY25DEC14200CE,174.0,2472.0,Monitoring
2025-12-01,14:55:00,HOLD,MIDCPNIFTY25DEC14200CE,170.0,2952.0,Monitoring
2025-12-01,15:00:00,HOLD,MIDCPNIFTY25DEC14200CE,181.85,1530.0,Monitoring
2025-12-01,15:05:00,HOLD,MIDCPNIFTY25DEC14200CE,182.15,1494.0,Monitoring
2025-12-01,15:10:00,HOLD,MIDCPNIFTY25DEC14200CE,184.75,1182.0,Monitoring
2025-12-01,15:15:00,HOLD,MIDCPNIFTY25DEC14200CE,185.0,1152.0,Monitoring
2025-12-01,15:20:00,HOLD,MIDCPNIFTY25DEC14200CE,185.05,1146.0,Monitoring
2025-12-01,15:25:00,HOLD,MIDCPNIFTY25DEC14200CE,180.7,1668.0,Monitoring
2025-12-02,09:15:00,HOLD,MIDCPNIFTY25DEC14200CE,192.95,198.0,Monitoring
2025-12-02,09:20:00,HOLD,MIDCPNIFTY25DEC14200CE,193.4,144.0,Monitoring
2025-12-02,09:25:00,HOLD,MIDCPNIFTY25DEC14200CE,199.4,-576.0,Monitoring
2025-12-02,09:30:00,HOLD,MIDCPNIFTY25DEC14200CE,198.8,-504.0,Monitoring
2025-12-02,09:35:00,HOLD,MIDCPNIFTY25DEC14200CE,200.7,-732.0,Monitoring
2025-12-02,09:40:00,HOLD,MIDCPNIFTY25DEC14200CE,192.65,234.0,Monitoring
2025-12-02,09:45:00,HOLD,MIDCPNIFTY25DEC14200CE,189.05,666.0,Monitoring
2025-12-02,09:50:00,HOLD,MIDCPNIFTY25DEC14200CE,185.5,1092.0,Monitoring
2025-12-02,09:55:00,HOLD,MIDCPNIFTY25DEC14200CE,184.05,1266.0,Monitoring
2025-12-02,10:00:00,HOLD,MIDCPNIFTY25DEC14200CE,188.0,792.0,Monitoring
2025-12-02,10:05:00,HOLD,MIDCPNIFTY25DEC14200CE,185.6,1080.0,Monitoring
2025-12-02,10:10:00,HOLD,MIDCPNIFTY25DEC14200CE,179.5,1812.0,Monitoring
2025-12-02,10:15:00,HOLD,MIDCPNIFTY25DEC14200CE,177.95,1998.0,Monitoring
2025-12-02,10:20:00,HOLD,MIDCPNIFTY25DEC14200CE,179.85,1770.0,Monitoring
2025-12-02,10:25:00,HOLD,MIDCPNIFTY25DEC14200CE,181.65,1554.0,Monitoring
2025-12-02,10:30:00,HOLD,MIDCPNIFTY25DEC14200CE,181.45,1578.0,Monitoring
2025-12-02,10:35:00,HOLD,MIDCPNIFTY25DEC14200CE,182.7,1428.0,Monitoring
2025-12-02,10:40:00,HOLD,MIDCPNIFTY25DEC14200CE,180.75,1662.0,Monitoring
2025-12-02,10:45:00,HOLD,MIDCPNIFTY25DEC14200CE,180.25,1722.0,Monitoring
2025-12-02,10:50:00,HOLD,MIDCPNIFTY25DEC14200CE,186.6,960.0,Monitoring
2025-12-02,10:55:00,HOLD,MIDCPNIFTY25DEC14200CE,189.1,660.0,Monitoring
2025-12-02,11:00:00,HOLD,MIDCPNIFTY25DEC14200CE,187.0,912.0,Monitoring
2025-12-02,11:05:00,HOLD,MIDCPNIFTY25DEC14200CE,187.15,894.0,Monitoring
2025-12-02,11:10:00,HOLD,MIDCPNIFTY25DEC14200CE,182.35,1470.0,Monitoring
2025-12-02,11:15:00,HOLD,MIDCPNIFTY25DEC14200CE,181.4,1584.0,Monitoring
2025-12-02,11:20:00,HOLD,MIDCPNIFTY25DEC14200CE,181.25,1602.0,Monitoring
2025-12-02,11:25:00,HOLD,MIDCPNIFTY25DEC14200CE,176.85,2130.0,Monitoring
2025-12-02,11:30:00,HOLD,MIDCPNIFTY25DEC14200CE,179.7,1788.0,Monitoring
2025-12-02,11:35:00,HOLD,MIDCPNIFTY25DEC14200CE,182.2,1488.0,Monitoring
2025-12-02,11:40:00,HOLD,MIDCPNIFTY25DEC14200CE,179.0,1872.0,Monitoring
2025-12-02,11:45:00,HOLD,MIDCPNIFTY25DEC14200CE,181.35,1590.0,Monitoring
2025-12-02,11:50:00,HOLD,MIDCPNIFTY25DEC14200CE,169.5,3012.0,Monitoring
2025-12-02,11:55:00,HOLD,MIDCPNIFTY25DEC14200CE,170.75,2862.0,Monitoring
2025-12-02,12:00:00,HOLD,MIDCPNIFTY25DEC14200CE,171.05,2826.0,Monitoring
2025-12-02,12:05:00,HOLD,MIDCPNIFTY25DEC14200CE,172.9,2604.0,Monitoring
2025-12-02,12:10:00,HOLD,MIDCPNIFTY25DEC14200CE,173.45,2538.0,Monitoring
2025-12-02,12:15:00,HOLD,MIDCPNIFTY25DEC14200CE,174.15,2454.0,Monitoring
2025-12-02,12:20:00,HOLD,MIDCPNIFTY25DEC14200CE,175.35,2310.0,Monitoring
2025-12-02,12:25:00,HOLD,MIDCPNIFTY25DEC14200CE,177.3,2076.0,Monitoring
2025-12-02,12:30:00,HOLD,MIDCPNIFTY25DEC14200CE,180.35,1710.0,Monitoring
2025-12-02,12:35:00,HOLD,MIDCPNIFTY25DEC14200CE,179.35,1830.0,Monitoring
2025-12-02,12:40:00,HOLD,MIDCPNIFTY25DEC14200CE,177.85,2010.0,Monitoring
2025-12-02,12:45:00,HOLD,MIDCPNIFTY25DEC14200CE,176.05,2226.0,Monitoring
2025-12-02,12:50:00,HOLD,MIDCPNIFTY25DEC14200CE,174.8,2376.0,Monitoring
2025-12-02,12:55:00,HOLD,MIDCPNIFTY25DEC14200CE,176.55,2166.0,Monitoring
2025-12-02,13:00:00,HOLD,MIDCPNIFTY25DEC14200CE,175.8,2256.0,Monitoring
2025-12-02,13:05:00,HOLD,MIDCPNIFTY25DEC14200CE,154.0,4872.0,Monitoring
2025-12-02,13:10:00,HOLD,MIDCPNIFTY25DEC14200CE,148.0,5592.0,Monitoring
2025-12-02,13:15:00,HOLD,MIDCPNIFTY25DEC14200CE,148.0,5592.0,Monitoring
2025-12-02,13:20:00,HOLD,MIDCPNIFTY25DEC14200CE,148.55,5526.0,Monitoring
2025-12-02,13:25:00,HOLD,MIDCPNIFTY25DEC14200CE,149.3,5436.0,Monitoring
2025-12-02,13:30:00,HOLD,MIDCPNIFTY25DEC14200CE,150.0,5352.0,Monitoring
2025-12-02,13:35:00,HOLD,MIDCPNIFTY25DEC14200CE,146.5,5772.0,Monitoring
2025-12-02,13:40:00,HOLD,MIDCPNIFTY25DEC14200CE,148.9,5484.0,Monitoring
2025-12-02,13:45:00,HOLD,MIDCPNIFTY25DEC14200CE,152.25,5082.0,Monitoring
2025-12-02,13:50:00,HOLD,MIDCPNIFTY25DEC14200CE,155.1,4740.0,Monitoring
2025-12-02,13:55:00,HOLD,MIDCPNIFTY25DEC14200CE,161.0,4032.0,Monitoring
2025-12-02,14:00:00,HOLD,MIDCPNIFTY25DEC14200CE,160.5,4092.0,Monitoring
2025-12-02,14:05:00,HOLD,MIDCPNIFTY25DEC14200CE,164.2,3648.0,Monitoring
2025-12-02,14:10:00,HOLD,MIDCPNIFTY25DEC14200CE,160.25,4122.0,Monitoring
2025-12-02,14:15:00,HOLD,MIDCPNIFTY25DEC14200CE,157.7,4428.0,Monitoring
2025-12-02,14:20:00,HOLD,MIDCPNIFTY25DEC14200CE,157.55,4446.0,Monitoring
2025-12-02,14:25:00,HOLD,MIDCPNIFTY25DEC14200CE,159.3,4236.0,Monitoring
2025-12-02,14:30:00,HOLD,MIDCPNIFTY25DEC14200CE,155.9,4644.0,Monitoring
2025-12-02,14:35:00,HOLD,MIDCPNIFTY25DEC14200CE,154.8,4776.0,Monitoring
2025-12-02,14:40:00,HOLD,MIDCPNIFTY25DEC14200CE,159.35,4230.0,Monitoring
2025-12-02,14:45:00,HOLD,MIDCPNIFTY25DEC14200CE,162.0,3912.0,Monitoring
2025-12-02,14:50:00,HOLD,MIDCPNIFTY25DEC14200CE,146.4,5784.0,Monitoring
2025-12-02,14:55:00,HOLD,MIDCPNIFTY25DEC14200CE,147.0,5712.0,Monitoring
2025-12-02,15:00:00,HOLD,MIDCPNIFTY25DEC14200CE,158.15,4374.0,Monitoring
2025-12-02,15:05:00,HOLD,MIDCPNIFTY25DEC14200CE,153.2,4968.0,Monitoring
2025-12-02,15:10:00,HOLD,MIDCPNIFTY25DEC14200CE,153.35,4950.0,Monitoring
2025-12-02,15:15:00,HOLD,MIDCPNIFTY25DEC14200CE,150.7,5268.0,Monitoring
2025-12-02,15:20:00,HOLD,MIDCPNIFTY25DEC14200CE,152.25,5082.0,Monitoring
2025-12-02,15:25:00,HOLD,MIDCPNIFTY25DEC14200CE,154.2,4848.0,Monitoring
2025-12-03,09:15:00,HOLD,MIDCPNIFTY25DEC14200CE,156.9,4524.0,Monitoring
2025-12-03,09:20:00,HOLD,MIDCPNIFTY25DEC14200CE,148.95,5478.0,Monitoring
2025-12-03,09:25:00,HOLD,MIDCPNIFTY25DEC14200CE,137.0,6912.0,Monitoring
2025-12-03,09:30:00,HOLD,MIDCPNIFTY25DEC14200CE,127.95,7998.0,Monitoring
2025-12-03,09:35:00,HOLD,MIDCPNIFTY25DEC14200CE,122.2,8688.0,Monitoring
2025-12-03,09:40:00,HOLD,MIDCPNIFTY25DEC14200CE,127.35,8070.0,Monitoring
2025-12-03,09:45:00,HOLD,MIDCPNIFTY25DEC14200CE,129.0,7872.0,Monitoring
2025-12-03,09:50:00,HOLD,MIDCPNIFTY25DEC14200CE,124.55,8406.0,Monitoring
2025-12-03,09:55:00,HOLD,MIDCPNIFTY25DEC14200CE,122.3,8676.0,Monitoring
2025-12-03,10:00:00,HOLD,MIDCPNIFTY25DEC14200CE,112.0,9912.0,Monitoring
2025-12-03,10:05:00,HOLD,MIDCPNIFTY25DEC14200CE,105.3,10716.0,Monitoring
2025-12-03,10:10:00,HOLD,MIDCPNIFTY25DEC14200CE,109.15,10254.0,Monitoring
2025-12-03,10:15:00,HOLD,MIDCPNIFTY25DEC14200CE,101.85,11130.0,Monitoring
2025-12-03,10:20:00,HOLD,MIDCPNIFTY25DEC14200CE,106.1,10620.0,Monitoring
2025-12-03,10:25:00,HOLD,MIDCPNIFTY25DEC14200CE,105.8,10656.0,Monitoring
2025-12-03,10:30:00,HOLD,MIDCPNIFTY25DEC14200CE,108.0,10392.0,Monitoring
2025-12-03,10:35:00,HOLD,MIDCPNIFTY25DEC14200CE,105.0,10752.0,Monitoring
2025-12-03,10:40:00,HOLD,MIDCPNIFTY25DEC14200CE,101.25,11202.0,Monitoring
2025-12-03,10:45:00,HOLD,MIDCPNIFTY25DEC14200CE,104.0,10872.0,Monitoring
2025-12-03,10:50:00,HOLD,MIDCPNIFTY25DEC14200CE,105.8,10656.0,Monitoring
2025-12-03,10:55:00,HOLD,MIDCPNIFTY25DEC14200CE,106.5,10572.0,Monitoring
2025-12-03,11:00:00,HOLD,MIDCPNIFTY25DEC14200CE,102.95,10998.0,Monitoring
2025-12-03,11:05:00,HOLD,MIDCPNIFTY25DEC14200CE,104.35,10830.0,Monitoring
2025-12-03,11:10:00,HOLD,MIDCPNIFTY25DEC14200CE,102.65,11034.0,Monitoring
2025-12-03,11:15:00,HOLD,MIDCPNIFTY25DEC14200CE,100.55,11286.0,Monitoring
2025-12-03,11:20:00,HOLD,MIDCPNIFTY25DEC14200CE,99.2,11448.0,Monitoring
2025-12-03,11:25:00,HOLD,MIDCPNIFTY25DEC14200CE,102.1,11100.0,Monitoring
2025-12-03,11:30:00,HOLD,MIDCPNIFTY25DEC14200CE,105.0,10752.0,Monitoring
2025-12-03,11:35:00,HOLD,MIDCPNIFTY25DEC14200CE,104.0,10872.0,Monitoring
2025-12-03,11:40:00,HOLD,MIDCPNIFTY25DEC14200CE,103.9,10884.0,Monitoring
2025-12-03,11:45:00,HOLD,MIDCPNIFTY25DEC14200CE,104.0,10872.0,Monitoring
2025-12-03,11:50:00,HOLD,MIDCPNIFTY25DEC14200CE,102.85,11010.0,Monitoring
2025-12-03,11:55:00,HOLD,MIDCPNIFTY25DEC14200CE,103.0,10992.0,Monitoring
2025-12-03,12:00:00,HOLD,MIDCPNIFTY25DEC14200CE,104.65,10794.0,Monitoring
2025-12-03,12:05:00,HOLD,MIDCPNIFTY25DEC14200CE,102.85,11010.0,Monitoring
2025-12-03,12:10:00,HOLD,MIDCPNIFTY25DEC14200CE,107.4,10464.0,Monitoring
2025-12-03,12:15:00,HOLD,MIDCPNIFTY25DEC14200CE,107.4,10464.0,Monitoring
2025-12-03,12:20:00,HOLD,MIDCPNIFTY25DEC14200CE,108.0,10392.0,Monitoring
2025-12-03,12:25:00,HOLD,MIDCPNIFTY25DEC14200CE,105.7,10668.0,Monitoring
2025-12-03,12:30:00,HOLD,MIDCPNIFTY25DEC14200CE,103.2,10968.0,Monitoring
2025-12-03,12:35:00,HOLD,MIDCPNIFTY25DEC14200CE,103.3,10956.0,Monitoring
2025-12-03,12:40:00,HOLD,MIDCPNIFTY25DEC14200CE,102.95,10998.0,Monitoring
2025-12-03,12:45:00,HOLD,MIDCPNIFTY25DEC14200CE,103.15,10974.0,Monitoring
2025-12-03,12:50:00,HOLD,MIDCPNIFTY25DEC14200CE,104.3,10836.0,Monitoring
2025-12-03,12:55:00,HOLD,MIDCPNIFTY25DEC14200CE,104.25,10842.0,Monitoring
2025-12-03,13:00:00,HOLD,MIDCPNIFTY25DEC14200CE,101.65,11154.0,Monitoring
2025-12-03,13:05:00,HOLD,MIDCPNIFTY25DEC14200CE,105.5,10692.0,Monitoring
2025-12-03,13:10:00,HOLD,MIDCPNIFTY25DEC14200CE,107.0,10512.0,Monitoring
2025-12-03,13:15:00,HOLD,MIDCPNIFTY25DEC14200CE,104.75,10782.0,Monitoring
2025-12-03,13:20:00,HOLD,MIDCPNIFTY25DEC14200CE,104.1,10860.0,Monitoring
2025-12-03,13:25:00,HOLD,MIDCPNIFTY25DEC14200CE,106.85,10530.0,Monitoring
2025-12-03,13:30:00,HOLD,MIDCPNIFTY25DEC14200CE,107.25,10482.0,Monitoring
2025-12-03,13:35:00,HOLD,MIDCPNIFTY25DEC14200CE,104.15,10854.0,Monitoring
2025-12-03,13:40:00,HOLD,MIDCPNIFTY25DEC14200CE,103.5,10932.0,Monitoring
2025-12-03,13:45:00,HOLD,MIDCPNIFTY25DEC14200CE,98.65,11514.0,Monitoring
2025-12-03,13:50:00,HOLD,MIDCPNIFTY25DEC14200CE,101.75,11142.0,Monitoring
2025-12-03,13:55:00,HOLD,MIDCPNIFTY25DEC14200CE,102.55,11046.0,Monitoring
2025-12-03,14:00:00,HOLD,MIDCPNIFTY25DEC14200CE,101.45,11178.0,Monitoring
2025-12-03,14:05:00,HOLD,MIDCPNIFTY25DEC14200CE,102.25,11082.0,Monitoring
2025-12-03,14:10:00,HOLD,MIDCPNIFTY25DEC14200CE,103.35,10950.0,Monitoring
2025-12-03,14:15:00,HOLD,MIDCPNIFTY25DEC14200CE,101.3,11196.0,Monitoring
2025-12-03,14:20:00,HOLD,MIDCPNIFTY25DEC14200CE,100.0,11352.0,Monitoring
2025-12-03,14:25:00,HOLD,MIDCPNIFTY25DEC14200CE,96.4,11784.0,Monitoring
2025-12-03,14:30:00,HOLD,MIDCPNIFTY25DEC14200CE,93.5,12132.0,Monitoring
2025-12-03,14:35:00,HOLD,MIDCPNIFTY25DEC14200CE,93.85,12090.0,Monitoring
2025-12-03,14:40:00,HOLD,MIDCPNIFTY25DEC14200CE,95.85,11850.0,Monitoring
2025-12-03,14:45:00,HOLD,MIDCPNIFTY25DEC14200CE,94.8,11976.0,Monitoring
2025-12-03,14:50:00,HOLD,MIDCPNIFTY25DEC14200CE,94.85,11970.0,Monitoring
2025-12-03,14:55:00,HOLD,MIDCPNIFTY25DEC14200CE,94.85,11970.0,Monitoring
2025-12-03,15:00:00,HOLD,MIDCPNIFTY25DEC14200CE,92.4,12264.0,Monitoring
2025-12-03,15:05:00,HOLD,MIDCPNIFTY25DEC14200CE,95.0,11952.0,Monitoring
2025-12-03,15:10:00,HOLD,MIDCPNIFTY25DEC14200CE,98.75,11502.0,Monitoring
2025-12-03,15:15:00,HOLD,MIDCPNIFTY25DEC14200CE,100.5,11292.0,Monitoring
2025-12-03,15:20:00,HOLD,MIDCPNIFTY25DEC14200CE,101.55,11166.0,Monitoring
2025-12-03,15:25:00,HOLD,MIDCPNIFTY25DEC14200CE,103.0,10992.0,Monitoring
2025-12-04,09:15:00,HOLD,MIDCPNIFTY25DEC14200CE,104.05,10866.0,Monitoring
2025-12-04,09:20:00,HOLD,MIDCPNIFTY25DEC14200CE,105.65,10674.0,Monitoring
2025-12-04,09:25:00,HOLD,MIDCPNIFTY25DEC14200CE,105.4,10704.0,Monitoring
2025-12-04,09:30:00,HOLD,MIDCPNIFTY25DEC14200CE,116.45,9378.0,Monitoring
2025-12-04,09:35:00,HOLD,MIDCPNIFTY25DEC14200CE,111.75,9942.0,Monitoring
2025-12-04,09:40:00,HOLD,MIDCPNIFTY25DEC14200CE,118.15,9174.0,Monitoring
2025-12-04,09:45:00,HOLD,MIDCPNIFTY25DEC14200CE,115.6,9480.0,Monitoring
2025-12-04,09:50:00,HOLD,MIDCPNIFTY25DEC14200CE,116.8,9336.0,Monitoring
2025-12-04,09:55:00,HOLD,MIDCPNIFTY25DEC14200CE,121.25,8802.0,Monitoring
2025-12-04,10:00:00,HOLD,MIDCPNIFTY25DEC14200CE,121.8,8736.0,Monitoring
2025-12-04,10:05:00,HOLD,MIDCPNIFTY25DEC14200CE,120.1,8940.0,Monitoring
2025-12-04,10:05:00,BUY_EXIT,MIDCPNIFTY25DEC14200CE,120.1,8940.0,EMA_REVERSAL_SL
