Date,Time,Event,Ticker,Price,PnL_INR,Info
2025-08-21,14:00:00,SELL_ENTRY,MIDCPNIFTY25AUG13100CE,47.6,0.0,Signal CE | Short
2025-08-21,14:05:00,HOLD,MIDCPNIFTY25AUG13100CE,48.95,-162.0,Monitoring
2025-08-21,14:10:00,HOLD,MIDCPNIFTY25AUG13100CE,52.6,-600.0,Monitoring
2025-08-21,14:15:00,HOLD,MIDCPNIFTY25AUG13100CE,53.85,-750.0,Monitoring
2025-08-21,14:20:00,HOLD,MIDCPNIFTY25AUG13100CE,54.5,-828.0,Monitoring
2025-08-21,14:25:00,HOLD,MIDCPNIFTY25AUG13100CE,52.1,-540.0,Monitoring
2025-08-21,14:30:00,HOLD,MIDCPNIFTY25AUG13100CE,53.5,-708.0,Monitoring
2025-08-21,14:35:00,HOLD,MIDCPNIFTY25AUG13100CE,49.1,-180.0,Monitoring
2025-08-21,14:40:00,HOLD,MIDCPNIFTY25AUG13100CE,49.3,-204.0,Monitoring
2025-08-21,14:45:00,HOLD,MIDCPNIFTY25AUG13100CE,49.5,-228.0,Monitoring
2025-08-21,14:50:00,HOLD,MIDCPNIFTY25AUG13100CE,49.2,-192.0,Monitoring
2025-08-21,14:55:00,HOLD,MIDCPNIFTY25AUG13100CE,49.0,-168.0,Monitoring
2025-08-21,15:00:00,HOLD,MIDCPNIFTY25AUG13100CE,44.45,378.0,Monitoring
2025-08-21,15:05:00,HOLD,MIDCPNIFTY25AUG13100CE,45.25,282.0,Monitoring
2025-08-21,15:10:00,HOLD,MIDCPNIFTY25AUG13100CE,45.4,264.0,Monitoring
2025-08-21,15:15:00,HOLD,MIDCPNIFTY25AUG13100CE,44.15,414.0,Monitoring
2025-08-21,15:20:00,HOLD,MIDCPNIFTY25AUG13100CE,43.5,492.0,Monitoring
2025-08-21,15:25:00,HOLD,MIDCPNIFTY25AUG13100CE,42.2,648.0,Monitoring
2025-08-22,09:15:00,HOLD,MIDCPNIFTY25AUG13100CE,36.75,1302.0,Monitoring
2025-08-22,09:20:00,HOLD,MIDCPNIFTY25AUG13100CE,43.15,534.0,Monitoring
2025-08-22,09:25:00,HOLD,MIDCPNIFTY25AUG13100CE,38.75,1062.0,Monitoring
2025-08-22,09:30:00,HOLD,MIDCPNIFTY25AUG13100CE,35.95,1398.0,Monitoring
2025-08-22,09:35:00,HOLD,MIDCPNIFTY25AUG13100CE,37.2,1248.0,Monitoring
2025-08-22,09:40:00,HOLD,MIDCPNIFTY25AUG13100CE,35.2,1488.0,Monitoring
2025-08-22,09:45:00,HOLD,MIDCPNIFTY25AUG13100CE,35.55,1446.0,Monitoring
2025-08-22,09:50:00,HOLD,MIDCPNIFTY25AUG13100CE,36.25,1362.0,Monitoring
2025-08-22,09:55:00,HOLD,MIDCPNIFTY25AUG13100CE,34.8,1536.0,Monitoring
2025-08-22,10:00:00,HOLD,MIDCPNIFTY25AUG13100CE,33.0,1752.0,Monitoring
2025-08-22,10:05:00,HOLD,MIDCPNIFTY25AUG13100CE,35.0,1512.0,Monitoring
2025-08-22,10:10:00,HOLD,MIDCPNIFTY25AUG13100CE,33.9,1644.0,Monitoring
2025-08-22,10:15:00,HOLD,MIDCPNIFTY25AUG13100CE,30.0,2112.0,Monitoring
2025-08-22,10:20:00,HOLD,MIDCPNIFTY25AUG13100CE,31.3,1956.0,Monitoring
2025-08-22,10:25:00,HOLD,MIDCPNIFTY25AUG13100CE,35.25,1482.0,Monitoring
2025-08-22,10:30:00,HOLD,MIDCPNIFTY25AUG13100CE,32.65,1794.0,Monitoring
2025-08-22,10:35:00,HOLD,MIDCPNIFTY25AUG13100CE,32.55,1806.0,Monitoring
2025-08-22,10:40:00,HOLD,MIDCPNIFTY25AUG13100CE,32.6,1800.0,Monitoring
2025-08-22,10:45:00,HOLD,MIDCPNIFTY25AUG13100CE,31.2,1968.0,Monitoring
2025-08-22,10:50:00,HOLD,MIDCPNIFTY25AUG13100CE,31.35,1950.0,Monitoring
2025-08-22,10:55:00,HOLD,MIDCPNIFTY25AUG13100CE,32.55,1806.0,Monitoring
2025-08-22,11:00:00,HOLD,MIDCPNIFTY25AUG13100CE,33.1,1740.0,Monitoring
2025-08-22,11:05:00,HOLD,MIDCPNIFTY25AUG13100CE,34.5,1572.0,Monitoring
2025-08-22,11:10:00,HOLD,MIDCPNIFTY25AUG13100CE,31.65,1914.0,Monitoring
2025-08-22,11:15:00,HOLD,MIDCPNIFTY25AUG13100CE,32.8,1776.0,Monitoring
2025-08-22,11:20:00,HOLD,MIDCPNIFTY25AUG13100CE,33.95,1638.0,Monitoring
2025-08-22,11:25:00,HOLD,MIDCPNIFTY25AUG13100CE,34.05,1626.0,Monitoring
2025-08-22,11:30:00,HOLD,MIDCPNIFTY25AUG13100CE,32.3,1836.0,Monitoring
2025-08-22,11:35:00,HOLD,MIDCPNIFTY25AUG13100CE,32.2,1848.0,Monitoring
2025-08-22,11:40:00,HOLD,MIDCPNIFTY25AUG13100CE,33.9,1644.0,Monitoring
2025-08-22,11:45:00,HOLD,MIDCPNIFTY25AUG13100CE,35.15,1494.0,Monitoring
2025-08-22,11:50:00,HOLD,MIDCPNIFTY25AUG13100CE,35.25,1482.0,Monitoring
2025-08-22,11:55:00,HOLD,MIDCPNIFTY25AUG13100CE,36.3,1356.0,Monitoring
2025-08-22,12:00:00,HOLD,MIDCPNIFTY25AUG13100CE,34.65,1554.0,Monitoring
2025-08-22,12:05:00,HOLD,MIDCPNIFTY25AUG13100CE,33.6,1680.0,Monitoring
2025-08-22,12:10:00,HOLD,MIDCPNIFTY25AUG13100CE,31.25,1962.0,Monitoring
2025-08-22,12:15:00,HOLD,MIDCPNIFTY25AUG13100CE,30.3,2076.0,Monitoring
2025-08-22,12:20:00,HOLD,MIDCPNIFTY25AUG13100CE,32.0,1872.0,Monitoring
2025-08-22,12:25:00,HOLD,MIDCPNIFTY25AUG13100CE,32.2,1848.0,Monitoring
2025-08-22,12:30:00,HOLD,MIDCPNIFTY25AUG13100CE,31.2,1968.0,Monitoring
2025-08-22,12:35:00,HOLD,MIDCPNIFTY25AUG13100CE,30.15,2094.0,Monitoring
2025-08-22,12:40:00,HOLD,MIDCPNIFTY25AUG13100CE,29.8,2136.0,Monitoring
2025-08-22,12:40:00,BUY_EXIT,MIDCPNIFTY25AUG13100CE,29.8,2136.0,TARGET_LTP_30
