Date,Time,Event,Ticker,Price,PnL_INR,Info
2024-09-16,14:00:00,SELL_ENTRY,MIDCPNIFTY24SEP13400CE,137.95,0.0,Signal CE | Short
2024-09-16,14:05:00,HOLD,MIDCPNIFTY24SEP13400CE,137.95,0.0,Monitoring
2024-09-16,14:10:00,HOLD,MIDCPNIFTY24SEP13400CE,135.5,294.0,Monitoring
2024-09-16,14:15:00,HOLD,MIDCPNIFTY24SEP13400CE,135.5,294.0,Monitoring
2024-09-16,14:20:00,HOLD,MIDCPNIFTY24SEP13400CE,129.5,1014.0,Monitoring
2024-09-16,14:25:00,HOLD,MIDCPNIFTY24SEP13400CE,135.95,240.0,Monitoring
2024-09-16,14:30:00,HOLD,MIDCPNIFTY24SEP13400CE,131.0,834.0,Monitoring
2024-09-16,14:35:00,HOLD,MIDCPNIFTY24SEP13400CE,134.0,474.0,Monitoring
2024-09-16,14:40:00,HOLD,MIDCPNIFTY24SEP13400CE,130.0,954.0,Monitoring
2024-09-16,14:45:00,HOLD,MIDCPNIFTY24SEP13400CE,128.0,1194.0,Monitoring
2024-09-16,14:50:00,HOLD,MIDCPNIFTY24SEP13400CE,128.0,1194.0,Monitoring
2024-09-16,14:55:00,HOLD,MIDCPNIFTY24SEP13400CE,127.0,1314.0,Monitoring
2024-09-16,15:00:00,HOLD,MIDCPNIFTY24SEP13400CE,135.15,336.0,Monitoring
2024-09-16,15:05:00,HOLD,MIDCPNIFTY24SEP13400CE,130.0,954.0,Monitoring
2024-09-16,15:10:00,HOLD,MIDCPNIFTY24SEP13400CE,133.85,492.0,Monitoring
2024-09-16,15:15:00,HOLD,MIDCPNIFTY24SEP13400CE,130.0,954.0,Monitoring
2024-09-16,15:20:00,HOLD,MIDCPNIFTY24SEP13400CE,132.6,642.0,Monitoring
2024-09-16,15:25:00,HOLD,MIDCPNIFTY24SEP13400CE,135.25,324.0,Monitoring
2024-09-17,09:15:00,HOLD,MIDCPNIFTY24SEP13400CE,118.0,2394.0,Monitoring
2024-09-17,09:20:00,HOLD,MIDCPNIFTY24SEP13400CE,112.9,3006.0,Monitoring
2024-09-17,09:25:00,HOLD,MIDCPNIFTY24SEP13400CE,110.2,3330.0,Monitoring
2024-09-17,09:30:00,HOLD,MIDCPNIFTY24SEP13400CE,114.4,2826.0,Monitoring
2024-09-17,09:35:00,HOLD,MIDCPNIFTY24SEP13400CE,114.55,2808.0,Monitoring
2024-09-17,09:40:00,HOLD,MIDCPNIFTY24SEP13400CE,112.6,3042.0,Monitoring
2024-09-17,09:45:00,HOLD,MIDCPNIFTY24SEP13400CE,112.6,3042.0,Monitoring
2024-09-17,09:50:00,HOLD,MIDCPNIFTY24SEP13400CE,109.0,3474.0,Monitoring
2024-09-17,09:55:00,HOLD,MIDCPNIFTY24SEP13400CE,102.75,4224.0,Monitoring
2024-09-17,10:00:00,HOLD,MIDCPNIFTY24SEP13400CE,101.9,4326.0,Monitoring
2024-09-17,10:05:00,HOLD,MIDCPNIFTY24SEP13400CE,101.9,4326.0,Monitoring
2024-09-17,10:10:00,HOLD,MIDCPNIFTY24SEP13400CE,96.7,4950.0,Monitoring
2024-09-17,10:15:00,HOLD,MIDCPNIFTY24SEP13400CE,95.0,5154.0,Monitoring
2024-09-17,10:20:00,HOLD,MIDCPNIFTY24SEP13400CE,100.0,4554.0,Monitoring
2024-09-17,10:25:00,HOLD,MIDCPNIFTY24SEP13400CE,98.0,4794.0,Monitoring
2024-09-17,10:30:00,HOLD,MIDCPNIFTY24SEP13400CE,99.75,4584.0,Monitoring
2024-09-17,10:35:00,HOLD,MIDCPNIFTY24SEP13400CE,99.2,4650.0,Monitoring
2024-09-17,10:40:00,HOLD,MIDCPNIFTY24SEP13400CE,105.0,3954.0,Monitoring
2024-09-17,10:45:00,HOLD,MIDCPNIFTY24SEP13400CE,104.5,4014.0,Monitoring
2024-09-17,10:50:00,HOLD,MIDCPNIFTY24SEP13400CE,106.4,3786.0,Monitoring
2024-09-17,10:55:00,HOLD,MIDCPNIFTY24SEP13400CE,104.05,4068.0,Monitoring
2024-09-17,11:00:00,HOLD,MIDCPNIFTY24SEP13400CE,108.3,3558.0,Monitoring
2024-09-17,11:05:00,HOLD,MIDCPNIFTY24SEP13400CE,105.0,3954.0,Monitoring
2024-09-17,11:10:00,HOLD,MIDCPNIFTY24SEP13400CE,109.3,3438.0,Monitoring
2024-09-17,11:15:00,HOLD,MIDCPNIFTY24SEP13400CE,109.3,3438.0,Monitoring
2024-09-17,11:20:00,HOLD,MIDCPNIFTY24SEP13400CE,123.6,1722.0,Monitoring
2024-09-17,11:25:00,HOLD,MIDCPNIFTY24SEP13400CE,116.0,2634.0,Monitoring
2024-09-17,11:30:00,HOLD,MIDCPNIFTY24SEP13400CE,117.0,2514.0,Monitoring
2024-09-17,11:35:00,HOLD,MIDCPNIFTY24SEP13400CE,116.0,2634.0,Monitoring
2024-09-17,11:40:00,HOLD,MIDCPNIFTY24SEP13400CE,116.0,2634.0,Monitoring
2024-09-17,11:45:00,HOLD,MIDCPNIFTY24SEP13400CE,116.0,2634.0,Monitoring
2024-09-17,11:50:00,HOLD,MIDCPNIFTY24SEP13400CE,119.25,2244.0,Monitoring
2024-09-17,11:55:00,HOLD,MIDCPNIFTY24SEP13400CE,119.25,2244.0,Monitoring
2024-09-17,12:00:00,HOLD,MIDCPNIFTY24SEP13400CE,121.25,2004.0,Monitoring
2024-09-17,12:05:00,HOLD,MIDCPNIFTY24SEP13400CE,121.25,2004.0,Monitoring
2024-09-17,12:10:00,HOLD,MIDCPNIFTY24SEP13400CE,118.0,2394.0,Monitoring
2024-09-17,12:15:00,HOLD,MIDCPNIFTY24SEP13400CE,118.0,2394.0,Monitoring
2024-09-17,12:20:00,HOLD,MIDCPNIFTY24SEP13400CE,116.05,2628.0,Monitoring
2024-09-17,12:25:00,HOLD,MIDCPNIFTY24SEP13400CE,116.05,2628.0,Monitoring
2024-09-17,12:30:00,HOLD,MIDCPNIFTY24SEP13400CE,114.1,2862.0,Monitoring
2024-09-17,12:35:00,HOLD,MIDCPNIFTY24SEP13400CE,116.8,2538.0,Monitoring
2024-09-17,12:40:00,HOLD,MIDCPNIFTY24SEP13400CE,116.8,2538.0,Monitoring
2024-09-17,12:45:00,HOLD,MIDCPNIFTY24SEP13400CE,119.25,2244.0,Monitoring
2024-09-17,12:50:00,HOLD,MIDCPNIFTY24SEP13400CE,120.0,2154.0,Monitoring
2024-09-17,12:55:00,HOLD,MIDCPNIFTY24SEP13400CE,120.0,2154.0,Monitoring
2024-09-17,13:00:00,HOLD,MIDCPNIFTY24SEP13400CE,120.0,2154.0,Monitoring
2024-09-17,13:05:00,HOLD,MIDCPNIFTY24SEP13400CE,120.0,2154.0,Monitoring
2024-09-17,13:10:00,HOLD,MIDCPNIFTY24SEP13400CE,119.0,2274.0,Monitoring
2024-09-17,13:15:00,HOLD,MIDCPNIFTY24SEP13400CE,119.0,2274.0,Monitoring
2024-09-17,13:20:00,HOLD,MIDCPNIFTY24SEP13400CE,119.0,2274.0,Monitoring
2024-09-17,13:25:00,HOLD,MIDCPNIFTY24SEP13400CE,117.5,2454.0,Monitoring
2024-09-17,13:30:00,HOLD,MIDCPNIFTY24SEP13400CE,117.5,2454.0,Monitoring
2024-09-17,13:35:00,HOLD,MIDCPNIFTY24SEP13400CE,125.0,1554.0,Monitoring
2024-09-17,13:40:00,HOLD,MIDCPNIFTY24SEP13400CE,131.25,804.0,Monitoring
2024-09-17,13:45:00,HOLD,MIDCPNIFTY24SEP13400CE,126.55,1368.0,Monitoring
2024-09-17,13:45:00,BUY_EXIT,MIDCPNIFTY24SEP13400CE,126.55,1368.0,EMA_REVERSAL_SL
