Date,Time,Event,Ticker,Price,PnL_INR,Info
2024-09-30,14:00:00,SELL_ENTRY,MIDCPNIFTY24OCT13200PE,350.0,0.0,Signal PE | Short
2024-09-30,14:05:00,HOLD,MIDCPNIFTY24OCT13200PE,350.0,0.0,Monitoring
2024-09-30,14:10:00,HOLD,MIDCPNIFTY24OCT13200PE,350.0,0.0,Monitoring
2024-09-30,14:15:00,HOLD,MIDCPNIFTY24OCT13200PE,350.0,0.0,Monitoring
2024-09-30,14:20:00,HOLD,MIDCPNIFTY24OCT13200PE,350.0,0.0,Monitoring
2024-09-30,14:25:00,HOLD,MIDCPNIFTY24OCT13200PE,350.0,0.0,Monitoring
2024-09-30,14:30:00,HOLD,MIDCPNIFTY24OCT13200PE,350.0,0.0,Monitoring
2024-09-30,15:05:00,HOLD,MIDCPNIFTY24OCT13200PE,350.0,0.0,Monitoring
2024-09-30,15:10:00,HOLD,MIDCPNIFTY24OCT13200PE,250.75,11910.0,Monitoring
2024-09-30,15:15:00,HOLD,MIDCPNIFTY24OCT13200PE,250.75,11910.0,Monitoring
2024-09-30,15:20:00,HOLD,MIDCPNIFTY24OCT13200PE,250.75,11910.0,Monitoring
2024-09-30,15:25:00,HOLD,MIDCPNIFTY24OCT13200PE,250.75,11910.0,Monitoring
2024-10-01,09:15:00,HOLD,MIDCPNIFTY24OCT13200PE,232.4,14112.0,Monitoring
2024-10-01,09:20:00,HOLD,MIDCPNIFTY24OCT13200PE,232.4,14112.0,Monitoring
2024-10-01,09:25:00,HOLD,MIDCPNIFTY24OCT13200PE,232.4,14112.0,Monitoring
2024-10-01,09:30:00,HOLD,MIDCPNIFTY24OCT13200PE,232.4,14112.0,Monitoring
2024-10-01,09:35:00,HOLD,MIDCPNIFTY24OCT13200PE,232.4,14112.0,Monitoring
2024-10-01,09:40:00,HOLD,MIDCPNIFTY24OCT13200PE,202.15,17742.0,Monitoring
2024-10-01,09:45:00,HOLD,MIDCPNIFTY24OCT13200PE,202.15,17742.0,Monitoring
2024-10-01,09:50:00,HOLD,MIDCPNIFTY24OCT13200PE,202.15,17742.0,Monitoring
2024-10-01,09:55:00,HOLD,MIDCPNIFTY24OCT13200PE,202.15,17742.0,Monitoring
2024-10-01,10:00:00,HOLD,MIDCPNIFTY24OCT13200PE,202.15,17742.0,Monitoring
2024-10-01,10:05:00,HOLD,MIDCPNIFTY24OCT13200PE,202.15,17742.0,Monitoring
2024-10-01,10:10:00,HOLD,MIDCPNIFTY24OCT13200PE,202.15,17742.0,Monitoring
2024-10-01,10:15:00,HOLD,MIDCPNIFTY24OCT13200PE,202.15,17742.0,Monitoring
2024-10-01,10:20:00,HOLD,MIDCPNIFTY24OCT13200PE,202.15,17742.0,Monitoring
2024-10-01,10:25:00,HOLD,MIDCPNIFTY24OCT13200PE,202.15,17742.0,Monitoring
2024-10-01,10:30:00,HOLD,MIDCPNIFTY24OCT13200PE,202.15,17742.0,Monitoring
2024-10-01,10:35:00,HOLD,MIDCPNIFTY24OCT13200PE,202.15,17742.0,Monitoring
2024-10-01,10:40:00,HOLD,MIDCPNIFTY24OCT13200PE,202.15,17742.0,Monitoring
2024-10-01,10:45:00,HOLD,MIDCPNIFTY24OCT13200PE,202.15,17742.0,Monitoring
2024-10-01,10:50:00,HOLD,MIDCPNIFTY24OCT13200PE,202.15,17742.0,Monitoring
2024-10-01,10:55:00,HOLD,MIDCPNIFTY24OCT13200PE,202.15,17742.0,Monitoring
2024-10-01,11:00:00,HOLD,MIDCPNIFTY24OCT13200PE,202.15,17742.0,Monitoring
2024-10-01,11:05:00,HOLD,MIDCPNIFTY24OCT13200PE,202.15,17742.0,Monitoring
2024-10-01,11:10:00,HOLD,MIDCPNIFTY24OCT13200PE,202.15,17742.0,Monitoring
2024-10-01,11:15:00,HOLD,MIDCPNIFTY24OCT13200PE,202.15,17742.0,Monitoring
2024-10-01,11:20:00,HOLD,MIDCPNIFTY24OCT13200PE,202.15,17742.0,Monitoring
2024-10-01,11:25:00,HOLD,MIDCPNIFTY24OCT13200PE,202.15,17742.0,Monitoring
2024-10-01,11:30:00,HOLD,MIDCPNIFTY24OCT13200PE,202.15,17742.0,Monitoring
2024-10-01,11:35:00,HOLD,MIDCPNIFTY24OCT13200PE,202.15,17742.0,Monitoring
2024-10-01,11:40:00,HOLD,MIDCPNIFTY24OCT13200PE,202.15,17742.0,Monitoring
2024-10-01,11:45:00,HOLD,MIDCPNIFTY24OCT13200PE,202.15,17742.0,Monitoring
2024-10-01,11:50:00,HOLD,MIDCPNIFTY24OCT13200PE,202.15,17742.0,Monitoring
2024-10-01,11:55:00,HOLD,MIDCPNIFTY24OCT13200PE,202.15,17742.0,Monitoring
2024-10-01,12:00:00,HOLD,MIDCPNIFTY24OCT13200PE,202.15,17742.0,Monitoring
2024-10-01,12:05:00,HOLD,MIDCPNIFTY24OCT13200PE,202.15,17742.0,Monitoring
2024-10-01,12:10:00,HOLD,MIDCPNIFTY24OCT13200PE,202.15,17742.0,Monitoring
2024-10-01,12:15:00,HOLD,MIDCPNIFTY24OCT13200PE,202.15,17742.0,Monitoring
2024-10-01,12:20:00,HOLD,MIDCPNIFTY24OCT13200PE,202.15,17742.0,Monitoring
2024-10-01,12:25:00,HOLD,MIDCPNIFTY24OCT13200PE,202.15,17742.0,Monitoring
2024-10-01,12:30:00,HOLD,MIDCPNIFTY24OCT13200PE,202.15,17742.0,Monitoring
2024-10-01,12:35:00,HOLD,MIDCPNIFTY24OCT13200PE,202.15,17742.0,Monitoring
2024-10-03,09:15:00,HOLD,MIDCPNIFTY24OCT13200PE,202.15,17742.0,Monitoring
2024-10-03,09:20:00,HOLD,MIDCPNIFTY24OCT13200PE,202.15,17742.0,Monitoring
2024-10-03,09:25:00,HOLD,MIDCPNIFTY24OCT13200PE,202.15,17742.0,Monitoring
2024-10-03,09:30:00,HOLD,MIDCPNIFTY24OCT13200PE,243.0,12840.0,Monitoring
2024-10-03,09:35:00,HOLD,MIDCPNIFTY24OCT13200PE,243.0,12840.0,Monitoring
2024-10-03,09:40:00,HOLD,MIDCPNIFTY24OCT13200PE,243.0,12840.0,Monitoring
2024-10-03,09:45:00,HOLD,MIDCPNIFTY24OCT13200PE,243.0,12840.0,Monitoring
2024-10-03,09:50:00,HOLD,MIDCPNIFTY24OCT13200PE,243.0,12840.0,Monitoring
2024-10-03,09:55:00,HOLD,MIDCPNIFTY24OCT13200PE,243.0,12840.0,Monitoring
2024-10-03,10:00:00,HOLD,MIDCPNIFTY24OCT13200PE,243.0,12840.0,Monitoring
2024-10-03,10:05:00,HOLD,MIDCPNIFTY24OCT13200PE,243.0,12840.0,Monitoring
2024-10-03,10:10:00,HOLD,MIDCPNIFTY24OCT13200PE,243.0,12840.0,Monitoring
2024-10-03,10:15:00,HOLD,MIDCPNIFTY24OCT13200PE,243.0,12840.0,Monitoring
2024-10-03,10:20:00,HOLD,MIDCPNIFTY24OCT13200PE,243.0,12840.0,Monitoring
2024-10-03,10:25:00,HOLD,MIDCPNIFTY24OCT13200PE,243.0,12840.0,Monitoring
2024-10-03,10:30:00,HOLD,MIDCPNIFTY24OCT13200PE,243.0,12840.0,Monitoring
2024-10-03,10:35:00,HOLD,MIDCPNIFTY24OCT13200PE,243.0,12840.0,Monitoring
2024-10-03,10:40:00,HOLD,MIDCPNIFTY24OCT13200PE,243.0,12840.0,Monitoring
2024-10-03,10:45:00,HOLD,MIDCPNIFTY24OCT13200PE,243.0,12840.0,Monitoring
2024-10-03,10:50:00,HOLD,MIDCPNIFTY24OCT13200PE,243.0,12840.0,Monitoring
2024-10-03,10:55:00,HOLD,MIDCPNIFTY24OCT13200PE,243.0,12840.0,Monitoring
2024-10-03,11:00:00,HOLD,MIDCPNIFTY24OCT13200PE,243.0,12840.0,Monitoring
2024-10-03,11:05:00,HOLD,MIDCPNIFTY24OCT13200PE,243.0,12840.0,Monitoring
2024-10-03,11:10:00,HOLD,MIDCPNIFTY24OCT13200PE,243.0,12840.0,Monitoring
2024-10-03,11:15:00,HOLD,MIDCPNIFTY24OCT13200PE,243.0,12840.0,Monitoring
2024-10-03,11:20:00,HOLD,MIDCPNIFTY24OCT13200PE,243.0,12840.0,Monitoring
2024-10-03,11:25:00,HOLD,MIDCPNIFTY24OCT13200PE,243.0,12840.0,Monitoring
2024-10-03,11:40:00,HOLD,MIDCPNIFTY24OCT13200PE,243.0,12840.0,Monitoring
2024-10-03,11:45:00,HOLD,MIDCPNIFTY24OCT13200PE,243.0,12840.0,Monitoring
2024-10-03,11:50:00,HOLD,MIDCPNIFTY24OCT13200PE,243.0,12840.0,Monitoring
2024-10-03,11:55:00,HOLD,MIDCPNIFTY24OCT13200PE,243.0,12840.0,Monitoring
2024-10-03,12:00:00,HOLD,MIDCPNIFTY24OCT13200PE,243.0,12840.0,Monitoring
2024-10-03,12:05:00,HOLD,MIDCPNIFTY24OCT13200PE,243.0,12840.0,Monitoring
2024-10-03,12:10:00,HOLD,MIDCPNIFTY24OCT13200PE,243.0,12840.0,Monitoring
2024-10-03,12:15:00,HOLD,MIDCPNIFTY24OCT13200PE,243.0,12840.0,Monitoring
2024-10-03,12:20:00,HOLD,MIDCPNIFTY24OCT13200PE,243.0,12840.0,Monitoring
2024-10-03,13:20:00,HOLD,MIDCPNIFTY24OCT13200PE,243.0,12840.0,Monitoring
2024-10-03,13:25:00,HOLD,MIDCPNIFTY24OCT13200PE,243.0,12840.0,Monitoring
2024-10-03,13:30:00,HOLD,MIDCPNIFTY24OCT13200PE,243.0,12840.0,Monitoring
2024-10-03,13:35:00,HOLD,MIDCPNIFTY24OCT13200PE,243.0,12840.0,Monitoring
2024-10-03,13:40:00,HOLD,MIDCPNIFTY24OCT13200PE,243.0,12840.0,Monitoring
2024-10-03,13:55:00,HOLD,MIDCPNIFTY24OCT13200PE,243.0,12840.0,Monitoring
2024-10-03,13:55:00,BUY_EXIT,MIDCPNIFTY24OCT13200PE,243.0,12840.0,EMA_REVERSAL_SL
