Date,Time,Event,Ticker,Price,PnL_INR,Info
2025-06-16,14:00:00,SELL_ENTRY,MIDCPNIFTY25JUN12900PE,92.15,0.0,Signal PE | Short
2025-06-16,14:05:00,HOLD,MIDCPNIFTY25JUN12900PE,89.3,342.0,Monitoring
2025-06-16,14:10:00,HOLD,MIDCPNIFTY25JUN12900PE,87.95,504.0,Monitoring
2025-06-16,14:15:00,HOLD,MIDCPNIFTY25JUN12900PE,90.0,258.0,Monitoring
2025-06-16,14:20:00,HOLD,MIDCPNIFTY25JUN12900PE,90.55,192.0,Monitoring
2025-06-16,14:25:00,HOLD,MIDCPNIFTY25JUN12900PE,90.65,180.0,Monitoring
2025-06-16,14:30:00,HOLD,MIDCPNIFTY25JUN12900PE,92.6,-54.0,Monitoring
2025-06-16,14:35:00,HOLD,MIDCPNIFTY25JUN12900PE,93.0,-102.0,Monitoring
2025-06-16,14:40:00,HOLD,MIDCPNIFTY25JUN12900PE,94.65,-300.0,Monitoring
2025-06-16,14:45:00,HOLD,MIDCPNIFTY25JUN12900PE,94.75,-312.0,Monitoring
2025-06-16,14:50:00,HOLD,MIDCPNIFTY25JUN12900PE,94.4,-270.0,Monitoring
2025-06-16,14:55:00,HOLD,MIDCPNIFTY25JUN12900PE,92.5,-42.0,Monitoring
2025-06-16,15:00:00,HOLD,MIDCPNIFTY25JUN12900PE,92.3,-18.0,Monitoring
2025-06-16,15:05:00,HOLD,MIDCPNIFTY25JUN12900PE,92.25,-12.0,Monitoring
2025-06-16,15:10:00,HOLD,MIDCPNIFTY25JUN12900PE,92.15,0.0,Monitoring
2025-06-16,15:15:00,HOLD,MIDCPNIFTY25JUN12900PE,92.4,-30.0,Monitoring
2025-06-16,15:20:00,HOLD,MIDCPNIFTY25JUN12900PE,94.7,-306.0,Monitoring
2025-06-16,15:25:00,HOLD,MIDCPNIFTY25JUN12900PE,91.0,138.0,Monitoring
2025-06-17,09:15:00,HOLD,MIDCPNIFTY25JUN12900PE,91.25,108.0,Monitoring
2025-06-17,09:20:00,HOLD,MIDCPNIFTY25JUN12900PE,93.05,-108.0,Monitoring
2025-06-17,09:25:00,HOLD,MIDCPNIFTY25JUN12900PE,92.0,18.0,Monitoring
2025-06-17,09:30:00,HOLD,MIDCPNIFTY25JUN12900PE,86.2,714.0,Monitoring
2025-06-17,09:35:00,HOLD,MIDCPNIFTY25JUN12900PE,80.0,1458.0,Monitoring
2025-06-17,09:40:00,HOLD,MIDCPNIFTY25JUN12900PE,82.0,1218.0,Monitoring
2025-06-17,09:45:00,HOLD,MIDCPNIFTY25JUN12900PE,84.0,978.0,Monitoring
2025-06-17,09:50:00,HOLD,MIDCPNIFTY25JUN12900PE,85.15,840.0,Monitoring
2025-06-17,09:55:00,HOLD,MIDCPNIFTY25JUN12900PE,83.0,1098.0,Monitoring
2025-06-17,10:00:00,HOLD,MIDCPNIFTY25JUN12900PE,88.4,450.0,Monitoring
2025-06-17,10:05:00,HOLD,MIDCPNIFTY25JUN12900PE,85.5,798.0,Monitoring
2025-06-17,10:10:00,HOLD,MIDCPNIFTY25JUN12900PE,85.1,846.0,Monitoring
2025-06-17,10:15:00,HOLD,MIDCPNIFTY25JUN12900PE,80.45,1404.0,Monitoring
2025-06-17,10:20:00,HOLD,MIDCPNIFTY25JUN12900PE,80.35,1416.0,Monitoring
2025-06-17,10:25:00,HOLD,MIDCPNIFTY25JUN12900PE,80.55,1392.0,Monitoring
2025-06-17,10:30:00,HOLD,MIDCPNIFTY25JUN12900PE,72.6,2346.0,Monitoring
2025-06-17,10:35:00,HOLD,MIDCPNIFTY25JUN12900PE,72.15,2400.0,Monitoring
2025-06-17,10:40:00,HOLD,MIDCPNIFTY25JUN12900PE,74.5,2118.0,Monitoring
2025-06-17,10:45:00,HOLD,MIDCPNIFTY25JUN12900PE,79.35,1536.0,Monitoring
2025-06-17,10:50:00,HOLD,MIDCPNIFTY25JUN12900PE,78.7,1614.0,Monitoring
2025-06-17,10:55:00,HOLD,MIDCPNIFTY25JUN12900PE,78.1,1686.0,Monitoring
2025-06-17,11:00:00,HOLD,MIDCPNIFTY25JUN12900PE,81.25,1308.0,Monitoring
2025-06-17,11:05:00,HOLD,MIDCPNIFTY25JUN12900PE,78.85,1596.0,Monitoring
2025-06-17,11:10:00,HOLD,MIDCPNIFTY25JUN12900PE,77.35,1776.0,Monitoring
2025-06-17,11:15:00,HOLD,MIDCPNIFTY25JUN12900PE,85.0,858.0,Monitoring
2025-06-17,11:20:00,HOLD,MIDCPNIFTY25JUN12900PE,81.35,1296.0,Monitoring
2025-06-17,11:25:00,HOLD,MIDCPNIFTY25JUN12900PE,79.7,1494.0,Monitoring
2025-06-17,11:30:00,HOLD,MIDCPNIFTY25JUN12900PE,78.85,1596.0,Monitoring
2025-06-17,11:35:00,HOLD,MIDCPNIFTY25JUN12900PE,78.55,1632.0,Monitoring
2025-06-17,11:40:00,HOLD,MIDCPNIFTY25JUN12900PE,80.05,1452.0,Monitoring
2025-06-17,11:45:00,HOLD,MIDCPNIFTY25JUN12900PE,82.65,1140.0,Monitoring
2025-06-17,11:50:00,HOLD,MIDCPNIFTY25JUN12900PE,86.25,708.0,Monitoring
2025-06-17,11:55:00,HOLD,MIDCPNIFTY25JUN12900PE,91.25,108.0,Monitoring
2025-06-17,12:00:00,HOLD,MIDCPNIFTY25JUN12900PE,95.7,-426.0,Monitoring
2025-06-17,12:05:00,HOLD,MIDCPNIFTY25JUN12900PE,89.1,366.0,Monitoring
2025-06-17,12:10:00,HOLD,MIDCPNIFTY25JUN12900PE,94.65,-300.0,Monitoring
2025-06-17,12:15:00,HOLD,MIDCPNIFTY25JUN12900PE,88.15,480.0,Monitoring
2025-06-17,12:20:00,HOLD,MIDCPNIFTY25JUN12900PE,86.65,660.0,Monitoring
2025-06-17,12:25:00,HOLD,MIDCPNIFTY25JUN12900PE,89.1,366.0,Monitoring
2025-06-17,12:30:00,HOLD,MIDCPNIFTY25JUN12900PE,92.05,12.0,Monitoring
2025-06-17,12:35:00,HOLD,MIDCPNIFTY25JUN12900PE,92.45,-36.0,Monitoring
2025-06-17,12:40:00,HOLD,MIDCPNIFTY25JUN12900PE,96.15,-480.0,Monitoring
2025-06-17,12:45:00,HOLD,MIDCPNIFTY25JUN12900PE,99.35,-864.0,Monitoring
2025-06-17,12:50:00,HOLD,MIDCPNIFTY25JUN12900PE,105.45,-1596.0,Monitoring
2025-06-17,12:55:00,HOLD,MIDCPNIFTY25JUN12900PE,101.5,-1122.0,Monitoring
2025-06-17,13:00:00,HOLD,MIDCPNIFTY25JUN12900PE,105.5,-1602.0,Monitoring
2025-06-17,13:05:00,HOLD,MIDCPNIFTY25JUN12900PE,103.15,-1320.0,Monitoring
2025-06-17,13:05:00,BUY_EXIT,MIDCPNIFTY25JUN12900PE,103.15,-1320.0,EMA_REVERSAL_SL
