Date,Time,Event,Ticker,Price,PnL_INR,Info
2025-10-01,14:00:00,SELL_ENTRY,MIDCPNIFTY25OCT12600PE,168.55,0.0,Signal PE | Short
2025-10-01,14:05:00,HOLD,MIDCPNIFTY25OCT12600PE,159.25,1116.0,Monitoring
2025-10-01,14:10:00,HOLD,MIDCPNIFTY25OCT12600PE,158.6,1194.0,Monitoring
2025-10-01,14:15:00,HOLD,MIDCPNIFTY25OCT12600PE,157.7,1302.0,Monitoring
2025-10-01,14:20:00,HOLD,MIDCPNIFTY25OCT12600PE,156.75,1416.0,Monitoring
2025-10-01,14:25:00,HOLD,MIDCPNIFTY25OCT12600PE,158.15,1248.0,Monitoring
2025-10-01,14:30:00,HOLD,MIDCPNIFTY25OCT12600PE,153.0,1866.0,Monitoring
2025-10-01,14:35:00,HOLD,MIDCPNIFTY25OCT12600PE,154.55,1680.0,Monitoring
2025-10-01,14:40:00,HOLD,MIDCPNIFTY25OCT12600PE,153.5,1806.0,Monitoring
2025-10-01,14:45:00,HOLD,MIDCPNIFTY25OCT12600PE,151.55,2040.0,Monitoring
2025-10-01,14:50:00,HOLD,MIDCPNIFTY25OCT12600PE,149.75,2256.0,Monitoring
2025-10-01,14:55:00,HOLD,MIDCPNIFTY25OCT12600PE,153.45,1812.0,Monitoring
2025-10-01,15:00:00,HOLD,MIDCPNIFTY25OCT12600PE,151.1,2094.0,Monitoring
2025-10-01,15:05:00,HOLD,MIDCPNIFTY25OCT12600PE,151.8,2010.0,Monitoring
2025-10-01,15:10:00,HOLD,MIDCPNIFTY25OCT12600PE,156.0,1506.0,Monitoring
2025-10-01,15:15:00,HOLD,MIDCPNIFTY25OCT12600PE,158.85,1164.0,Monitoring
2025-10-01,15:20:00,HOLD,MIDCPNIFTY25OCT12600PE,157.65,1308.0,Monitoring
2025-10-01,15:25:00,HOLD,MIDCPNIFTY25OCT12600PE,153.65,1788.0,Monitoring
2025-10-03,09:15:00,HOLD,MIDCPNIFTY25OCT12600PE,147.7,2502.0,Monitoring
2025-10-03,09:20:00,HOLD,MIDCPNIFTY25OCT12600PE,151.15,2088.0,Monitoring
2025-10-03,09:25:00,HOLD,MIDCPNIFTY25OCT12600PE,149.0,2346.0,Monitoring
2025-10-03,09:30:00,HOLD,MIDCPNIFTY25OCT12600PE,146.65,2628.0,Monitoring
2025-10-03,09:35:00,HOLD,MIDCPNIFTY25OCT12600PE,143.0,3066.0,Monitoring
2025-10-03,09:40:00,HOLD,MIDCPNIFTY25OCT12600PE,142.05,3180.0,Monitoring
2025-10-03,09:45:00,HOLD,MIDCPNIFTY25OCT12600PE,144.0,2946.0,Monitoring
2025-10-03,09:50:00,HOLD,MIDCPNIFTY25OCT12600PE,138.6,3594.0,Monitoring
2025-10-03,09:55:00,HOLD,MIDCPNIFTY25OCT12600PE,133.25,4236.0,Monitoring
2025-10-03,10:00:00,HOLD,MIDCPNIFTY25OCT12600PE,136.5,3846.0,Monitoring
2025-10-03,10:05:00,HOLD,MIDCPNIFTY25OCT12600PE,139.4,3498.0,Monitoring
2025-10-03,10:10:00,HOLD,MIDCPNIFTY25OCT12600PE,136.2,3882.0,Monitoring
2025-10-03,10:15:00,HOLD,MIDCPNIFTY25OCT12600PE,139.5,3486.0,Monitoring
2025-10-03,10:20:00,HOLD,MIDCPNIFTY25OCT12600PE,140.6,3354.0,Monitoring
2025-10-03,10:25:00,HOLD,MIDCPNIFTY25OCT12600PE,137.9,3678.0,Monitoring
2025-10-03,10:30:00,HOLD,MIDCPNIFTY25OCT12600PE,137.0,3786.0,Monitoring
2025-10-03,10:35:00,HOLD,MIDCPNIFTY25OCT12600PE,135.0,4026.0,Monitoring
2025-10-03,10:40:00,HOLD,MIDCPNIFTY25OCT12600PE,143.65,2988.0,Monitoring
2025-10-03,10:45:00,HOLD,MIDCPNIFTY25OCT12600PE,139.8,3450.0,Monitoring
2025-10-03,10:50:00,HOLD,MIDCPNIFTY25OCT12600PE,135.95,3912.0,Monitoring
2025-10-03,10:55:00,HOLD,MIDCPNIFTY25OCT12600PE,139.4,3498.0,Monitoring
2025-10-03,11:00:00,HOLD,MIDCPNIFTY25OCT12600PE,137.05,3780.0,Monitoring
2025-10-03,11:05:00,HOLD,MIDCPNIFTY25OCT12600PE,134.35,4104.0,Monitoring
2025-10-03,11:10:00,HOLD,MIDCPNIFTY25OCT12600PE,135.25,3996.0,Monitoring
2025-10-03,11:15:00,HOLD,MIDCPNIFTY25OCT12600PE,131.65,4428.0,Monitoring
2025-10-03,11:20:00,HOLD,MIDCPNIFTY25OCT12600PE,132.0,4386.0,Monitoring
2025-10-03,11:25:00,HOLD,MIDCPNIFTY25OCT12600PE,134.5,4086.0,Monitoring
2025-10-03,11:30:00,HOLD,MIDCPNIFTY25OCT12600PE,134.8,4050.0,Monitoring
2025-10-03,11:35:00,HOLD,MIDCPNIFTY25OCT12600PE,130.25,4596.0,Monitoring
2025-10-03,11:40:00,HOLD,MIDCPNIFTY25OCT12600PE,129.05,4740.0,Monitoring
2025-10-03,11:45:00,HOLD,MIDCPNIFTY25OCT12600PE,130.3,4590.0,Monitoring
2025-10-03,11:50:00,HOLD,MIDCPNIFTY25OCT12600PE,128.85,4764.0,Monitoring
2025-10-03,11:55:00,HOLD,MIDCPNIFTY25OCT12600PE,131.2,4482.0,Monitoring
2025-10-03,12:00:00,HOLD,MIDCPNIFTY25OCT12600PE,128.5,4806.0,Monitoring
2025-10-03,12:05:00,HOLD,MIDCPNIFTY25OCT12600PE,125.95,5112.0,Monitoring
2025-10-03,12:10:00,HOLD,MIDCPNIFTY25OCT12600PE,128.45,4812.0,Monitoring
2025-10-03,12:15:00,HOLD,MIDCPNIFTY25OCT12600PE,133.4,4218.0,Monitoring
2025-10-03,12:20:00,HOLD,MIDCPNIFTY25OCT12600PE,132.85,4284.0,Monitoring
2025-10-03,12:25:00,HOLD,MIDCPNIFTY25OCT12600PE,131.2,4482.0,Monitoring
2025-10-03,12:30:00,HOLD,MIDCPNIFTY25OCT12600PE,133.0,4266.0,Monitoring
2025-10-03,12:35:00,HOLD,MIDCPNIFTY25OCT12600PE,131.05,4500.0,Monitoring
2025-10-03,12:40:00,HOLD,MIDCPNIFTY25OCT12600PE,130.7,4542.0,Monitoring
2025-10-03,12:45:00,HOLD,MIDCPNIFTY25OCT12600PE,128.65,4788.0,Monitoring
2025-10-03,12:50:00,HOLD,MIDCPNIFTY25OCT12600PE,125.8,5130.0,Monitoring
2025-10-03,12:55:00,HOLD,MIDCPNIFTY25OCT12600PE,125.85,5124.0,Monitoring
2025-10-03,13:00:00,HOLD,MIDCPNIFTY25OCT12600PE,126.6,5034.0,Monitoring
2025-10-03,13:05:00,HOLD,MIDCPNIFTY25OCT12600PE,125.5,5166.0,Monitoring
2025-10-03,13:10:00,HOLD,MIDCPNIFTY25OCT12600PE,123.2,5442.0,Monitoring
2025-10-03,13:15:00,HOLD,MIDCPNIFTY25OCT12600PE,123.55,5400.0,Monitoring
2025-10-03,13:20:00,HOLD,MIDCPNIFTY25OCT12600PE,126.45,5052.0,Monitoring
2025-10-03,13:25:00,HOLD,MIDCPNIFTY25OCT12600PE,130.0,4626.0,Monitoring
2025-10-03,13:30:00,HOLD,MIDCPNIFTY25OCT12600PE,129.85,4644.0,Monitoring
2025-10-03,13:35:00,HOLD,MIDCPNIFTY25OCT12600PE,132.45,4332.0,Monitoring
2025-10-03,13:40:00,HOLD,MIDCPNIFTY25OCT12600PE,131.5,4446.0,Monitoring
2025-10-03,13:45:00,HOLD,MIDCPNIFTY25OCT12600PE,130.0,4626.0,Monitoring
2025-10-03,13:50:00,HOLD,MIDCPNIFTY25OCT12600PE,126.85,5004.0,Monitoring
2025-10-03,13:55:00,HOLD,MIDCPNIFTY25OCT12600PE,128.65,4788.0,Monitoring
2025-10-03,14:00:00,HOLD,MIDCPNIFTY25OCT12600PE,127.45,4932.0,Monitoring
2025-10-03,14:05:00,HOLD,MIDCPNIFTY25OCT12600PE,127.1,4974.0,Monitoring
2025-10-03,14:10:00,HOLD,MIDCPNIFTY25OCT12600PE,128.6,4794.0,Monitoring
2025-10-03,14:15:00,HOLD,MIDCPNIFTY25OCT12600PE,127.65,4908.0,Monitoring
2025-10-03,14:20:00,HOLD,MIDCPNIFTY25OCT12600PE,123.0,5466.0,Monitoring
2025-10-03,14:25:00,HOLD,MIDCPNIFTY25OCT12600PE,121.9,5598.0,Monitoring
2025-10-03,14:30:00,HOLD,MIDCPNIFTY25OCT12600PE,119.75,5856.0,Monitoring
2025-10-03,14:35:00,HOLD,MIDCPNIFTY25OCT12600PE,115.4,6378.0,Monitoring
2025-10-03,14:40:00,HOLD,MIDCPNIFTY25OCT12600PE,112.7,6702.0,Monitoring
2025-10-03,14:45:00,HOLD,MIDCPNIFTY25OCT12600PE,115.4,6378.0,Monitoring
2025-10-03,14:50:00,HOLD,MIDCPNIFTY25OCT12600PE,114.35,6504.0,Monitoring
2025-10-03,14:55:00,HOLD,MIDCPNIFTY25OCT12600PE,113.1,6654.0,Monitoring
2025-10-03,15:00:00,HOLD,MIDCPNIFTY25OCT12600PE,112.5,6726.0,Monitoring
2025-10-03,15:05:00,HOLD,MIDCPNIFTY25OCT12600PE,113.05,6660.0,Monitoring
2025-10-03,15:10:00,HOLD,MIDCPNIFTY25OCT12600PE,112.85,6684.0,Monitoring
2025-10-03,15:15:00,HOLD,MIDCPNIFTY25OCT12600PE,112.75,6696.0,Monitoring
2025-10-03,15:20:00,HOLD,MIDCPNIFTY25OCT12600PE,110.45,6972.0,Monitoring
2025-10-03,15:25:00,HOLD,MIDCPNIFTY25OCT12600PE,105.0,7626.0,Monitoring
2025-10-06,09:15:00,HOLD,MIDCPNIFTY25OCT12600PE,99.8,8250.0,Monitoring
2025-10-06,09:20:00,HOLD,MIDCPNIFTY25OCT12600PE,88.9,9558.0,Monitoring
2025-10-06,09:25:00,HOLD,MIDCPNIFTY25OCT12600PE,91.65,9228.0,Monitoring
2025-10-06,09:30:00,HOLD,MIDCPNIFTY25OCT12600PE,93.15,9048.0,Monitoring
2025-10-06,09:35:00,HOLD,MIDCPNIFTY25OCT12600PE,94.75,8856.0,Monitoring
2025-10-06,09:40:00,HOLD,MIDCPNIFTY25OCT12600PE,91.95,9192.0,Monitoring
2025-10-06,09:45:00,HOLD,MIDCPNIFTY25OCT12600PE,90.7,9342.0,Monitoring
2025-10-06,09:50:00,HOLD,MIDCPNIFTY25OCT12600PE,94.05,8940.0,Monitoring
2025-10-06,09:55:00,HOLD,MIDCPNIFTY25OCT12600PE,90.65,9348.0,Monitoring
2025-10-06,10:00:00,HOLD,MIDCPNIFTY25OCT12600PE,91.0,9306.0,Monitoring
2025-10-06,10:05:00,HOLD,MIDCPNIFTY25OCT12600PE,91.9,9198.0,Monitoring
2025-10-06,10:10:00,HOLD,MIDCPNIFTY25OCT12600PE,88.0,9666.0,Monitoring
2025-10-06,10:15:00,HOLD,MIDCPNIFTY25OCT12600PE,85.85,9924.0,Monitoring
2025-10-06,10:20:00,HOLD,MIDCPNIFTY25OCT12600PE,84.1,10134.0,Monitoring
2025-10-06,10:25:00,HOLD,MIDCPNIFTY25OCT12600PE,85.6,9954.0,Monitoring
2025-10-06,10:30:00,HOLD,MIDCPNIFTY25OCT12600PE,86.05,9900.0,Monitoring
2025-10-06,10:35:00,HOLD,MIDCPNIFTY25OCT12600PE,84.75,10056.0,Monitoring
2025-10-06,10:40:00,HOLD,MIDCPNIFTY25OCT12600PE,86.4,9858.0,Monitoring
2025-10-06,10:45:00,HOLD,MIDCPNIFTY25OCT12600PE,85.4,9978.0,Monitoring
2025-10-06,10:50:00,HOLD,MIDCPNIFTY25OCT12600PE,87.65,9708.0,Monitoring
2025-10-06,10:55:00,HOLD,MIDCPNIFTY25OCT12600PE,85.7,9942.0,Monitoring
2025-10-06,11:00:00,HOLD,MIDCPNIFTY25OCT12600PE,85.0,10026.0,Monitoring
2025-10-06,11:05:00,HOLD,MIDCPNIFTY25OCT12600PE,85.45,9972.0,Monitoring
2025-10-06,11:10:00,HOLD,MIDCPNIFTY25OCT12600PE,83.45,10212.0,Monitoring
2025-10-06,11:15:00,HOLD,MIDCPNIFTY25OCT12600PE,83.6,10194.0,Monitoring
2025-10-06,11:20:00,HOLD,MIDCPNIFTY25OCT12600PE,84.2,10122.0,Monitoring
2025-10-06,11:25:00,HOLD,MIDCPNIFTY25OCT12600PE,86.2,9882.0,Monitoring
2025-10-06,11:30:00,HOLD,MIDCPNIFTY25OCT12600PE,85.25,9996.0,Monitoring
2025-10-06,11:35:00,HOLD,MIDCPNIFTY25OCT12600PE,83.1,10254.0,Monitoring
2025-10-06,11:40:00,HOLD,MIDCPNIFTY25OCT12600PE,82.75,10296.0,Monitoring
2025-10-06,11:45:00,HOLD,MIDCPNIFTY25OCT12600PE,83.7,10182.0,Monitoring
2025-10-06,11:50:00,HOLD,MIDCPNIFTY25OCT12600PE,85.6,9954.0,Monitoring
2025-10-06,11:55:00,HOLD,MIDCPNIFTY25OCT12600PE,85.15,10008.0,Monitoring
2025-10-06,12:00:00,HOLD,MIDCPNIFTY25OCT12600PE,83.6,10194.0,Monitoring
2025-10-06,12:05:00,HOLD,MIDCPNIFTY25OCT12600PE,86.65,9828.0,Monitoring
2025-10-06,12:10:00,HOLD,MIDCPNIFTY25OCT12600PE,83.0,10266.0,Monitoring
2025-10-06,12:15:00,HOLD,MIDCPNIFTY25OCT12600PE,82.0,10386.0,Monitoring
2025-10-06,12:20:00,HOLD,MIDCPNIFTY25OCT12600PE,81.1,10494.0,Monitoring
2025-10-06,12:25:00,HOLD,MIDCPNIFTY25OCT12600PE,82.25,10356.0,Monitoring
2025-10-06,12:30:00,HOLD,MIDCPNIFTY25OCT12600PE,83.0,10266.0,Monitoring
2025-10-06,12:35:00,HOLD,MIDCPNIFTY25OCT12600PE,82.7,10302.0,Monitoring
2025-10-06,12:40:00,HOLD,MIDCPNIFTY25OCT12600PE,83.45,10212.0,Monitoring
2025-10-06,12:45:00,HOLD,MIDCPNIFTY25OCT12600PE,82.95,10272.0,Monitoring
2025-10-06,12:50:00,HOLD,MIDCPNIFTY25OCT12600PE,81.5,10446.0,Monitoring
2025-10-06,12:55:00,HOLD,MIDCPNIFTY25OCT12600PE,80.35,10584.0,Monitoring
2025-10-06,13:00:00,HOLD,MIDCPNIFTY25OCT12600PE,77.3,10950.0,Monitoring
2025-10-06,13:05:00,HOLD,MIDCPNIFTY25OCT12600PE,78.2,10842.0,Monitoring
2025-10-06,13:10:00,HOLD,MIDCPNIFTY25OCT12600PE,78.4,10818.0,Monitoring
2025-10-06,13:15:00,HOLD,MIDCPNIFTY25OCT12600PE,79.6,10674.0,Monitoring
2025-10-06,13:20:00,HOLD,MIDCPNIFTY25OCT12600PE,78.5,10806.0,Monitoring
2025-10-06,13:25:00,HOLD,MIDCPNIFTY25OCT12600PE,75.85,11124.0,Monitoring
2025-10-06,13:30:00,HOLD,MIDCPNIFTY25OCT12600PE,75.0,11226.0,Monitoring
2025-10-06,13:35:00,HOLD,MIDCPNIFTY25OCT12600PE,73.65,11388.0,Monitoring
2025-10-06,13:40:00,HOLD,MIDCPNIFTY25OCT12600PE,72.5,11526.0,Monitoring
2025-10-06,13:45:00,HOLD,MIDCPNIFTY25OCT12600PE,72.35,11544.0,Monitoring
2025-10-06,13:50:00,HOLD,MIDCPNIFTY25OCT12600PE,69.8,11850.0,Monitoring
2025-10-06,13:55:00,HOLD,MIDCPNIFTY25OCT12600PE,67.9,12078.0,Monitoring
2025-10-06,14:00:00,HOLD,MIDCPNIFTY25OCT12600PE,70.75,11736.0,Monitoring
2025-10-06,14:05:00,HOLD,MIDCPNIFTY25OCT12600PE,69.75,11856.0,Monitoring
2025-10-06,14:10:00,HOLD,MIDCPNIFTY25OCT12600PE,69.45,11892.0,Monitoring
2025-10-06,14:15:00,HOLD,MIDCPNIFTY25OCT12600PE,68.35,12024.0,Monitoring
2025-10-06,14:20:00,HOLD,MIDCPNIFTY25OCT12600PE,65.45,12372.0,Monitoring
2025-10-06,14:25:00,HOLD,MIDCPNIFTY25OCT12600PE,68.85,11964.0,Monitoring
2025-10-06,14:30:00,HOLD,MIDCPNIFTY25OCT12600PE,65.3,12390.0,Monitoring
2025-10-06,14:35:00,HOLD,MIDCPNIFTY25OCT12600PE,65.25,12396.0,Monitoring
2025-10-06,14:40:00,HOLD,MIDCPNIFTY25OCT12600PE,68.0,12066.0,Monitoring
2025-10-06,14:45:00,HOLD,MIDCPNIFTY25OCT12600PE,69.3,11910.0,Monitoring
2025-10-06,14:50:00,HOLD,MIDCPNIFTY25OCT12600PE,68.5,12006.0,Monitoring
2025-10-06,14:55:00,HOLD,MIDCPNIFTY25OCT12600PE,66.1,12294.0,Monitoring
2025-10-06,15:00:00,HOLD,MIDCPNIFTY25OCT12600PE,65.4,12378.0,Monitoring
2025-10-06,15:05:00,HOLD,MIDCPNIFTY25OCT12600PE,65.35,12384.0,Monitoring
2025-10-06,15:10:00,HOLD,MIDCPNIFTY25OCT12600PE,65.0,12426.0,Monitoring
2025-10-06,15:15:00,HOLD,MIDCPNIFTY25OCT12600PE,64.35,12504.0,Monitoring
2025-10-06,15:20:00,HOLD,MIDCPNIFTY25OCT12600PE,64.5,12486.0,Monitoring
2025-10-06,15:25:00,HOLD,MIDCPNIFTY25OCT12600PE,64.15,12528.0,Monitoring
2025-10-07,09:15:00,HOLD,MIDCPNIFTY25OCT12600PE,64.75,12456.0,Monitoring
2025-10-07,09:20:00,HOLD,MIDCPNIFTY25OCT12600PE,60.65,12948.0,Monitoring
2025-10-07,09:25:00,HOLD,MIDCPNIFTY25OCT12600PE,57.8,13290.0,Monitoring
2025-10-07,09:30:00,HOLD,MIDCPNIFTY25OCT12600PE,54.2,13722.0,Monitoring
2025-10-07,09:35:00,HOLD,MIDCPNIFTY25OCT12600PE,52.9,13878.0,Monitoring
2025-10-07,09:40:00,HOLD,MIDCPNIFTY25OCT12600PE,50.05,14220.0,Monitoring
2025-10-07,09:45:00,HOLD,MIDCPNIFTY25OCT12600PE,51.4,14058.0,Monitoring
2025-10-07,09:50:00,HOLD,MIDCPNIFTY25OCT12600PE,50.05,14220.0,Monitoring
2025-10-07,09:55:00,HOLD,MIDCPNIFTY25OCT12600PE,50.95,14112.0,Monitoring
2025-10-07,10:00:00,HOLD,MIDCPNIFTY25OCT12600PE,50.9,14118.0,Monitoring
2025-10-07,10:05:00,HOLD,MIDCPNIFTY25OCT12600PE,50.65,14148.0,Monitoring
2025-10-07,10:10:00,HOLD,MIDCPNIFTY25OCT12600PE,53.55,13800.0,Monitoring
2025-10-07,10:15:00,HOLD,MIDCPNIFTY25OCT12600PE,53.3,13830.0,Monitoring
2025-10-07,10:20:00,HOLD,MIDCPNIFTY25OCT12600PE,54.0,13746.0,Monitoring
2025-10-07,10:25:00,HOLD,MIDCPNIFTY25OCT12600PE,52.3,13950.0,Monitoring
2025-10-07,10:30:00,HOLD,MIDCPNIFTY25OCT12600PE,52.95,13872.0,Monitoring
2025-10-07,10:35:00,HOLD,MIDCPNIFTY25OCT12600PE,52.3,13950.0,Monitoring
2025-10-07,10:40:00,HOLD,MIDCPNIFTY25OCT12600PE,51.55,14040.0,Monitoring
2025-10-07,10:45:00,HOLD,MIDCPNIFTY25OCT12600PE,51.45,14052.0,Monitoring
2025-10-07,10:50:00,HOLD,MIDCPNIFTY25OCT12600PE,51.25,14076.0,Monitoring
2025-10-07,10:55:00,HOLD,MIDCPNIFTY25OCT12600PE,51.25,14076.0,Monitoring
2025-10-07,11:00:00,HOLD,MIDCPNIFTY25OCT12600PE,52.5,13926.0,Monitoring
2025-10-07,11:05:00,HOLD,MIDCPNIFTY25OCT12600PE,52.15,13968.0,Monitoring
2025-10-07,11:10:00,HOLD,MIDCPNIFTY25OCT12600PE,53.2,13842.0,Monitoring
2025-10-07,11:15:00,HOLD,MIDCPNIFTY25OCT12600PE,55.05,13620.0,Monitoring
2025-10-07,11:20:00,HOLD,MIDCPNIFTY25OCT12600PE,59.55,13080.0,Monitoring
2025-10-07,11:25:00,HOLD,MIDCPNIFTY25OCT12600PE,55.9,13518.0,Monitoring
2025-10-07,11:30:00,HOLD,MIDCPNIFTY25OCT12600PE,56.95,13392.0,Monitoring
2025-10-07,11:35:00,HOLD,MIDCPNIFTY25OCT12600PE,57.0,13386.0,Monitoring
2025-10-07,11:40:00,HOLD,MIDCPNIFTY25OCT12600PE,54.8,13650.0,Monitoring
2025-10-07,11:45:00,HOLD,MIDCPNIFTY25OCT12600PE,55.85,13524.0,Monitoring
2025-10-07,11:50:00,HOLD,MIDCPNIFTY25OCT12600PE,53.85,13764.0,Monitoring
2025-10-07,11:55:00,HOLD,MIDCPNIFTY25OCT12600PE,53.0,13866.0,Monitoring
2025-10-07,12:00:00,HOLD,MIDCPNIFTY25OCT12600PE,51.1,14094.0,Monitoring
2025-10-07,12:05:00,HOLD,MIDCPNIFTY25OCT12600PE,50.4,14178.0,Monitoring
2025-10-07,12:10:00,HOLD,MIDCPNIFTY25OCT12600PE,51.7,14022.0,Monitoring
2025-10-07,12:15:00,HOLD,MIDCPNIFTY25OCT12600PE,52.7,13902.0,Monitoring
2025-10-07,12:20:00,HOLD,MIDCPNIFTY25OCT12600PE,52.85,13884.0,Monitoring
2025-10-07,12:25:00,HOLD,MIDCPNIFTY25OCT12600PE,51.4,14058.0,Monitoring
2025-10-07,12:30:00,HOLD,MIDCPNIFTY25OCT12600PE,52.05,13980.0,Monitoring
2025-10-07,12:35:00,HOLD,MIDCPNIFTY25OCT12600PE,51.15,14088.0,Monitoring
2025-10-07,12:40:00,HOLD,MIDCPNIFTY25OCT12600PE,51.05,14100.0,Monitoring
2025-10-07,12:45:00,HOLD,MIDCPNIFTY25OCT12600PE,50.95,14112.0,Monitoring
2025-10-07,12:50:00,HOLD,MIDCPNIFTY25OCT12600PE,49.65,14268.0,Monitoring
2025-10-07,12:55:00,HOLD,MIDCPNIFTY25OCT12600PE,48.0,14466.0,Monitoring
2025-10-07,13:00:00,HOLD,MIDCPNIFTY25OCT12600PE,47.2,14562.0,Monitoring
2025-10-07,13:05:00,HOLD,MIDCPNIFTY25OCT12600PE,45.15,14808.0,Monitoring
2025-10-07,13:10:00,HOLD,MIDCPNIFTY25OCT12600PE,45.95,14712.0,Monitoring
2025-10-07,13:15:00,HOLD,MIDCPNIFTY25OCT12600PE,45.25,14796.0,Monitoring
2025-10-07,13:20:00,HOLD,MIDCPNIFTY25OCT12600PE,44.9,14838.0,Monitoring
2025-10-07,13:25:00,HOLD,MIDCPNIFTY25OCT12600PE,46.0,14706.0,Monitoring
2025-10-07,13:30:00,HOLD,MIDCPNIFTY25OCT12600PE,47.5,14526.0,Monitoring
2025-10-07,13:35:00,HOLD,MIDCPNIFTY25OCT12600PE,45.0,14826.0,Monitoring
2025-10-07,13:40:00,HOLD,MIDCPNIFTY25OCT12600PE,42.5,15126.0,Monitoring
2025-10-07,13:45:00,HOLD,MIDCPNIFTY25OCT12600PE,42.15,15168.0,Monitoring
2025-10-07,13:50:00,HOLD,MIDCPNIFTY25OCT12600PE,44.5,14886.0,Monitoring
2025-10-07,13:55:00,HOLD,MIDCPNIFTY25OCT12600PE,44.7,14862.0,Monitoring
2025-10-07,14:00:00,HOLD,MIDCPNIFTY25OCT12600PE,44.45,14892.0,Monitoring
2025-10-07,14:05:00,HOLD,MIDCPNIFTY25OCT12600PE,44.25,14916.0,Monitoring
2025-10-07,14:10:00,HOLD,MIDCPNIFTY25OCT12600PE,44.2,14922.0,Monitoring
2025-10-07,14:15:00,HOLD,MIDCPNIFTY25OCT12600PE,44.5,14886.0,Monitoring
2025-10-07,14:20:00,HOLD,MIDCPNIFTY25OCT12600PE,45.45,14772.0,Monitoring
2025-10-07,14:25:00,HOLD,MIDCPNIFTY25OCT12600PE,48.45,14412.0,Monitoring
2025-10-07,14:30:00,HOLD,MIDCPNIFTY25OCT12600PE,47.65,14508.0,Monitoring
2025-10-07,14:35:00,HOLD,MIDCPNIFTY25OCT12600PE,47.95,14472.0,Monitoring
2025-10-07,14:40:00,HOLD,MIDCPNIFTY25OCT12600PE,46.65,14628.0,Monitoring
2025-10-07,14:45:00,HOLD,MIDCPNIFTY25OCT12600PE,45.8,14730.0,Monitoring
2025-10-07,14:50:00,HOLD,MIDCPNIFTY25OCT12600PE,47.2,14562.0,Monitoring
2025-10-07,14:55:00,HOLD,MIDCPNIFTY25OCT12600PE,45.9,14718.0,Monitoring
2025-10-07,15:00:00,HOLD,MIDCPNIFTY25OCT12600PE,47.15,14568.0,Monitoring
2025-10-07,15:05:00,HOLD,MIDCPNIFTY25OCT12600PE,48.4,14418.0,Monitoring
2025-10-07,15:10:00,HOLD,MIDCPNIFTY25OCT12600PE,48.75,14376.0,Monitoring
2025-10-07,15:15:00,HOLD,MIDCPNIFTY25OCT12600PE,47.5,14526.0,Monitoring
2025-10-07,15:20:00,HOLD,MIDCPNIFTY25OCT12600PE,48.75,14376.0,Monitoring
2025-10-07,15:25:00,HOLD,MIDCPNIFTY25OCT12600PE,46.95,14592.0,Monitoring
2025-10-08,09:15:00,HOLD,MIDCPNIFTY25OCT12600PE,43.75,14976.0,Monitoring
2025-10-08,09:20:00,HOLD,MIDCPNIFTY25OCT12600PE,41.95,15192.0,Monitoring
2025-10-08,09:25:00,HOLD,MIDCPNIFTY25OCT12600PE,44.25,14916.0,Monitoring
2025-10-08,09:30:00,HOLD,MIDCPNIFTY25OCT12600PE,44.4,14898.0,Monitoring
2025-10-08,09:35:00,HOLD,MIDCPNIFTY25OCT12600PE,42.7,15102.0,Monitoring
2025-10-08,09:40:00,HOLD,MIDCPNIFTY25OCT12600PE,42.65,15108.0,Monitoring
2025-10-08,09:45:00,HOLD,MIDCPNIFTY25OCT12600PE,44.7,14862.0,Monitoring
2025-10-08,09:50:00,HOLD,MIDCPNIFTY25OCT12600PE,46.4,14658.0,Monitoring
2025-10-08,09:55:00,HOLD,MIDCPNIFTY25OCT12600PE,45.55,14760.0,Monitoring
2025-10-08,10:00:00,HOLD,MIDCPNIFTY25OCT12600PE,46.55,14640.0,Monitoring
2025-10-08,10:05:00,HOLD,MIDCPNIFTY25OCT12600PE,47.2,14562.0,Monitoring
2025-10-08,10:10:00,HOLD,MIDCPNIFTY25OCT12600PE,51.1,14094.0,Monitoring
2025-10-08,10:15:00,HOLD,MIDCPNIFTY25OCT12600PE,55.0,13626.0,Monitoring
2025-10-08,10:20:00,HOLD,MIDCPNIFTY25OCT12600PE,55.4,13578.0,Monitoring
2025-10-08,10:25:00,HOLD,MIDCPNIFTY25OCT12600PE,53.9,13758.0,Monitoring
2025-10-08,10:30:00,HOLD,MIDCPNIFTY25OCT12600PE,53.0,13866.0,Monitoring
2025-10-08,10:35:00,HOLD,MIDCPNIFTY25OCT12600PE,51.0,14106.0,Monitoring
2025-10-08,10:40:00,HOLD,MIDCPNIFTY25OCT12600PE,52.7,13902.0,Monitoring
2025-10-08,10:45:00,HOLD,MIDCPNIFTY25OCT12600PE,51.1,14094.0,Monitoring
2025-10-08,10:50:00,HOLD,MIDCPNIFTY25OCT12600PE,52.55,13920.0,Monitoring
2025-10-08,10:55:00,HOLD,MIDCPNIFTY25OCT12600PE,54.2,13722.0,Monitoring
2025-10-08,11:00:00,HOLD,MIDCPNIFTY25OCT12600PE,59.8,13050.0,Monitoring
2025-10-08,11:00:00,BUY_EXIT,MIDCPNIFTY25OCT12600PE,59.8,13050.0,EMA_REVERSAL_SL
