Date,Time,Event,Ticker,Price,PnL_INR,Info
2023-08-17,14:00:00,SELL_ENTRY,MIDCPNIFTY23AUG8600CE,85.1,0.0,Signal CE | Short
2023-08-17,14:05:00,HOLD,MIDCPNIFTY23AUG8600CE,85.1,0.0,Monitoring
2023-08-17,14:10:00,HOLD,MIDCPNIFTY23AUG8600CE,87.85,-330.0,Monitoring
2023-08-17,14:15:00,HOLD,MIDCPNIFTY23AUG8600CE,82.0,372.0,Monitoring
2023-08-17,14:20:00,HOLD,MIDCPNIFTY23AUG8600CE,80.0,612.0,Monitoring
2023-08-17,14:25:00,HOLD,MIDCPNIFTY23AUG8600CE,79.85,630.0,Monitoring
2023-08-17,14:30:00,HOLD,MIDCPNIFTY23AUG8600CE,83.0,252.0,Monitoring
2023-08-17,14:35:00,HOLD,MIDCPNIFTY23AUG8600CE,82.5,312.0,Monitoring
2023-08-17,14:40:00,HOLD,MIDCPNIFTY23AUG8600CE,82.5,312.0,Monitoring
2023-08-17,14:45:00,HOLD,MIDCPNIFTY23AUG8600CE,84.0,132.0,Monitoring
2023-08-17,14:50:00,HOLD,MIDCPNIFTY23AUG8600CE,84.0,132.0,Monitoring
2023-08-17,14:55:00,HOLD,MIDCPNIFTY23AUG8600CE,84.15,114.0,Monitoring
2023-08-17,15:00:00,HOLD,MIDCPNIFTY23AUG8600CE,81.5,432.0,Monitoring
2023-08-17,15:05:00,HOLD,MIDCPNIFTY23AUG8600CE,81.5,432.0,Monitoring
2023-08-17,15:10:00,HOLD,MIDCPNIFTY23AUG8600CE,85.6,-60.0,Monitoring
2023-08-17,15:15:00,HOLD,MIDCPNIFTY23AUG8600CE,82.55,306.0,Monitoring
2023-08-17,15:20:00,HOLD,MIDCPNIFTY23AUG8600CE,82.6,300.0,Monitoring
2023-08-17,15:25:00,HOLD,MIDCPNIFTY23AUG8600CE,86.9,-216.0,Monitoring
2023-08-18,09:15:00,HOLD,MIDCPNIFTY23AUG8600CE,86.3,-144.0,Monitoring
2023-08-18,09:20:00,HOLD,MIDCPNIFTY23AUG8600CE,79.95,618.0,Monitoring
2023-08-18,09:25:00,HOLD,MIDCPNIFTY23AUG8600CE,84.0,132.0,Monitoring
2023-08-18,09:30:00,HOLD,MIDCPNIFTY23AUG8600CE,80.65,534.0,Monitoring
2023-08-18,09:35:00,HOLD,MIDCPNIFTY23AUG8600CE,72.1,1560.0,Monitoring
2023-08-18,09:40:00,HOLD,MIDCPNIFTY23AUG8600CE,79.2,708.0,Monitoring
2023-08-18,09:45:00,HOLD,MIDCPNIFTY23AUG8600CE,79.65,654.0,Monitoring
2023-08-18,09:50:00,HOLD,MIDCPNIFTY23AUG8600CE,68.7,1968.0,Monitoring
2023-08-18,09:55:00,HOLD,MIDCPNIFTY23AUG8600CE,74.5,1272.0,Monitoring
2023-08-18,10:00:00,HOLD,MIDCPNIFTY23AUG8600CE,71.6,1620.0,Monitoring
2023-08-18,10:05:00,HOLD,MIDCPNIFTY23AUG8600CE,65.55,2346.0,Monitoring
2023-08-18,10:10:00,HOLD,MIDCPNIFTY23AUG8600CE,65.85,2310.0,Monitoring
2023-08-18,10:15:00,HOLD,MIDCPNIFTY23AUG8600CE,68.0,2052.0,Monitoring
2023-08-18,10:20:00,HOLD,MIDCPNIFTY23AUG8600CE,67.0,2172.0,Monitoring
2023-08-18,10:25:00,HOLD,MIDCPNIFTY23AUG8600CE,68.45,1998.0,Monitoring
2023-08-18,10:30:00,HOLD,MIDCPNIFTY23AUG8600CE,64.45,2478.0,Monitoring
2023-08-18,10:35:00,HOLD,MIDCPNIFTY23AUG8600CE,64.2,2508.0,Monitoring
2023-08-18,10:40:00,HOLD,MIDCPNIFTY23AUG8600CE,58.4,3204.0,Monitoring
2023-08-18,10:45:00,HOLD,MIDCPNIFTY23AUG8600CE,57.0,3372.0,Monitoring
2023-08-18,10:50:00,HOLD,MIDCPNIFTY23AUG8600CE,62.2,2748.0,Monitoring
2023-08-18,10:55:00,HOLD,MIDCPNIFTY23AUG8600CE,61.0,2892.0,Monitoring
2023-08-18,11:00:00,HOLD,MIDCPNIFTY23AUG8600CE,60.9,2904.0,Monitoring
2023-08-18,11:05:00,HOLD,MIDCPNIFTY23AUG8600CE,64.4,2484.0,Monitoring
2023-08-18,11:10:00,HOLD,MIDCPNIFTY23AUG8600CE,62.0,2772.0,Monitoring
2023-08-18,11:15:00,HOLD,MIDCPNIFTY23AUG8600CE,62.0,2772.0,Monitoring
2023-08-18,11:20:00,HOLD,MIDCPNIFTY23AUG8600CE,61.9,2784.0,Monitoring
2023-08-18,11:25:00,HOLD,MIDCPNIFTY23AUG8600CE,61.9,2784.0,Monitoring
2023-08-18,11:30:00,HOLD,MIDCPNIFTY23AUG8600CE,59.1,3120.0,Monitoring
2023-08-18,11:35:00,HOLD,MIDCPNIFTY23AUG8600CE,59.1,3120.0,Monitoring
2023-08-18,11:40:00,HOLD,MIDCPNIFTY23AUG8600CE,63.0,2652.0,Monitoring
2023-08-18,11:45:00,HOLD,MIDCPNIFTY23AUG8600CE,63.3,2616.0,Monitoring
2023-08-18,11:50:00,HOLD,MIDCPNIFTY23AUG8600CE,59.5,3072.0,Monitoring
2023-08-18,11:55:00,HOLD,MIDCPNIFTY23AUG8600CE,59.0,3132.0,Monitoring
2023-08-18,12:00:00,HOLD,MIDCPNIFTY23AUG8600CE,60.9,2904.0,Monitoring
2023-08-18,12:05:00,HOLD,MIDCPNIFTY23AUG8600CE,57.75,3282.0,Monitoring
2023-08-18,12:10:00,HOLD,MIDCPNIFTY23AUG8600CE,59.1,3120.0,Monitoring
2023-08-18,12:15:00,HOLD,MIDCPNIFTY23AUG8600CE,56.7,3408.0,Monitoring
2023-08-18,12:20:00,HOLD,MIDCPNIFTY23AUG8600CE,51.0,4092.0,Monitoring
2023-08-18,12:25:00,HOLD,MIDCPNIFTY23AUG8600CE,52.0,3972.0,Monitoring
2023-08-18,12:30:00,HOLD,MIDCPNIFTY23AUG8600CE,51.95,3978.0,Monitoring
2023-08-18,12:35:00,HOLD,MIDCPNIFTY23AUG8600CE,54.15,3714.0,Monitoring
2023-08-18,12:40:00,HOLD,MIDCPNIFTY23AUG8600CE,53.55,3786.0,Monitoring
2023-08-18,12:45:00,HOLD,MIDCPNIFTY23AUG8600CE,53.55,3786.0,Monitoring
2023-08-18,12:50:00,HOLD,MIDCPNIFTY23AUG8600CE,52.0,3972.0,Monitoring
2023-08-18,12:55:00,HOLD,MIDCPNIFTY23AUG8600CE,52.7,3888.0,Monitoring
2023-08-18,13:00:00,HOLD,MIDCPNIFTY23AUG8600CE,53.8,3756.0,Monitoring
2023-08-18,13:05:00,HOLD,MIDCPNIFTY23AUG8600CE,52.0,3972.0,Monitoring
2023-08-18,13:10:00,HOLD,MIDCPNIFTY23AUG8600CE,52.55,3906.0,Monitoring
2023-08-18,13:15:00,HOLD,MIDCPNIFTY23AUG8600CE,52.55,3906.0,Monitoring
2023-08-18,13:20:00,HOLD,MIDCPNIFTY23AUG8600CE,52.85,3870.0,Monitoring
2023-08-18,13:25:00,HOLD,MIDCPNIFTY23AUG8600CE,53.45,3798.0,Monitoring
2023-08-18,13:30:00,HOLD,MIDCPNIFTY23AUG8600CE,53.8,3756.0,Monitoring
2023-08-18,13:35:00,HOLD,MIDCPNIFTY23AUG8600CE,53.95,3738.0,Monitoring
2023-08-18,13:40:00,HOLD,MIDCPNIFTY23AUG8600CE,53.2,3828.0,Monitoring
2023-08-18,13:45:00,HOLD,MIDCPNIFTY23AUG8600CE,53.75,3762.0,Monitoring
2023-08-18,13:50:00,HOLD,MIDCPNIFTY23AUG8600CE,55.0,3612.0,Monitoring
2023-08-18,13:55:00,HOLD,MIDCPNIFTY23AUG8600CE,56.55,3426.0,Monitoring
2023-08-18,14:00:00,HOLD,MIDCPNIFTY23AUG8600CE,59.5,3072.0,Monitoring
2023-08-18,14:05:00,HOLD,MIDCPNIFTY23AUG8600CE,59.5,3072.0,Monitoring
2023-08-18,14:10:00,HOLD,MIDCPNIFTY23AUG8600CE,60.6,2940.0,Monitoring
2023-08-18,14:15:00,HOLD,MIDCPNIFTY23AUG8600CE,61.8,2796.0,Monitoring
2023-08-18,14:20:00,HOLD,MIDCPNIFTY23AUG8600CE,60.45,2958.0,Monitoring
2023-08-18,14:25:00,HOLD,MIDCPNIFTY23AUG8600CE,59.5,3072.0,Monitoring
2023-08-18,14:30:00,HOLD,MIDCPNIFTY23AUG8600CE,63.85,2550.0,Monitoring
2023-08-18,14:35:00,HOLD,MIDCPNIFTY23AUG8600CE,62.0,2772.0,Monitoring
2023-08-18,14:40:00,HOLD,MIDCPNIFTY23AUG8600CE,65.15,2394.0,Monitoring
2023-08-18,14:45:00,HOLD,MIDCPNIFTY23AUG8600CE,65.9,2304.0,Monitoring
2023-08-18,14:50:00,HOLD,MIDCPNIFTY23AUG8600CE,61.15,2874.0,Monitoring
2023-08-18,14:55:00,HOLD,MIDCPNIFTY23AUG8600CE,61.15,2874.0,Monitoring
2023-08-18,15:00:00,HOLD,MIDCPNIFTY23AUG8600CE,60.0,3012.0,Monitoring
2023-08-18,15:05:00,HOLD,MIDCPNIFTY23AUG8600CE,57.2,3348.0,Monitoring
2023-08-18,15:10:00,HOLD,MIDCPNIFTY23AUG8600CE,59.8,3036.0,Monitoring
2023-08-18,15:15:00,HOLD,MIDCPNIFTY23AUG8600CE,59.0,3132.0,Monitoring
2023-08-18,15:20:00,HOLD,MIDCPNIFTY23AUG8600CE,55.0,3612.0,Monitoring
2023-08-18,15:25:00,HOLD,MIDCPNIFTY23AUG8600CE,57.35,3330.0,Monitoring
2023-08-21,09:15:00,HOLD,MIDCPNIFTY23AUG8600CE,63.0,2652.0,Monitoring
2023-08-21,09:20:00,HOLD,MIDCPNIFTY23AUG8600CE,67.0,2172.0,Monitoring
2023-08-21,09:25:00,HOLD,MIDCPNIFTY23AUG8600CE,68.0,2052.0,Monitoring
2023-08-21,09:30:00,HOLD,MIDCPNIFTY23AUG8600CE,68.0,2052.0,Monitoring
2023-08-21,09:35:00,HOLD,MIDCPNIFTY23AUG8600CE,70.6,1740.0,Monitoring
2023-08-21,09:40:00,HOLD,MIDCPNIFTY23AUG8600CE,65.0,2412.0,Monitoring
2023-08-21,09:45:00,HOLD,MIDCPNIFTY23AUG8600CE,61.5,2832.0,Monitoring
2023-08-21,09:50:00,HOLD,MIDCPNIFTY23AUG8600CE,60.25,2982.0,Monitoring
2023-08-21,09:55:00,HOLD,MIDCPNIFTY23AUG8600CE,61.0,2892.0,Monitoring
2023-08-21,10:00:00,HOLD,MIDCPNIFTY23AUG8600CE,60.0,3012.0,Monitoring
2023-08-21,10:05:00,HOLD,MIDCPNIFTY23AUG8600CE,55.05,3606.0,Monitoring
2023-08-21,10:10:00,HOLD,MIDCPNIFTY23AUG8600CE,54.8,3636.0,Monitoring
2023-08-21,10:15:00,HOLD,MIDCPNIFTY23AUG8600CE,57.3,3336.0,Monitoring
2023-08-21,10:20:00,HOLD,MIDCPNIFTY23AUG8600CE,60.1,3000.0,Monitoring
2023-08-21,10:25:00,HOLD,MIDCPNIFTY23AUG8600CE,62.5,2712.0,Monitoring
2023-08-21,10:30:00,HOLD,MIDCPNIFTY23AUG8600CE,63.65,2574.0,Monitoring
2023-08-21,10:35:00,HOLD,MIDCPNIFTY23AUG8600CE,61.3,2856.0,Monitoring
2023-08-21,10:40:00,HOLD,MIDCPNIFTY23AUG8600CE,62.05,2766.0,Monitoring
2023-08-21,10:45:00,HOLD,MIDCPNIFTY23AUG8600CE,60.05,3006.0,Monitoring
2023-08-21,10:50:00,HOLD,MIDCPNIFTY23AUG8600CE,58.65,3174.0,Monitoring
2023-08-21,10:55:00,HOLD,MIDCPNIFTY23AUG8600CE,61.4,2844.0,Monitoring
2023-08-21,11:00:00,HOLD,MIDCPNIFTY23AUG8600CE,60.0,3012.0,Monitoring
2023-08-21,11:05:00,HOLD,MIDCPNIFTY23AUG8600CE,60.7,2928.0,Monitoring
2023-08-21,11:10:00,HOLD,MIDCPNIFTY23AUG8600CE,62.3,2736.0,Monitoring
2023-08-21,11:15:00,HOLD,MIDCPNIFTY23AUG8600CE,62.25,2742.0,Monitoring
2023-08-21,11:20:00,HOLD,MIDCPNIFTY23AUG8600CE,64.7,2448.0,Monitoring
2023-08-21,11:25:00,HOLD,MIDCPNIFTY23AUG8600CE,64.6,2460.0,Monitoring
2023-08-21,11:30:00,HOLD,MIDCPNIFTY23AUG8600CE,62.75,2682.0,Monitoring
2023-08-21,11:35:00,HOLD,MIDCPNIFTY23AUG8600CE,62.85,2670.0,Monitoring
2023-08-21,11:40:00,HOLD,MIDCPNIFTY23AUG8600CE,63.5,2592.0,Monitoring
2023-08-21,11:45:00,HOLD,MIDCPNIFTY23AUG8600CE,66.65,2214.0,Monitoring
2023-08-21,11:50:00,HOLD,MIDCPNIFTY23AUG8600CE,65.3,2376.0,Monitoring
2023-08-21,11:55:00,HOLD,MIDCPNIFTY23AUG8600CE,69.3,1896.0,Monitoring
2023-08-21,12:00:00,HOLD,MIDCPNIFTY23AUG8600CE,68.85,1950.0,Monitoring
2023-08-21,12:05:00,HOLD,MIDCPNIFTY23AUG8600CE,69.95,1818.0,Monitoring
2023-08-21,12:05:00,BUY_EXIT,MIDCPNIFTY23AUG8600CE,69.95,1818.0,EMA_REVERSAL_SL
