Date,Time,Event,Ticker,Price,PnL_INR,Info
2025-07-17,14:00:00,SELL_ENTRY,MIDCPNIFTY25JUL13400CE,109.5,0.0,Signal CE | Short
2025-07-17,14:05:00,HOLD,MIDCPNIFTY25JUL13400CE,111.0,-180.0,Monitoring
2025-07-17,14:10:00,HOLD,MIDCPNIFTY25JUL13400CE,110.0,-60.0,Monitoring
2025-07-17,14:15:00,HOLD,MIDCPNIFTY25JUL13400CE,112.8,-396.0,Monitoring
2025-07-17,14:20:00,HOLD,MIDCPNIFTY25JUL13400CE,113.55,-486.0,Monitoring
2025-07-17,14:25:00,HOLD,MIDCPNIFTY25JUL13400CE,109.0,60.0,Monitoring
2025-07-17,14:30:00,HOLD,MIDCPNIFTY25JUL13400CE,109.85,-42.0,Monitoring
2025-07-17,14:35:00,HOLD,MIDCPNIFTY25JUL13400CE,116.7,-864.0,Monitoring
2025-07-17,14:40:00,HOLD,MIDCPNIFTY25JUL13400CE,115.7,-744.0,Monitoring
2025-07-17,14:45:00,HOLD,MIDCPNIFTY25JUL13400CE,110.65,-138.0,Monitoring
2025-07-17,14:50:00,HOLD,MIDCPNIFTY25JUL13400CE,111.85,-282.0,Monitoring
2025-07-17,14:55:00,HOLD,MIDCPNIFTY25JUL13400CE,110.75,-150.0,Monitoring
2025-07-17,15:00:00,HOLD,MIDCPNIFTY25JUL13400CE,108.4,132.0,Monitoring
2025-07-17,15:05:00,HOLD,MIDCPNIFTY25JUL13400CE,108.3,144.0,Monitoring
2025-07-17,15:10:00,HOLD,MIDCPNIFTY25JUL13400CE,112.2,-324.0,Monitoring
2025-07-17,15:15:00,HOLD,MIDCPNIFTY25JUL13400CE,110.25,-90.0,Monitoring
2025-07-17,15:20:00,HOLD,MIDCPNIFTY25JUL13400CE,109.4,12.0,Monitoring
2025-07-17,15:25:00,HOLD,MIDCPNIFTY25JUL13400CE,107.5,240.0,Monitoring
2025-07-18,09:15:00,HOLD,MIDCPNIFTY25JUL13400CE,110.85,-162.0,Monitoring
2025-07-18,09:20:00,HOLD,MIDCPNIFTY25JUL13400CE,106.55,354.0,Monitoring
2025-07-18,09:25:00,HOLD,MIDCPNIFTY25JUL13400CE,104.7,576.0,Monitoring
2025-07-18,09:30:00,HOLD,MIDCPNIFTY25JUL13400CE,109.55,-6.0,Monitoring
2025-07-18,09:35:00,HOLD,MIDCPNIFTY25JUL13400CE,105.8,444.0,Monitoring
2025-07-18,09:40:00,HOLD,MIDCPNIFTY25JUL13400CE,95.35,1698.0,Monitoring
2025-07-18,09:45:00,HOLD,MIDCPNIFTY25JUL13400CE,91.2,2196.0,Monitoring
2025-07-18,09:50:00,HOLD,MIDCPNIFTY25JUL13400CE,91.5,2160.0,Monitoring
2025-07-18,09:55:00,HOLD,MIDCPNIFTY25JUL13400CE,90.4,2292.0,Monitoring
2025-07-18,10:00:00,HOLD,MIDCPNIFTY25JUL13400CE,86.15,2802.0,Monitoring
2025-07-18,10:05:00,HOLD,MIDCPNIFTY25JUL13400CE,83.05,3174.0,Monitoring
2025-07-18,10:10:00,HOLD,MIDCPNIFTY25JUL13400CE,76.05,4014.0,Monitoring
2025-07-18,10:15:00,HOLD,MIDCPNIFTY25JUL13400CE,66.85,5118.0,Monitoring
2025-07-18,10:20:00,HOLD,MIDCPNIFTY25JUL13400CE,63.2,5556.0,Monitoring
2025-07-18,10:25:00,HOLD,MIDCPNIFTY25JUL13400CE,60.95,5826.0,Monitoring
2025-07-18,10:30:00,HOLD,MIDCPNIFTY25JUL13400CE,65.85,5238.0,Monitoring
2025-07-18,10:35:00,HOLD,MIDCPNIFTY25JUL13400CE,68.0,4980.0,Monitoring
2025-07-18,10:40:00,HOLD,MIDCPNIFTY25JUL13400CE,65.45,5286.0,Monitoring
2025-07-18,10:45:00,HOLD,MIDCPNIFTY25JUL13400CE,68.0,4980.0,Monitoring
2025-07-18,10:50:00,HOLD,MIDCPNIFTY25JUL13400CE,70.0,4740.0,Monitoring
2025-07-18,10:55:00,HOLD,MIDCPNIFTY25JUL13400CE,67.75,5010.0,Monitoring
2025-07-18,11:00:00,HOLD,MIDCPNIFTY25JUL13400CE,71.65,4542.0,Monitoring
2025-07-18,11:05:00,HOLD,MIDCPNIFTY25JUL13400CE,70.8,4644.0,Monitoring
2025-07-18,11:10:00,HOLD,MIDCPNIFTY25JUL13400CE,72.85,4398.0,Monitoring
2025-07-18,11:15:00,HOLD,MIDCPNIFTY25JUL13400CE,76.25,3990.0,Monitoring
2025-07-18,11:20:00,HOLD,MIDCPNIFTY25JUL13400CE,76.4,3972.0,Monitoring
2025-07-18,11:25:00,HOLD,MIDCPNIFTY25JUL13400CE,83.45,3126.0,Monitoring
2025-07-18,11:30:00,HOLD,MIDCPNIFTY25JUL13400CE,79.9,3552.0,Monitoring
2025-07-18,11:35:00,HOLD,MIDCPNIFTY25JUL13400CE,79.4,3612.0,Monitoring
2025-07-18,11:40:00,HOLD,MIDCPNIFTY25JUL13400CE,78.8,3684.0,Monitoring
2025-07-18,11:45:00,HOLD,MIDCPNIFTY25JUL13400CE,85.65,2862.0,Monitoring
2025-07-18,11:50:00,HOLD,MIDCPNIFTY25JUL13400CE,87.95,2586.0,Monitoring
2025-07-18,11:55:00,HOLD,MIDCPNIFTY25JUL13400CE,86.6,2748.0,Monitoring
2025-07-18,12:00:00,HOLD,MIDCPNIFTY25JUL13400CE,82.55,3234.0,Monitoring
2025-07-18,12:05:00,HOLD,MIDCPNIFTY25JUL13400CE,85.0,2940.0,Monitoring
2025-07-18,12:10:00,HOLD,MIDCPNIFTY25JUL13400CE,84.1,3048.0,Monitoring
2025-07-18,12:15:00,HOLD,MIDCPNIFTY25JUL13400CE,81.0,3420.0,Monitoring
2025-07-18,12:20:00,HOLD,MIDCPNIFTY25JUL13400CE,82.35,3258.0,Monitoring
2025-07-18,12:25:00,HOLD,MIDCPNIFTY25JUL13400CE,86.05,2814.0,Monitoring
2025-07-18,12:30:00,HOLD,MIDCPNIFTY25JUL13400CE,85.7,2856.0,Monitoring
2025-07-18,12:35:00,HOLD,MIDCPNIFTY25JUL13400CE,87.0,2700.0,Monitoring
2025-07-18,12:40:00,HOLD,MIDCPNIFTY25JUL13400CE,82.5,3240.0,Monitoring
2025-07-18,12:45:00,HOLD,MIDCPNIFTY25JUL13400CE,81.5,3360.0,Monitoring
2025-07-18,12:50:00,HOLD,MIDCPNIFTY25JUL13400CE,79.3,3624.0,Monitoring
2025-07-18,12:55:00,HOLD,MIDCPNIFTY25JUL13400CE,83.3,3144.0,Monitoring
2025-07-18,13:00:00,HOLD,MIDCPNIFTY25JUL13400CE,81.1,3408.0,Monitoring
2025-07-18,13:05:00,HOLD,MIDCPNIFTY25JUL13400CE,80.25,3510.0,Monitoring
2025-07-18,13:10:00,HOLD,MIDCPNIFTY25JUL13400CE,80.0,3540.0,Monitoring
2025-07-18,13:15:00,HOLD,MIDCPNIFTY25JUL13400CE,79.25,3630.0,Monitoring
2025-07-18,13:20:00,HOLD,MIDCPNIFTY25JUL13400CE,79.0,3660.0,Monitoring
2025-07-18,13:25:00,HOLD,MIDCPNIFTY25JUL13400CE,80.2,3516.0,Monitoring
2025-07-18,13:30:00,HOLD,MIDCPNIFTY25JUL13400CE,83.25,3150.0,Monitoring
2025-07-18,13:35:00,HOLD,MIDCPNIFTY25JUL13400CE,84.0,3060.0,Monitoring
2025-07-18,13:40:00,HOLD,MIDCPNIFTY25JUL13400CE,87.5,2640.0,Monitoring
2025-07-18,13:45:00,HOLD,MIDCPNIFTY25JUL13400CE,83.35,3138.0,Monitoring
2025-07-18,13:50:00,HOLD,MIDCPNIFTY25JUL13400CE,79.75,3570.0,Monitoring
2025-07-18,13:55:00,HOLD,MIDCPNIFTY25JUL13400CE,82.35,3258.0,Monitoring
2025-07-18,14:00:00,HOLD,MIDCPNIFTY25JUL13400CE,84.05,3054.0,Monitoring
2025-07-18,14:05:00,HOLD,MIDCPNIFTY25JUL13400CE,82.55,3234.0,Monitoring
2025-07-18,14:10:00,HOLD,MIDCPNIFTY25JUL13400CE,82.2,3276.0,Monitoring
2025-07-18,14:15:00,HOLD,MIDCPNIFTY25JUL13400CE,80.5,3480.0,Monitoring
2025-07-18,14:20:00,HOLD,MIDCPNIFTY25JUL13400CE,81.05,3414.0,Monitoring
2025-07-18,14:25:00,HOLD,MIDCPNIFTY25JUL13400CE,82.25,3270.0,Monitoring
2025-07-18,14:30:00,HOLD,MIDCPNIFTY25JUL13400CE,84.35,3018.0,Monitoring
2025-07-18,14:35:00,HOLD,MIDCPNIFTY25JUL13400CE,79.9,3552.0,Monitoring
2025-07-18,14:40:00,HOLD,MIDCPNIFTY25JUL13400CE,77.55,3834.0,Monitoring
2025-07-18,14:45:00,HOLD,MIDCPNIFTY25JUL13400CE,77.4,3852.0,Monitoring
2025-07-18,14:50:00,HOLD,MIDCPNIFTY25JUL13400CE,78.95,3666.0,Monitoring
2025-07-18,14:55:00,HOLD,MIDCPNIFTY25JUL13400CE,79.5,3600.0,Monitoring
2025-07-18,15:00:00,HOLD,MIDCPNIFTY25JUL13400CE,75.8,4044.0,Monitoring
2025-07-18,15:05:00,HOLD,MIDCPNIFTY25JUL13400CE,77.4,3852.0,Monitoring
2025-07-18,15:10:00,HOLD,MIDCPNIFTY25JUL13400CE,78.6,3708.0,Monitoring
2025-07-18,15:15:00,HOLD,MIDCPNIFTY25JUL13400CE,77.4,3852.0,Monitoring
2025-07-18,15:20:00,HOLD,MIDCPNIFTY25JUL13400CE,76.2,3996.0,Monitoring
2025-07-18,15:25:00,HOLD,MIDCPNIFTY25JUL13400CE,78.0,3780.0,Monitoring
2025-07-21,09:15:00,HOLD,MIDCPNIFTY25JUL13400CE,62.3,5664.0,Monitoring
2025-07-21,09:20:00,HOLD,MIDCPNIFTY25JUL13400CE,64.1,5448.0,Monitoring
2025-07-21,09:25:00,HOLD,MIDCPNIFTY25JUL13400CE,66.1,5208.0,Monitoring
2025-07-21,09:30:00,HOLD,MIDCPNIFTY25JUL13400CE,62.55,5634.0,Monitoring
2025-07-21,09:35:00,HOLD,MIDCPNIFTY25JUL13400CE,66.5,5160.0,Monitoring
2025-07-21,09:40:00,HOLD,MIDCPNIFTY25JUL13400CE,74.85,4158.0,Monitoring
2025-07-21,09:45:00,HOLD,MIDCPNIFTY25JUL13400CE,78.85,3678.0,Monitoring
2025-07-21,09:50:00,HOLD,MIDCPNIFTY25JUL13400CE,83.0,3180.0,Monitoring
2025-07-21,09:55:00,HOLD,MIDCPNIFTY25JUL13400CE,85.15,2922.0,Monitoring
2025-07-21,10:00:00,HOLD,MIDCPNIFTY25JUL13400CE,82.15,3282.0,Monitoring
2025-07-21,10:05:00,HOLD,MIDCPNIFTY25JUL13400CE,86.8,2724.0,Monitoring
2025-07-21,10:10:00,HOLD,MIDCPNIFTY25JUL13400CE,84.05,3054.0,Monitoring
2025-07-21,10:15:00,HOLD,MIDCPNIFTY25JUL13400CE,86.7,2736.0,Monitoring
2025-07-21,10:20:00,HOLD,MIDCPNIFTY25JUL13400CE,87.9,2592.0,Monitoring
2025-07-21,10:25:00,HOLD,MIDCPNIFTY25JUL13400CE,94.05,1854.0,Monitoring
2025-07-21,10:30:00,HOLD,MIDCPNIFTY25JUL13400CE,99.4,1212.0,Monitoring
2025-07-21,10:35:00,HOLD,MIDCPNIFTY25JUL13400CE,98.8,1284.0,Monitoring
2025-07-21,10:40:00,HOLD,MIDCPNIFTY25JUL13400CE,93.3,1944.0,Monitoring
2025-07-21,10:45:00,HOLD,MIDCPNIFTY25JUL13400CE,93.95,1866.0,Monitoring
2025-07-21,10:45:00,BUY_EXIT,MIDCPNIFTY25JUL13400CE,93.95,1866.0,EMA_REVERSAL_SL
