Date,Time,Event,Ticker,Price,PnL_INR,Info
2025-02-12,14:30:00,SELL_ENTRY,MIDCPNIFTY25FEB11500CE,183.55,0.0,Signal CE | Short
2025-02-12,14:35:00,HOLD,MIDCPNIFTY25FEB11500CE,181.3,270.0,Monitoring
2025-02-12,14:40:00,HOLD,MIDCPNIFTY25FEB11500CE,188.8,-630.0,Monitoring
2025-02-12,14:45:00,HOLD,MIDCPNIFTY25FEB11500CE,180.0,426.0,Monitoring
2025-02-12,14:50:00,HOLD,MIDCPNIFTY25FEB11500CE,184.5,-114.0,Monitoring
2025-02-12,14:55:00,HOLD,MIDCPNIFTY25FEB11500CE,182.6,114.0,Monitoring
2025-02-12,15:00:00,HOLD,MIDCPNIFTY25FEB11500CE,188.15,-552.0,Monitoring
2025-02-12,15:05:00,HOLD,MIDCPNIFTY25FEB11500CE,198.05,-1740.0,Monitoring
2025-02-12,15:10:00,HOLD,MIDCPNIFTY25FEB11500CE,200.0,-1974.0,Monitoring
2025-02-12,15:15:00,HOLD,MIDCPNIFTY25FEB11500CE,198.3,-1770.0,Monitoring
2025-02-12,15:20:00,HOLD,MIDCPNIFTY25FEB11500CE,205.65,-2652.0,Monitoring
2025-02-12,15:25:00,HOLD,MIDCPNIFTY25FEB11500CE,207.2,-2838.0,Monitoring
2025-02-13,09:15:00,HOLD,MIDCPNIFTY25FEB11500CE,225.0,-4974.0,Monitoring
2025-02-13,09:20:00,HOLD,MIDCPNIFTY25FEB11500CE,204.8,-2550.0,Monitoring
2025-02-13,09:25:00,HOLD,MIDCPNIFTY25FEB11500CE,204.0,-2454.0,Monitoring
2025-02-13,09:30:00,HOLD,MIDCPNIFTY25FEB11500CE,236.65,-6372.0,Monitoring
2025-02-13,09:35:00,HOLD,MIDCPNIFTY25FEB11500CE,226.95,-5208.0,Monitoring
2025-02-13,09:40:00,HOLD,MIDCPNIFTY25FEB11500CE,246.8,-7590.0,Monitoring
2025-02-13,09:45:00,HOLD,MIDCPNIFTY25FEB11500CE,254.8,-8550.0,Monitoring
2025-02-13,09:50:00,HOLD,MIDCPNIFTY25FEB11500CE,261.0,-9294.0,Monitoring
2025-02-13,09:55:00,HOLD,MIDCPNIFTY25FEB11500CE,250.1,-7986.0,Monitoring
2025-02-13,10:00:00,HOLD,MIDCPNIFTY25FEB11500CE,256.2,-8718.0,Monitoring
2025-02-13,10:00:00,BUY_EXIT,MIDCPNIFTY25FEB11500CE,256.2,-8718.0,EMA_REVERSAL_SL
