Date,Time,Event,Ticker,Price,PnL_INR,Info
2025-03-18,14:00:00,SELL_ENTRY,MIDCPNIFTY25MAR10900PE,75.15,0.0,Signal PE | Short
2025-03-18,14:05:00,HOLD,MIDCPNIFTY25MAR10900PE,75.65,-60.0,Monitoring
2025-03-18,14:10:00,HOLD,MIDCPNIFTY25MAR10900PE,76.25,-132.0,Monitoring
2025-03-18,14:15:00,HOLD,MIDCPNIFTY25MAR10900PE,76.85,-204.0,Monitoring
2025-03-18,14:20:00,HOLD,MIDCPNIFTY25MAR10900PE,77.4,-270.0,Monitoring
2025-03-18,14:25:00,HOLD,MIDCPNIFTY25MAR10900PE,76.25,-132.0,Monitoring
2025-03-18,14:30:00,HOLD,MIDCPNIFTY25MAR10900PE,75.9,-90.0,Monitoring
2025-03-18,14:35:00,HOLD,MIDCPNIFTY25MAR10900PE,76.9,-210.0,Monitoring
2025-03-18,14:40:00,HOLD,MIDCPNIFTY25MAR10900PE,76.05,-108.0,Monitoring
2025-03-18,14:45:00,HOLD,MIDCPNIFTY25MAR10900PE,75.45,-36.0,Monitoring
2025-03-18,14:50:00,HOLD,MIDCPNIFTY25MAR10900PE,74.65,60.0,Monitoring
2025-03-18,14:55:00,HOLD,MIDCPNIFTY25MAR10900PE,72.55,312.0,Monitoring
2025-03-18,15:00:00,HOLD,MIDCPNIFTY25MAR10900PE,66.35,1056.0,Monitoring
2025-03-18,15:05:00,HOLD,MIDCPNIFTY25MAR10900PE,61.5,1638.0,Monitoring
2025-03-18,15:10:00,HOLD,MIDCPNIFTY25MAR10900PE,61.2,1674.0,Monitoring
2025-03-18,15:15:00,HOLD,MIDCPNIFTY25MAR10900PE,61.15,1680.0,Monitoring
2025-03-18,15:20:00,HOLD,MIDCPNIFTY25MAR10900PE,60.2,1794.0,Monitoring
2025-03-18,15:25:00,HOLD,MIDCPNIFTY25MAR10900PE,57.55,2112.0,Monitoring
2025-03-19,09:15:00,HOLD,MIDCPNIFTY25MAR10900PE,46.05,3492.0,Monitoring
2025-03-19,09:20:00,HOLD,MIDCPNIFTY25MAR10900PE,60.5,1758.0,Monitoring
2025-03-19,09:25:00,HOLD,MIDCPNIFTY25MAR10900PE,50.0,3018.0,Monitoring
2025-03-19,09:30:00,HOLD,MIDCPNIFTY25MAR10900PE,49.85,3036.0,Monitoring
2025-03-19,09:35:00,HOLD,MIDCPNIFTY25MAR10900PE,52.2,2754.0,Monitoring
2025-03-19,09:40:00,HOLD,MIDCPNIFTY25MAR10900PE,46.2,3474.0,Monitoring
2025-03-19,09:45:00,HOLD,MIDCPNIFTY25MAR10900PE,42.95,3864.0,Monitoring
2025-03-19,09:50:00,HOLD,MIDCPNIFTY25MAR10900PE,43.25,3828.0,Monitoring
2025-03-19,09:55:00,HOLD,MIDCPNIFTY25MAR10900PE,43.0,3858.0,Monitoring
2025-03-19,10:00:00,HOLD,MIDCPNIFTY25MAR10900PE,40.35,4176.0,Monitoring
2025-03-19,10:05:00,HOLD,MIDCPNIFTY25MAR10900PE,42.65,3900.0,Monitoring
2025-03-19,10:10:00,HOLD,MIDCPNIFTY25MAR10900PE,39.6,4266.0,Monitoring
2025-03-19,10:15:00,HOLD,MIDCPNIFTY25MAR10900PE,36.15,4680.0,Monitoring
2025-03-19,10:20:00,HOLD,MIDCPNIFTY25MAR10900PE,33.35,5016.0,Monitoring
2025-03-19,10:25:00,HOLD,MIDCPNIFTY25MAR10900PE,33.95,4944.0,Monitoring
2025-03-19,10:30:00,HOLD,MIDCPNIFTY25MAR10900PE,34.1,4926.0,Monitoring
2025-03-19,10:35:00,HOLD,MIDCPNIFTY25MAR10900PE,34.4,4890.0,Monitoring
2025-03-19,10:40:00,HOLD,MIDCPNIFTY25MAR10900PE,33.3,5022.0,Monitoring
2025-03-19,10:45:00,HOLD,MIDCPNIFTY25MAR10900PE,36.3,4662.0,Monitoring
2025-03-19,10:50:00,HOLD,MIDCPNIFTY25MAR10900PE,35.4,4770.0,Monitoring
2025-03-19,10:55:00,HOLD,MIDCPNIFTY25MAR10900PE,33.85,4956.0,Monitoring
2025-03-19,11:00:00,HOLD,MIDCPNIFTY25MAR10900PE,32.8,5082.0,Monitoring
2025-03-19,11:05:00,HOLD,MIDCPNIFTY25MAR10900PE,32.35,5136.0,Monitoring
2025-03-19,11:10:00,HOLD,MIDCPNIFTY25MAR10900PE,32.5,5118.0,Monitoring
2025-03-19,11:15:00,HOLD,MIDCPNIFTY25MAR10900PE,33.45,5004.0,Monitoring
2025-03-19,11:20:00,HOLD,MIDCPNIFTY25MAR10900PE,34.85,4836.0,Monitoring
2025-03-19,11:25:00,HOLD,MIDCPNIFTY25MAR10900PE,35.7,4734.0,Monitoring
2025-03-19,11:30:00,HOLD,MIDCPNIFTY25MAR10900PE,33.8,4962.0,Monitoring
2025-03-19,11:35:00,HOLD,MIDCPNIFTY25MAR10900PE,35.15,4800.0,Monitoring
2025-03-19,11:40:00,HOLD,MIDCPNIFTY25MAR10900PE,36.75,4608.0,Monitoring
2025-03-19,11:45:00,HOLD,MIDCPNIFTY25MAR10900PE,37.0,4578.0,Monitoring
2025-03-19,11:50:00,HOLD,MIDCPNIFTY25MAR10900PE,35.45,4764.0,Monitoring
2025-03-19,11:55:00,HOLD,MIDCPNIFTY25MAR10900PE,34.6,4866.0,Monitoring
2025-03-19,12:00:00,HOLD,MIDCPNIFTY25MAR10900PE,34.45,4884.0,Monitoring
2025-03-19,12:05:00,HOLD,MIDCPNIFTY25MAR10900PE,37.0,4578.0,Monitoring
2025-03-19,12:10:00,HOLD,MIDCPNIFTY25MAR10900PE,34.6,4866.0,Monitoring
2025-03-19,12:15:00,HOLD,MIDCPNIFTY25MAR10900PE,30.85,5316.0,Monitoring
2025-03-19,12:20:00,HOLD,MIDCPNIFTY25MAR10900PE,30.6,5346.0,Monitoring
2025-03-19,12:25:00,HOLD,MIDCPNIFTY25MAR10900PE,30.5,5358.0,Monitoring
2025-03-19,12:30:00,HOLD,MIDCPNIFTY25MAR10900PE,30.65,5340.0,Monitoring
2025-03-19,12:35:00,HOLD,MIDCPNIFTY25MAR10900PE,30.4,5370.0,Monitoring
2025-03-19,12:40:00,HOLD,MIDCPNIFTY25MAR10900PE,31.0,5298.0,Monitoring
2025-03-19,12:45:00,HOLD,MIDCPNIFTY25MAR10900PE,29.15,5520.0,Monitoring
2025-03-19,12:45:00,BUY_EXIT,MIDCPNIFTY25MAR10900PE,29.15,5520.0,TARGET_LTP_30
