Date,Time,Event,Ticker,Price,PnL_INR,Info
2024-07-30,14:00:00,SELL_ENTRY,MIDCPNIFTY24AUG12800PE,248.0,0.0,Signal PE | Short
2024-07-30,14:05:00,HOLD,MIDCPNIFTY24AUG12800PE,248.0,0.0,Monitoring
2024-07-30,14:10:00,HOLD,MIDCPNIFTY24AUG12800PE,248.0,0.0,Monitoring
2024-07-30,14:15:00,HOLD,MIDCPNIFTY24AUG12800PE,248.0,0.0,Monitoring
2024-07-30,14:20:00,HOLD,MIDCPNIFTY24AUG12800PE,248.0,0.0,Monitoring
2024-07-30,14:25:00,HOLD,MIDCPNIFTY24AUG12800PE,248.0,0.0,Monitoring
2024-07-30,14:30:00,HOLD,MIDCPNIFTY24AUG12800PE,248.0,0.0,Monitoring
2024-07-30,14:35:00,HOLD,MIDCPNIFTY24AUG12800PE,248.0,0.0,Monitoring
2024-07-30,14:40:00,HOLD,MIDCPNIFTY24AUG12800PE,248.0,0.0,Monitoring
2024-07-30,14:45:00,HOLD,MIDCPNIFTY24AUG12800PE,248.0,0.0,Monitoring
2024-07-30,14:50:00,HOLD,MIDCPNIFTY24AUG12800PE,248.0,0.0,Monitoring
2024-07-30,14:55:00,HOLD,MIDCPNIFTY24AUG12800PE,248.0,0.0,Monitoring
2024-07-30,15:00:00,HOLD,MIDCPNIFTY24AUG12800PE,248.0,0.0,Monitoring
2024-07-30,15:05:00,HOLD,MIDCPNIFTY24AUG12800PE,248.0,0.0,Monitoring
2024-07-30,15:10:00,HOLD,MIDCPNIFTY24AUG12800PE,248.0,0.0,Monitoring
2024-07-30,15:15:00,HOLD,MIDCPNIFTY24AUG12800PE,248.0,0.0,Monitoring
2024-07-30,15:20:00,HOLD,MIDCPNIFTY24AUG12800PE,248.0,0.0,Monitoring
2024-07-30,15:25:00,HOLD,MIDCPNIFTY24AUG12800PE,248.0,0.0,Monitoring
2024-07-31,09:15:00,HOLD,MIDCPNIFTY24AUG12800PE,248.0,0.0,Monitoring
2024-07-31,09:20:00,HOLD,MIDCPNIFTY24AUG12800PE,248.0,0.0,Monitoring
2024-07-31,09:25:00,HOLD,MIDCPNIFTY24AUG12800PE,248.0,0.0,Monitoring
2024-07-31,09:30:00,HOLD,MIDCPNIFTY24AUG12800PE,248.0,0.0,Monitoring
2024-07-31,09:35:00,HOLD,MIDCPNIFTY24AUG12800PE,248.0,0.0,Monitoring
2024-07-31,09:40:00,HOLD,MIDCPNIFTY24AUG12800PE,248.0,0.0,Monitoring
2024-07-31,09:45:00,HOLD,MIDCPNIFTY24AUG12800PE,248.0,0.0,Monitoring
2024-07-31,09:50:00,HOLD,MIDCPNIFTY24AUG12800PE,248.0,0.0,Monitoring
2024-07-31,10:15:00,HOLD,MIDCPNIFTY24AUG12800PE,248.0,0.0,Monitoring
2024-07-31,10:20:00,HOLD,MIDCPNIFTY24AUG12800PE,248.0,0.0,Monitoring
2024-07-31,10:25:00,HOLD,MIDCPNIFTY24AUG12800PE,248.0,0.0,Monitoring
2024-07-31,10:30:00,HOLD,MIDCPNIFTY24AUG12800PE,248.0,0.0,Monitoring
2024-07-31,10:35:00,HOLD,MIDCPNIFTY24AUG12800PE,248.0,0.0,Monitoring
2024-07-31,10:40:00,HOLD,MIDCPNIFTY24AUG12800PE,248.0,0.0,Monitoring
2024-07-31,10:45:00,HOLD,MIDCPNIFTY24AUG12800PE,248.0,0.0,Monitoring
2024-07-31,10:50:00,HOLD,MIDCPNIFTY24AUG12800PE,248.0,0.0,Monitoring
2024-07-31,10:55:00,HOLD,MIDCPNIFTY24AUG12800PE,248.0,0.0,Monitoring
2024-07-31,11:00:00,HOLD,MIDCPNIFTY24AUG12800PE,248.0,0.0,Monitoring
2024-07-31,11:05:00,HOLD,MIDCPNIFTY24AUG12800PE,248.0,0.0,Monitoring
2024-07-31,11:10:00,HOLD,MIDCPNIFTY24AUG12800PE,248.0,0.0,Monitoring
2024-07-31,11:15:00,HOLD,MIDCPNIFTY24AUG12800PE,248.0,0.0,Monitoring
2024-07-31,11:20:00,HOLD,MIDCPNIFTY24AUG12800PE,248.0,0.0,Monitoring
2024-07-31,11:25:00,HOLD,MIDCPNIFTY24AUG12800PE,248.0,0.0,Monitoring
2024-07-31,11:30:00,HOLD,MIDCPNIFTY24AUG12800PE,248.0,0.0,Monitoring
2024-07-31,11:35:00,HOLD,MIDCPNIFTY24AUG12800PE,248.0,0.0,Monitoring
2024-07-31,11:40:00,HOLD,MIDCPNIFTY24AUG12800PE,248.0,0.0,Monitoring
2024-07-31,11:45:00,HOLD,MIDCPNIFTY24AUG12800PE,248.0,0.0,Monitoring
2024-07-31,11:50:00,HOLD,MIDCPNIFTY24AUG12800PE,248.0,0.0,Monitoring
2024-07-31,11:55:00,HOLD,MIDCPNIFTY24AUG12800PE,248.0,0.0,Monitoring
2024-07-31,12:05:00,HOLD,MIDCPNIFTY24AUG12800PE,248.0,0.0,Monitoring
2024-07-31,12:10:00,HOLD,MIDCPNIFTY24AUG12800PE,248.0,0.0,Monitoring
2024-07-31,12:15:00,HOLD,MIDCPNIFTY24AUG12800PE,248.0,0.0,Monitoring
2024-07-31,12:20:00,HOLD,MIDCPNIFTY24AUG12800PE,248.0,0.0,Monitoring
2024-07-31,12:25:00,HOLD,MIDCPNIFTY24AUG12800PE,248.0,0.0,Monitoring
2024-07-31,12:30:00,HOLD,MIDCPNIFTY24AUG12800PE,248.0,0.0,Monitoring
2024-07-31,12:35:00,HOLD,MIDCPNIFTY24AUG12800PE,248.0,0.0,Monitoring
2024-07-31,12:40:00,HOLD,MIDCPNIFTY24AUG12800PE,248.0,0.0,Monitoring
2024-07-31,12:45:00,HOLD,MIDCPNIFTY24AUG12800PE,248.0,0.0,Monitoring
2024-07-31,12:50:00,HOLD,MIDCPNIFTY24AUG12800PE,248.0,0.0,Monitoring
2024-07-31,12:55:00,HOLD,MIDCPNIFTY24AUG12800PE,248.0,0.0,Monitoring
2024-07-31,13:00:00,HOLD,MIDCPNIFTY24AUG12800PE,248.0,0.0,Monitoring
2024-07-31,13:05:00,HOLD,MIDCPNIFTY24AUG12800PE,248.0,0.0,Monitoring
2024-07-31,13:10:00,HOLD,MIDCPNIFTY24AUG12800PE,248.0,0.0,Monitoring
2024-07-31,13:15:00,HOLD,MIDCPNIFTY24AUG12800PE,248.0,0.0,Monitoring
2024-07-31,13:20:00,HOLD,MIDCPNIFTY24AUG12800PE,248.0,0.0,Monitoring
2024-07-31,13:40:00,HOLD,MIDCPNIFTY24AUG12800PE,248.0,0.0,Monitoring
2024-07-31,13:45:00,HOLD,MIDCPNIFTY24AUG12800PE,248.0,0.0,Monitoring
2024-07-31,13:50:00,HOLD,MIDCPNIFTY24AUG12800PE,248.0,0.0,Monitoring
2024-07-31,13:55:00,HOLD,MIDCPNIFTY24AUG12800PE,248.0,0.0,Monitoring
2024-07-31,14:00:00,HOLD,MIDCPNIFTY24AUG12800PE,248.0,0.0,Monitoring
2024-07-31,14:05:00,HOLD,MIDCPNIFTY24AUG12800PE,248.0,0.0,Monitoring
2024-07-31,14:10:00,HOLD,MIDCPNIFTY24AUG12800PE,248.0,0.0,Monitoring
2024-07-31,14:15:00,HOLD,MIDCPNIFTY24AUG12800PE,248.0,0.0,Monitoring
2024-07-31,14:20:00,HOLD,MIDCPNIFTY24AUG12800PE,248.0,0.0,Monitoring
2024-07-31,14:25:00,HOLD,MIDCPNIFTY24AUG12800PE,248.0,0.0,Monitoring
2024-07-31,14:30:00,HOLD,MIDCPNIFTY24AUG12800PE,248.0,0.0,Monitoring
2024-07-31,14:35:00,HOLD,MIDCPNIFTY24AUG12800PE,248.0,0.0,Monitoring
2024-07-31,14:40:00,HOLD,MIDCPNIFTY24AUG12800PE,248.0,0.0,Monitoring
2024-07-31,14:45:00,HOLD,MIDCPNIFTY24AUG12800PE,248.0,0.0,Monitoring
2024-07-31,14:50:00,HOLD,MIDCPNIFTY24AUG12800PE,248.0,0.0,Monitoring
2024-08-01,09:15:00,HOLD,MIDCPNIFTY24AUG12800PE,248.0,0.0,Monitoring
2024-08-01,09:20:00,HOLD,MIDCPNIFTY24AUG12800PE,248.0,0.0,Monitoring
2024-08-01,09:25:00,HOLD,MIDCPNIFTY24AUG12800PE,248.0,0.0,Monitoring
2024-08-01,09:30:00,HOLD,MIDCPNIFTY24AUG12800PE,248.0,0.0,Monitoring
2024-08-01,09:35:00,HOLD,MIDCPNIFTY24AUG12800PE,248.0,0.0,Monitoring
2024-08-01,09:40:00,HOLD,MIDCPNIFTY24AUG12800PE,248.0,0.0,Monitoring
2024-08-01,09:45:00,HOLD,MIDCPNIFTY24AUG12800PE,248.0,0.0,Monitoring
2024-08-01,09:50:00,HOLD,MIDCPNIFTY24AUG12800PE,248.0,0.0,Monitoring
2024-08-01,10:00:00,HOLD,MIDCPNIFTY24AUG12800PE,248.0,0.0,Monitoring
2024-08-01,10:05:00,HOLD,MIDCPNIFTY24AUG12800PE,248.0,0.0,Monitoring
2024-08-01,10:10:00,HOLD,MIDCPNIFTY24AUG12800PE,248.0,0.0,Monitoring
2024-08-01,10:15:00,HOLD,MIDCPNIFTY24AUG12800PE,248.0,0.0,Monitoring
2024-08-01,10:20:00,HOLD,MIDCPNIFTY24AUG12800PE,248.0,0.0,Monitoring
2024-08-01,10:25:00,HOLD,MIDCPNIFTY24AUG12800PE,248.0,0.0,Monitoring
2024-08-01,10:30:00,HOLD,MIDCPNIFTY24AUG12800PE,248.0,0.0,Monitoring
2024-08-01,10:35:00,HOLD,MIDCPNIFTY24AUG12800PE,248.0,0.0,Monitoring
2024-08-01,10:40:00,HOLD,MIDCPNIFTY24AUG12800PE,248.0,0.0,Monitoring
2024-08-01,10:45:00,HOLD,MIDCPNIFTY24AUG12800PE,248.0,0.0,Monitoring
2024-08-01,10:50:00,HOLD,MIDCPNIFTY24AUG12800PE,248.0,0.0,Monitoring
2024-08-01,10:55:00,HOLD,MIDCPNIFTY24AUG12800PE,248.0,0.0,Monitoring
2024-08-01,11:00:00,HOLD,MIDCPNIFTY24AUG12800PE,248.0,0.0,Monitoring
2024-08-01,11:05:00,HOLD,MIDCPNIFTY24AUG12800PE,248.0,0.0,Monitoring
2024-08-01,11:10:00,HOLD,MIDCPNIFTY24AUG12800PE,248.0,0.0,Monitoring
2024-08-01,11:15:00,HOLD,MIDCPNIFTY24AUG12800PE,248.0,0.0,Monitoring
2024-08-01,11:20:00,HOLD,MIDCPNIFTY24AUG12800PE,248.0,0.0,Monitoring
2024-08-01,11:25:00,HOLD,MIDCPNIFTY24AUG12800PE,248.0,0.0,Monitoring
2024-08-01,11:30:00,HOLD,MIDCPNIFTY24AUG12800PE,248.0,0.0,Monitoring
2024-08-01,11:35:00,HOLD,MIDCPNIFTY24AUG12800PE,213.15,4182.0,Monitoring
2024-08-01,11:40:00,HOLD,MIDCPNIFTY24AUG12800PE,213.15,4182.0,Monitoring
2024-08-01,11:45:00,HOLD,MIDCPNIFTY24AUG12800PE,213.15,4182.0,Monitoring
2024-08-01,11:50:00,HOLD,MIDCPNIFTY24AUG12800PE,213.15,4182.0,Monitoring
2024-08-01,11:55:00,HOLD,MIDCPNIFTY24AUG12800PE,213.15,4182.0,Monitoring
2024-08-01,12:00:00,HOLD,MIDCPNIFTY24AUG12800PE,213.15,4182.0,Monitoring
2024-08-01,12:05:00,HOLD,MIDCPNIFTY24AUG12800PE,213.15,4182.0,Monitoring
2024-08-01,12:10:00,HOLD,MIDCPNIFTY24AUG12800PE,225.0,2760.0,Monitoring
2024-08-01,12:15:00,HOLD,MIDCPNIFTY24AUG12800PE,225.0,2760.0,Monitoring
2024-08-01,12:20:00,HOLD,MIDCPNIFTY24AUG12800PE,225.0,2760.0,Monitoring
2024-08-01,12:25:00,HOLD,MIDCPNIFTY24AUG12800PE,225.0,2760.0,Monitoring
2024-08-01,12:30:00,HOLD,MIDCPNIFTY24AUG12800PE,225.0,2760.0,Monitoring
2024-08-01,12:35:00,HOLD,MIDCPNIFTY24AUG12800PE,225.0,2760.0,Monitoring
2024-08-01,12:40:00,HOLD,MIDCPNIFTY24AUG12800PE,225.0,2760.0,Monitoring
2024-08-01,12:45:00,HOLD,MIDCPNIFTY24AUG12800PE,225.0,2760.0,Monitoring
2024-08-01,12:50:00,HOLD,MIDCPNIFTY24AUG12800PE,225.0,2760.0,Monitoring
2024-08-01,12:55:00,HOLD,MIDCPNIFTY24AUG12800PE,225.0,2760.0,Monitoring
2024-08-01,13:00:00,HOLD,MIDCPNIFTY24AUG12800PE,225.0,2760.0,Monitoring
2024-08-01,13:05:00,HOLD,MIDCPNIFTY24AUG12800PE,225.0,2760.0,Monitoring
2024-08-01,13:10:00,HOLD,MIDCPNIFTY24AUG12800PE,225.0,2760.0,Monitoring
2024-08-01,13:15:00,HOLD,MIDCPNIFTY24AUG12800PE,225.0,2760.0,Monitoring
2024-08-01,13:20:00,HOLD,MIDCPNIFTY24AUG12800PE,225.0,2760.0,Monitoring
2024-08-01,13:25:00,HOLD,MIDCPNIFTY24AUG12800PE,225.0,2760.0,Monitoring
2024-08-01,13:30:00,HOLD,MIDCPNIFTY24AUG12800PE,225.0,2760.0,Monitoring
2024-08-01,13:35:00,HOLD,MIDCPNIFTY24AUG12800PE,225.0,2760.0,Monitoring
2024-08-01,13:40:00,HOLD,MIDCPNIFTY24AUG12800PE,225.0,2760.0,Monitoring
2024-08-01,13:45:00,HOLD,MIDCPNIFTY24AUG12800PE,225.0,2760.0,Monitoring
2024-08-01,13:50:00,HOLD,MIDCPNIFTY24AUG12800PE,225.0,2760.0,Monitoring
2024-08-01,13:55:00,HOLD,MIDCPNIFTY24AUG12800PE,225.0,2760.0,Monitoring
2024-08-01,14:00:00,HOLD,MIDCPNIFTY24AUG12800PE,225.0,2760.0,Monitoring
2024-08-01,14:05:00,HOLD,MIDCPNIFTY24AUG12800PE,225.0,2760.0,Monitoring
2024-08-01,14:10:00,HOLD,MIDCPNIFTY24AUG12800PE,225.0,2760.0,Monitoring
2024-08-01,14:15:00,HOLD,MIDCPNIFTY24AUG12800PE,225.0,2760.0,Monitoring
2024-08-01,14:20:00,HOLD,MIDCPNIFTY24AUG12800PE,225.0,2760.0,Monitoring
2024-08-01,14:25:00,HOLD,MIDCPNIFTY24AUG12800PE,225.0,2760.0,Monitoring
2024-08-01,14:30:00,HOLD,MIDCPNIFTY24AUG12800PE,225.0,2760.0,Monitoring
2024-08-01,14:35:00,HOLD,MIDCPNIFTY24AUG12800PE,250.0,-240.0,Monitoring
2024-08-01,14:40:00,HOLD,MIDCPNIFTY24AUG12800PE,250.0,-240.0,Monitoring
2024-08-01,14:45:00,HOLD,MIDCPNIFTY24AUG12800PE,250.0,-240.0,Monitoring
2024-08-01,14:50:00,HOLD,MIDCPNIFTY24AUG12800PE,250.0,-240.0,Monitoring
2024-08-01,14:50:00,BUY_EXIT,MIDCPNIFTY24AUG12800PE,250.0,-240.0,EMA_REVERSAL_SL
