Date,Time,Event,Ticker,Price,PnL_INR,Info
2025-06-20,14:00:00,SELL_ENTRY,MIDCPNIFTY25JUN12700PE,49.3,0.0,Signal PE | Short
2025-06-20,14:05:00,HOLD,MIDCPNIFTY25JUN12700PE,49.0,36.0,Monitoring
2025-06-20,14:10:00,HOLD,MIDCPNIFTY25JUN12700PE,50.2,-108.0,Monitoring
2025-06-20,14:15:00,HOLD,MIDCPNIFTY25JUN12700PE,48.95,42.0,Monitoring
2025-06-20,14:20:00,HOLD,MIDCPNIFTY25JUN12700PE,47.5,216.0,Monitoring
2025-06-20,14:25:00,HOLD,MIDCPNIFTY25JUN12700PE,50.1,-96.0,Monitoring
2025-06-20,14:35:00,HOLD,MIDCPNIFTY25JUN12700PE,48.5,96.0,Monitoring
2025-06-20,14:40:00,HOLD,MIDCPNIFTY25JUN12700PE,48.25,126.0,Monitoring
2025-06-20,14:45:00,HOLD,MIDCPNIFTY25JUN12700PE,48.95,42.0,Monitoring
2025-06-20,14:50:00,HOLD,MIDCPNIFTY25JUN12700PE,48.3,120.0,Monitoring
2025-06-20,14:55:00,HOLD,MIDCPNIFTY25JUN12700PE,45.9,408.0,Monitoring
2025-06-20,15:00:00,HOLD,MIDCPNIFTY25JUN12700PE,42.8,780.0,Monitoring
2025-06-20,15:05:00,HOLD,MIDCPNIFTY25JUN12700PE,40.45,1062.0,Monitoring
2025-06-20,15:10:00,HOLD,MIDCPNIFTY25JUN12700PE,41.0,996.0,Monitoring
2025-06-20,15:15:00,HOLD,MIDCPNIFTY25JUN12700PE,39.55,1170.0,Monitoring
2025-06-20,15:20:00,HOLD,MIDCPNIFTY25JUN12700PE,40.1,1104.0,Monitoring
2025-06-20,15:25:00,HOLD,MIDCPNIFTY25JUN12700PE,39.55,1170.0,Monitoring
2025-06-23,09:15:00,HOLD,MIDCPNIFTY25JUN12700PE,50.35,-126.0,Monitoring
2025-06-23,09:20:00,HOLD,MIDCPNIFTY25JUN12700PE,43.55,690.0,Monitoring
2025-06-23,09:25:00,HOLD,MIDCPNIFTY25JUN12700PE,45.8,420.0,Monitoring
2025-06-23,09:30:00,HOLD,MIDCPNIFTY25JUN12700PE,48.5,96.0,Monitoring
2025-06-23,09:35:00,HOLD,MIDCPNIFTY25JUN12700PE,45.95,402.0,Monitoring
2025-06-23,09:40:00,HOLD,MIDCPNIFTY25JUN12700PE,47.05,270.0,Monitoring
2025-06-23,09:45:00,HOLD,MIDCPNIFTY25JUN12700PE,50.25,-114.0,Monitoring
2025-06-23,09:50:00,HOLD,MIDCPNIFTY25JUN12700PE,46.8,300.0,Monitoring
2025-06-23,09:55:00,HOLD,MIDCPNIFTY25JUN12700PE,46.6,324.0,Monitoring
2025-06-23,10:00:00,HOLD,MIDCPNIFTY25JUN12700PE,49.25,6.0,Monitoring
2025-06-23,10:05:00,HOLD,MIDCPNIFTY25JUN12700PE,46.3,360.0,Monitoring
2025-06-23,10:10:00,HOLD,MIDCPNIFTY25JUN12700PE,44.4,588.0,Monitoring
2025-06-23,10:15:00,HOLD,MIDCPNIFTY25JUN12700PE,43.85,654.0,Monitoring
2025-06-23,10:20:00,HOLD,MIDCPNIFTY25JUN12700PE,39.65,1158.0,Monitoring
2025-06-23,10:25:00,HOLD,MIDCPNIFTY25JUN12700PE,40.1,1104.0,Monitoring
2025-06-23,10:30:00,HOLD,MIDCPNIFTY25JUN12700PE,38.95,1242.0,Monitoring
2025-06-23,10:35:00,HOLD,MIDCPNIFTY25JUN12700PE,39.55,1170.0,Monitoring
2025-06-23,10:40:00,HOLD,MIDCPNIFTY25JUN12700PE,35.65,1638.0,Monitoring
2025-06-23,10:45:00,HOLD,MIDCPNIFTY25JUN12700PE,35.3,1680.0,Monitoring
2025-06-23,10:50:00,HOLD,MIDCPNIFTY25JUN12700PE,33.95,1842.0,Monitoring
2025-06-23,10:55:00,HOLD,MIDCPNIFTY25JUN12700PE,32.6,2004.0,Monitoring
2025-06-23,11:00:00,HOLD,MIDCPNIFTY25JUN12700PE,34.75,1746.0,Monitoring
2025-06-23,11:05:00,HOLD,MIDCPNIFTY25JUN12700PE,34.7,1752.0,Monitoring
2025-06-23,11:10:00,HOLD,MIDCPNIFTY25JUN12700PE,32.1,2064.0,Monitoring
2025-06-23,11:15:00,HOLD,MIDCPNIFTY25JUN12700PE,32.6,2004.0,Monitoring
2025-06-23,11:20:00,HOLD,MIDCPNIFTY25JUN12700PE,30.3,2280.0,Monitoring
2025-06-23,11:25:00,HOLD,MIDCPNIFTY25JUN12700PE,29.7,2352.0,Monitoring
2025-06-23,11:25:00,BUY_EXIT,MIDCPNIFTY25JUN12700PE,29.7,2352.0,TARGET_LTP_30
