Date,Time,Event,Ticker,Price,PnL_INR,Info
2024-01-19,14:00:00,SELL_ENTRY,MIDCPNIFTY24JAN10500PE,145.35,0.0,Signal PE | Short
2024-01-19,14:05:00,HOLD,MIDCPNIFTY24JAN10500PE,143.3,246.0,Monitoring
2024-01-19,14:10:00,HOLD,MIDCPNIFTY24JAN10500PE,146.0,-78.0,Monitoring
2024-01-19,14:15:00,HOLD,MIDCPNIFTY24JAN10500PE,143.0,282.0,Monitoring
2024-01-19,14:20:00,HOLD,MIDCPNIFTY24JAN10500PE,135.75,1152.0,Monitoring
2024-01-19,14:25:00,HOLD,MIDCPNIFTY24JAN10500PE,125.35,2400.0,Monitoring
2024-01-19,14:30:00,HOLD,MIDCPNIFTY24JAN10500PE,123.9,2574.0,Monitoring
2024-01-19,14:35:00,HOLD,MIDCPNIFTY24JAN10500PE,121.6,2850.0,Monitoring
2024-01-19,14:40:00,HOLD,MIDCPNIFTY24JAN10500PE,118.15,3264.0,Monitoring
2024-01-19,14:45:00,HOLD,MIDCPNIFTY24JAN10500PE,121.05,2916.0,Monitoring
2024-01-19,14:50:00,HOLD,MIDCPNIFTY24JAN10500PE,118.7,3198.0,Monitoring
2024-01-19,14:55:00,HOLD,MIDCPNIFTY24JAN10500PE,115.7,3558.0,Monitoring
2024-01-19,15:00:00,HOLD,MIDCPNIFTY24JAN10500PE,110.0,4242.0,Monitoring
2024-01-19,15:05:00,HOLD,MIDCPNIFTY24JAN10500PE,105.15,4824.0,Monitoring
2024-01-19,15:10:00,HOLD,MIDCPNIFTY24JAN10500PE,103.7,4998.0,Monitoring
2024-01-19,15:15:00,HOLD,MIDCPNIFTY24JAN10500PE,95.45,5988.0,Monitoring
2024-01-19,15:20:00,HOLD,MIDCPNIFTY24JAN10500PE,99.35,5520.0,Monitoring
2024-01-19,15:25:00,HOLD,MIDCPNIFTY24JAN10500PE,100.6,5370.0,Monitoring
2024-01-20,09:15:00,HOLD,MIDCPNIFTY24JAN10500PE,78.7,7998.0,Monitoring
2024-01-20,09:20:00,HOLD,MIDCPNIFTY24JAN10500PE,82.0,7602.0,Monitoring
2024-01-20,09:25:00,HOLD,MIDCPNIFTY24JAN10500PE,90.0,6642.0,Monitoring
2024-01-20,09:30:00,HOLD,MIDCPNIFTY24JAN10500PE,88.0,6882.0,Monitoring
2024-01-20,09:35:00,HOLD,MIDCPNIFTY24JAN10500PE,89.8,6666.0,Monitoring
2024-01-20,09:40:00,HOLD,MIDCPNIFTY24JAN10500PE,93.5,6222.0,Monitoring
2024-01-20,09:45:00,HOLD,MIDCPNIFTY24JAN10500PE,96.55,5856.0,Monitoring
2024-01-20,09:50:00,HOLD,MIDCPNIFTY24JAN10500PE,96.75,5832.0,Monitoring
2024-01-20,09:55:00,HOLD,MIDCPNIFTY24JAN10500PE,96.55,5856.0,Monitoring
2024-01-20,10:00:00,HOLD,MIDCPNIFTY24JAN10500PE,90.15,6624.0,Monitoring
2024-01-20,10:05:00,HOLD,MIDCPNIFTY24JAN10500PE,98.2,5658.0,Monitoring
2024-01-20,10:10:00,HOLD,MIDCPNIFTY24JAN10500PE,93.0,6282.0,Monitoring
2024-01-20,10:15:00,HOLD,MIDCPNIFTY24JAN10500PE,92.55,6336.0,Monitoring
2024-01-20,10:20:00,HOLD,MIDCPNIFTY24JAN10500PE,88.55,6816.0,Monitoring
2024-01-20,10:25:00,HOLD,MIDCPNIFTY24JAN10500PE,88.25,6852.0,Monitoring
2024-01-20,10:30:00,HOLD,MIDCPNIFTY24JAN10500PE,91.25,6492.0,Monitoring
2024-01-20,10:35:00,HOLD,MIDCPNIFTY24JAN10500PE,91.95,6408.0,Monitoring
2024-01-20,10:40:00,HOLD,MIDCPNIFTY24JAN10500PE,85.6,7170.0,Monitoring
2024-01-20,10:45:00,HOLD,MIDCPNIFTY24JAN10500PE,85.2,7218.0,Monitoring
2024-01-20,10:50:00,HOLD,MIDCPNIFTY24JAN10500PE,86.3,7086.0,Monitoring
2024-01-20,10:55:00,HOLD,MIDCPNIFTY24JAN10500PE,88.35,6840.0,Monitoring
2024-01-20,11:00:00,HOLD,MIDCPNIFTY24JAN10500PE,90.0,6642.0,Monitoring
2024-01-20,11:05:00,HOLD,MIDCPNIFTY24JAN10500PE,89.1,6750.0,Monitoring
2024-01-20,11:10:00,HOLD,MIDCPNIFTY24JAN10500PE,87.95,6888.0,Monitoring
2024-01-20,11:15:00,HOLD,MIDCPNIFTY24JAN10500PE,87.95,6888.0,Monitoring
2024-01-20,11:20:00,HOLD,MIDCPNIFTY24JAN10500PE,86.7,7038.0,Monitoring
2024-01-20,11:25:00,HOLD,MIDCPNIFTY24JAN10500PE,86.7,7038.0,Monitoring
2024-01-20,11:30:00,HOLD,MIDCPNIFTY24JAN10500PE,85.9,7134.0,Monitoring
2024-01-20,11:35:00,HOLD,MIDCPNIFTY24JAN10500PE,83.0,7482.0,Monitoring
2024-01-20,11:40:00,HOLD,MIDCPNIFTY24JAN10500PE,83.5,7422.0,Monitoring
2024-01-20,11:45:00,HOLD,MIDCPNIFTY24JAN10500PE,84.2,7338.0,Monitoring
2024-01-20,11:50:00,HOLD,MIDCPNIFTY24JAN10500PE,84.0,7362.0,Monitoring
2024-01-20,11:55:00,HOLD,MIDCPNIFTY24JAN10500PE,82.6,7530.0,Monitoring
2024-01-20,12:00:00,HOLD,MIDCPNIFTY24JAN10500PE,82.2,7578.0,Monitoring
2024-01-20,12:05:00,HOLD,MIDCPNIFTY24JAN10500PE,81.95,7608.0,Monitoring
2024-01-20,12:10:00,HOLD,MIDCPNIFTY24JAN10500PE,79.8,7866.0,Monitoring
2024-01-20,12:15:00,HOLD,MIDCPNIFTY24JAN10500PE,81.25,7692.0,Monitoring
2024-01-20,12:20:00,HOLD,MIDCPNIFTY24JAN10500PE,79.95,7848.0,Monitoring
2024-01-20,12:25:00,HOLD,MIDCPNIFTY24JAN10500PE,76.85,8220.0,Monitoring
2024-01-20,12:30:00,HOLD,MIDCPNIFTY24JAN10500PE,76.65,8244.0,Monitoring
2024-01-20,12:35:00,HOLD,MIDCPNIFTY24JAN10500PE,86.05,7116.0,Monitoring
2024-01-20,12:40:00,HOLD,MIDCPNIFTY24JAN10500PE,87.6,6930.0,Monitoring
2024-01-20,12:45:00,HOLD,MIDCPNIFTY24JAN10500PE,79.8,7866.0,Monitoring
2024-01-20,12:50:00,HOLD,MIDCPNIFTY24JAN10500PE,77.5,8142.0,Monitoring
2024-01-20,12:55:00,HOLD,MIDCPNIFTY24JAN10500PE,75.3,8406.0,Monitoring
2024-01-20,13:00:00,HOLD,MIDCPNIFTY24JAN10500PE,76.95,8208.0,Monitoring
2024-01-20,13:05:00,HOLD,MIDCPNIFTY24JAN10500PE,76.3,8286.0,Monitoring
2024-01-20,13:10:00,HOLD,MIDCPNIFTY24JAN10500PE,72.3,8766.0,Monitoring
2024-01-20,13:15:00,HOLD,MIDCPNIFTY24JAN10500PE,72.5,8742.0,Monitoring
2024-01-20,13:20:00,HOLD,MIDCPNIFTY24JAN10500PE,73.05,8676.0,Monitoring
2024-01-20,13:25:00,HOLD,MIDCPNIFTY24JAN10500PE,73.0,8682.0,Monitoring
2024-01-20,13:30:00,HOLD,MIDCPNIFTY24JAN10500PE,74.85,8460.0,Monitoring
2024-01-20,13:35:00,HOLD,MIDCPNIFTY24JAN10500PE,79.9,7854.0,Monitoring
2024-01-20,13:40:00,HOLD,MIDCPNIFTY24JAN10500PE,78.6,8010.0,Monitoring
2024-01-20,13:45:00,HOLD,MIDCPNIFTY24JAN10500PE,79.4,7914.0,Monitoring
2024-01-20,13:50:00,HOLD,MIDCPNIFTY24JAN10500PE,79.05,7956.0,Monitoring
2024-01-20,13:55:00,HOLD,MIDCPNIFTY24JAN10500PE,77.5,8142.0,Monitoring
2024-01-20,14:00:00,HOLD,MIDCPNIFTY24JAN10500PE,78.45,8028.0,Monitoring
2024-01-20,14:05:00,HOLD,MIDCPNIFTY24JAN10500PE,77.05,8196.0,Monitoring
2024-01-20,14:10:00,HOLD,MIDCPNIFTY24JAN10500PE,76.2,8298.0,Monitoring
2024-01-20,14:15:00,HOLD,MIDCPNIFTY24JAN10500PE,76.45,8268.0,Monitoring
2024-01-20,14:20:00,HOLD,MIDCPNIFTY24JAN10500PE,78.85,7980.0,Monitoring
2024-01-20,14:25:00,HOLD,MIDCPNIFTY24JAN10500PE,76.45,8268.0,Monitoring
2024-01-20,14:30:00,HOLD,MIDCPNIFTY24JAN10500PE,76.5,8262.0,Monitoring
2024-01-20,14:35:00,HOLD,MIDCPNIFTY24JAN10500PE,71.2,8898.0,Monitoring
2024-01-20,14:40:00,HOLD,MIDCPNIFTY24JAN10500PE,75.0,8442.0,Monitoring
2024-01-20,14:45:00,HOLD,MIDCPNIFTY24JAN10500PE,75.5,8382.0,Monitoring
2024-01-20,14:50:00,HOLD,MIDCPNIFTY24JAN10500PE,76.2,8298.0,Monitoring
2024-01-20,14:55:00,HOLD,MIDCPNIFTY24JAN10500PE,77.15,8184.0,Monitoring
2024-01-20,15:00:00,HOLD,MIDCPNIFTY24JAN10500PE,80.2,7818.0,Monitoring
2024-01-20,15:05:00,HOLD,MIDCPNIFTY24JAN10500PE,85.45,7188.0,Monitoring
2024-01-20,15:10:00,HOLD,MIDCPNIFTY24JAN10500PE,81.45,7668.0,Monitoring
2024-01-20,15:15:00,HOLD,MIDCPNIFTY24JAN10500PE,75.9,8334.0,Monitoring
2024-01-20,15:20:00,HOLD,MIDCPNIFTY24JAN10500PE,74.4,8514.0,Monitoring
2024-01-20,15:25:00,HOLD,MIDCPNIFTY24JAN10500PE,75.7,8358.0,Monitoring
2024-01-23,09:15:00,HOLD,MIDCPNIFTY24JAN10500PE,61.25,10092.0,Monitoring
2024-01-23,09:20:00,HOLD,MIDCPNIFTY24JAN10500PE,63.3,9846.0,Monitoring
2024-01-23,09:25:00,HOLD,MIDCPNIFTY24JAN10500PE,59.4,10314.0,Monitoring
2024-01-23,09:30:00,HOLD,MIDCPNIFTY24JAN10500PE,56.0,10722.0,Monitoring
2024-01-23,09:35:00,HOLD,MIDCPNIFTY24JAN10500PE,58.7,10398.0,Monitoring
2024-01-23,09:40:00,HOLD,MIDCPNIFTY24JAN10500PE,52.55,11136.0,Monitoring
2024-01-23,09:45:00,HOLD,MIDCPNIFTY24JAN10500PE,53.0,11082.0,Monitoring
2024-01-23,09:50:00,HOLD,MIDCPNIFTY24JAN10500PE,50.75,11352.0,Monitoring
2024-01-23,09:55:00,HOLD,MIDCPNIFTY24JAN10500PE,66.9,9414.0,Monitoring
2024-01-23,10:00:00,HOLD,MIDCPNIFTY24JAN10500PE,89.75,6672.0,Monitoring
2024-01-23,10:05:00,HOLD,MIDCPNIFTY24JAN10500PE,90.0,6642.0,Monitoring
2024-01-23,10:10:00,HOLD,MIDCPNIFTY24JAN10500PE,88.55,6816.0,Monitoring
2024-01-23,10:15:00,HOLD,MIDCPNIFTY24JAN10500PE,91.3,6486.0,Monitoring
2024-01-23,10:20:00,HOLD,MIDCPNIFTY24JAN10500PE,121.0,2922.0,Monitoring
2024-01-23,10:25:00,HOLD,MIDCPNIFTY24JAN10500PE,114.2,3738.0,Monitoring
2024-01-23,10:30:00,HOLD,MIDCPNIFTY24JAN10500PE,101.0,5322.0,Monitoring
2024-01-23,10:35:00,HOLD,MIDCPNIFTY24JAN10500PE,128.5,2022.0,Monitoring
2024-01-23,10:35:00,BUY_EXIT,MIDCPNIFTY24JAN10500PE,128.5,2022.0,EMA_REVERSAL_SL
