Date,Time,Event,Ticker,Price,PnL_INR,Info
2024-01-16,14:00:00,SELL_ENTRY,MIDCPNIFTY24JAN10700CE,83.3,0.0,Signal CE | Short
2024-01-16,14:05:00,HOLD,MIDCPNIFTY24JAN10700CE,83.3,0.0,Monitoring
2024-01-16,14:10:00,HOLD,MIDCPNIFTY24JAN10700CE,83.3,0.0,Monitoring
2024-01-16,14:15:00,HOLD,MIDCPNIFTY24JAN10700CE,83.3,0.0,Monitoring
2024-01-16,14:20:00,HOLD,MIDCPNIFTY24JAN10700CE,83.3,0.0,Monitoring
2024-01-16,14:25:00,HOLD,MIDCPNIFTY24JAN10700CE,83.3,0.0,Monitoring
2024-01-16,14:30:00,HOLD,MIDCPNIFTY24JAN10700CE,83.3,0.0,Monitoring
2024-01-16,14:35:00,HOLD,MIDCPNIFTY24JAN10700CE,83.3,0.0,Monitoring
2024-01-16,14:40:00,HOLD,MIDCPNIFTY24JAN10700CE,87.5,-504.0,Monitoring
2024-01-16,14:45:00,HOLD,MIDCPNIFTY24JAN10700CE,78.75,546.0,Monitoring
2024-01-16,14:50:00,HOLD,MIDCPNIFTY24JAN10700CE,80.75,306.0,Monitoring
2024-01-16,14:55:00,HOLD,MIDCPNIFTY24JAN10700CE,80.75,306.0,Monitoring
2024-01-16,15:00:00,HOLD,MIDCPNIFTY24JAN10700CE,80.75,306.0,Monitoring
2024-01-16,15:05:00,HOLD,MIDCPNIFTY24JAN10700CE,80.75,306.0,Monitoring
2024-01-16,15:10:00,HOLD,MIDCPNIFTY24JAN10700CE,80.75,306.0,Monitoring
2024-01-16,15:15:00,HOLD,MIDCPNIFTY24JAN10700CE,80.75,306.0,Monitoring
2024-01-16,15:20:00,HOLD,MIDCPNIFTY24JAN10700CE,70.95,1482.0,Monitoring
2024-01-16,15:25:00,HOLD,MIDCPNIFTY24JAN10700CE,80.5,336.0,Monitoring
2024-01-17,09:15:00,HOLD,MIDCPNIFTY24JAN10700CE,80.5,336.0,Monitoring
2024-01-17,09:20:00,HOLD,MIDCPNIFTY24JAN10700CE,80.5,336.0,Monitoring
2024-01-17,09:25:00,HOLD,MIDCPNIFTY24JAN10700CE,80.5,336.0,Monitoring
2024-01-17,09:30:00,HOLD,MIDCPNIFTY24JAN10700CE,80.5,336.0,Monitoring
2024-01-17,09:35:00,HOLD,MIDCPNIFTY24JAN10700CE,80.0,396.0,Monitoring
2024-01-17,09:40:00,HOLD,MIDCPNIFTY24JAN10700CE,80.0,396.0,Monitoring
2024-01-17,09:45:00,HOLD,MIDCPNIFTY24JAN10700CE,80.0,396.0,Monitoring
2024-01-17,09:50:00,HOLD,MIDCPNIFTY24JAN10700CE,80.0,396.0,Monitoring
2024-01-17,09:55:00,HOLD,MIDCPNIFTY24JAN10700CE,80.0,396.0,Monitoring
2024-01-17,10:00:00,HOLD,MIDCPNIFTY24JAN10700CE,77.5,696.0,Monitoring
2024-01-17,10:05:00,HOLD,MIDCPNIFTY24JAN10700CE,74.0,1116.0,Monitoring
2024-01-17,10:10:00,HOLD,MIDCPNIFTY24JAN10700CE,74.0,1116.0,Monitoring
2024-01-17,10:15:00,HOLD,MIDCPNIFTY24JAN10700CE,74.0,1116.0,Monitoring
2024-01-17,10:20:00,HOLD,MIDCPNIFTY24JAN10700CE,75.85,894.0,Monitoring
2024-01-17,10:25:00,HOLD,MIDCPNIFTY24JAN10700CE,75.85,894.0,Monitoring
2024-01-17,10:30:00,HOLD,MIDCPNIFTY24JAN10700CE,70.0,1596.0,Monitoring
2024-01-17,10:35:00,HOLD,MIDCPNIFTY24JAN10700CE,70.0,1596.0,Monitoring
2024-01-17,10:40:00,HOLD,MIDCPNIFTY24JAN10700CE,58.3,3000.0,Monitoring
2024-01-17,10:45:00,HOLD,MIDCPNIFTY24JAN10700CE,60.3,2760.0,Monitoring
2024-01-17,10:50:00,HOLD,MIDCPNIFTY24JAN10700CE,60.3,2760.0,Monitoring
2024-01-17,10:55:00,HOLD,MIDCPNIFTY24JAN10700CE,60.1,2784.0,Monitoring
2024-01-17,11:00:00,HOLD,MIDCPNIFTY24JAN10700CE,60.1,2784.0,Monitoring
2024-01-17,11:05:00,HOLD,MIDCPNIFTY24JAN10700CE,60.1,2784.0,Monitoring
2024-01-17,11:10:00,HOLD,MIDCPNIFTY24JAN10700CE,60.1,2784.0,Monitoring
2024-01-17,11:15:00,HOLD,MIDCPNIFTY24JAN10700CE,60.1,2784.0,Monitoring
2024-01-17,11:20:00,HOLD,MIDCPNIFTY24JAN10700CE,60.1,2784.0,Monitoring
2024-01-17,11:25:00,HOLD,MIDCPNIFTY24JAN10700CE,60.1,2784.0,Monitoring
2024-01-17,11:30:00,HOLD,MIDCPNIFTY24JAN10700CE,60.1,2784.0,Monitoring
2024-01-17,11:35:00,HOLD,MIDCPNIFTY24JAN10700CE,68.0,1836.0,Monitoring
2024-01-17,11:40:00,HOLD,MIDCPNIFTY24JAN10700CE,68.0,1836.0,Monitoring
2024-01-17,11:45:00,HOLD,MIDCPNIFTY24JAN10700CE,68.0,1836.0,Monitoring
2024-01-17,11:50:00,HOLD,MIDCPNIFTY24JAN10700CE,62.0,2556.0,Monitoring
2024-01-17,11:55:00,HOLD,MIDCPNIFTY24JAN10700CE,62.0,2556.0,Monitoring
2024-01-17,12:00:00,HOLD,MIDCPNIFTY24JAN10700CE,62.0,2556.0,Monitoring
2024-01-17,12:05:00,HOLD,MIDCPNIFTY24JAN10700CE,62.0,2556.0,Monitoring
2024-01-17,12:10:00,HOLD,MIDCPNIFTY24JAN10700CE,53.0,3636.0,Monitoring
2024-01-17,12:15:00,HOLD,MIDCPNIFTY24JAN10700CE,53.0,3636.0,Monitoring
2024-01-17,12:20:00,HOLD,MIDCPNIFTY24JAN10700CE,58.0,3036.0,Monitoring
2024-01-17,12:25:00,HOLD,MIDCPNIFTY24JAN10700CE,58.0,3036.0,Monitoring
2024-01-17,12:30:00,HOLD,MIDCPNIFTY24JAN10700CE,58.0,3036.0,Monitoring
2024-01-17,12:35:00,HOLD,MIDCPNIFTY24JAN10700CE,58.0,3036.0,Monitoring
2024-01-17,12:40:00,HOLD,MIDCPNIFTY24JAN10700CE,58.0,3036.0,Monitoring
2024-01-17,12:45:00,HOLD,MIDCPNIFTY24JAN10700CE,58.0,3036.0,Monitoring
2024-01-17,12:50:00,HOLD,MIDCPNIFTY24JAN10700CE,58.3,3000.0,Monitoring
2024-01-17,12:55:00,HOLD,MIDCPNIFTY24JAN10700CE,58.3,3000.0,Monitoring
2024-01-17,13:00:00,HOLD,MIDCPNIFTY24JAN10700CE,66.0,2076.0,Monitoring
2024-01-17,13:05:00,HOLD,MIDCPNIFTY24JAN10700CE,66.0,2076.0,Monitoring
2024-01-17,13:10:00,HOLD,MIDCPNIFTY24JAN10700CE,66.0,2076.0,Monitoring
2024-01-17,13:15:00,HOLD,MIDCPNIFTY24JAN10700CE,66.0,2076.0,Monitoring
2024-01-17,13:20:00,HOLD,MIDCPNIFTY24JAN10700CE,66.0,2076.0,Monitoring
2024-01-17,13:25:00,HOLD,MIDCPNIFTY24JAN10700CE,66.0,2076.0,Monitoring
2024-01-17,13:30:00,HOLD,MIDCPNIFTY24JAN10700CE,66.0,2076.0,Monitoring
2024-01-17,13:35:00,HOLD,MIDCPNIFTY24JAN10700CE,66.0,2076.0,Monitoring
2024-01-17,13:40:00,HOLD,MIDCPNIFTY24JAN10700CE,66.0,2076.0,Monitoring
2024-01-17,13:45:00,HOLD,MIDCPNIFTY24JAN10700CE,66.0,2076.0,Monitoring
2024-01-17,13:50:00,HOLD,MIDCPNIFTY24JAN10700CE,72.0,1356.0,Monitoring
2024-01-17,13:55:00,HOLD,MIDCPNIFTY24JAN10700CE,72.0,1356.0,Monitoring
2024-01-17,14:00:00,HOLD,MIDCPNIFTY24JAN10700CE,72.0,1356.0,Monitoring
2024-01-17,14:05:00,HOLD,MIDCPNIFTY24JAN10700CE,64.05,2310.0,Monitoring
2024-01-17,14:10:00,HOLD,MIDCPNIFTY24JAN10700CE,64.05,2310.0,Monitoring
2024-01-17,14:15:00,HOLD,MIDCPNIFTY24JAN10700CE,64.05,2310.0,Monitoring
2024-01-17,14:20:00,HOLD,MIDCPNIFTY24JAN10700CE,64.05,2310.0,Monitoring
2024-01-17,14:25:00,HOLD,MIDCPNIFTY24JAN10700CE,64.0,2316.0,Monitoring
2024-01-17,14:30:00,HOLD,MIDCPNIFTY24JAN10700CE,58.0,3036.0,Monitoring
2024-01-17,14:35:00,HOLD,MIDCPNIFTY24JAN10700CE,58.0,3036.0,Monitoring
2024-01-17,14:40:00,HOLD,MIDCPNIFTY24JAN10700CE,44.0,4716.0,Monitoring
2024-01-17,14:45:00,HOLD,MIDCPNIFTY24JAN10700CE,40.5,5136.0,Monitoring
2024-01-17,14:50:00,HOLD,MIDCPNIFTY24JAN10700CE,40.5,5136.0,Monitoring
2024-01-17,14:55:00,HOLD,MIDCPNIFTY24JAN10700CE,40.5,5136.0,Monitoring
2024-01-17,15:00:00,HOLD,MIDCPNIFTY24JAN10700CE,48.95,4122.0,Monitoring
2024-01-17,15:05:00,HOLD,MIDCPNIFTY24JAN10700CE,48.95,4122.0,Monitoring
2024-01-17,15:10:00,HOLD,MIDCPNIFTY24JAN10700CE,48.95,4122.0,Monitoring
2024-01-17,15:15:00,HOLD,MIDCPNIFTY24JAN10700CE,36.5,5616.0,Monitoring
2024-01-17,15:20:00,HOLD,MIDCPNIFTY24JAN10700CE,36.5,5616.0,Monitoring
2024-01-17,15:25:00,HOLD,MIDCPNIFTY24JAN10700CE,36.5,5616.0,Monitoring
2024-01-18,09:15:00,HOLD,MIDCPNIFTY24JAN10700CE,38.65,5358.0,Monitoring
2024-01-18,09:20:00,HOLD,MIDCPNIFTY24JAN10700CE,40.6,5124.0,Monitoring
2024-01-18,09:25:00,HOLD,MIDCPNIFTY24JAN10700CE,40.6,5124.0,Monitoring
2024-01-18,09:30:00,HOLD,MIDCPNIFTY24JAN10700CE,32.95,6042.0,Monitoring
2024-01-18,09:35:00,HOLD,MIDCPNIFTY24JAN10700CE,32.95,6042.0,Monitoring
2024-01-18,09:40:00,HOLD,MIDCPNIFTY24JAN10700CE,32.95,6042.0,Monitoring
2024-01-18,09:45:00,HOLD,MIDCPNIFTY24JAN10700CE,28.8,6540.0,Monitoring
2024-01-18,09:45:00,BUY_EXIT,MIDCPNIFTY24JAN10700CE,28.8,6540.0,TARGET_LTP_30
