Date,Time,Event,Ticker,Price,PnL_INR,Info
2024-10-03,14:00:00,SELL_ENTRY,MIDCPNIFTY24OCT13200CE,202.95,0.0,Signal CE | Short
2024-10-03,14:05:00,HOLD,MIDCPNIFTY24OCT13200CE,202.95,0.0,Monitoring
2024-10-03,14:10:00,HOLD,MIDCPNIFTY24OCT13200CE,202.95,0.0,Monitoring
2024-10-03,14:15:00,HOLD,MIDCPNIFTY24OCT13200CE,202.95,0.0,Monitoring
2024-10-03,14:20:00,HOLD,MIDCPNIFTY24OCT13200CE,202.95,0.0,Monitoring
2024-10-03,14:25:00,HOLD,MIDCPNIFTY24OCT13200CE,202.95,0.0,Monitoring
2024-10-03,14:30:00,HOLD,MIDCPNIFTY24OCT13200CE,194.95,960.0,Monitoring
2024-10-03,14:35:00,HOLD,MIDCPNIFTY24OCT13200CE,194.95,960.0,Monitoring
2024-10-03,14:40:00,HOLD,MIDCPNIFTY24OCT13200CE,194.95,960.0,Monitoring
2024-10-03,14:45:00,HOLD,MIDCPNIFTY24OCT13200CE,194.85,972.0,Monitoring
2024-10-03,14:50:00,HOLD,MIDCPNIFTY24OCT13200CE,194.85,972.0,Monitoring
2024-10-03,14:55:00,HOLD,MIDCPNIFTY24OCT13200CE,194.85,972.0,Monitoring
2024-10-03,15:00:00,HOLD,MIDCPNIFTY24OCT13200CE,194.85,972.0,Monitoring
2024-10-03,15:05:00,HOLD,MIDCPNIFTY24OCT13200CE,194.85,972.0,Monitoring
2024-10-03,15:10:00,HOLD,MIDCPNIFTY24OCT13200CE,194.85,972.0,Monitoring
2024-10-03,15:15:00,HOLD,MIDCPNIFTY24OCT13200CE,194.85,972.0,Monitoring
2024-10-03,15:20:00,HOLD,MIDCPNIFTY24OCT13200CE,194.85,972.0,Monitoring
2024-10-03,15:25:00,HOLD,MIDCPNIFTY24OCT13200CE,194.85,972.0,Monitoring
2024-10-04,09:20:00,HOLD,MIDCPNIFTY24OCT13200CE,194.85,972.0,Monitoring
2024-10-04,09:25:00,HOLD,MIDCPNIFTY24OCT13200CE,194.85,972.0,Monitoring
2024-10-04,09:30:00,HOLD,MIDCPNIFTY24OCT13200CE,194.85,972.0,Monitoring
2024-10-04,09:35:00,HOLD,MIDCPNIFTY24OCT13200CE,194.85,972.0,Monitoring
2024-10-04,09:40:00,HOLD,MIDCPNIFTY24OCT13200CE,194.85,972.0,Monitoring
2024-10-04,09:45:00,HOLD,MIDCPNIFTY24OCT13200CE,194.85,972.0,Monitoring
2024-10-04,09:50:00,HOLD,MIDCPNIFTY24OCT13200CE,194.75,984.0,Monitoring
2024-10-04,09:55:00,HOLD,MIDCPNIFTY24OCT13200CE,194.8,978.0,Monitoring
2024-10-04,10:00:00,HOLD,MIDCPNIFTY24OCT13200CE,220.0,-2046.0,Monitoring
2024-10-04,10:05:00,HOLD,MIDCPNIFTY24OCT13200CE,220.0,-2046.0,Monitoring
2024-10-04,10:10:00,HOLD,MIDCPNIFTY24OCT13200CE,220.0,-2046.0,Monitoring
2024-10-04,10:15:00,HOLD,MIDCPNIFTY24OCT13200CE,220.0,-2046.0,Monitoring
2024-10-04,10:20:00,HOLD,MIDCPNIFTY24OCT13200CE,220.0,-2046.0,Monitoring
2024-10-04,10:25:00,HOLD,MIDCPNIFTY24OCT13200CE,220.0,-2046.0,Monitoring
2024-10-04,10:30:00,HOLD,MIDCPNIFTY24OCT13200CE,220.0,-2046.0,Monitoring
2024-10-04,10:35:00,HOLD,MIDCPNIFTY24OCT13200CE,220.0,-2046.0,Monitoring
2024-10-04,10:40:00,HOLD,MIDCPNIFTY24OCT13200CE,220.0,-2046.0,Monitoring
2024-10-04,10:45:00,HOLD,MIDCPNIFTY24OCT13200CE,220.0,-2046.0,Monitoring
2024-10-04,10:50:00,HOLD,MIDCPNIFTY24OCT13200CE,220.0,-2046.0,Monitoring
2024-10-04,10:55:00,HOLD,MIDCPNIFTY24OCT13200CE,220.0,-2046.0,Monitoring
2024-10-04,11:00:00,HOLD,MIDCPNIFTY24OCT13200CE,220.0,-2046.0,Monitoring
2024-10-04,11:05:00,HOLD,MIDCPNIFTY24OCT13200CE,220.0,-2046.0,Monitoring
2024-10-04,11:10:00,HOLD,MIDCPNIFTY24OCT13200CE,220.0,-2046.0,Monitoring
2024-10-04,11:15:00,HOLD,MIDCPNIFTY24OCT13200CE,220.0,-2046.0,Monitoring
2024-10-04,11:20:00,HOLD,MIDCPNIFTY24OCT13200CE,220.0,-2046.0,Monitoring
2024-10-04,11:25:00,HOLD,MIDCPNIFTY24OCT13200CE,220.0,-2046.0,Monitoring
2024-10-04,11:30:00,HOLD,MIDCPNIFTY24OCT13200CE,220.0,-2046.0,Monitoring
2024-10-04,11:35:00,HOLD,MIDCPNIFTY24OCT13200CE,220.0,-2046.0,Monitoring
2024-10-04,11:40:00,HOLD,MIDCPNIFTY24OCT13200CE,220.0,-2046.0,Monitoring
2024-10-04,11:50:00,HOLD,MIDCPNIFTY24OCT13200CE,220.0,-2046.0,Monitoring
2024-10-04,11:55:00,HOLD,MIDCPNIFTY24OCT13200CE,220.0,-2046.0,Monitoring
2024-10-04,12:00:00,HOLD,MIDCPNIFTY24OCT13200CE,220.0,-2046.0,Monitoring
2024-10-04,12:05:00,HOLD,MIDCPNIFTY24OCT13200CE,220.0,-2046.0,Monitoring
2024-10-04,12:10:00,HOLD,MIDCPNIFTY24OCT13200CE,220.0,-2046.0,Monitoring
2024-10-04,12:15:00,HOLD,MIDCPNIFTY24OCT13200CE,220.0,-2046.0,Monitoring
2024-10-04,12:45:00,HOLD,MIDCPNIFTY24OCT13200CE,220.0,-2046.0,Monitoring
2024-10-04,12:50:00,HOLD,MIDCPNIFTY24OCT13200CE,220.0,-2046.0,Monitoring
2024-10-04,12:55:00,HOLD,MIDCPNIFTY24OCT13200CE,220.0,-2046.0,Monitoring
2024-10-04,13:00:00,HOLD,MIDCPNIFTY24OCT13200CE,220.0,-2046.0,Monitoring
2024-10-04,13:05:00,HOLD,MIDCPNIFTY24OCT13200CE,220.0,-2046.0,Monitoring
2024-10-04,13:10:00,HOLD,MIDCPNIFTY24OCT13200CE,220.0,-2046.0,Monitoring
2024-10-04,13:15:00,HOLD,MIDCPNIFTY24OCT13200CE,220.0,-2046.0,Monitoring
2024-10-04,13:20:00,HOLD,MIDCPNIFTY24OCT13200CE,220.0,-2046.0,Monitoring
2024-10-04,13:25:00,HOLD,MIDCPNIFTY24OCT13200CE,220.0,-2046.0,Monitoring
2024-10-04,13:30:00,HOLD,MIDCPNIFTY24OCT13200CE,220.0,-2046.0,Monitoring
2024-10-04,13:35:00,HOLD,MIDCPNIFTY24OCT13200CE,220.0,-2046.0,Monitoring
2024-10-04,13:40:00,HOLD,MIDCPNIFTY24OCT13200CE,196.0,834.0,Monitoring
2024-10-04,13:45:00,HOLD,MIDCPNIFTY24OCT13200CE,196.0,834.0,Monitoring
2024-10-04,13:50:00,HOLD,MIDCPNIFTY24OCT13200CE,196.0,834.0,Monitoring
2024-10-04,13:55:00,HOLD,MIDCPNIFTY24OCT13200CE,196.0,834.0,Monitoring
2024-10-04,14:00:00,HOLD,MIDCPNIFTY24OCT13200CE,196.0,834.0,Monitoring
2024-10-04,14:05:00,HOLD,MIDCPNIFTY24OCT13200CE,196.0,834.0,Monitoring
2024-10-04,14:10:00,HOLD,MIDCPNIFTY24OCT13200CE,196.0,834.0,Monitoring
2024-10-04,14:15:00,HOLD,MIDCPNIFTY24OCT13200CE,196.0,834.0,Monitoring
2024-10-04,14:20:00,HOLD,MIDCPNIFTY24OCT13200CE,196.0,834.0,Monitoring
2024-10-04,14:25:00,HOLD,MIDCPNIFTY24OCT13200CE,196.0,834.0,Monitoring
2024-10-04,14:30:00,HOLD,MIDCPNIFTY24OCT13200CE,196.0,834.0,Monitoring
2024-10-04,14:35:00,HOLD,MIDCPNIFTY24OCT13200CE,196.0,834.0,Monitoring
2024-10-04,14:40:00,HOLD,MIDCPNIFTY24OCT13200CE,196.0,834.0,Monitoring
2024-10-04,14:45:00,HOLD,MIDCPNIFTY24OCT13200CE,196.0,834.0,Monitoring
2024-10-04,14:50:00,HOLD,MIDCPNIFTY24OCT13200CE,196.0,834.0,Monitoring
2024-10-04,14:55:00,HOLD,MIDCPNIFTY24OCT13200CE,196.0,834.0,Monitoring
2024-10-04,15:00:00,HOLD,MIDCPNIFTY24OCT13200CE,196.0,834.0,Monitoring
2024-10-04,15:05:00,HOLD,MIDCPNIFTY24OCT13200CE,196.0,834.0,Monitoring
2024-10-04,15:20:00,HOLD,MIDCPNIFTY24OCT13200CE,196.0,834.0,Monitoring
2024-10-04,15:25:00,HOLD,MIDCPNIFTY24OCT13200CE,196.0,834.0,Monitoring
2024-10-07,09:35:00,HOLD,MIDCPNIFTY24OCT13200CE,196.0,834.0,Monitoring
2024-10-07,09:40:00,HOLD,MIDCPNIFTY24OCT13200CE,196.0,834.0,Monitoring
2024-10-07,09:45:00,HOLD,MIDCPNIFTY24OCT13200CE,196.0,834.0,Monitoring
2024-10-07,09:50:00,HOLD,MIDCPNIFTY24OCT13200CE,196.0,834.0,Monitoring
2024-10-07,10:55:00,HOLD,MIDCPNIFTY24OCT13200CE,196.0,834.0,Monitoring
2024-10-07,11:00:00,HOLD,MIDCPNIFTY24OCT13200CE,196.0,834.0,Monitoring
2024-10-07,11:05:00,HOLD,MIDCPNIFTY24OCT13200CE,196.0,834.0,Monitoring
2024-10-07,11:10:00,HOLD,MIDCPNIFTY24OCT13200CE,196.0,834.0,Monitoring
2024-10-07,11:40:00,HOLD,MIDCPNIFTY24OCT13200CE,84.0,14274.0,Monitoring
2024-10-07,11:45:00,HOLD,MIDCPNIFTY24OCT13200CE,84.0,14274.0,Monitoring
2024-10-07,11:50:00,HOLD,MIDCPNIFTY24OCT13200CE,84.0,14274.0,Monitoring
2024-10-07,11:55:00,HOLD,MIDCPNIFTY24OCT13200CE,84.0,14274.0,Monitoring
2024-10-07,12:00:00,HOLD,MIDCPNIFTY24OCT13200CE,84.0,14274.0,Monitoring
2024-10-07,12:05:00,HOLD,MIDCPNIFTY24OCT13200CE,84.0,14274.0,Monitoring
2024-10-07,12:10:00,HOLD,MIDCPNIFTY24OCT13200CE,84.0,14274.0,Monitoring
2024-10-07,12:15:00,HOLD,MIDCPNIFTY24OCT13200CE,84.0,14274.0,Monitoring
2024-10-07,12:30:00,HOLD,MIDCPNIFTY24OCT13200CE,84.0,14274.0,Monitoring
2024-10-07,12:35:00,HOLD,MIDCPNIFTY24OCT13200CE,84.0,14274.0,Monitoring
2024-10-07,12:40:00,HOLD,MIDCPNIFTY24OCT13200CE,84.0,14274.0,Monitoring
2024-10-07,12:45:00,HOLD,MIDCPNIFTY24OCT13200CE,84.0,14274.0,Monitoring
2024-10-07,12:50:00,HOLD,MIDCPNIFTY24OCT13200CE,84.0,14274.0,Monitoring
2024-10-07,12:55:00,HOLD,MIDCPNIFTY24OCT13200CE,84.0,14274.0,Monitoring
2024-10-07,13:00:00,HOLD,MIDCPNIFTY24OCT13200CE,84.0,14274.0,Monitoring
2024-10-07,13:05:00,HOLD,MIDCPNIFTY24OCT13200CE,84.0,14274.0,Monitoring
2024-10-07,13:10:00,HOLD,MIDCPNIFTY24OCT13200CE,84.0,14274.0,Monitoring
2024-10-07,13:15:00,HOLD,MIDCPNIFTY24OCT13200CE,84.0,14274.0,Monitoring
2024-10-07,13:20:00,HOLD,MIDCPNIFTY24OCT13200CE,84.0,14274.0,Monitoring
2024-10-07,13:25:00,HOLD,MIDCPNIFTY24OCT13200CE,84.0,14274.0,Monitoring
2024-10-07,13:30:00,HOLD,MIDCPNIFTY24OCT13200CE,84.0,14274.0,Monitoring
2024-10-07,13:35:00,HOLD,MIDCPNIFTY24OCT13200CE,84.0,14274.0,Monitoring
2024-10-07,13:40:00,HOLD,MIDCPNIFTY24OCT13200CE,84.0,14274.0,Monitoring
2024-10-07,13:45:00,HOLD,MIDCPNIFTY24OCT13200CE,84.0,14274.0,Monitoring
2024-10-07,13:50:00,HOLD,MIDCPNIFTY24OCT13200CE,84.0,14274.0,Monitoring
2024-10-07,13:55:00,HOLD,MIDCPNIFTY24OCT13200CE,84.0,14274.0,Monitoring
2024-10-07,14:00:00,HOLD,MIDCPNIFTY24OCT13200CE,84.0,14274.0,Monitoring
2024-10-07,14:05:00,HOLD,MIDCPNIFTY24OCT13200CE,84.0,14274.0,Monitoring
2024-10-07,14:10:00,HOLD,MIDCPNIFTY24OCT13200CE,84.0,14274.0,Monitoring
2024-10-07,14:25:00,HOLD,MIDCPNIFTY24OCT13200CE,84.0,14274.0,Monitoring
2024-10-07,14:30:00,HOLD,MIDCPNIFTY24OCT13200CE,84.0,14274.0,Monitoring
2024-10-07,14:35:00,HOLD,MIDCPNIFTY24OCT13200CE,84.0,14274.0,Monitoring
2024-10-07,14:40:00,HOLD,MIDCPNIFTY24OCT13200CE,84.0,14274.0,Monitoring
2024-10-07,14:50:00,HOLD,MIDCPNIFTY24OCT13200CE,84.0,14274.0,Monitoring
2024-10-07,14:55:00,HOLD,MIDCPNIFTY24OCT13200CE,84.0,14274.0,Monitoring
2024-10-07,15:00:00,HOLD,MIDCPNIFTY24OCT13200CE,84.0,14274.0,Monitoring
2024-10-07,15:05:00,HOLD,MIDCPNIFTY24OCT13200CE,84.0,14274.0,Monitoring
2024-10-08,09:15:00,HOLD,MIDCPNIFTY24OCT13200CE,84.0,14274.0,Monitoring
2024-10-08,09:20:00,HOLD,MIDCPNIFTY24OCT13200CE,84.0,14274.0,Monitoring
2024-10-08,09:25:00,HOLD,MIDCPNIFTY24OCT13200CE,84.0,14274.0,Monitoring
2024-10-08,09:30:00,HOLD,MIDCPNIFTY24OCT13200CE,84.0,14274.0,Monitoring
2024-10-08,09:55:00,HOLD,MIDCPNIFTY24OCT13200CE,84.0,14274.0,Monitoring
2024-10-08,10:00:00,HOLD,MIDCPNIFTY24OCT13200CE,84.0,14274.0,Monitoring
2024-10-08,10:05:00,HOLD,MIDCPNIFTY24OCT13200CE,84.0,14274.0,Monitoring
2024-10-08,10:10:00,HOLD,MIDCPNIFTY24OCT13200CE,84.0,14274.0,Monitoring
2024-10-08,10:15:00,HOLD,MIDCPNIFTY24OCT13200CE,84.0,14274.0,Monitoring
2024-10-08,10:20:00,HOLD,MIDCPNIFTY24OCT13200CE,84.0,14274.0,Monitoring
2024-10-08,10:25:00,HOLD,MIDCPNIFTY24OCT13200CE,84.0,14274.0,Monitoring
2024-10-08,10:30:00,HOLD,MIDCPNIFTY24OCT13200CE,84.0,14274.0,Monitoring
2024-10-08,10:35:00,HOLD,MIDCPNIFTY24OCT13200CE,84.0,14274.0,Monitoring
2024-10-08,10:40:00,HOLD,MIDCPNIFTY24OCT13200CE,84.0,14274.0,Monitoring
2024-10-08,10:45:00,HOLD,MIDCPNIFTY24OCT13200CE,84.0,14274.0,Monitoring
2024-10-08,10:50:00,HOLD,MIDCPNIFTY24OCT13200CE,84.0,14274.0,Monitoring
2024-10-08,10:55:00,HOLD,MIDCPNIFTY24OCT13200CE,84.0,14274.0,Monitoring
2024-10-08,11:00:00,HOLD,MIDCPNIFTY24OCT13200CE,84.0,14274.0,Monitoring
2024-10-08,11:05:00,HOLD,MIDCPNIFTY24OCT13200CE,84.0,14274.0,Monitoring
2024-10-08,11:10:00,HOLD,MIDCPNIFTY24OCT13200CE,84.0,14274.0,Monitoring
2024-10-08,11:15:00,HOLD,MIDCPNIFTY24OCT13200CE,84.0,14274.0,Monitoring
2024-10-08,11:25:00,HOLD,MIDCPNIFTY24OCT13200CE,84.0,14274.0,Monitoring
2024-10-08,11:30:00,HOLD,MIDCPNIFTY24OCT13200CE,84.0,14274.0,Monitoring
2024-10-08,11:35:00,HOLD,MIDCPNIFTY24OCT13200CE,84.0,14274.0,Monitoring
2024-10-08,11:40:00,HOLD,MIDCPNIFTY24OCT13200CE,84.0,14274.0,Monitoring
2024-10-08,11:45:00,HOLD,MIDCPNIFTY24OCT13200CE,84.0,14274.0,Monitoring
2024-10-08,11:50:00,HOLD,MIDCPNIFTY24OCT13200CE,84.0,14274.0,Monitoring
2024-10-08,11:55:00,HOLD,MIDCPNIFTY24OCT13200CE,84.0,14274.0,Monitoring
2024-10-08,12:00:00,HOLD,MIDCPNIFTY24OCT13200CE,84.0,14274.0,Monitoring
2024-10-08,12:05:00,HOLD,MIDCPNIFTY24OCT13200CE,84.0,14274.0,Monitoring
2024-10-08,12:10:00,HOLD,MIDCPNIFTY24OCT13200CE,84.0,14274.0,Monitoring
2024-10-08,12:15:00,HOLD,MIDCPNIFTY24OCT13200CE,70.0,15954.0,Monitoring
2024-10-08,12:20:00,HOLD,MIDCPNIFTY24OCT13200CE,70.0,15954.0,Monitoring
2024-10-08,12:25:00,HOLD,MIDCPNIFTY24OCT13200CE,70.0,15954.0,Monitoring
2024-10-08,12:30:00,HOLD,MIDCPNIFTY24OCT13200CE,70.0,15954.0,Monitoring
2024-10-08,12:35:00,HOLD,MIDCPNIFTY24OCT13200CE,70.0,15954.0,Monitoring
2024-10-08,12:40:00,HOLD,MIDCPNIFTY24OCT13200CE,70.0,15954.0,Monitoring
2024-10-08,12:45:00,HOLD,MIDCPNIFTY24OCT13200CE,70.0,15954.0,Monitoring
2024-10-08,12:50:00,HOLD,MIDCPNIFTY24OCT13200CE,70.0,15954.0,Monitoring
2024-10-08,12:55:00,HOLD,MIDCPNIFTY24OCT13200CE,70.0,15954.0,Monitoring
2024-10-08,13:05:00,HOLD,MIDCPNIFTY24OCT13200CE,70.0,15954.0,Monitoring
2024-10-08,13:10:00,HOLD,MIDCPNIFTY24OCT13200CE,70.0,15954.0,Monitoring
2024-10-08,13:15:00,HOLD,MIDCPNIFTY24OCT13200CE,70.0,15954.0,Monitoring
2024-10-08,13:20:00,HOLD,MIDCPNIFTY24OCT13200CE,70.0,15954.0,Monitoring
2024-10-08,13:25:00,HOLD,MIDCPNIFTY24OCT13200CE,70.0,15954.0,Monitoring
2024-10-08,13:30:00,HOLD,MIDCPNIFTY24OCT13200CE,70.0,15954.0,Monitoring
2024-10-08,13:35:00,HOLD,MIDCPNIFTY24OCT13200CE,70.0,15954.0,Monitoring
2024-10-08,13:40:00,HOLD,MIDCPNIFTY24OCT13200CE,70.0,15954.0,Monitoring
2024-10-08,13:45:00,HOLD,MIDCPNIFTY24OCT13200CE,70.0,15954.0,Monitoring
2024-10-08,13:50:00,HOLD,MIDCPNIFTY24OCT13200CE,70.0,15954.0,Monitoring
2024-10-08,13:55:00,HOLD,MIDCPNIFTY24OCT13200CE,70.0,15954.0,Monitoring
2024-10-08,14:00:00,HOLD,MIDCPNIFTY24OCT13200CE,70.0,15954.0,Monitoring
2024-10-08,14:05:00,HOLD,MIDCPNIFTY24OCT13200CE,70.0,15954.0,Monitoring
2024-10-08,14:10:00,HOLD,MIDCPNIFTY24OCT13200CE,70.0,15954.0,Monitoring
2024-10-08,14:15:00,HOLD,MIDCPNIFTY24OCT13200CE,70.0,15954.0,Monitoring
2024-10-08,14:20:00,HOLD,MIDCPNIFTY24OCT13200CE,70.0,15954.0,Monitoring
2024-10-08,14:25:00,HOLD,MIDCPNIFTY24OCT13200CE,70.0,15954.0,Monitoring
2024-10-08,14:30:00,HOLD,MIDCPNIFTY24OCT13200CE,70.0,15954.0,Monitoring
2024-10-08,14:35:00,HOLD,MIDCPNIFTY24OCT13200CE,70.0,15954.0,Monitoring
2024-10-08,14:40:00,HOLD,MIDCPNIFTY24OCT13200CE,70.0,15954.0,Monitoring
2024-10-08,14:45:00,HOLD,MIDCPNIFTY24OCT13200CE,70.0,15954.0,Monitoring
2024-10-08,14:50:00,HOLD,MIDCPNIFTY24OCT13200CE,70.0,15954.0,Monitoring
2024-10-08,15:00:00,HOLD,MIDCPNIFTY24OCT13200CE,70.0,15954.0,Monitoring
2024-10-08,15:05:00,HOLD,MIDCPNIFTY24OCT13200CE,70.0,15954.0,Monitoring
2024-10-08,15:10:00,HOLD,MIDCPNIFTY24OCT13200CE,70.0,15954.0,Monitoring
2024-10-08,15:15:00,HOLD,MIDCPNIFTY24OCT13200CE,70.0,15954.0,Monitoring
2024-10-08,15:20:00,HOLD,MIDCPNIFTY24OCT13200CE,70.0,15954.0,Monitoring
2024-10-08,15:25:00,HOLD,MIDCPNIFTY24OCT13200CE,70.0,15954.0,Monitoring
2024-10-09,09:15:00,HOLD,MIDCPNIFTY24OCT13200CE,70.0,15954.0,Monitoring
2024-10-09,09:20:00,HOLD,MIDCPNIFTY24OCT13200CE,70.0,15954.0,Monitoring
2024-10-09,09:25:00,HOLD,MIDCPNIFTY24OCT13200CE,70.0,15954.0,Monitoring
2024-10-09,09:30:00,HOLD,MIDCPNIFTY24OCT13200CE,70.0,15954.0,Monitoring
2024-10-09,09:35:00,HOLD,MIDCPNIFTY24OCT13200CE,70.0,15954.0,Monitoring
2024-10-09,09:40:00,HOLD,MIDCPNIFTY24OCT13200CE,70.0,15954.0,Monitoring
2024-10-09,09:45:00,HOLD,MIDCPNIFTY24OCT13200CE,70.0,15954.0,Monitoring
2024-10-09,09:50:00,HOLD,MIDCPNIFTY24OCT13200CE,120.0,9954.0,Monitoring
2024-10-09,09:55:00,HOLD,MIDCPNIFTY24OCT13200CE,120.0,9954.0,Monitoring
2024-10-09,10:00:00,HOLD,MIDCPNIFTY24OCT13200CE,120.0,9954.0,Monitoring
2024-10-09,10:05:00,HOLD,MIDCPNIFTY24OCT13200CE,120.0,9954.0,Monitoring
2024-10-09,10:10:00,HOLD,MIDCPNIFTY24OCT13200CE,120.0,9954.0,Monitoring
2024-10-09,10:15:00,HOLD,MIDCPNIFTY24OCT13200CE,120.0,9954.0,Monitoring
2024-10-09,10:20:00,HOLD,MIDCPNIFTY24OCT13200CE,120.0,9954.0,Monitoring
2024-10-09,10:25:00,HOLD,MIDCPNIFTY24OCT13200CE,120.0,9954.0,Monitoring
2024-10-09,10:30:00,HOLD,MIDCPNIFTY24OCT13200CE,120.0,9954.0,Monitoring
2024-10-09,10:35:00,HOLD,MIDCPNIFTY24OCT13200CE,120.0,9954.0,Monitoring
2024-10-09,10:35:00,BUY_EXIT,MIDCPNIFTY24OCT13200CE,120.0,9954.0,EMA_REVERSAL_SL
