Date,Time,Event,Ticker,Price,PnL_INR,Info
2025-08-22,14:00:00,SELL_ENTRY,MIDCPNIFTY25AUG12900PE,56.45,0.0,Signal PE | Short
2025-08-22,14:05:00,HOLD,MIDCPNIFTY25AUG12900PE,53.25,384.0,Monitoring
2025-08-22,14:10:00,HOLD,MIDCPNIFTY25AUG12900PE,55.0,174.0,Monitoring
2025-08-22,14:15:00,HOLD,MIDCPNIFTY25AUG12900PE,58.05,-192.0,Monitoring
2025-08-22,14:20:00,HOLD,MIDCPNIFTY25AUG12900PE,58.05,-192.0,Monitoring
2025-08-22,14:25:00,HOLD,MIDCPNIFTY25AUG12900PE,57.2,-90.0,Monitoring
2025-08-22,14:30:00,HOLD,MIDCPNIFTY25AUG12900PE,63.7,-870.0,Monitoring
2025-08-22,14:35:00,HOLD,MIDCPNIFTY25AUG12900PE,60.9,-534.0,Monitoring
2025-08-22,14:40:00,HOLD,MIDCPNIFTY25AUG12900PE,57.4,-114.0,Monitoring
2025-08-22,14:45:00,HOLD,MIDCPNIFTY25AUG12900PE,60.55,-492.0,Monitoring
2025-08-22,14:50:00,HOLD,MIDCPNIFTY25AUG12900PE,59.5,-366.0,Monitoring
2025-08-22,14:55:00,HOLD,MIDCPNIFTY25AUG12900PE,62.0,-666.0,Monitoring
2025-08-22,15:00:00,HOLD,MIDCPNIFTY25AUG12900PE,67.7,-1350.0,Monitoring
2025-08-22,15:05:00,HOLD,MIDCPNIFTY25AUG12900PE,66.7,-1230.0,Monitoring
2025-08-22,15:10:00,HOLD,MIDCPNIFTY25AUG12900PE,67.4,-1314.0,Monitoring
2025-08-22,15:15:00,HOLD,MIDCPNIFTY25AUG12900PE,69.1,-1518.0,Monitoring
2025-08-22,15:20:00,HOLD,MIDCPNIFTY25AUG12900PE,68.0,-1386.0,Monitoring
2025-08-22,15:25:00,HOLD,MIDCPNIFTY25AUG12900PE,61.15,-564.0,Monitoring
2025-08-25,09:15:00,HOLD,MIDCPNIFTY25AUG12900PE,42.8,1638.0,Monitoring
2025-08-25,09:20:00,HOLD,MIDCPNIFTY25AUG12900PE,39.5,2034.0,Monitoring
2025-08-25,09:25:00,HOLD,MIDCPNIFTY25AUG12900PE,43.25,1584.0,Monitoring
2025-08-25,09:30:00,HOLD,MIDCPNIFTY25AUG12900PE,41.65,1776.0,Monitoring
2025-08-25,09:35:00,HOLD,MIDCPNIFTY25AUG12900PE,32.0,2934.0,Monitoring
2025-08-25,09:40:00,HOLD,MIDCPNIFTY25AUG12900PE,29.6,3222.0,Monitoring
2025-08-25,09:40:00,BUY_EXIT,MIDCPNIFTY25AUG12900PE,29.6,3222.0,TARGET_LTP_30
