Date,Time,Event,Ticker,Price,PnL_INR,Info
2025-02-04,14:00:00,SELL_ENTRY,MIDCPNIFTY25FEB11900PE,237.95,0.0,Signal PE | Short
2025-02-04,14:05:00,HOLD,MIDCPNIFTY25FEB11900PE,228.85,1092.0,Monitoring
2025-02-04,14:10:00,HOLD,MIDCPNIFTY25FEB11900PE,234.45,420.0,Monitoring
2025-02-04,14:15:00,HOLD,MIDCPNIFTY25FEB11900PE,238.15,-24.0,Monitoring
2025-02-04,14:20:00,HOLD,MIDCPNIFTY25FEB11900PE,241.25,-396.0,Monitoring
2025-02-04,14:25:00,HOLD,MIDCPNIFTY25FEB11900PE,240.95,-360.0,Monitoring
2025-02-04,14:30:00,HOLD,MIDCPNIFTY25FEB11900PE,231.85,732.0,Monitoring
2025-02-04,14:35:00,HOLD,MIDCPNIFTY25FEB11900PE,226.0,1434.0,Monitoring
2025-02-04,14:40:00,HOLD,MIDCPNIFTY25FEB11900PE,223.35,1752.0,Monitoring
2025-02-04,14:45:00,HOLD,MIDCPNIFTY25FEB11900PE,218.8,2298.0,Monitoring
2025-02-04,14:50:00,HOLD,MIDCPNIFTY25FEB11900PE,215.9,2646.0,Monitoring
2025-02-04,14:55:00,HOLD,MIDCPNIFTY25FEB11900PE,209.0,3474.0,Monitoring
2025-02-04,15:00:00,HOLD,MIDCPNIFTY25FEB11900PE,207.6,3642.0,Monitoring
2025-02-04,15:05:00,HOLD,MIDCPNIFTY25FEB11900PE,207.4,3666.0,Monitoring
2025-02-04,15:10:00,HOLD,MIDCPNIFTY25FEB11900PE,209.7,3390.0,Monitoring
2025-02-04,15:15:00,HOLD,MIDCPNIFTY25FEB11900PE,206.3,3798.0,Monitoring
2025-02-04,15:20:00,HOLD,MIDCPNIFTY25FEB11900PE,213.6,2922.0,Monitoring
2025-02-04,15:25:00,HOLD,MIDCPNIFTY25FEB11900PE,221.6,1962.0,Monitoring
2025-02-05,09:15:00,HOLD,MIDCPNIFTY25FEB11900PE,193.9,5286.0,Monitoring
2025-02-05,09:20:00,HOLD,MIDCPNIFTY25FEB11900PE,179.8,6978.0,Monitoring
2025-02-05,09:25:00,HOLD,MIDCPNIFTY25FEB11900PE,174.2,7650.0,Monitoring
2025-02-05,09:30:00,HOLD,MIDCPNIFTY25FEB11900PE,175.4,7506.0,Monitoring
2025-02-05,09:35:00,HOLD,MIDCPNIFTY25FEB11900PE,162.2,9090.0,Monitoring
2025-02-05,09:40:00,HOLD,MIDCPNIFTY25FEB11900PE,160.2,9330.0,Monitoring
2025-02-05,09:45:00,HOLD,MIDCPNIFTY25FEB11900PE,163.9,8886.0,Monitoring
2025-02-05,09:50:00,HOLD,MIDCPNIFTY25FEB11900PE,163.3,8958.0,Monitoring
2025-02-05,09:55:00,HOLD,MIDCPNIFTY25FEB11900PE,162.65,9036.0,Monitoring
2025-02-05,10:00:00,HOLD,MIDCPNIFTY25FEB11900PE,166.4,8586.0,Monitoring
2025-02-05,10:05:00,HOLD,MIDCPNIFTY25FEB11900PE,157.2,9690.0,Monitoring
2025-02-05,10:10:00,HOLD,MIDCPNIFTY25FEB11900PE,153.6,10122.0,Monitoring
2025-02-05,10:15:00,HOLD,MIDCPNIFTY25FEB11900PE,150.45,10500.0,Monitoring
2025-02-05,10:20:00,HOLD,MIDCPNIFTY25FEB11900PE,147.25,10884.0,Monitoring
2025-02-05,10:25:00,HOLD,MIDCPNIFTY25FEB11900PE,142.8,11418.0,Monitoring
2025-02-05,10:30:00,HOLD,MIDCPNIFTY25FEB11900PE,145.75,11064.0,Monitoring
2025-02-05,10:35:00,HOLD,MIDCPNIFTY25FEB11900PE,147.9,10806.0,Monitoring
2025-02-05,10:40:00,HOLD,MIDCPNIFTY25FEB11900PE,146.85,10932.0,Monitoring
2025-02-05,10:45:00,HOLD,MIDCPNIFTY25FEB11900PE,147.1,10902.0,Monitoring
2025-02-05,10:50:00,HOLD,MIDCPNIFTY25FEB11900PE,144.45,11220.0,Monitoring
2025-02-05,10:55:00,HOLD,MIDCPNIFTY25FEB11900PE,146.05,11028.0,Monitoring
2025-02-05,11:00:00,HOLD,MIDCPNIFTY25FEB11900PE,144.6,11202.0,Monitoring
2025-02-05,11:05:00,HOLD,MIDCPNIFTY25FEB11900PE,148.7,10710.0,Monitoring
2025-02-05,11:10:00,HOLD,MIDCPNIFTY25FEB11900PE,146.35,10992.0,Monitoring
2025-02-05,11:15:00,HOLD,MIDCPNIFTY25FEB11900PE,153.5,10134.0,Monitoring
2025-02-05,11:20:00,HOLD,MIDCPNIFTY25FEB11900PE,145.4,11106.0,Monitoring
2025-02-05,11:25:00,HOLD,MIDCPNIFTY25FEB11900PE,147.6,10842.0,Monitoring
2025-02-05,11:30:00,HOLD,MIDCPNIFTY25FEB11900PE,149.25,10644.0,Monitoring
2025-02-05,11:35:00,HOLD,MIDCPNIFTY25FEB11900PE,149.7,10590.0,Monitoring
2025-02-05,11:40:00,HOLD,MIDCPNIFTY25FEB11900PE,149.65,10596.0,Monitoring
2025-02-05,11:45:00,HOLD,MIDCPNIFTY25FEB11900PE,148.65,10716.0,Monitoring
2025-02-05,11:50:00,HOLD,MIDCPNIFTY25FEB11900PE,149.9,10566.0,Monitoring
2025-02-05,11:55:00,HOLD,MIDCPNIFTY25FEB11900PE,152.5,10254.0,Monitoring
2025-02-05,12:00:00,HOLD,MIDCPNIFTY25FEB11900PE,152.0,10314.0,Monitoring
2025-02-05,12:05:00,HOLD,MIDCPNIFTY25FEB11900PE,149.55,10608.0,Monitoring
2025-02-05,12:10:00,HOLD,MIDCPNIFTY25FEB11900PE,152.65,10236.0,Monitoring
2025-02-05,12:15:00,HOLD,MIDCPNIFTY25FEB11900PE,150.9,10446.0,Monitoring
2025-02-05,12:20:00,HOLD,MIDCPNIFTY25FEB11900PE,148.3,10758.0,Monitoring
2025-02-05,12:25:00,HOLD,MIDCPNIFTY25FEB11900PE,150.85,10452.0,Monitoring
2025-02-05,12:30:00,HOLD,MIDCPNIFTY25FEB11900PE,151.4,10386.0,Monitoring
2025-02-05,12:35:00,HOLD,MIDCPNIFTY25FEB11900PE,149.85,10572.0,Monitoring
2025-02-05,12:40:00,HOLD,MIDCPNIFTY25FEB11900PE,153.2,10170.0,Monitoring
2025-02-05,12:45:00,HOLD,MIDCPNIFTY25FEB11900PE,152.4,10266.0,Monitoring
2025-02-05,12:50:00,HOLD,MIDCPNIFTY25FEB11900PE,151.0,10434.0,Monitoring
2025-02-05,12:55:00,HOLD,MIDCPNIFTY25FEB11900PE,149.55,10608.0,Monitoring
2025-02-05,13:00:00,HOLD,MIDCPNIFTY25FEB11900PE,149.95,10560.0,Monitoring
2025-02-05,13:05:00,HOLD,MIDCPNIFTY25FEB11900PE,149.95,10560.0,Monitoring
2025-02-05,13:10:00,HOLD,MIDCPNIFTY25FEB11900PE,147.2,10890.0,Monitoring
2025-02-05,13:15:00,HOLD,MIDCPNIFTY25FEB11900PE,148.65,10716.0,Monitoring
2025-02-05,13:20:00,HOLD,MIDCPNIFTY25FEB11900PE,154.2,10050.0,Monitoring
2025-02-05,13:25:00,HOLD,MIDCPNIFTY25FEB11900PE,159.95,9360.0,Monitoring
2025-02-05,13:30:00,HOLD,MIDCPNIFTY25FEB11900PE,155.55,9888.0,Monitoring
2025-02-05,13:35:00,HOLD,MIDCPNIFTY25FEB11900PE,154.15,10056.0,Monitoring
2025-02-05,13:40:00,HOLD,MIDCPNIFTY25FEB11900PE,158.9,9486.0,Monitoring
2025-02-05,13:45:00,HOLD,MIDCPNIFTY25FEB11900PE,158.6,9522.0,Monitoring
2025-02-05,13:50:00,HOLD,MIDCPNIFTY25FEB11900PE,152.3,10278.0,Monitoring
2025-02-05,13:55:00,HOLD,MIDCPNIFTY25FEB11900PE,149.45,10620.0,Monitoring
2025-02-05,14:00:00,HOLD,MIDCPNIFTY25FEB11900PE,148.3,10758.0,Monitoring
2025-02-05,14:05:00,HOLD,MIDCPNIFTY25FEB11900PE,149.35,10632.0,Monitoring
2025-02-05,14:10:00,HOLD,MIDCPNIFTY25FEB11900PE,153.95,10080.0,Monitoring
2025-02-05,14:15:00,HOLD,MIDCPNIFTY25FEB11900PE,153.55,10128.0,Monitoring
2025-02-05,14:20:00,HOLD,MIDCPNIFTY25FEB11900PE,156.0,9834.0,Monitoring
2025-02-05,14:25:00,HOLD,MIDCPNIFTY25FEB11900PE,159.8,9378.0,Monitoring
2025-02-05,14:30:00,HOLD,MIDCPNIFTY25FEB11900PE,159.9,9366.0,Monitoring
2025-02-05,14:35:00,HOLD,MIDCPNIFTY25FEB11900PE,156.3,9798.0,Monitoring
2025-02-05,14:40:00,HOLD,MIDCPNIFTY25FEB11900PE,157.0,9714.0,Monitoring
2025-02-05,14:45:00,HOLD,MIDCPNIFTY25FEB11900PE,159.35,9432.0,Monitoring
2025-02-05,14:50:00,HOLD,MIDCPNIFTY25FEB11900PE,160.55,9288.0,Monitoring
2025-02-05,14:55:00,HOLD,MIDCPNIFTY25FEB11900PE,157.75,9624.0,Monitoring
2025-02-05,15:00:00,HOLD,MIDCPNIFTY25FEB11900PE,166.65,8556.0,Monitoring
2025-02-05,15:05:00,HOLD,MIDCPNIFTY25FEB11900PE,165.0,8754.0,Monitoring
2025-02-05,15:10:00,HOLD,MIDCPNIFTY25FEB11900PE,163.15,8976.0,Monitoring
2025-02-05,15:15:00,HOLD,MIDCPNIFTY25FEB11900PE,164.1,8862.0,Monitoring
2025-02-05,15:20:00,HOLD,MIDCPNIFTY25FEB11900PE,166.35,8592.0,Monitoring
2025-02-05,15:25:00,HOLD,MIDCPNIFTY25FEB11900PE,172.8,7818.0,Monitoring
2025-02-06,09:15:00,HOLD,MIDCPNIFTY25FEB11900PE,156.7,9750.0,Monitoring
2025-02-06,09:20:00,HOLD,MIDCPNIFTY25FEB11900PE,154.4,10026.0,Monitoring
2025-02-06,09:25:00,HOLD,MIDCPNIFTY25FEB11900PE,168.1,8382.0,Monitoring
2025-02-06,09:30:00,HOLD,MIDCPNIFTY25FEB11900PE,182.8,6618.0,Monitoring
2025-02-06,09:35:00,HOLD,MIDCPNIFTY25FEB11900PE,179.65,6996.0,Monitoring
2025-02-06,09:40:00,HOLD,MIDCPNIFTY25FEB11900PE,173.4,7746.0,Monitoring
2025-02-06,09:45:00,HOLD,MIDCPNIFTY25FEB11900PE,167.55,8448.0,Monitoring
2025-02-06,09:50:00,HOLD,MIDCPNIFTY25FEB11900PE,174.85,7572.0,Monitoring
2025-02-06,09:55:00,HOLD,MIDCPNIFTY25FEB11900PE,174.4,7626.0,Monitoring
2025-02-06,09:55:00,BUY_EXIT,MIDCPNIFTY25FEB11900PE,174.4,7626.0,EMA_REVERSAL_SL
