Date,Time,Event,Ticker,Price,PnL_INR,Info
2025-07-23,14:55:00,SELL_ENTRY,MIDCPNIFTY25JUL13200PE,69.4,0.0,Signal PE | Short
2025-07-23,15:00:00,HOLD,MIDCPNIFTY25JUL13200PE,65.15,510.0,Monitoring
2025-07-23,15:05:00,HOLD,MIDCPNIFTY25JUL13200PE,63.75,678.0,Monitoring
2025-07-23,15:10:00,HOLD,MIDCPNIFTY25JUL13200PE,64.75,558.0,Monitoring
2025-07-23,15:15:00,HOLD,MIDCPNIFTY25JUL13200PE,64.2,624.0,Monitoring
2025-07-23,15:20:00,HOLD,MIDCPNIFTY25JUL13200PE,66.15,390.0,Monitoring
2025-07-23,15:25:00,HOLD,MIDCPNIFTY25JUL13200PE,66.45,354.0,Monitoring
2025-07-24,09:15:00,HOLD,MIDCPNIFTY25JUL13200PE,91.05,-2598.0,Monitoring
2025-07-24,09:20:00,HOLD,MIDCPNIFTY25JUL13200PE,86.85,-2094.0,Monitoring
2025-07-24,09:25:00,HOLD,MIDCPNIFTY25JUL13200PE,99.25,-3582.0,Monitoring
2025-07-24,09:30:00,HOLD,MIDCPNIFTY25JUL13200PE,111.35,-5034.0,Monitoring
2025-07-24,09:35:00,HOLD,MIDCPNIFTY25JUL13200PE,106.35,-4434.0,Monitoring
2025-07-24,09:40:00,HOLD,MIDCPNIFTY25JUL13200PE,103.9,-4140.0,Monitoring
2025-07-24,09:45:00,HOLD,MIDCPNIFTY25JUL13200PE,107.0,-4512.0,Monitoring
2025-07-24,09:50:00,HOLD,MIDCPNIFTY25JUL13200PE,108.2,-4656.0,Monitoring
2025-07-24,09:55:00,HOLD,MIDCPNIFTY25JUL13200PE,114.0,-5352.0,Monitoring
2025-07-24,10:00:00,HOLD,MIDCPNIFTY25JUL13200PE,126.7,-6876.0,Monitoring
2025-07-24,10:00:00,BUY_EXIT,MIDCPNIFTY25JUL13200PE,126.7,-6876.0,EMA_REVERSAL_SL
