Date,Time,Event,Ticker,Price,PnL_INR,Info
2023-12-26,14:00:00,SELL_ENTRY,MIDCPNIFTY24JAN10300CE,200.0,0.0,Signal CE | Short
2023-12-26,14:05:00,HOLD,MIDCPNIFTY24JAN10300CE,200.0,0.0,Monitoring
2023-12-26,14:10:00,HOLD,MIDCPNIFTY24JAN10300CE,200.0,0.0,Monitoring
2023-12-26,14:15:00,HOLD,MIDCPNIFTY24JAN10300CE,200.0,0.0,Monitoring
2023-12-26,14:20:00,HOLD,MIDCPNIFTY24JAN10300CE,200.0,0.0,Monitoring
2023-12-26,14:25:00,HOLD,MIDCPNIFTY24JAN10300CE,200.0,0.0,Monitoring
2023-12-26,14:40:00,HOLD,MIDCPNIFTY24JAN10300CE,200.0,0.0,Monitoring
2023-12-26,14:45:00,HOLD,MIDCPNIFTY24JAN10300CE,200.0,0.0,Monitoring
2023-12-26,14:50:00,HOLD,MIDCPNIFTY24JAN10300CE,200.0,0.0,Monitoring
2023-12-26,14:55:00,HOLD,MIDCPNIFTY24JAN10300CE,200.0,0.0,Monitoring
2023-12-26,15:10:00,HOLD,MIDCPNIFTY24JAN10300CE,200.0,0.0,Monitoring
2023-12-26,15:15:00,HOLD,MIDCPNIFTY24JAN10300CE,200.0,0.0,Monitoring
2023-12-26,15:20:00,HOLD,MIDCPNIFTY24JAN10300CE,200.0,0.0,Monitoring
2023-12-26,15:25:00,HOLD,MIDCPNIFTY24JAN10300CE,200.0,0.0,Monitoring
2023-12-28,09:20:00,HOLD,MIDCPNIFTY24JAN10300CE,200.0,0.0,Monitoring
2023-12-28,09:25:00,HOLD,MIDCPNIFTY24JAN10300CE,200.0,0.0,Monitoring
2023-12-28,09:30:00,HOLD,MIDCPNIFTY24JAN10300CE,200.0,0.0,Monitoring
2023-12-28,09:35:00,HOLD,MIDCPNIFTY24JAN10300CE,200.0,0.0,Monitoring
2023-12-28,09:40:00,HOLD,MIDCPNIFTY24JAN10300CE,200.0,0.0,Monitoring
2023-12-28,09:45:00,HOLD,MIDCPNIFTY24JAN10300CE,200.0,0.0,Monitoring
2023-12-28,09:50:00,HOLD,MIDCPNIFTY24JAN10300CE,200.0,0.0,Monitoring
2023-12-28,09:55:00,HOLD,MIDCPNIFTY24JAN10300CE,200.0,0.0,Monitoring
2023-12-28,10:00:00,HOLD,MIDCPNIFTY24JAN10300CE,200.0,0.0,Monitoring
2023-12-28,10:15:00,HOLD,MIDCPNIFTY24JAN10300CE,200.0,0.0,Monitoring
2023-12-28,10:20:00,HOLD,MIDCPNIFTY24JAN10300CE,200.0,0.0,Monitoring
2023-12-28,10:25:00,HOLD,MIDCPNIFTY24JAN10300CE,200.0,0.0,Monitoring
2023-12-28,10:30:00,HOLD,MIDCPNIFTY24JAN10300CE,200.0,0.0,Monitoring
2023-12-28,10:45:00,HOLD,MIDCPNIFTY24JAN10300CE,200.0,0.0,Monitoring
2023-12-28,10:50:00,HOLD,MIDCPNIFTY24JAN10300CE,200.0,0.0,Monitoring
2023-12-28,10:55:00,HOLD,MIDCPNIFTY24JAN10300CE,200.0,0.0,Monitoring
2023-12-28,11:00:00,HOLD,MIDCPNIFTY24JAN10300CE,200.0,0.0,Monitoring
2023-12-28,11:05:00,HOLD,MIDCPNIFTY24JAN10300CE,200.0,0.0,Monitoring
2023-12-28,11:10:00,HOLD,MIDCPNIFTY24JAN10300CE,200.0,0.0,Monitoring
2023-12-28,11:30:00,HOLD,MIDCPNIFTY24JAN10300CE,200.0,0.0,Monitoring
2023-12-28,11:35:00,HOLD,MIDCPNIFTY24JAN10300CE,200.0,0.0,Monitoring
2023-12-28,11:40:00,HOLD,MIDCPNIFTY24JAN10300CE,200.0,0.0,Monitoring
2023-12-28,11:45:00,HOLD,MIDCPNIFTY24JAN10300CE,200.0,0.0,Monitoring
2023-12-28,11:50:00,HOLD,MIDCPNIFTY24JAN10300CE,200.0,0.0,Monitoring
2023-12-28,11:55:00,HOLD,MIDCPNIFTY24JAN10300CE,200.0,0.0,Monitoring
2023-12-28,12:00:00,HOLD,MIDCPNIFTY24JAN10300CE,200.0,0.0,Monitoring
2023-12-28,12:05:00,HOLD,MIDCPNIFTY24JAN10300CE,200.0,0.0,Monitoring
2023-12-28,12:10:00,HOLD,MIDCPNIFTY24JAN10300CE,200.0,0.0,Monitoring
2023-12-28,12:15:00,HOLD,MIDCPNIFTY24JAN10300CE,200.0,0.0,Monitoring
2023-12-28,12:20:00,HOLD,MIDCPNIFTY24JAN10300CE,200.0,0.0,Monitoring
2023-12-28,12:25:00,HOLD,MIDCPNIFTY24JAN10300CE,200.0,0.0,Monitoring
2023-12-28,12:30:00,HOLD,MIDCPNIFTY24JAN10300CE,200.0,0.0,Monitoring
2023-12-28,12:35:00,HOLD,MIDCPNIFTY24JAN10300CE,200.0,0.0,Monitoring
2023-12-28,12:40:00,HOLD,MIDCPNIFTY24JAN10300CE,200.0,0.0,Monitoring
2023-12-28,12:45:00,HOLD,MIDCPNIFTY24JAN10300CE,200.0,0.0,Monitoring
2023-12-28,12:50:00,HOLD,MIDCPNIFTY24JAN10300CE,200.0,0.0,Monitoring
2023-12-28,12:55:00,HOLD,MIDCPNIFTY24JAN10300CE,200.0,0.0,Monitoring
2023-12-28,13:00:00,HOLD,MIDCPNIFTY24JAN10300CE,200.0,0.0,Monitoring
2023-12-28,13:05:00,HOLD,MIDCPNIFTY24JAN10300CE,200.0,0.0,Monitoring
2023-12-28,13:10:00,HOLD,MIDCPNIFTY24JAN10300CE,200.0,0.0,Monitoring
2023-12-28,13:15:00,HOLD,MIDCPNIFTY24JAN10300CE,200.0,0.0,Monitoring
2023-12-28,13:20:00,HOLD,MIDCPNIFTY24JAN10300CE,200.0,0.0,Monitoring
2023-12-28,13:25:00,HOLD,MIDCPNIFTY24JAN10300CE,200.0,0.0,Monitoring
2023-12-28,14:10:00,HOLD,MIDCPNIFTY24JAN10300CE,200.0,0.0,Monitoring
2023-12-28,14:15:00,HOLD,MIDCPNIFTY24JAN10300CE,200.0,0.0,Monitoring
2023-12-28,14:20:00,HOLD,MIDCPNIFTY24JAN10300CE,200.0,0.0,Monitoring
2023-12-28,14:25:00,HOLD,MIDCPNIFTY24JAN10300CE,200.0,0.0,Monitoring
2023-12-28,14:55:00,HOLD,MIDCPNIFTY24JAN10300CE,200.0,0.0,Monitoring
2023-12-28,15:00:00,HOLD,MIDCPNIFTY24JAN10300CE,200.0,0.0,Monitoring
2023-12-28,15:05:00,HOLD,MIDCPNIFTY24JAN10300CE,200.0,0.0,Monitoring
2023-12-28,15:10:00,HOLD,MIDCPNIFTY24JAN10300CE,200.0,0.0,Monitoring
2023-12-28,15:15:00,HOLD,MIDCPNIFTY24JAN10300CE,200.0,0.0,Monitoring
2023-12-28,15:20:00,HOLD,MIDCPNIFTY24JAN10300CE,200.0,0.0,Monitoring
2023-12-29,09:45:00,HOLD,MIDCPNIFTY24JAN10300CE,246.55,-5586.0,Monitoring
2023-12-29,09:50:00,HOLD,MIDCPNIFTY24JAN10300CE,246.55,-5586.0,Monitoring
2023-12-29,09:55:00,HOLD,MIDCPNIFTY24JAN10300CE,246.55,-5586.0,Monitoring
2023-12-29,10:00:00,HOLD,MIDCPNIFTY24JAN10300CE,246.55,-5586.0,Monitoring
2023-12-29,10:10:00,HOLD,MIDCPNIFTY24JAN10300CE,246.55,-5586.0,Monitoring
2023-12-29,10:15:00,HOLD,MIDCPNIFTY24JAN10300CE,246.55,-5586.0,Monitoring
2023-12-29,10:20:00,HOLD,MIDCPNIFTY24JAN10300CE,246.55,-5586.0,Monitoring
2023-12-29,10:25:00,HOLD,MIDCPNIFTY24JAN10300CE,246.55,-5586.0,Monitoring
2023-12-29,12:25:00,HOLD,MIDCPNIFTY24JAN10300CE,246.55,-5586.0,Monitoring
2023-12-29,12:30:00,HOLD,MIDCPNIFTY24JAN10300CE,246.55,-5586.0,Monitoring
2023-12-29,12:35:00,HOLD,MIDCPNIFTY24JAN10300CE,246.55,-5586.0,Monitoring
2023-12-29,12:40:00,HOLD,MIDCPNIFTY24JAN10300CE,246.55,-5586.0,Monitoring
2023-12-29,12:40:00,BUY_EXIT,MIDCPNIFTY24JAN10300CE,246.55,-5586.0,EMA_REVERSAL_SL
