Date,Time,Event,Ticker,Price,PnL_INR,Info
2025-08-13,14:00:00,SELL_ENTRY,MIDCPNIFTY25AUG12600PE,113.05,0.0,Signal PE | Short
2025-08-13,14:05:00,HOLD,MIDCPNIFTY25AUG12600PE,114.9,-222.0,Monitoring
2025-08-13,14:10:00,HOLD,MIDCPNIFTY25AUG12600PE,115.0,-234.0,Monitoring
2025-08-13,14:15:00,HOLD,MIDCPNIFTY25AUG12600PE,116.3,-390.0,Monitoring
2025-08-13,14:20:00,HOLD,MIDCPNIFTY25AUG12600PE,121.1,-966.0,Monitoring
2025-08-13,14:25:00,HOLD,MIDCPNIFTY25AUG12600PE,119.3,-750.0,Monitoring
2025-08-13,14:30:00,HOLD,MIDCPNIFTY25AUG12600PE,116.9,-462.0,Monitoring
2025-08-13,14:35:00,HOLD,MIDCPNIFTY25AUG12600PE,116.0,-354.0,Monitoring
2025-08-13,14:40:00,HOLD,MIDCPNIFTY25AUG12600PE,115.7,-318.0,Monitoring
2025-08-13,14:45:00,HOLD,MIDCPNIFTY25AUG12600PE,116.8,-450.0,Monitoring
2025-08-13,14:50:00,HOLD,MIDCPNIFTY25AUG12600PE,116.5,-414.0,Monitoring
2025-08-13,14:55:00,HOLD,MIDCPNIFTY25AUG12600PE,114.25,-144.0,Monitoring
2025-08-13,15:00:00,HOLD,MIDCPNIFTY25AUG12600PE,120.0,-834.0,Monitoring
2025-08-13,15:05:00,HOLD,MIDCPNIFTY25AUG12600PE,116.9,-462.0,Monitoring
2025-08-13,15:10:00,HOLD,MIDCPNIFTY25AUG12600PE,118.25,-624.0,Monitoring
2025-08-13,15:15:00,HOLD,MIDCPNIFTY25AUG12600PE,115.45,-288.0,Monitoring
2025-08-13,15:20:00,HOLD,MIDCPNIFTY25AUG12600PE,118.25,-624.0,Monitoring
2025-08-13,15:25:00,HOLD,MIDCPNIFTY25AUG12600PE,116.25,-384.0,Monitoring
2025-08-14,09:15:00,HOLD,MIDCPNIFTY25AUG12600PE,112.6,54.0,Monitoring
2025-08-14,09:20:00,HOLD,MIDCPNIFTY25AUG12600PE,116.45,-408.0,Monitoring
2025-08-14,09:25:00,HOLD,MIDCPNIFTY25AUG12600PE,120.95,-948.0,Monitoring
2025-08-14,09:30:00,HOLD,MIDCPNIFTY25AUG12600PE,132.0,-2274.0,Monitoring
2025-08-14,09:35:00,HOLD,MIDCPNIFTY25AUG12600PE,131.6,-2226.0,Monitoring
2025-08-14,09:40:00,HOLD,MIDCPNIFTY25AUG12600PE,131.4,-2202.0,Monitoring
2025-08-14,09:45:00,HOLD,MIDCPNIFTY25AUG12600PE,138.4,-3042.0,Monitoring
2025-08-14,09:50:00,HOLD,MIDCPNIFTY25AUG12600PE,145.95,-3948.0,Monitoring
2025-08-14,09:55:00,HOLD,MIDCPNIFTY25AUG12600PE,154.9,-5022.0,Monitoring
2025-08-14,10:00:00,HOLD,MIDCPNIFTY25AUG12600PE,163.7,-6078.0,Monitoring
2025-08-14,10:00:00,BUY_EXIT,MIDCPNIFTY25AUG12600PE,163.7,-6078.0,EMA_REVERSAL_SL
