Date,Time,Event,Ticker,Price,PnL_INR,Info
2025-08-18,14:00:00,SELL_ENTRY,MIDCPNIFTY25AUG12800PE,118.9,0.0,Signal PE | Short
2025-08-18,14:05:00,HOLD,MIDCPNIFTY25AUG12800PE,117.15,210.0,Monitoring
2025-08-18,14:10:00,HOLD,MIDCPNIFTY25AUG12800PE,115.25,438.0,Monitoring
2025-08-18,14:15:00,HOLD,MIDCPNIFTY25AUG12800PE,117.9,120.0,Monitoring
2025-08-18,14:20:00,HOLD,MIDCPNIFTY25AUG12800PE,114.9,480.0,Monitoring
2025-08-18,14:25:00,HOLD,MIDCPNIFTY25AUG12800PE,114.4,540.0,Monitoring
2025-08-18,14:30:00,HOLD,MIDCPNIFTY25AUG12800PE,114.05,582.0,Monitoring
2025-08-18,14:35:00,HOLD,MIDCPNIFTY25AUG12800PE,111.05,942.0,Monitoring
2025-08-18,14:40:00,HOLD,MIDCPNIFTY25AUG12800PE,108.0,1308.0,Monitoring
2025-08-18,14:45:00,HOLD,MIDCPNIFTY25AUG12800PE,102.9,1920.0,Monitoring
2025-08-18,14:50:00,HOLD,MIDCPNIFTY25AUG12800PE,106.7,1464.0,Monitoring
2025-08-18,14:55:00,HOLD,MIDCPNIFTY25AUG12800PE,106.1,1536.0,Monitoring
2025-08-18,15:00:00,HOLD,MIDCPNIFTY25AUG12800PE,117.15,210.0,Monitoring
2025-08-18,15:05:00,HOLD,MIDCPNIFTY25AUG12800PE,117.6,156.0,Monitoring
2025-08-18,15:10:00,HOLD,MIDCPNIFTY25AUG12800PE,120.65,-210.0,Monitoring
2025-08-18,15:15:00,HOLD,MIDCPNIFTY25AUG12800PE,114.0,588.0,Monitoring
2025-08-18,15:20:00,HOLD,MIDCPNIFTY25AUG12800PE,111.5,888.0,Monitoring
2025-08-18,15:25:00,HOLD,MIDCPNIFTY25AUG12800PE,110.6,996.0,Monitoring
2025-08-19,09:15:00,HOLD,MIDCPNIFTY25AUG12800PE,119.85,-114.0,Monitoring
2025-08-19,09:20:00,HOLD,MIDCPNIFTY25AUG12800PE,121.0,-252.0,Monitoring
2025-08-19,09:25:00,HOLD,MIDCPNIFTY25AUG12800PE,136.6,-2124.0,Monitoring
2025-08-19,09:30:00,HOLD,MIDCPNIFTY25AUG12800PE,143.35,-2934.0,Monitoring
2025-08-19,09:35:00,HOLD,MIDCPNIFTY25AUG12800PE,150.25,-3762.0,Monitoring
2025-08-19,09:40:00,HOLD,MIDCPNIFTY25AUG12800PE,152.7,-4056.0,Monitoring
2025-08-19,09:45:00,HOLD,MIDCPNIFTY25AUG12800PE,138.8,-2388.0,Monitoring
2025-08-19,09:50:00,HOLD,MIDCPNIFTY25AUG12800PE,132.0,-1572.0,Monitoring
2025-08-19,09:55:00,HOLD,MIDCPNIFTY25AUG12800PE,125.95,-846.0,Monitoring
2025-08-19,10:00:00,HOLD,MIDCPNIFTY25AUG12800PE,127.95,-1086.0,Monitoring
2025-08-19,10:05:00,HOLD,MIDCPNIFTY25AUG12800PE,127.25,-1002.0,Monitoring
2025-08-19,10:10:00,HOLD,MIDCPNIFTY25AUG12800PE,120.55,-198.0,Monitoring
2025-08-19,10:15:00,HOLD,MIDCPNIFTY25AUG12800PE,119.35,-54.0,Monitoring
2025-08-19,10:20:00,HOLD,MIDCPNIFTY25AUG12800PE,111.6,876.0,Monitoring
2025-08-19,10:25:00,HOLD,MIDCPNIFTY25AUG12800PE,109.65,1110.0,Monitoring
2025-08-19,10:30:00,HOLD,MIDCPNIFTY25AUG12800PE,104.8,1692.0,Monitoring
2025-08-19,10:35:00,HOLD,MIDCPNIFTY25AUG12800PE,110.9,960.0,Monitoring
2025-08-19,10:40:00,HOLD,MIDCPNIFTY25AUG12800PE,105.8,1572.0,Monitoring
2025-08-19,10:45:00,HOLD,MIDCPNIFTY25AUG12800PE,103.0,1908.0,Monitoring
2025-08-19,10:50:00,HOLD,MIDCPNIFTY25AUG12800PE,105.2,1644.0,Monitoring
2025-08-19,10:55:00,HOLD,MIDCPNIFTY25AUG12800PE,103.7,1824.0,Monitoring
2025-08-19,11:00:00,HOLD,MIDCPNIFTY25AUG12800PE,102.2,2004.0,Monitoring
2025-08-19,11:05:00,HOLD,MIDCPNIFTY25AUG12800PE,101.45,2094.0,Monitoring
2025-08-19,11:10:00,HOLD,MIDCPNIFTY25AUG12800PE,98.35,2466.0,Monitoring
2025-08-19,11:15:00,HOLD,MIDCPNIFTY25AUG12800PE,101.55,2082.0,Monitoring
2025-08-19,11:20:00,HOLD,MIDCPNIFTY25AUG12800PE,100.45,2214.0,Monitoring
2025-08-19,11:25:00,HOLD,MIDCPNIFTY25AUG12800PE,99.9,2280.0,Monitoring
2025-08-19,11:30:00,HOLD,MIDCPNIFTY25AUG12800PE,98.85,2406.0,Monitoring
2025-08-19,11:35:00,HOLD,MIDCPNIFTY25AUG12800PE,94.8,2892.0,Monitoring
2025-08-19,11:40:00,HOLD,MIDCPNIFTY25AUG12800PE,93.75,3018.0,Monitoring
2025-08-19,11:45:00,HOLD,MIDCPNIFTY25AUG12800PE,83.05,4302.0,Monitoring
2025-08-19,11:50:00,HOLD,MIDCPNIFTY25AUG12800PE,86.5,3888.0,Monitoring
2025-08-19,11:55:00,HOLD,MIDCPNIFTY25AUG12800PE,89.3,3552.0,Monitoring
2025-08-19,12:00:00,HOLD,MIDCPNIFTY25AUG12800PE,88.95,3594.0,Monitoring
2025-08-19,12:05:00,HOLD,MIDCPNIFTY25AUG12800PE,87.9,3720.0,Monitoring
2025-08-19,12:10:00,HOLD,MIDCPNIFTY25AUG12800PE,86.9,3840.0,Monitoring
2025-08-19,12:15:00,HOLD,MIDCPNIFTY25AUG12800PE,84.0,4188.0,Monitoring
2025-08-19,12:20:00,HOLD,MIDCPNIFTY25AUG12800PE,83.75,4218.0,Monitoring
2025-08-19,12:25:00,HOLD,MIDCPNIFTY25AUG12800PE,84.65,4110.0,Monitoring
2025-08-19,12:30:00,HOLD,MIDCPNIFTY25AUG12800PE,85.2,4044.0,Monitoring
2025-08-19,12:35:00,HOLD,MIDCPNIFTY25AUG12800PE,86.85,3846.0,Monitoring
2025-08-19,12:40:00,HOLD,MIDCPNIFTY25AUG12800PE,90.0,3468.0,Monitoring
2025-08-19,12:45:00,HOLD,MIDCPNIFTY25AUG12800PE,89.55,3522.0,Monitoring
2025-08-19,12:50:00,HOLD,MIDCPNIFTY25AUG12800PE,84.3,4152.0,Monitoring
2025-08-19,12:55:00,HOLD,MIDCPNIFTY25AUG12800PE,85.0,4068.0,Monitoring
2025-08-19,13:00:00,HOLD,MIDCPNIFTY25AUG12800PE,84.5,4128.0,Monitoring
2025-08-19,13:05:00,HOLD,MIDCPNIFTY25AUG12800PE,84.75,4098.0,Monitoring
2025-08-19,13:10:00,HOLD,MIDCPNIFTY25AUG12800PE,85.55,4002.0,Monitoring
2025-08-19,13:15:00,HOLD,MIDCPNIFTY25AUG12800PE,86.2,3924.0,Monitoring
2025-08-19,13:20:00,HOLD,MIDCPNIFTY25AUG12800PE,87.8,3732.0,Monitoring
2025-08-19,13:25:00,HOLD,MIDCPNIFTY25AUG12800PE,87.5,3768.0,Monitoring
2025-08-19,13:30:00,HOLD,MIDCPNIFTY25AUG12800PE,89.4,3540.0,Monitoring
2025-08-19,13:35:00,HOLD,MIDCPNIFTY25AUG12800PE,87.55,3762.0,Monitoring
2025-08-19,13:40:00,HOLD,MIDCPNIFTY25AUG12800PE,85.1,4056.0,Monitoring
2025-08-19,13:45:00,HOLD,MIDCPNIFTY25AUG12800PE,84.05,4182.0,Monitoring
2025-08-19,13:50:00,HOLD,MIDCPNIFTY25AUG12800PE,87.65,3750.0,Monitoring
2025-08-19,13:55:00,HOLD,MIDCPNIFTY25AUG12800PE,88.6,3636.0,Monitoring
2025-08-19,14:00:00,HOLD,MIDCPNIFTY25AUG12800PE,87.15,3810.0,Monitoring
2025-08-19,14:05:00,HOLD,MIDCPNIFTY25AUG12800PE,84.75,4098.0,Monitoring
2025-08-19,14:10:00,HOLD,MIDCPNIFTY25AUG12800PE,83.0,4308.0,Monitoring
2025-08-19,14:15:00,HOLD,MIDCPNIFTY25AUG12800PE,78.3,4872.0,Monitoring
2025-08-19,14:20:00,HOLD,MIDCPNIFTY25AUG12800PE,77.0,5028.0,Monitoring
2025-08-19,14:25:00,HOLD,MIDCPNIFTY25AUG12800PE,74.55,5322.0,Monitoring
2025-08-19,14:30:00,HOLD,MIDCPNIFTY25AUG12800PE,73.85,5406.0,Monitoring
2025-08-19,14:35:00,HOLD,MIDCPNIFTY25AUG12800PE,69.0,5988.0,Monitoring
2025-08-19,14:40:00,HOLD,MIDCPNIFTY25AUG12800PE,69.65,5910.0,Monitoring
2025-08-19,14:45:00,HOLD,MIDCPNIFTY25AUG12800PE,70.85,5766.0,Monitoring
2025-08-19,14:50:00,HOLD,MIDCPNIFTY25AUG12800PE,71.85,5646.0,Monitoring
2025-08-19,14:55:00,HOLD,MIDCPNIFTY25AUG12800PE,72.4,5580.0,Monitoring
2025-08-19,15:00:00,HOLD,MIDCPNIFTY25AUG12800PE,72.8,5532.0,Monitoring
2025-08-19,15:05:00,HOLD,MIDCPNIFTY25AUG12800PE,72.4,5580.0,Monitoring
2025-08-19,15:10:00,HOLD,MIDCPNIFTY25AUG12800PE,71.75,5658.0,Monitoring
2025-08-19,15:15:00,HOLD,MIDCPNIFTY25AUG12800PE,69.65,5910.0,Monitoring
2025-08-19,15:20:00,HOLD,MIDCPNIFTY25AUG12800PE,67.55,6162.0,Monitoring
2025-08-19,15:25:00,HOLD,MIDCPNIFTY25AUG12800PE,66.0,6348.0,Monitoring
2025-08-20,09:15:00,HOLD,MIDCPNIFTY25AUG12800PE,80.0,4668.0,Monitoring
2025-08-20,09:20:00,HOLD,MIDCPNIFTY25AUG12800PE,86.1,3936.0,Monitoring
2025-08-20,09:25:00,HOLD,MIDCPNIFTY25AUG12800PE,81.0,4548.0,Monitoring
2025-08-20,09:30:00,HOLD,MIDCPNIFTY25AUG12800PE,77.65,4950.0,Monitoring
2025-08-20,09:35:00,HOLD,MIDCPNIFTY25AUG12800PE,78.55,4842.0,Monitoring
2025-08-20,09:40:00,HOLD,MIDCPNIFTY25AUG12800PE,72.1,5616.0,Monitoring
2025-08-20,09:45:00,HOLD,MIDCPNIFTY25AUG12800PE,65.8,6372.0,Monitoring
2025-08-20,09:50:00,HOLD,MIDCPNIFTY25AUG12800PE,71.0,5748.0,Monitoring
2025-08-20,09:55:00,HOLD,MIDCPNIFTY25AUG12800PE,68.3,6072.0,Monitoring
2025-08-20,10:00:00,HOLD,MIDCPNIFTY25AUG12800PE,68.7,6024.0,Monitoring
2025-08-20,10:05:00,HOLD,MIDCPNIFTY25AUG12800PE,67.2,6204.0,Monitoring
2025-08-20,10:10:00,HOLD,MIDCPNIFTY25AUG12800PE,63.4,6660.0,Monitoring
2025-08-20,10:15:00,HOLD,MIDCPNIFTY25AUG12800PE,63.45,6654.0,Monitoring
2025-08-20,10:20:00,HOLD,MIDCPNIFTY25AUG12800PE,61.3,6912.0,Monitoring
2025-08-20,10:25:00,HOLD,MIDCPNIFTY25AUG12800PE,61.5,6888.0,Monitoring
2025-08-20,10:30:00,HOLD,MIDCPNIFTY25AUG12800PE,61.7,6864.0,Monitoring
2025-08-20,10:35:00,HOLD,MIDCPNIFTY25AUG12800PE,57.05,7422.0,Monitoring
2025-08-20,10:40:00,HOLD,MIDCPNIFTY25AUG12800PE,57.45,7374.0,Monitoring
2025-08-20,10:45:00,HOLD,MIDCPNIFTY25AUG12800PE,55.5,7608.0,Monitoring
2025-08-20,10:50:00,HOLD,MIDCPNIFTY25AUG12800PE,56.35,7506.0,Monitoring
2025-08-20,10:55:00,HOLD,MIDCPNIFTY25AUG12800PE,59.0,7188.0,Monitoring
2025-08-20,11:00:00,HOLD,MIDCPNIFTY25AUG12800PE,58.35,7266.0,Monitoring
2025-08-20,11:05:00,HOLD,MIDCPNIFTY25AUG12800PE,56.35,7506.0,Monitoring
2025-08-20,11:10:00,HOLD,MIDCPNIFTY25AUG12800PE,53.0,7908.0,Monitoring
2025-08-20,11:15:00,HOLD,MIDCPNIFTY25AUG12800PE,55.65,7590.0,Monitoring
2025-08-20,11:20:00,HOLD,MIDCPNIFTY25AUG12800PE,54.6,7716.0,Monitoring
2025-08-20,11:25:00,HOLD,MIDCPNIFTY25AUG12800PE,53.75,7818.0,Monitoring
2025-08-20,11:30:00,HOLD,MIDCPNIFTY25AUG12800PE,53.3,7872.0,Monitoring
2025-08-20,11:35:00,HOLD,MIDCPNIFTY25AUG12800PE,55.9,7560.0,Monitoring
2025-08-20,11:40:00,HOLD,MIDCPNIFTY25AUG12800PE,55.15,7650.0,Monitoring
2025-08-20,11:45:00,HOLD,MIDCPNIFTY25AUG12800PE,54.45,7734.0,Monitoring
2025-08-20,11:50:00,HOLD,MIDCPNIFTY25AUG12800PE,52.0,8028.0,Monitoring
2025-08-20,11:55:00,HOLD,MIDCPNIFTY25AUG12800PE,49.75,8298.0,Monitoring
2025-08-20,12:00:00,HOLD,MIDCPNIFTY25AUG12800PE,48.05,8502.0,Monitoring
2025-08-20,12:05:00,HOLD,MIDCPNIFTY25AUG12800PE,50.4,8220.0,Monitoring
2025-08-20,12:10:00,HOLD,MIDCPNIFTY25AUG12800PE,50.05,8262.0,Monitoring
2025-08-20,12:15:00,HOLD,MIDCPNIFTY25AUG12800PE,49.05,8382.0,Monitoring
2025-08-20,12:20:00,HOLD,MIDCPNIFTY25AUG12800PE,47.25,8598.0,Monitoring
2025-08-20,12:25:00,HOLD,MIDCPNIFTY25AUG12800PE,48.1,8496.0,Monitoring
2025-08-20,12:30:00,HOLD,MIDCPNIFTY25AUG12800PE,47.05,8622.0,Monitoring
2025-08-20,12:35:00,HOLD,MIDCPNIFTY25AUG12800PE,46.2,8724.0,Monitoring
2025-08-20,12:40:00,HOLD,MIDCPNIFTY25AUG12800PE,45.45,8814.0,Monitoring
2025-08-20,12:45:00,HOLD,MIDCPNIFTY25AUG12800PE,44.45,8934.0,Monitoring
2025-08-20,12:50:00,HOLD,MIDCPNIFTY25AUG12800PE,44.0,8988.0,Monitoring
2025-08-20,12:55:00,HOLD,MIDCPNIFTY25AUG12800PE,43.4,9060.0,Monitoring
2025-08-20,13:00:00,HOLD,MIDCPNIFTY25AUG12800PE,43.0,9108.0,Monitoring
2025-08-20,13:05:00,HOLD,MIDCPNIFTY25AUG12800PE,42.0,9228.0,Monitoring
2025-08-20,13:10:00,HOLD,MIDCPNIFTY25AUG12800PE,42.55,9162.0,Monitoring
2025-08-20,13:15:00,HOLD,MIDCPNIFTY25AUG12800PE,42.0,9228.0,Monitoring
2025-08-20,13:20:00,HOLD,MIDCPNIFTY25AUG12800PE,44.4,8940.0,Monitoring
2025-08-20,13:25:00,HOLD,MIDCPNIFTY25AUG12800PE,45.5,8808.0,Monitoring
2025-08-20,13:30:00,HOLD,MIDCPNIFTY25AUG12800PE,43.15,9090.0,Monitoring
2025-08-20,13:35:00,HOLD,MIDCPNIFTY25AUG12800PE,44.15,8970.0,Monitoring
2025-08-20,13:40:00,HOLD,MIDCPNIFTY25AUG12800PE,43.45,9054.0,Monitoring
2025-08-20,13:45:00,HOLD,MIDCPNIFTY25AUG12800PE,42.75,9138.0,Monitoring
2025-08-20,13:50:00,HOLD,MIDCPNIFTY25AUG12800PE,41.55,9282.0,Monitoring
2025-08-20,13:55:00,HOLD,MIDCPNIFTY25AUG12800PE,41.95,9234.0,Monitoring
2025-08-20,14:00:00,HOLD,MIDCPNIFTY25AUG12800PE,40.45,9414.0,Monitoring
2025-08-20,14:05:00,HOLD,MIDCPNIFTY25AUG12800PE,40.35,9426.0,Monitoring
2025-08-20,14:10:00,HOLD,MIDCPNIFTY25AUG12800PE,39.6,9516.0,Monitoring
2025-08-20,14:15:00,HOLD,MIDCPNIFTY25AUG12800PE,38.2,9684.0,Monitoring
2025-08-20,14:20:00,HOLD,MIDCPNIFTY25AUG12800PE,38.6,9636.0,Monitoring
2025-08-20,14:25:00,HOLD,MIDCPNIFTY25AUG12800PE,38.05,9702.0,Monitoring
2025-08-20,14:30:00,HOLD,MIDCPNIFTY25AUG12800PE,39.6,9516.0,Monitoring
2025-08-20,14:35:00,HOLD,MIDCPNIFTY25AUG12800PE,39.25,9558.0,Monitoring
2025-08-20,14:40:00,HOLD,MIDCPNIFTY25AUG12800PE,39.25,9558.0,Monitoring
2025-08-20,14:45:00,HOLD,MIDCPNIFTY25AUG12800PE,39.0,9588.0,Monitoring
2025-08-20,14:50:00,HOLD,MIDCPNIFTY25AUG12800PE,39.45,9534.0,Monitoring
2025-08-20,14:55:00,HOLD,MIDCPNIFTY25AUG12800PE,39.75,9498.0,Monitoring
2025-08-20,15:00:00,HOLD,MIDCPNIFTY25AUG12800PE,41.15,9330.0,Monitoring
2025-08-20,15:05:00,HOLD,MIDCPNIFTY25AUG12800PE,40.5,9408.0,Monitoring
2025-08-20,15:10:00,HOLD,MIDCPNIFTY25AUG12800PE,41.55,9282.0,Monitoring
2025-08-20,15:15:00,HOLD,MIDCPNIFTY25AUG12800PE,41.45,9294.0,Monitoring
2025-08-20,15:20:00,HOLD,MIDCPNIFTY25AUG12800PE,42.05,9222.0,Monitoring
2025-08-20,15:25:00,HOLD,MIDCPNIFTY25AUG12800PE,43.0,9108.0,Monitoring
2025-08-21,09:15:00,HOLD,MIDCPNIFTY25AUG12800PE,41.5,9288.0,Monitoring
2025-08-21,09:20:00,HOLD,MIDCPNIFTY25AUG12800PE,44.65,8910.0,Monitoring
2025-08-21,09:25:00,HOLD,MIDCPNIFTY25AUG12800PE,42.3,9192.0,Monitoring
2025-08-21,09:30:00,HOLD,MIDCPNIFTY25AUG12800PE,40.25,9438.0,Monitoring
2025-08-21,09:35:00,HOLD,MIDCPNIFTY25AUG12800PE,42.05,9222.0,Monitoring
2025-08-21,09:40:00,HOLD,MIDCPNIFTY25AUG12800PE,43.2,9084.0,Monitoring
2025-08-21,09:45:00,HOLD,MIDCPNIFTY25AUG12800PE,38.3,9672.0,Monitoring
2025-08-21,09:50:00,HOLD,MIDCPNIFTY25AUG12800PE,38.45,9654.0,Monitoring
2025-08-21,09:55:00,HOLD,MIDCPNIFTY25AUG12800PE,35.0,10068.0,Monitoring
2025-08-21,10:00:00,HOLD,MIDCPNIFTY25AUG12800PE,34.8,10092.0,Monitoring
2025-08-21,10:05:00,HOLD,MIDCPNIFTY25AUG12800PE,35.2,10044.0,Monitoring
2025-08-21,10:10:00,HOLD,MIDCPNIFTY25AUG12800PE,36.15,9930.0,Monitoring
2025-08-21,10:15:00,HOLD,MIDCPNIFTY25AUG12800PE,33.45,10254.0,Monitoring
2025-08-21,10:20:00,HOLD,MIDCPNIFTY25AUG12800PE,31.6,10476.0,Monitoring
2025-08-21,10:25:00,HOLD,MIDCPNIFTY25AUG12800PE,29.2,10764.0,Monitoring
2025-08-21,10:25:00,BUY_EXIT,MIDCPNIFTY25AUG12800PE,29.2,10764.0,TARGET_LTP_30
