Date,Time,Event,Ticker,Price,PnL_INR,Info
2025-05-05,14:00:00,SELL_ENTRY,MIDCPNIFTY25MAY12000PE,225.0,0.0,Signal PE | Short
2025-05-05,14:05:00,HOLD,MIDCPNIFTY25MAY12000PE,221.35,438.0,Monitoring
2025-05-05,14:10:00,HOLD,MIDCPNIFTY25MAY12000PE,223.75,150.0,Monitoring
2025-05-05,14:15:00,HOLD,MIDCPNIFTY25MAY12000PE,225.6,-72.0,Monitoring
2025-05-05,14:20:00,HOLD,MIDCPNIFTY25MAY12000PE,225.0,0.0,Monitoring
2025-05-05,14:25:00,HOLD,MIDCPNIFTY25MAY12000PE,223.0,240.0,Monitoring
2025-05-05,14:30:00,HOLD,MIDCPNIFTY25MAY12000PE,219.85,618.0,Monitoring
2025-05-05,14:35:00,HOLD,MIDCPNIFTY25MAY12000PE,220.5,540.0,Monitoring
2025-05-05,14:40:00,HOLD,MIDCPNIFTY25MAY12000PE,220.1,588.0,Monitoring
2025-05-05,14:45:00,HOLD,MIDCPNIFTY25MAY12000PE,217.05,954.0,Monitoring
2025-05-05,14:50:00,HOLD,MIDCPNIFTY25MAY12000PE,218.0,840.0,Monitoring
2025-05-05,14:55:00,HOLD,MIDCPNIFTY25MAY12000PE,213.85,1338.0,Monitoring
2025-05-05,15:00:00,HOLD,MIDCPNIFTY25MAY12000PE,212.75,1470.0,Monitoring
2025-05-05,15:05:00,HOLD,MIDCPNIFTY25MAY12000PE,216.85,978.0,Monitoring
2025-05-05,15:10:00,HOLD,MIDCPNIFTY25MAY12000PE,218.25,810.0,Monitoring
2025-05-05,15:15:00,HOLD,MIDCPNIFTY25MAY12000PE,216.0,1080.0,Monitoring
2025-05-05,15:20:00,HOLD,MIDCPNIFTY25MAY12000PE,212.25,1530.0,Monitoring
2025-05-05,15:25:00,HOLD,MIDCPNIFTY25MAY12000PE,207.0,2160.0,Monitoring
2025-05-06,09:15:00,HOLD,MIDCPNIFTY25MAY12000PE,228.35,-402.0,Monitoring
2025-05-06,09:20:00,HOLD,MIDCPNIFTY25MAY12000PE,235.15,-1218.0,Monitoring
2025-05-06,09:25:00,HOLD,MIDCPNIFTY25MAY12000PE,240.0,-1800.0,Monitoring
2025-05-06,09:30:00,HOLD,MIDCPNIFTY25MAY12000PE,223.0,240.0,Monitoring
2025-05-06,09:35:00,HOLD,MIDCPNIFTY25MAY12000PE,223.55,174.0,Monitoring
2025-05-06,09:40:00,HOLD,MIDCPNIFTY25MAY12000PE,218.0,840.0,Monitoring
2025-05-06,09:45:00,HOLD,MIDCPNIFTY25MAY12000PE,226.0,-120.0,Monitoring
2025-05-06,09:50:00,HOLD,MIDCPNIFTY25MAY12000PE,254.85,-3582.0,Monitoring
2025-05-06,09:55:00,HOLD,MIDCPNIFTY25MAY12000PE,256.8,-3816.0,Monitoring
2025-05-06,10:00:00,HOLD,MIDCPNIFTY25MAY12000PE,242.8,-2136.0,Monitoring
2025-05-06,10:05:00,HOLD,MIDCPNIFTY25MAY12000PE,247.65,-2718.0,Monitoring
2025-05-06,10:10:00,HOLD,MIDCPNIFTY25MAY12000PE,251.3,-3156.0,Monitoring
2025-05-06,10:15:00,HOLD,MIDCPNIFTY25MAY12000PE,250.0,-3000.0,Monitoring
2025-05-06,10:20:00,HOLD,MIDCPNIFTY25MAY12000PE,261.0,-4320.0,Monitoring
2025-05-06,10:25:00,HOLD,MIDCPNIFTY25MAY12000PE,249.5,-2940.0,Monitoring
2025-05-06,10:30:00,HOLD,MIDCPNIFTY25MAY12000PE,246.3,-2556.0,Monitoring
2025-05-06,10:35:00,HOLD,MIDCPNIFTY25MAY12000PE,248.05,-2766.0,Monitoring
2025-05-06,10:40:00,HOLD,MIDCPNIFTY25MAY12000PE,239.15,-1698.0,Monitoring
2025-05-06,10:45:00,HOLD,MIDCPNIFTY25MAY12000PE,245.05,-2406.0,Monitoring
2025-05-06,10:50:00,HOLD,MIDCPNIFTY25MAY12000PE,251.95,-3234.0,Monitoring
2025-05-06,10:55:00,HOLD,MIDCPNIFTY25MAY12000PE,241.0,-1920.0,Monitoring
2025-05-06,11:00:00,HOLD,MIDCPNIFTY25MAY12000PE,248.7,-2844.0,Monitoring
2025-05-06,11:05:00,HOLD,MIDCPNIFTY25MAY12000PE,252.7,-3324.0,Monitoring
2025-05-06,11:10:00,HOLD,MIDCPNIFTY25MAY12000PE,257.0,-3840.0,Monitoring
2025-05-06,11:15:00,HOLD,MIDCPNIFTY25MAY12000PE,265.95,-4914.0,Monitoring
2025-05-06,11:15:00,BUY_EXIT,MIDCPNIFTY25MAY12000PE,265.95,-4914.0,EMA_REVERSAL_SL
