Date,Time,Event,Ticker,Price,PnL_INR,Info
2025-06-03,14:00:00,SELL_ENTRY,MIDCPNIFTY25JUN12900CE,214.35,0.0,Signal CE | Short
2025-06-03,14:05:00,HOLD,MIDCPNIFTY25JUN12900CE,217.75,-408.0,Monitoring
2025-06-03,14:10:00,HOLD,MIDCPNIFTY25JUN12900CE,220.5,-738.0,Monitoring
2025-06-03,14:15:00,HOLD,MIDCPNIFTY25JUN12900CE,214.45,-12.0,Monitoring
2025-06-03,14:20:00,HOLD,MIDCPNIFTY25JUN12900CE,214.2,18.0,Monitoring
2025-06-03,14:25:00,HOLD,MIDCPNIFTY25JUN12900CE,211.55,336.0,Monitoring
2025-06-03,14:30:00,HOLD,MIDCPNIFTY25JUN12900CE,217.9,-426.0,Monitoring
2025-06-03,14:35:00,HOLD,MIDCPNIFTY25JUN12900CE,220.0,-678.0,Monitoring
2025-06-03,14:40:00,HOLD,MIDCPNIFTY25JUN12900CE,220.9,-786.0,Monitoring
2025-06-03,14:45:00,HOLD,MIDCPNIFTY25JUN12900CE,219.0,-558.0,Monitoring
2025-06-03,14:50:00,HOLD,MIDCPNIFTY25JUN12900CE,218.85,-540.0,Monitoring
2025-06-03,14:55:00,HOLD,MIDCPNIFTY25JUN12900CE,221.4,-846.0,Monitoring
2025-06-03,15:00:00,HOLD,MIDCPNIFTY25JUN12900CE,211.0,402.0,Monitoring
2025-06-03,15:05:00,HOLD,MIDCPNIFTY25JUN12900CE,211.2,378.0,Monitoring
2025-06-03,15:10:00,HOLD,MIDCPNIFTY25JUN12900CE,209.95,528.0,Monitoring
2025-06-03,15:15:00,HOLD,MIDCPNIFTY25JUN12900CE,211.6,330.0,Monitoring
2025-06-03,15:20:00,HOLD,MIDCPNIFTY25JUN12900CE,210.4,474.0,Monitoring
2025-06-03,15:25:00,HOLD,MIDCPNIFTY25JUN12900CE,203.0,1362.0,Monitoring
2025-06-04,09:15:00,HOLD,MIDCPNIFTY25JUN12900CE,218.9,-546.0,Monitoring
2025-06-04,09:20:00,HOLD,MIDCPNIFTY25JUN12900CE,225.35,-1320.0,Monitoring
2025-06-04,09:25:00,HOLD,MIDCPNIFTY25JUN12900CE,214.5,-18.0,Monitoring
2025-06-04,09:30:00,HOLD,MIDCPNIFTY25JUN12900CE,207.7,798.0,Monitoring
2025-06-04,09:35:00,HOLD,MIDCPNIFTY25JUN12900CE,202.25,1452.0,Monitoring
2025-06-04,09:40:00,HOLD,MIDCPNIFTY25JUN12900CE,194.0,2442.0,Monitoring
2025-06-04,09:45:00,HOLD,MIDCPNIFTY25JUN12900CE,180.75,4032.0,Monitoring
2025-06-04,09:50:00,HOLD,MIDCPNIFTY25JUN12900CE,175.9,4614.0,Monitoring
2025-06-04,09:55:00,HOLD,MIDCPNIFTY25JUN12900CE,183.8,3666.0,Monitoring
2025-06-04,10:00:00,HOLD,MIDCPNIFTY25JUN12900CE,190.4,2874.0,Monitoring
2025-06-04,10:05:00,HOLD,MIDCPNIFTY25JUN12900CE,186.15,3384.0,Monitoring
2025-06-04,10:10:00,HOLD,MIDCPNIFTY25JUN12900CE,187.65,3204.0,Monitoring
2025-06-04,10:15:00,HOLD,MIDCPNIFTY25JUN12900CE,187.95,3168.0,Monitoring
2025-06-04,10:20:00,HOLD,MIDCPNIFTY25JUN12900CE,193.0,2562.0,Monitoring
2025-06-04,10:25:00,HOLD,MIDCPNIFTY25JUN12900CE,195.15,2304.0,Monitoring
2025-06-04,10:30:00,HOLD,MIDCPNIFTY25JUN12900CE,199.85,1740.0,Monitoring
2025-06-04,10:35:00,HOLD,MIDCPNIFTY25JUN12900CE,199.65,1764.0,Monitoring
2025-06-04,10:40:00,HOLD,MIDCPNIFTY25JUN12900CE,205.1,1110.0,Monitoring
2025-06-04,10:45:00,HOLD,MIDCPNIFTY25JUN12900CE,209.9,534.0,Monitoring
2025-06-04,10:50:00,HOLD,MIDCPNIFTY25JUN12900CE,216.0,-198.0,Monitoring
2025-06-04,10:55:00,HOLD,MIDCPNIFTY25JUN12900CE,213.8,66.0,Monitoring
2025-06-04,11:00:00,HOLD,MIDCPNIFTY25JUN12900CE,209.1,630.0,Monitoring
2025-06-04,11:05:00,HOLD,MIDCPNIFTY25JUN12900CE,212.15,264.0,Monitoring
2025-06-04,11:10:00,HOLD,MIDCPNIFTY25JUN12900CE,207.9,774.0,Monitoring
2025-06-04,11:15:00,HOLD,MIDCPNIFTY25JUN12900CE,210.0,522.0,Monitoring
2025-06-04,11:20:00,HOLD,MIDCPNIFTY25JUN12900CE,214.45,-12.0,Monitoring
2025-06-04,11:25:00,HOLD,MIDCPNIFTY25JUN12900CE,211.5,342.0,Monitoring
2025-06-04,11:30:00,HOLD,MIDCPNIFTY25JUN12900CE,216.65,-276.0,Monitoring
2025-06-04,11:35:00,HOLD,MIDCPNIFTY25JUN12900CE,219.15,-576.0,Monitoring
2025-06-04,11:40:00,HOLD,MIDCPNIFTY25JUN12900CE,215.9,-186.0,Monitoring
2025-06-04,11:45:00,HOLD,MIDCPNIFTY25JUN12900CE,214.0,42.0,Monitoring
2025-06-04,11:50:00,HOLD,MIDCPNIFTY25JUN12900CE,211.45,348.0,Monitoring
2025-06-04,11:55:00,HOLD,MIDCPNIFTY25JUN12900CE,211.85,300.0,Monitoring
2025-06-04,12:00:00,HOLD,MIDCPNIFTY25JUN12900CE,204.3,1206.0,Monitoring
2025-06-04,12:05:00,HOLD,MIDCPNIFTY25JUN12900CE,210.15,504.0,Monitoring
2025-06-04,12:10:00,HOLD,MIDCPNIFTY25JUN12900CE,211.5,342.0,Monitoring
2025-06-04,12:15:00,HOLD,MIDCPNIFTY25JUN12900CE,217.3,-354.0,Monitoring
2025-06-04,12:20:00,HOLD,MIDCPNIFTY25JUN12900CE,220.1,-690.0,Monitoring
2025-06-04,12:25:00,HOLD,MIDCPNIFTY25JUN12900CE,211.55,336.0,Monitoring
2025-06-04,12:30:00,HOLD,MIDCPNIFTY25JUN12900CE,213.3,126.0,Monitoring
2025-06-04,12:35:00,HOLD,MIDCPNIFTY25JUN12900CE,216.5,-258.0,Monitoring
2025-06-04,12:40:00,HOLD,MIDCPNIFTY25JUN12900CE,219.65,-636.0,Monitoring
2025-06-04,12:45:00,HOLD,MIDCPNIFTY25JUN12900CE,214.8,-54.0,Monitoring
2025-06-04,12:50:00,HOLD,MIDCPNIFTY25JUN12900CE,209.5,582.0,Monitoring
2025-06-04,12:55:00,HOLD,MIDCPNIFTY25JUN12900CE,212.0,282.0,Monitoring
2025-06-04,13:00:00,HOLD,MIDCPNIFTY25JUN12900CE,214.9,-66.0,Monitoring
2025-06-04,13:05:00,HOLD,MIDCPNIFTY25JUN12900CE,211.55,336.0,Monitoring
2025-06-04,13:10:00,HOLD,MIDCPNIFTY25JUN12900CE,210.2,498.0,Monitoring
2025-06-04,13:15:00,HOLD,MIDCPNIFTY25JUN12900CE,209.7,558.0,Monitoring
2025-06-04,13:20:00,HOLD,MIDCPNIFTY25JUN12900CE,209.75,552.0,Monitoring
2025-06-04,13:25:00,HOLD,MIDCPNIFTY25JUN12900CE,208.55,696.0,Monitoring
2025-06-04,13:30:00,HOLD,MIDCPNIFTY25JUN12900CE,207.05,876.0,Monitoring
2025-06-04,13:35:00,HOLD,MIDCPNIFTY25JUN12900CE,207.35,840.0,Monitoring
2025-06-04,13:40:00,HOLD,MIDCPNIFTY25JUN12900CE,208.85,660.0,Monitoring
2025-06-04,13:45:00,HOLD,MIDCPNIFTY25JUN12900CE,210.95,408.0,Monitoring
2025-06-04,13:50:00,HOLD,MIDCPNIFTY25JUN12900CE,214.7,-42.0,Monitoring
2025-06-04,13:55:00,HOLD,MIDCPNIFTY25JUN12900CE,212.15,264.0,Monitoring
2025-06-04,14:00:00,HOLD,MIDCPNIFTY25JUN12900CE,219.05,-564.0,Monitoring
2025-06-04,14:05:00,HOLD,MIDCPNIFTY25JUN12900CE,225.35,-1320.0,Monitoring
2025-06-04,14:10:00,HOLD,MIDCPNIFTY25JUN12900CE,226.4,-1446.0,Monitoring
2025-06-04,14:15:00,HOLD,MIDCPNIFTY25JUN12900CE,234.5,-2418.0,Monitoring
2025-06-04,14:15:00,BUY_EXIT,MIDCPNIFTY25JUN12900CE,234.5,-2418.0,EMA_REVERSAL_SL
