Date,Time,Event,Ticker,Price,PnL_INR,Info
2024-04-16,14:00:00,SELL_ENTRY,MIDCPNIFTY24APR10800CE,153.8,0.0,Signal CE | Short
2024-04-16,14:05:00,HOLD,MIDCPNIFTY24APR10800CE,157.55,-450.0,Monitoring
2024-04-16,14:10:00,HOLD,MIDCPNIFTY24APR10800CE,158.0,-504.0,Monitoring
2024-04-16,14:15:00,HOLD,MIDCPNIFTY24APR10800CE,153.9,-12.0,Monitoring
2024-04-16,14:20:00,HOLD,MIDCPNIFTY24APR10800CE,153.9,-12.0,Monitoring
2024-04-16,14:25:00,HOLD,MIDCPNIFTY24APR10800CE,150.45,402.0,Monitoring
2024-04-16,14:30:00,HOLD,MIDCPNIFTY24APR10800CE,150.35,414.0,Monitoring
2024-04-16,14:35:00,HOLD,MIDCPNIFTY24APR10800CE,148.2,672.0,Monitoring
2024-04-16,14:40:00,HOLD,MIDCPNIFTY24APR10800CE,145.0,1056.0,Monitoring
2024-04-16,14:45:00,HOLD,MIDCPNIFTY24APR10800CE,140.0,1656.0,Monitoring
2024-04-16,14:50:00,HOLD,MIDCPNIFTY24APR10800CE,127.5,3156.0,Monitoring
2024-04-16,14:55:00,HOLD,MIDCPNIFTY24APR10800CE,130.0,2856.0,Monitoring
2024-04-16,15:00:00,HOLD,MIDCPNIFTY24APR10800CE,135.35,2214.0,Monitoring
2024-04-16,15:05:00,HOLD,MIDCPNIFTY24APR10800CE,139.65,1698.0,Monitoring
2024-04-16,15:10:00,HOLD,MIDCPNIFTY24APR10800CE,143.05,1290.0,Monitoring
2024-04-16,15:15:00,HOLD,MIDCPNIFTY24APR10800CE,140.0,1656.0,Monitoring
2024-04-16,15:20:00,HOLD,MIDCPNIFTY24APR10800CE,142.0,1416.0,Monitoring
2024-04-16,15:25:00,HOLD,MIDCPNIFTY24APR10800CE,145.0,1056.0,Monitoring
2024-04-18,09:30:00,HOLD,MIDCPNIFTY24APR10800CE,148.65,618.0,Monitoring
2024-04-18,09:35:00,HOLD,MIDCPNIFTY24APR10800CE,152.6,144.0,Monitoring
2024-04-18,09:40:00,HOLD,MIDCPNIFTY24APR10800CE,149.8,480.0,Monitoring
2024-04-18,09:45:00,HOLD,MIDCPNIFTY24APR10800CE,147.8,720.0,Monitoring
2024-04-18,09:50:00,HOLD,MIDCPNIFTY24APR10800CE,161.95,-978.0,Monitoring
2024-04-18,09:55:00,HOLD,MIDCPNIFTY24APR10800CE,167.15,-1602.0,Monitoring
2024-04-18,10:00:00,HOLD,MIDCPNIFTY24APR10800CE,167.4,-1632.0,Monitoring
2024-04-18,10:05:00,HOLD,MIDCPNIFTY24APR10800CE,165.85,-1446.0,Monitoring
2024-04-18,10:10:00,HOLD,MIDCPNIFTY24APR10800CE,163.3,-1140.0,Monitoring
2024-04-18,10:15:00,HOLD,MIDCPNIFTY24APR10800CE,163.25,-1134.0,Monitoring
2024-04-18,10:20:00,HOLD,MIDCPNIFTY24APR10800CE,163.0,-1104.0,Monitoring
2024-04-18,10:25:00,HOLD,MIDCPNIFTY24APR10800CE,161.25,-894.0,Monitoring
2024-04-18,10:30:00,HOLD,MIDCPNIFTY24APR10800CE,168.15,-1722.0,Monitoring
2024-04-18,10:35:00,HOLD,MIDCPNIFTY24APR10800CE,170.1,-1956.0,Monitoring
2024-04-18,10:35:00,BUY_EXIT,MIDCPNIFTY24APR10800CE,170.1,-1956.0,EMA_REVERSAL_SL
