Date,Time,Event,Ticker,Price,PnL_INR,Info
2024-08-06,14:00:00,SELL_ENTRY,MIDCPNIFTY24AUG12400CE,233.1,0.0,Signal CE | Short
2024-08-06,14:05:00,HOLD,MIDCPNIFTY24AUG12400CE,233.1,0.0,Monitoring
2024-08-06,14:10:00,HOLD,MIDCPNIFTY24AUG12400CE,233.1,0.0,Monitoring
2024-08-06,14:15:00,HOLD,MIDCPNIFTY24AUG12400CE,229.0,492.0,Monitoring
2024-08-06,14:20:00,HOLD,MIDCPNIFTY24AUG12400CE,229.0,492.0,Monitoring
2024-08-06,14:25:00,HOLD,MIDCPNIFTY24AUG12400CE,234.35,-150.0,Monitoring
2024-08-06,14:30:00,HOLD,MIDCPNIFTY24AUG12400CE,248.0,-1788.0,Monitoring
2024-08-06,14:35:00,HOLD,MIDCPNIFTY24AUG12400CE,236.7,-432.0,Monitoring
2024-08-06,14:40:00,HOLD,MIDCPNIFTY24AUG12400CE,236.7,-432.0,Monitoring
2024-08-06,14:45:00,HOLD,MIDCPNIFTY24AUG12400CE,225.0,972.0,Monitoring
2024-08-06,14:50:00,HOLD,MIDCPNIFTY24AUG12400CE,225.0,972.0,Monitoring
2024-08-06,14:55:00,HOLD,MIDCPNIFTY24AUG12400CE,225.0,972.0,Monitoring
2024-08-06,15:00:00,HOLD,MIDCPNIFTY24AUG12400CE,225.0,972.0,Monitoring
2024-08-06,15:05:00,HOLD,MIDCPNIFTY24AUG12400CE,225.0,972.0,Monitoring
2024-08-06,15:10:00,HOLD,MIDCPNIFTY24AUG12400CE,200.0,3972.0,Monitoring
2024-08-06,15:15:00,HOLD,MIDCPNIFTY24AUG12400CE,200.0,3972.0,Monitoring
2024-08-06,15:20:00,HOLD,MIDCPNIFTY24AUG12400CE,230.95,258.0,Monitoring
2024-08-06,15:25:00,HOLD,MIDCPNIFTY24AUG12400CE,183.95,5898.0,Monitoring
2024-08-07,09:15:00,HOLD,MIDCPNIFTY24AUG12400CE,183.95,5898.0,Monitoring
2024-08-07,09:20:00,HOLD,MIDCPNIFTY24AUG12400CE,286.4,-6396.0,Monitoring
2024-08-07,09:25:00,HOLD,MIDCPNIFTY24AUG12400CE,282.6,-5940.0,Monitoring
2024-08-07,09:30:00,HOLD,MIDCPNIFTY24AUG12400CE,293.6,-7260.0,Monitoring
2024-08-07,09:35:00,HOLD,MIDCPNIFTY24AUG12400CE,268.4,-4236.0,Monitoring
2024-08-07,09:40:00,HOLD,MIDCPNIFTY24AUG12400CE,269.55,-4374.0,Monitoring
2024-08-07,09:45:00,HOLD,MIDCPNIFTY24AUG12400CE,293.0,-7188.0,Monitoring
2024-08-07,09:50:00,HOLD,MIDCPNIFTY24AUG12400CE,293.0,-7188.0,Monitoring
2024-08-07,09:55:00,HOLD,MIDCPNIFTY24AUG12400CE,293.0,-7188.0,Monitoring
2024-08-07,10:00:00,HOLD,MIDCPNIFTY24AUG12400CE,293.0,-7188.0,Monitoring
2024-08-07,10:05:00,HOLD,MIDCPNIFTY24AUG12400CE,293.0,-7188.0,Monitoring
2024-08-07,10:10:00,HOLD,MIDCPNIFTY24AUG12400CE,293.0,-7188.0,Monitoring
2024-08-07,10:15:00,HOLD,MIDCPNIFTY24AUG12400CE,293.0,-7188.0,Monitoring
2024-08-07,10:15:00,BUY_EXIT,MIDCPNIFTY24AUG12400CE,293.0,-7188.0,EMA_REVERSAL_SL
