Date,Time,Event,Ticker,Price,PnL_INR,Info
2025-01-01,14:00:00,SELL_ENTRY,MIDCPNIFTY25JAN12900PE,232.3,0.0,Signal PE | Short
2025-01-01,14:05:00,HOLD,MIDCPNIFTY25JAN12900PE,233.1,-96.0,Monitoring
2025-01-01,14:10:00,HOLD,MIDCPNIFTY25JAN12900PE,232.4,-12.0,Monitoring
2025-01-01,14:15:00,HOLD,MIDCPNIFTY25JAN12900PE,233.15,-102.0,Monitoring
2025-01-01,14:20:00,HOLD,MIDCPNIFTY25JAN12900PE,228.7,432.0,Monitoring
2025-01-01,14:25:00,HOLD,MIDCPNIFTY25JAN12900PE,232.5,-24.0,Monitoring
2025-01-01,14:30:00,HOLD,MIDCPNIFTY25JAN12900PE,230.05,270.0,Monitoring
2025-01-01,14:35:00,HOLD,MIDCPNIFTY25JAN12900PE,229.5,336.0,Monitoring
2025-01-01,14:40:00,HOLD,MIDCPNIFTY25JAN12900PE,230.6,204.0,Monitoring
2025-01-01,14:45:00,HOLD,MIDCPNIFTY25JAN12900PE,232.55,-30.0,Monitoring
2025-01-01,14:50:00,HOLD,MIDCPNIFTY25JAN12900PE,233.8,-180.0,Monitoring
2025-01-01,14:55:00,HOLD,MIDCPNIFTY25JAN12900PE,234.25,-234.0,Monitoring
2025-01-01,15:00:00,HOLD,MIDCPNIFTY25JAN12900PE,234.65,-282.0,Monitoring
2025-01-01,15:05:00,HOLD,MIDCPNIFTY25JAN12900PE,236.15,-462.0,Monitoring
2025-01-01,15:10:00,HOLD,MIDCPNIFTY25JAN12900PE,237.95,-678.0,Monitoring
2025-01-01,15:15:00,HOLD,MIDCPNIFTY25JAN12900PE,237.6,-636.0,Monitoring
2025-01-01,15:20:00,HOLD,MIDCPNIFTY25JAN12900PE,237.3,-600.0,Monitoring
2025-01-01,15:25:00,HOLD,MIDCPNIFTY25JAN12900PE,234.95,-318.0,Monitoring
2025-01-02,09:15:00,HOLD,MIDCPNIFTY25JAN12900PE,237.2,-588.0,Monitoring
2025-01-02,09:20:00,HOLD,MIDCPNIFTY25JAN12900PE,252.45,-2418.0,Monitoring
2025-01-02,09:25:00,HOLD,MIDCPNIFTY25JAN12900PE,248.8,-1980.0,Monitoring
2025-01-02,09:30:00,HOLD,MIDCPNIFTY25JAN12900PE,239.5,-864.0,Monitoring
2025-01-02,09:35:00,HOLD,MIDCPNIFTY25JAN12900PE,234.5,-264.0,Monitoring
2025-01-02,09:40:00,HOLD,MIDCPNIFTY25JAN12900PE,238.75,-774.0,Monitoring
2025-01-02,09:45:00,HOLD,MIDCPNIFTY25JAN12900PE,235.75,-414.0,Monitoring
2025-01-02,09:50:00,HOLD,MIDCPNIFTY25JAN12900PE,238.0,-684.0,Monitoring
2025-01-02,09:55:00,HOLD,MIDCPNIFTY25JAN12900PE,240.6,-996.0,Monitoring
2025-01-02,10:00:00,HOLD,MIDCPNIFTY25JAN12900PE,239.4,-852.0,Monitoring
2025-01-02,10:05:00,HOLD,MIDCPNIFTY25JAN12900PE,239.4,-852.0,Monitoring
2025-01-02,10:10:00,HOLD,MIDCPNIFTY25JAN12900PE,239.55,-870.0,Monitoring
2025-01-02,10:15:00,HOLD,MIDCPNIFTY25JAN12900PE,236.65,-522.0,Monitoring
2025-01-02,10:20:00,HOLD,MIDCPNIFTY25JAN12900PE,227.25,606.0,Monitoring
2025-01-02,10:25:00,HOLD,MIDCPNIFTY25JAN12900PE,229.85,294.0,Monitoring
2025-01-02,10:30:00,HOLD,MIDCPNIFTY25JAN12900PE,225.7,792.0,Monitoring
2025-01-02,10:35:00,HOLD,MIDCPNIFTY25JAN12900PE,228.45,462.0,Monitoring
2025-01-02,10:40:00,HOLD,MIDCPNIFTY25JAN12900PE,229.1,384.0,Monitoring
2025-01-02,10:45:00,HOLD,MIDCPNIFTY25JAN12900PE,225.85,774.0,Monitoring
2025-01-02,10:50:00,HOLD,MIDCPNIFTY25JAN12900PE,223.0,1116.0,Monitoring
2025-01-02,10:55:00,HOLD,MIDCPNIFTY25JAN12900PE,221.6,1284.0,Monitoring
2025-01-02,11:00:00,HOLD,MIDCPNIFTY25JAN12900PE,218.9,1608.0,Monitoring
2025-01-02,11:05:00,HOLD,MIDCPNIFTY25JAN12900PE,218.2,1692.0,Monitoring
2025-01-02,11:10:00,HOLD,MIDCPNIFTY25JAN12900PE,221.5,1296.0,Monitoring
2025-01-02,11:15:00,HOLD,MIDCPNIFTY25JAN12900PE,224.8,900.0,Monitoring
2025-01-02,11:20:00,HOLD,MIDCPNIFTY25JAN12900PE,221.0,1356.0,Monitoring
2025-01-02,11:25:00,HOLD,MIDCPNIFTY25JAN12900PE,220.65,1398.0,Monitoring
2025-01-02,11:30:00,HOLD,MIDCPNIFTY25JAN12900PE,223.0,1116.0,Monitoring
2025-01-02,11:35:00,HOLD,MIDCPNIFTY25JAN12900PE,220.1,1464.0,Monitoring
2025-01-02,11:40:00,HOLD,MIDCPNIFTY25JAN12900PE,219.15,1578.0,Monitoring
2025-01-02,11:45:00,HOLD,MIDCPNIFTY25JAN12900PE,221.1,1344.0,Monitoring
2025-01-02,11:50:00,HOLD,MIDCPNIFTY25JAN12900PE,220.85,1374.0,Monitoring
2025-01-02,11:55:00,HOLD,MIDCPNIFTY25JAN12900PE,217.25,1806.0,Monitoring
2025-01-02,12:00:00,HOLD,MIDCPNIFTY25JAN12900PE,215.3,2040.0,Monitoring
2025-01-02,12:05:00,HOLD,MIDCPNIFTY25JAN12900PE,216.6,1884.0,Monitoring
2025-01-02,12:10:00,HOLD,MIDCPNIFTY25JAN12900PE,219.0,1596.0,Monitoring
2025-01-02,12:15:00,HOLD,MIDCPNIFTY25JAN12900PE,214.75,2106.0,Monitoring
2025-01-02,12:20:00,HOLD,MIDCPNIFTY25JAN12900PE,215.05,2070.0,Monitoring
2025-01-02,12:25:00,HOLD,MIDCPNIFTY25JAN12900PE,208.8,2820.0,Monitoring
2025-01-02,12:30:00,HOLD,MIDCPNIFTY25JAN12900PE,204.3,3360.0,Monitoring
2025-01-02,12:35:00,HOLD,MIDCPNIFTY25JAN12900PE,206.85,3054.0,Monitoring
2025-01-02,12:40:00,HOLD,MIDCPNIFTY25JAN12900PE,208.65,2838.0,Monitoring
2025-01-02,12:45:00,HOLD,MIDCPNIFTY25JAN12900PE,207.5,2976.0,Monitoring
2025-01-02,12:50:00,HOLD,MIDCPNIFTY25JAN12900PE,204.6,3324.0,Monitoring
2025-01-02,12:55:00,HOLD,MIDCPNIFTY25JAN12900PE,204.7,3312.0,Monitoring
2025-01-02,13:00:00,HOLD,MIDCPNIFTY25JAN12900PE,203.3,3480.0,Monitoring
2025-01-02,13:05:00,HOLD,MIDCPNIFTY25JAN12900PE,194.95,4482.0,Monitoring
2025-01-02,13:10:00,HOLD,MIDCPNIFTY25JAN12900PE,193.7,4632.0,Monitoring
2025-01-02,13:15:00,HOLD,MIDCPNIFTY25JAN12900PE,182.65,5958.0,Monitoring
2025-01-02,13:20:00,HOLD,MIDCPNIFTY25JAN12900PE,180.25,6246.0,Monitoring
2025-01-02,13:25:00,HOLD,MIDCPNIFTY25JAN12900PE,184.5,5736.0,Monitoring
2025-01-02,13:30:00,HOLD,MIDCPNIFTY25JAN12900PE,178.9,6408.0,Monitoring
2025-01-02,13:35:00,HOLD,MIDCPNIFTY25JAN12900PE,171.65,7278.0,Monitoring
2025-01-02,13:40:00,HOLD,MIDCPNIFTY25JAN12900PE,167.75,7746.0,Monitoring
2025-01-02,13:45:00,HOLD,MIDCPNIFTY25JAN12900PE,166.8,7860.0,Monitoring
2025-01-02,13:50:00,HOLD,MIDCPNIFTY25JAN12900PE,165.45,8022.0,Monitoring
2025-01-02,13:55:00,HOLD,MIDCPNIFTY25JAN12900PE,169.6,7524.0,Monitoring
2025-01-02,14:00:00,HOLD,MIDCPNIFTY25JAN12900PE,167.9,7728.0,Monitoring
2025-01-02,14:05:00,HOLD,MIDCPNIFTY25JAN12900PE,163.4,8268.0,Monitoring
2025-01-02,14:10:00,HOLD,MIDCPNIFTY25JAN12900PE,163.7,8232.0,Monitoring
2025-01-02,14:15:00,HOLD,MIDCPNIFTY25JAN12900PE,162.15,8418.0,Monitoring
2025-01-02,14:20:00,HOLD,MIDCPNIFTY25JAN12900PE,165.15,8058.0,Monitoring
2025-01-02,14:25:00,HOLD,MIDCPNIFTY25JAN12900PE,165.9,7968.0,Monitoring
2025-01-02,14:30:00,HOLD,MIDCPNIFTY25JAN12900PE,164.6,8124.0,Monitoring
2025-01-02,14:35:00,HOLD,MIDCPNIFTY25JAN12900PE,162.05,8430.0,Monitoring
2025-01-02,14:40:00,HOLD,MIDCPNIFTY25JAN12900PE,162.65,8358.0,Monitoring
2025-01-02,14:45:00,HOLD,MIDCPNIFTY25JAN12900PE,159.65,8718.0,Monitoring
2025-01-02,14:50:00,HOLD,MIDCPNIFTY25JAN12900PE,160.65,8598.0,Monitoring
2025-01-02,14:55:00,HOLD,MIDCPNIFTY25JAN12900PE,160.8,8580.0,Monitoring
2025-01-02,15:00:00,HOLD,MIDCPNIFTY25JAN12900PE,158.1,8904.0,Monitoring
2025-01-02,15:05:00,HOLD,MIDCPNIFTY25JAN12900PE,156.15,9138.0,Monitoring
2025-01-02,15:10:00,HOLD,MIDCPNIFTY25JAN12900PE,160.5,8616.0,Monitoring
2025-01-02,15:15:00,HOLD,MIDCPNIFTY25JAN12900PE,155.5,9216.0,Monitoring
2025-01-02,15:20:00,HOLD,MIDCPNIFTY25JAN12900PE,156.1,9144.0,Monitoring
2025-01-02,15:25:00,HOLD,MIDCPNIFTY25JAN12900PE,157.9,8928.0,Monitoring
2025-01-03,09:15:00,HOLD,MIDCPNIFTY25JAN12900PE,151.15,9738.0,Monitoring
2025-01-03,09:20:00,HOLD,MIDCPNIFTY25JAN12900PE,158.1,8904.0,Monitoring
2025-01-03,09:25:00,HOLD,MIDCPNIFTY25JAN12900PE,154.1,9384.0,Monitoring
2025-01-03,09:30:00,HOLD,MIDCPNIFTY25JAN12900PE,160.95,8562.0,Monitoring
2025-01-03,09:35:00,HOLD,MIDCPNIFTY25JAN12900PE,153.25,9486.0,Monitoring
2025-01-03,09:40:00,HOLD,MIDCPNIFTY25JAN12900PE,155.4,9228.0,Monitoring
2025-01-03,09:45:00,HOLD,MIDCPNIFTY25JAN12900PE,161.0,8556.0,Monitoring
2025-01-03,09:50:00,HOLD,MIDCPNIFTY25JAN12900PE,169.3,7560.0,Monitoring
2025-01-03,09:55:00,HOLD,MIDCPNIFTY25JAN12900PE,176.1,6744.0,Monitoring
2025-01-03,10:00:00,HOLD,MIDCPNIFTY25JAN12900PE,165.75,7986.0,Monitoring
2025-01-03,10:05:00,HOLD,MIDCPNIFTY25JAN12900PE,172.6,7164.0,Monitoring
2025-01-03,10:10:00,HOLD,MIDCPNIFTY25JAN12900PE,173.3,7080.0,Monitoring
2025-01-03,10:15:00,HOLD,MIDCPNIFTY25JAN12900PE,173.75,7026.0,Monitoring
2025-01-03,10:20:00,HOLD,MIDCPNIFTY25JAN12900PE,170.85,7374.0,Monitoring
2025-01-03,10:25:00,HOLD,MIDCPNIFTY25JAN12900PE,172.45,7182.0,Monitoring
2025-01-03,10:30:00,HOLD,MIDCPNIFTY25JAN12900PE,182.95,5922.0,Monitoring
2025-01-03,10:35:00,HOLD,MIDCPNIFTY25JAN12900PE,179.15,6378.0,Monitoring
2025-01-03,10:40:00,HOLD,MIDCPNIFTY25JAN12900PE,179.0,6396.0,Monitoring
2025-01-03,10:45:00,HOLD,MIDCPNIFTY25JAN12900PE,182.9,5928.0,Monitoring
2025-01-03,10:50:00,HOLD,MIDCPNIFTY25JAN12900PE,197.75,4146.0,Monitoring
2025-01-03,10:55:00,HOLD,MIDCPNIFTY25JAN12900PE,194.3,4560.0,Monitoring
2025-01-03,11:00:00,HOLD,MIDCPNIFTY25JAN12900PE,200.4,3828.0,Monitoring
2025-01-03,11:05:00,HOLD,MIDCPNIFTY25JAN12900PE,191.95,4842.0,Monitoring
2025-01-03,11:10:00,HOLD,MIDCPNIFTY25JAN12900PE,190.9,4968.0,Monitoring
2025-01-03,11:15:00,HOLD,MIDCPNIFTY25JAN12900PE,187.95,5322.0,Monitoring
2025-01-03,11:20:00,HOLD,MIDCPNIFTY25JAN12900PE,177.15,6618.0,Monitoring
2025-01-03,11:25:00,HOLD,MIDCPNIFTY25JAN12900PE,173.9,7008.0,Monitoring
2025-01-03,11:30:00,HOLD,MIDCPNIFTY25JAN12900PE,176.15,6738.0,Monitoring
2025-01-03,11:35:00,HOLD,MIDCPNIFTY25JAN12900PE,175.7,6792.0,Monitoring
2025-01-03,11:40:00,HOLD,MIDCPNIFTY25JAN12900PE,173.1,7104.0,Monitoring
2025-01-03,11:45:00,HOLD,MIDCPNIFTY25JAN12900PE,170.5,7416.0,Monitoring
2025-01-03,11:50:00,HOLD,MIDCPNIFTY25JAN12900PE,163.0,8316.0,Monitoring
2025-01-03,11:55:00,HOLD,MIDCPNIFTY25JAN12900PE,162.45,8382.0,Monitoring
2025-01-03,12:00:00,HOLD,MIDCPNIFTY25JAN12900PE,163.45,8262.0,Monitoring
2025-01-03,12:05:00,HOLD,MIDCPNIFTY25JAN12900PE,173.7,7032.0,Monitoring
2025-01-03,12:10:00,HOLD,MIDCPNIFTY25JAN12900PE,168.85,7614.0,Monitoring
2025-01-03,12:15:00,HOLD,MIDCPNIFTY25JAN12900PE,173.5,7056.0,Monitoring
2025-01-03,12:20:00,HOLD,MIDCPNIFTY25JAN12900PE,178.2,6492.0,Monitoring
2025-01-03,12:25:00,HOLD,MIDCPNIFTY25JAN12900PE,184.0,5796.0,Monitoring
2025-01-03,12:30:00,HOLD,MIDCPNIFTY25JAN12900PE,177.3,6600.0,Monitoring
2025-01-03,12:35:00,HOLD,MIDCPNIFTY25JAN12900PE,173.5,7056.0,Monitoring
2025-01-03,12:40:00,HOLD,MIDCPNIFTY25JAN12900PE,172.75,7146.0,Monitoring
2025-01-03,12:45:00,HOLD,MIDCPNIFTY25JAN12900PE,170.25,7446.0,Monitoring
2025-01-03,12:50:00,HOLD,MIDCPNIFTY25JAN12900PE,178.0,6516.0,Monitoring
2025-01-03,12:55:00,HOLD,MIDCPNIFTY25JAN12900PE,174.15,6978.0,Monitoring
2025-01-03,13:00:00,HOLD,MIDCPNIFTY25JAN12900PE,173.0,7116.0,Monitoring
2025-01-03,13:05:00,HOLD,MIDCPNIFTY25JAN12900PE,171.65,7278.0,Monitoring
2025-01-03,13:10:00,HOLD,MIDCPNIFTY25JAN12900PE,172.95,7122.0,Monitoring
2025-01-03,13:15:00,HOLD,MIDCPNIFTY25JAN12900PE,177.55,6570.0,Monitoring
2025-01-03,13:20:00,HOLD,MIDCPNIFTY25JAN12900PE,174.35,6954.0,Monitoring
2025-01-03,13:25:00,HOLD,MIDCPNIFTY25JAN12900PE,172.55,7170.0,Monitoring
2025-01-03,13:30:00,HOLD,MIDCPNIFTY25JAN12900PE,173.45,7062.0,Monitoring
2025-01-03,13:35:00,HOLD,MIDCPNIFTY25JAN12900PE,173.5,7056.0,Monitoring
2025-01-03,13:40:00,HOLD,MIDCPNIFTY25JAN12900PE,175.3,6840.0,Monitoring
2025-01-03,13:45:00,HOLD,MIDCPNIFTY25JAN12900PE,178.85,6414.0,Monitoring
2025-01-03,13:50:00,HOLD,MIDCPNIFTY25JAN12900PE,169.55,7530.0,Monitoring
2025-01-03,13:55:00,HOLD,MIDCPNIFTY25JAN12900PE,177.1,6624.0,Monitoring
2025-01-03,14:00:00,HOLD,MIDCPNIFTY25JAN12900PE,180.2,6252.0,Monitoring
2025-01-03,14:05:00,HOLD,MIDCPNIFTY25JAN12900PE,192.0,4836.0,Monitoring
2025-01-03,14:10:00,HOLD,MIDCPNIFTY25JAN12900PE,181.75,6066.0,Monitoring
2025-01-03,14:15:00,HOLD,MIDCPNIFTY25JAN12900PE,184.9,5688.0,Monitoring
2025-01-03,14:20:00,HOLD,MIDCPNIFTY25JAN12900PE,182.9,5928.0,Monitoring
2025-01-03,14:25:00,HOLD,MIDCPNIFTY25JAN12900PE,177.05,6630.0,Monitoring
2025-01-03,14:30:00,HOLD,MIDCPNIFTY25JAN12900PE,176.2,6732.0,Monitoring
2025-01-03,14:35:00,HOLD,MIDCPNIFTY25JAN12900PE,167.8,7740.0,Monitoring
2025-01-03,14:40:00,HOLD,MIDCPNIFTY25JAN12900PE,167.8,7740.0,Monitoring
2025-01-03,14:45:00,HOLD,MIDCPNIFTY25JAN12900PE,172.95,7122.0,Monitoring
2025-01-03,14:50:00,HOLD,MIDCPNIFTY25JAN12900PE,169.1,7584.0,Monitoring
2025-01-03,14:55:00,HOLD,MIDCPNIFTY25JAN12900PE,168.35,7674.0,Monitoring
2025-01-03,15:00:00,HOLD,MIDCPNIFTY25JAN12900PE,171.55,7290.0,Monitoring
2025-01-03,15:05:00,HOLD,MIDCPNIFTY25JAN12900PE,168.85,7614.0,Monitoring
2025-01-03,15:10:00,HOLD,MIDCPNIFTY25JAN12900PE,176.3,6720.0,Monitoring
2025-01-03,15:15:00,HOLD,MIDCPNIFTY25JAN12900PE,182.0,6036.0,Monitoring
2025-01-03,15:20:00,HOLD,MIDCPNIFTY25JAN12900PE,178.45,6462.0,Monitoring
2025-01-03,15:25:00,HOLD,MIDCPNIFTY25JAN12900PE,175.15,6858.0,Monitoring
2025-01-06,09:15:00,HOLD,MIDCPNIFTY25JAN12900PE,179.75,6306.0,Monitoring
2025-01-06,09:20:00,HOLD,MIDCPNIFTY25JAN12900PE,183.15,5898.0,Monitoring
2025-01-06,09:25:00,HOLD,MIDCPNIFTY25JAN12900PE,206.95,3042.0,Monitoring
2025-01-06,09:30:00,HOLD,MIDCPNIFTY25JAN12900PE,210.1,2664.0,Monitoring
2025-01-06,09:35:00,HOLD,MIDCPNIFTY25JAN12900PE,206.5,3096.0,Monitoring
2025-01-06,09:35:00,BUY_EXIT,MIDCPNIFTY25JAN12900PE,206.5,3096.0,EMA_REVERSAL_SL
