Date,Time,Event,Ticker,Price,PnL_INR,Info
2025-10-09,14:00:00,SELL_ENTRY,MIDCPNIFTY25OCT12900PE,99.35,0.0,Signal PE | Short
2025-10-09,14:05:00,HOLD,MIDCPNIFTY25OCT12900PE,99.8,-54.0,Monitoring
2025-10-09,14:10:00,HOLD,MIDCPNIFTY25OCT12900PE,101.25,-228.0,Monitoring
2025-10-09,14:15:00,HOLD,MIDCPNIFTY25OCT12900PE,101.35,-240.0,Monitoring
2025-10-09,14:20:00,HOLD,MIDCPNIFTY25OCT12900PE,98.55,96.0,Monitoring
2025-10-09,14:25:00,HOLD,MIDCPNIFTY25OCT12900PE,101.0,-198.0,Monitoring
2025-10-09,14:30:00,HOLD,MIDCPNIFTY25OCT12900PE,99.0,42.0,Monitoring
2025-10-09,14:35:00,HOLD,MIDCPNIFTY25OCT12900PE,98.0,162.0,Monitoring
2025-10-09,14:40:00,HOLD,MIDCPNIFTY25OCT12900PE,101.7,-282.0,Monitoring
2025-10-09,14:45:00,HOLD,MIDCPNIFTY25OCT12900PE,99.6,-30.0,Monitoring
2025-10-09,14:50:00,HOLD,MIDCPNIFTY25OCT12900PE,98.2,138.0,Monitoring
2025-10-09,14:55:00,HOLD,MIDCPNIFTY25OCT12900PE,95.0,522.0,Monitoring
2025-10-09,15:00:00,HOLD,MIDCPNIFTY25OCT12900PE,94.5,582.0,Monitoring
2025-10-09,15:05:00,HOLD,MIDCPNIFTY25OCT12900PE,95.4,474.0,Monitoring
2025-10-09,15:10:00,HOLD,MIDCPNIFTY25OCT12900PE,94.35,600.0,Monitoring
2025-10-09,15:15:00,HOLD,MIDCPNIFTY25OCT12900PE,93.05,756.0,Monitoring
2025-10-09,15:20:00,HOLD,MIDCPNIFTY25OCT12900PE,93.15,744.0,Monitoring
2025-10-09,15:25:00,HOLD,MIDCPNIFTY25OCT12900PE,90.0,1122.0,Monitoring
2025-10-10,09:15:00,HOLD,MIDCPNIFTY25OCT12900PE,77.55,2616.0,Monitoring
2025-10-10,09:20:00,HOLD,MIDCPNIFTY25OCT12900PE,72.35,3240.0,Monitoring
2025-10-10,09:25:00,HOLD,MIDCPNIFTY25OCT12900PE,76.45,2748.0,Monitoring
2025-10-10,09:30:00,HOLD,MIDCPNIFTY25OCT12900PE,69.0,3642.0,Monitoring
2025-10-10,09:35:00,HOLD,MIDCPNIFTY25OCT12900PE,68.35,3720.0,Monitoring
2025-10-10,09:40:00,HOLD,MIDCPNIFTY25OCT12900PE,66.75,3912.0,Monitoring
2025-10-10,09:45:00,HOLD,MIDCPNIFTY25OCT12900PE,65.5,4062.0,Monitoring
2025-10-10,09:50:00,HOLD,MIDCPNIFTY25OCT12900PE,65.0,4122.0,Monitoring
2025-10-10,09:55:00,HOLD,MIDCPNIFTY25OCT12900PE,65.2,4098.0,Monitoring
2025-10-10,10:00:00,HOLD,MIDCPNIFTY25OCT12900PE,63.5,4302.0,Monitoring
2025-10-10,10:05:00,HOLD,MIDCPNIFTY25OCT12900PE,64.05,4236.0,Monitoring
2025-10-10,10:10:00,HOLD,MIDCPNIFTY25OCT12900PE,61.9,4494.0,Monitoring
2025-10-10,10:15:00,HOLD,MIDCPNIFTY25OCT12900PE,59.05,4836.0,Monitoring
2025-10-10,10:20:00,HOLD,MIDCPNIFTY25OCT12900PE,61.0,4602.0,Monitoring
2025-10-10,10:25:00,HOLD,MIDCPNIFTY25OCT12900PE,61.0,4602.0,Monitoring
2025-10-10,10:30:00,HOLD,MIDCPNIFTY25OCT12900PE,62.3,4446.0,Monitoring
2025-10-10,10:35:00,HOLD,MIDCPNIFTY25OCT12900PE,63.25,4332.0,Monitoring
2025-10-10,10:40:00,HOLD,MIDCPNIFTY25OCT12900PE,65.4,4074.0,Monitoring
2025-10-10,10:45:00,HOLD,MIDCPNIFTY25OCT12900PE,62.4,4434.0,Monitoring
2025-10-10,10:50:00,HOLD,MIDCPNIFTY25OCT12900PE,61.85,4500.0,Monitoring
2025-10-10,10:55:00,HOLD,MIDCPNIFTY25OCT12900PE,63.75,4272.0,Monitoring
2025-10-10,11:00:00,HOLD,MIDCPNIFTY25OCT12900PE,60.15,4704.0,Monitoring
2025-10-10,11:05:00,HOLD,MIDCPNIFTY25OCT12900PE,63.05,4356.0,Monitoring
2025-10-10,11:10:00,HOLD,MIDCPNIFTY25OCT12900PE,59.75,4752.0,Monitoring
2025-10-10,11:15:00,HOLD,MIDCPNIFTY25OCT12900PE,59.45,4788.0,Monitoring
2025-10-10,11:20:00,HOLD,MIDCPNIFTY25OCT12900PE,59.3,4806.0,Monitoring
2025-10-10,11:25:00,HOLD,MIDCPNIFTY25OCT12900PE,58.8,4866.0,Monitoring
2025-10-10,11:30:00,HOLD,MIDCPNIFTY25OCT12900PE,61.1,4590.0,Monitoring
2025-10-10,11:35:00,HOLD,MIDCPNIFTY25OCT12900PE,62.0,4482.0,Monitoring
2025-10-10,11:40:00,HOLD,MIDCPNIFTY25OCT12900PE,58.55,4896.0,Monitoring
2025-10-10,11:45:00,HOLD,MIDCPNIFTY25OCT12900PE,58.0,4962.0,Monitoring
2025-10-10,11:50:00,HOLD,MIDCPNIFTY25OCT12900PE,58.35,4920.0,Monitoring
2025-10-10,11:55:00,HOLD,MIDCPNIFTY25OCT12900PE,57.0,5082.0,Monitoring
2025-10-10,12:00:00,HOLD,MIDCPNIFTY25OCT12900PE,55.55,5256.0,Monitoring
2025-10-10,12:05:00,HOLD,MIDCPNIFTY25OCT12900PE,56.85,5100.0,Monitoring
2025-10-10,12:10:00,HOLD,MIDCPNIFTY25OCT12900PE,55.1,5310.0,Monitoring
2025-10-10,12:15:00,HOLD,MIDCPNIFTY25OCT12900PE,55.65,5244.0,Monitoring
2025-10-10,12:20:00,HOLD,MIDCPNIFTY25OCT12900PE,55.65,5244.0,Monitoring
2025-10-10,12:25:00,HOLD,MIDCPNIFTY25OCT12900PE,55.85,5220.0,Monitoring
2025-10-10,12:30:00,HOLD,MIDCPNIFTY25OCT12900PE,55.15,5304.0,Monitoring
2025-10-10,12:35:00,HOLD,MIDCPNIFTY25OCT12900PE,55.6,5250.0,Monitoring
2025-10-10,12:40:00,HOLD,MIDCPNIFTY25OCT12900PE,54.0,5442.0,Monitoring
2025-10-10,12:45:00,HOLD,MIDCPNIFTY25OCT12900PE,54.6,5370.0,Monitoring
2025-10-10,12:50:00,HOLD,MIDCPNIFTY25OCT12900PE,54.85,5340.0,Monitoring
2025-10-10,12:55:00,HOLD,MIDCPNIFTY25OCT12900PE,54.1,5430.0,Monitoring
2025-10-10,13:00:00,HOLD,MIDCPNIFTY25OCT12900PE,51.5,5742.0,Monitoring
2025-10-10,13:05:00,HOLD,MIDCPNIFTY25OCT12900PE,54.0,5442.0,Monitoring
2025-10-10,13:10:00,HOLD,MIDCPNIFTY25OCT12900PE,53.15,5544.0,Monitoring
2025-10-10,13:15:00,HOLD,MIDCPNIFTY25OCT12900PE,55.0,5322.0,Monitoring
2025-10-10,13:20:00,HOLD,MIDCPNIFTY25OCT12900PE,54.45,5388.0,Monitoring
2025-10-10,13:25:00,HOLD,MIDCPNIFTY25OCT12900PE,54.65,5364.0,Monitoring
2025-10-10,13:30:00,HOLD,MIDCPNIFTY25OCT12900PE,54.3,5406.0,Monitoring
2025-10-10,13:35:00,HOLD,MIDCPNIFTY25OCT12900PE,54.65,5364.0,Monitoring
2025-10-10,13:40:00,HOLD,MIDCPNIFTY25OCT12900PE,54.8,5346.0,Monitoring
2025-10-10,13:45:00,HOLD,MIDCPNIFTY25OCT12900PE,53.3,5526.0,Monitoring
2025-10-10,13:50:00,HOLD,MIDCPNIFTY25OCT12900PE,53.7,5478.0,Monitoring
2025-10-10,13:55:00,HOLD,MIDCPNIFTY25OCT12900PE,56.05,5196.0,Monitoring
2025-10-10,14:00:00,HOLD,MIDCPNIFTY25OCT12900PE,55.05,5316.0,Monitoring
2025-10-10,14:05:00,HOLD,MIDCPNIFTY25OCT12900PE,56.45,5148.0,Monitoring
2025-10-10,14:10:00,HOLD,MIDCPNIFTY25OCT12900PE,55.15,5304.0,Monitoring
2025-10-10,14:15:00,HOLD,MIDCPNIFTY25OCT12900PE,56.35,5160.0,Monitoring
2025-10-10,14:20:00,HOLD,MIDCPNIFTY25OCT12900PE,52.6,5610.0,Monitoring
2025-10-10,14:25:00,HOLD,MIDCPNIFTY25OCT12900PE,52.05,5676.0,Monitoring
2025-10-10,14:30:00,HOLD,MIDCPNIFTY25OCT12900PE,52.55,5616.0,Monitoring
2025-10-10,14:35:00,HOLD,MIDCPNIFTY25OCT12900PE,52.5,5622.0,Monitoring
2025-10-10,14:40:00,HOLD,MIDCPNIFTY25OCT12900PE,53.2,5538.0,Monitoring
2025-10-10,14:45:00,HOLD,MIDCPNIFTY25OCT12900PE,54.65,5364.0,Monitoring
2025-10-10,14:50:00,HOLD,MIDCPNIFTY25OCT12900PE,54.2,5418.0,Monitoring
2025-10-10,14:55:00,HOLD,MIDCPNIFTY25OCT12900PE,53.0,5562.0,Monitoring
2025-10-10,15:00:00,HOLD,MIDCPNIFTY25OCT12900PE,55.1,5310.0,Monitoring
2025-10-10,15:05:00,HOLD,MIDCPNIFTY25OCT12900PE,58.8,4866.0,Monitoring
2025-10-10,15:10:00,HOLD,MIDCPNIFTY25OCT12900PE,58.65,4884.0,Monitoring
2025-10-10,15:15:00,HOLD,MIDCPNIFTY25OCT12900PE,57.05,5076.0,Monitoring
2025-10-10,15:20:00,HOLD,MIDCPNIFTY25OCT12900PE,58.3,4926.0,Monitoring
2025-10-10,15:25:00,HOLD,MIDCPNIFTY25OCT12900PE,59.15,4824.0,Monitoring
2025-10-13,09:15:00,HOLD,MIDCPNIFTY25OCT12900PE,66.85,3900.0,Monitoring
2025-10-13,09:20:00,HOLD,MIDCPNIFTY25OCT12900PE,65.35,4080.0,Monitoring
2025-10-13,09:25:00,HOLD,MIDCPNIFTY25OCT12900PE,72.75,3192.0,Monitoring
2025-10-13,09:30:00,HOLD,MIDCPNIFTY25OCT12900PE,79.75,2352.0,Monitoring
2025-10-13,09:35:00,HOLD,MIDCPNIFTY25OCT12900PE,74.65,2964.0,Monitoring
2025-10-13,09:40:00,HOLD,MIDCPNIFTY25OCT12900PE,77.1,2670.0,Monitoring
2025-10-13,09:40:00,BUY_EXIT,MIDCPNIFTY25OCT12900PE,77.1,2670.0,EMA_REVERSAL_SL
