Date,Time,Event,Ticker,Price,PnL_INR,Info
2024-12-11,14:00:00,SELL_ENTRY,MIDCPNIFTY24DEC13000PE,113.5,0.0,Signal PE | Short
2024-12-11,14:05:00,HOLD,MIDCPNIFTY24DEC13000PE,113.8,-36.0,Monitoring
2024-12-11,14:10:00,HOLD,MIDCPNIFTY24DEC13000PE,117.3,-456.0,Monitoring
2024-12-11,14:15:00,HOLD,MIDCPNIFTY24DEC13000PE,116.85,-402.0,Monitoring
2024-12-11,14:20:00,HOLD,MIDCPNIFTY24DEC13000PE,116.7,-384.0,Monitoring
2024-12-11,14:25:00,HOLD,MIDCPNIFTY24DEC13000PE,116.95,-414.0,Monitoring
2024-12-11,14:30:00,HOLD,MIDCPNIFTY24DEC13000PE,118.0,-540.0,Monitoring
2024-12-11,14:35:00,HOLD,MIDCPNIFTY24DEC13000PE,116.8,-396.0,Monitoring
2024-12-11,14:40:00,HOLD,MIDCPNIFTY24DEC13000PE,117.3,-456.0,Monitoring
2024-12-11,14:45:00,HOLD,MIDCPNIFTY24DEC13000PE,122.35,-1062.0,Monitoring
2024-12-11,14:50:00,HOLD,MIDCPNIFTY24DEC13000PE,122.65,-1098.0,Monitoring
2024-12-11,14:55:00,HOLD,MIDCPNIFTY24DEC13000PE,122.15,-1038.0,Monitoring
2024-12-11,15:00:00,HOLD,MIDCPNIFTY24DEC13000PE,116.0,-300.0,Monitoring
2024-12-11,15:05:00,HOLD,MIDCPNIFTY24DEC13000PE,117.55,-486.0,Monitoring
2024-12-11,15:10:00,HOLD,MIDCPNIFTY24DEC13000PE,112.85,78.0,Monitoring
2024-12-11,15:15:00,HOLD,MIDCPNIFTY24DEC13000PE,113.45,6.0,Monitoring
2024-12-11,15:20:00,HOLD,MIDCPNIFTY24DEC13000PE,114.5,-120.0,Monitoring
2024-12-11,15:25:00,HOLD,MIDCPNIFTY24DEC13000PE,111.75,210.0,Monitoring
2024-12-12,09:15:00,HOLD,MIDCPNIFTY24DEC13000PE,103.45,1206.0,Monitoring
2024-12-12,09:20:00,HOLD,MIDCPNIFTY24DEC13000PE,101.85,1398.0,Monitoring
2024-12-12,09:25:00,HOLD,MIDCPNIFTY24DEC13000PE,102.6,1308.0,Monitoring
2024-12-12,09:30:00,HOLD,MIDCPNIFTY24DEC13000PE,105.0,1020.0,Monitoring
2024-12-12,09:35:00,HOLD,MIDCPNIFTY24DEC13000PE,103.5,1200.0,Monitoring
2024-12-12,09:40:00,HOLD,MIDCPNIFTY24DEC13000PE,106.25,870.0,Monitoring
2024-12-12,09:45:00,HOLD,MIDCPNIFTY24DEC13000PE,107.3,744.0,Monitoring
2024-12-12,09:50:00,HOLD,MIDCPNIFTY24DEC13000PE,102.3,1344.0,Monitoring
2024-12-12,09:55:00,HOLD,MIDCPNIFTY24DEC13000PE,103.5,1200.0,Monitoring
2024-12-12,10:00:00,HOLD,MIDCPNIFTY24DEC13000PE,102.3,1344.0,Monitoring
2024-12-12,10:05:00,HOLD,MIDCPNIFTY24DEC13000PE,104.75,1050.0,Monitoring
2024-12-12,10:10:00,HOLD,MIDCPNIFTY24DEC13000PE,105.3,984.0,Monitoring
2024-12-12,10:15:00,HOLD,MIDCPNIFTY24DEC13000PE,102.3,1344.0,Monitoring
2024-12-12,10:20:00,HOLD,MIDCPNIFTY24DEC13000PE,102.7,1296.0,Monitoring
2024-12-12,10:25:00,HOLD,MIDCPNIFTY24DEC13000PE,104.05,1134.0,Monitoring
2024-12-12,10:30:00,HOLD,MIDCPNIFTY24DEC13000PE,105.75,930.0,Monitoring
2024-12-12,10:35:00,HOLD,MIDCPNIFTY24DEC13000PE,107.1,768.0,Monitoring
2024-12-12,10:40:00,HOLD,MIDCPNIFTY24DEC13000PE,107.4,732.0,Monitoring
2024-12-12,10:45:00,HOLD,MIDCPNIFTY24DEC13000PE,106.5,840.0,Monitoring
2024-12-12,10:50:00,HOLD,MIDCPNIFTY24DEC13000PE,109.1,528.0,Monitoring
2024-12-12,10:55:00,HOLD,MIDCPNIFTY24DEC13000PE,110.1,408.0,Monitoring
2024-12-12,11:00:00,HOLD,MIDCPNIFTY24DEC13000PE,123.5,-1200.0,Monitoring
2024-12-12,11:05:00,HOLD,MIDCPNIFTY24DEC13000PE,122.55,-1086.0,Monitoring
2024-12-12,11:10:00,HOLD,MIDCPNIFTY24DEC13000PE,120.3,-816.0,Monitoring
2024-12-12,11:15:00,HOLD,MIDCPNIFTY24DEC13000PE,120.9,-888.0,Monitoring
2024-12-12,11:20:00,HOLD,MIDCPNIFTY24DEC13000PE,120.75,-870.0,Monitoring
2024-12-12,11:25:00,HOLD,MIDCPNIFTY24DEC13000PE,121.2,-924.0,Monitoring
2024-12-12,11:30:00,HOLD,MIDCPNIFTY24DEC13000PE,119.25,-690.0,Monitoring
2024-12-12,11:35:00,HOLD,MIDCPNIFTY24DEC13000PE,120.4,-828.0,Monitoring
2024-12-12,11:40:00,HOLD,MIDCPNIFTY24DEC13000PE,118.2,-564.0,Monitoring
2024-12-12,11:45:00,HOLD,MIDCPNIFTY24DEC13000PE,119.1,-672.0,Monitoring
2024-12-12,11:50:00,HOLD,MIDCPNIFTY24DEC13000PE,119.75,-750.0,Monitoring
2024-12-12,11:55:00,HOLD,MIDCPNIFTY24DEC13000PE,119.0,-660.0,Monitoring
2024-12-12,12:00:00,HOLD,MIDCPNIFTY24DEC13000PE,123.95,-1254.0,Monitoring
2024-12-12,12:05:00,HOLD,MIDCPNIFTY24DEC13000PE,121.6,-972.0,Monitoring
2024-12-12,12:10:00,HOLD,MIDCPNIFTY24DEC13000PE,125.55,-1446.0,Monitoring
2024-12-12,12:15:00,HOLD,MIDCPNIFTY24DEC13000PE,132.6,-2292.0,Monitoring
2024-12-12,12:15:00,BUY_EXIT,MIDCPNIFTY24DEC13000PE,132.6,-2292.0,EMA_REVERSAL_SL
