Date,Time,Event,Ticker,Price,PnL_INR,Info
2025-05-08,14:00:00,SELL_ENTRY,MIDCPNIFTY25MAY12300CE,223.3,0.0,Signal CE | Short
2025-05-08,14:05:00,HOLD,MIDCPNIFTY25MAY12300CE,218.25,606.0,Monitoring
2025-05-08,14:10:00,HOLD,MIDCPNIFTY25MAY12300CE,212.8,1260.0,Monitoring
2025-05-08,14:15:00,HOLD,MIDCPNIFTY25MAY12300CE,224.1,-96.0,Monitoring
2025-05-08,14:20:00,HOLD,MIDCPNIFTY25MAY12300CE,227.3,-480.0,Monitoring
2025-05-08,14:25:00,HOLD,MIDCPNIFTY25MAY12300CE,235.55,-1470.0,Monitoring
2025-05-08,14:30:00,HOLD,MIDCPNIFTY25MAY12300CE,233.7,-1248.0,Monitoring
2025-05-08,14:35:00,HOLD,MIDCPNIFTY25MAY12300CE,230.0,-804.0,Monitoring
2025-05-08,14:40:00,HOLD,MIDCPNIFTY25MAY12300CE,233.15,-1182.0,Monitoring
2025-05-08,14:45:00,HOLD,MIDCPNIFTY25MAY12300CE,225.8,-300.0,Monitoring
2025-05-08,14:50:00,HOLD,MIDCPNIFTY25MAY12300CE,216.9,768.0,Monitoring
2025-05-08,14:55:00,HOLD,MIDCPNIFTY25MAY12300CE,210.0,1596.0,Monitoring
2025-05-08,15:00:00,HOLD,MIDCPNIFTY25MAY12300CE,205.55,2130.0,Monitoring
2025-05-08,15:05:00,HOLD,MIDCPNIFTY25MAY12300CE,213.95,1122.0,Monitoring
2025-05-08,15:10:00,HOLD,MIDCPNIFTY25MAY12300CE,210.9,1488.0,Monitoring
2025-05-08,15:15:00,HOLD,MIDCPNIFTY25MAY12300CE,205.05,2190.0,Monitoring
2025-05-08,15:20:00,HOLD,MIDCPNIFTY25MAY12300CE,192.25,3726.0,Monitoring
2025-05-08,15:25:00,HOLD,MIDCPNIFTY25MAY12300CE,181.0,5076.0,Monitoring
2025-05-09,09:15:00,HOLD,MIDCPNIFTY25MAY12300CE,163.7,7152.0,Monitoring
2025-05-09,09:20:00,HOLD,MIDCPNIFTY25MAY12300CE,155.7,8112.0,Monitoring
2025-05-09,09:25:00,HOLD,MIDCPNIFTY25MAY12300CE,166.7,6792.0,Monitoring
2025-05-09,09:30:00,HOLD,MIDCPNIFTY25MAY12300CE,173.3,6000.0,Monitoring
2025-05-09,09:35:00,HOLD,MIDCPNIFTY25MAY12300CE,196.9,3168.0,Monitoring
2025-05-09,09:40:00,HOLD,MIDCPNIFTY25MAY12300CE,186.1,4464.0,Monitoring
2025-05-09,09:45:00,HOLD,MIDCPNIFTY25MAY12300CE,169.65,6438.0,Monitoring
2025-05-09,09:50:00,HOLD,MIDCPNIFTY25MAY12300CE,171.15,6258.0,Monitoring
2025-05-09,09:55:00,HOLD,MIDCPNIFTY25MAY12300CE,168.05,6630.0,Monitoring
2025-05-09,10:00:00,HOLD,MIDCPNIFTY25MAY12300CE,160.0,7596.0,Monitoring
2025-05-09,10:05:00,HOLD,MIDCPNIFTY25MAY12300CE,164.25,7086.0,Monitoring
2025-05-09,10:10:00,HOLD,MIDCPNIFTY25MAY12300CE,180.15,5178.0,Monitoring
2025-05-09,10:15:00,HOLD,MIDCPNIFTY25MAY12300CE,175.6,5724.0,Monitoring
2025-05-09,10:20:00,HOLD,MIDCPNIFTY25MAY12300CE,187.55,4290.0,Monitoring
2025-05-09,10:25:00,HOLD,MIDCPNIFTY25MAY12300CE,181.5,5016.0,Monitoring
2025-05-09,10:30:00,HOLD,MIDCPNIFTY25MAY12300CE,177.0,5556.0,Monitoring
2025-05-09,10:35:00,HOLD,MIDCPNIFTY25MAY12300CE,172.3,6120.0,Monitoring
2025-05-09,10:40:00,HOLD,MIDCPNIFTY25MAY12300CE,171.0,6276.0,Monitoring
2025-05-09,10:45:00,HOLD,MIDCPNIFTY25MAY12300CE,172.75,6066.0,Monitoring
2025-05-09,10:50:00,HOLD,MIDCPNIFTY25MAY12300CE,165.1,6984.0,Monitoring
2025-05-09,10:55:00,HOLD,MIDCPNIFTY25MAY12300CE,167.75,6666.0,Monitoring
2025-05-09,11:00:00,HOLD,MIDCPNIFTY25MAY12300CE,181.05,5070.0,Monitoring
2025-05-09,11:05:00,HOLD,MIDCPNIFTY25MAY12300CE,178.0,5436.0,Monitoring
2025-05-09,11:10:00,HOLD,MIDCPNIFTY25MAY12300CE,179.0,5316.0,Monitoring
2025-05-09,11:15:00,HOLD,MIDCPNIFTY25MAY12300CE,181.5,5016.0,Monitoring
2025-05-09,11:20:00,HOLD,MIDCPNIFTY25MAY12300CE,184.75,4626.0,Monitoring
2025-05-09,11:25:00,HOLD,MIDCPNIFTY25MAY12300CE,201.8,2580.0,Monitoring
2025-05-09,11:30:00,HOLD,MIDCPNIFTY25MAY12300CE,208.4,1788.0,Monitoring
2025-05-09,11:35:00,HOLD,MIDCPNIFTY25MAY12300CE,216.2,852.0,Monitoring
2025-05-09,11:40:00,HOLD,MIDCPNIFTY25MAY12300CE,207.45,1902.0,Monitoring
2025-05-09,11:45:00,HOLD,MIDCPNIFTY25MAY12300CE,192.75,3666.0,Monitoring
2025-05-09,11:50:00,HOLD,MIDCPNIFTY25MAY12300CE,210.0,1596.0,Monitoring
2025-05-09,11:55:00,HOLD,MIDCPNIFTY25MAY12300CE,220.55,330.0,Monitoring
2025-05-09,12:00:00,HOLD,MIDCPNIFTY25MAY12300CE,203.1,2424.0,Monitoring
2025-05-09,12:05:00,HOLD,MIDCPNIFTY25MAY12300CE,211.0,1476.0,Monitoring
2025-05-09,12:10:00,HOLD,MIDCPNIFTY25MAY12300CE,218.95,522.0,Monitoring
2025-05-09,12:15:00,HOLD,MIDCPNIFTY25MAY12300CE,197.8,3060.0,Monitoring
2025-05-09,12:20:00,HOLD,MIDCPNIFTY25MAY12300CE,201.45,2622.0,Monitoring
2025-05-09,12:25:00,HOLD,MIDCPNIFTY25MAY12300CE,197.05,3150.0,Monitoring
2025-05-09,12:30:00,HOLD,MIDCPNIFTY25MAY12300CE,184.45,4662.0,Monitoring
2025-05-09,12:35:00,HOLD,MIDCPNIFTY25MAY12300CE,195.15,3378.0,Monitoring
2025-05-09,12:40:00,HOLD,MIDCPNIFTY25MAY12300CE,182.0,4956.0,Monitoring
2025-05-09,12:45:00,HOLD,MIDCPNIFTY25MAY12300CE,189.0,4116.0,Monitoring
2025-05-09,12:50:00,HOLD,MIDCPNIFTY25MAY12300CE,199.3,2880.0,Monitoring
2025-05-09,12:55:00,HOLD,MIDCPNIFTY25MAY12300CE,187.8,4260.0,Monitoring
2025-05-09,13:00:00,HOLD,MIDCPNIFTY25MAY12300CE,188.85,4134.0,Monitoring
2025-05-09,13:05:00,HOLD,MIDCPNIFTY25MAY12300CE,180.05,5190.0,Monitoring
2025-05-09,13:10:00,HOLD,MIDCPNIFTY25MAY12300CE,185.45,4542.0,Monitoring
2025-05-09,13:15:00,HOLD,MIDCPNIFTY25MAY12300CE,191.0,3876.0,Monitoring
2025-05-09,13:20:00,HOLD,MIDCPNIFTY25MAY12300CE,182.15,4938.0,Monitoring
2025-05-09,13:25:00,HOLD,MIDCPNIFTY25MAY12300CE,178.0,5436.0,Monitoring
2025-05-09,13:30:00,HOLD,MIDCPNIFTY25MAY12300CE,179.65,5238.0,Monitoring
2025-05-09,13:35:00,HOLD,MIDCPNIFTY25MAY12300CE,183.0,4836.0,Monitoring
2025-05-09,13:40:00,HOLD,MIDCPNIFTY25MAY12300CE,189.3,4080.0,Monitoring
2025-05-09,13:45:00,HOLD,MIDCPNIFTY25MAY12300CE,184.5,4656.0,Monitoring
2025-05-09,13:50:00,HOLD,MIDCPNIFTY25MAY12300CE,202.8,2460.0,Monitoring
2025-05-09,13:55:00,HOLD,MIDCPNIFTY25MAY12300CE,191.05,3870.0,Monitoring
2025-05-09,14:00:00,HOLD,MIDCPNIFTY25MAY12300CE,198.7,2952.0,Monitoring
2025-05-09,14:05:00,HOLD,MIDCPNIFTY25MAY12300CE,191.1,3864.0,Monitoring
2025-05-09,14:10:00,HOLD,MIDCPNIFTY25MAY12300CE,201.05,2670.0,Monitoring
2025-05-09,14:15:00,HOLD,MIDCPNIFTY25MAY12300CE,212.0,1356.0,Monitoring
2025-05-09,14:20:00,HOLD,MIDCPNIFTY25MAY12300CE,192.05,3750.0,Monitoring
2025-05-09,14:25:00,HOLD,MIDCPNIFTY25MAY12300CE,185.0,4596.0,Monitoring
2025-05-09,14:30:00,HOLD,MIDCPNIFTY25MAY12300CE,199.95,2802.0,Monitoring
2025-05-09,14:35:00,HOLD,MIDCPNIFTY25MAY12300CE,200.95,2682.0,Monitoring
2025-05-09,14:40:00,HOLD,MIDCPNIFTY25MAY12300CE,197.85,3054.0,Monitoring
2025-05-09,14:45:00,HOLD,MIDCPNIFTY25MAY12300CE,205.0,2196.0,Monitoring
2025-05-09,14:50:00,HOLD,MIDCPNIFTY25MAY12300CE,212.5,1296.0,Monitoring
2025-05-09,14:55:00,HOLD,MIDCPNIFTY25MAY12300CE,216.25,846.0,Monitoring
2025-05-09,15:00:00,HOLD,MIDCPNIFTY25MAY12300CE,222.0,156.0,Monitoring
2025-05-09,15:05:00,HOLD,MIDCPNIFTY25MAY12300CE,216.7,792.0,Monitoring
2025-05-09,15:10:00,HOLD,MIDCPNIFTY25MAY12300CE,212.4,1308.0,Monitoring
2025-05-09,15:15:00,HOLD,MIDCPNIFTY25MAY12300CE,226.25,-354.0,Monitoring
2025-05-09,15:20:00,HOLD,MIDCPNIFTY25MAY12300CE,219.05,510.0,Monitoring
2025-05-09,15:25:00,HOLD,MIDCPNIFTY25MAY12300CE,222.95,42.0,Monitoring
2025-05-09,15:25:00,BUY_EXIT,MIDCPNIFTY25MAY12300CE,222.95,42.0,EMA_REVERSAL_SL
