Date,Time,Event,Ticker,Price,PnL_INR,Info
2025-07-28,14:00:00,SELL_ENTRY,MIDCPNIFTY25AUG13000CE,220.9,0.0,Signal CE | Short
2025-07-28,14:05:00,HOLD,MIDCPNIFTY25AUG13000CE,225.0,-492.0,Monitoring
2025-07-28,14:10:00,HOLD,MIDCPNIFTY25AUG13000CE,225.45,-546.0,Monitoring
2025-07-28,14:15:00,HOLD,MIDCPNIFTY25AUG13000CE,223.55,-318.0,Monitoring
2025-07-28,14:20:00,HOLD,MIDCPNIFTY25AUG13000CE,231.8,-1308.0,Monitoring
2025-07-28,14:25:00,HOLD,MIDCPNIFTY25AUG13000CE,230.75,-1182.0,Monitoring
2025-07-28,14:30:00,HOLD,MIDCPNIFTY25AUG13000CE,226.2,-636.0,Monitoring
2025-07-28,14:35:00,HOLD,MIDCPNIFTY25AUG13000CE,241.4,-2460.0,Monitoring
2025-07-28,14:40:00,HOLD,MIDCPNIFTY25AUG13000CE,258.0,-4452.0,Monitoring
2025-07-28,14:45:00,HOLD,MIDCPNIFTY25AUG13000CE,240.35,-2334.0,Monitoring
2025-07-28,14:50:00,HOLD,MIDCPNIFTY25AUG13000CE,265.0,-5292.0,Monitoring
2025-07-28,14:55:00,HOLD,MIDCPNIFTY25AUG13000CE,262.85,-5034.0,Monitoring
2025-07-28,15:00:00,HOLD,MIDCPNIFTY25AUG13000CE,257.25,-4362.0,Monitoring
2025-07-28,15:05:00,HOLD,MIDCPNIFTY25AUG13000CE,261.8,-4908.0,Monitoring
2025-07-28,15:10:00,HOLD,MIDCPNIFTY25AUG13000CE,252.0,-3732.0,Monitoring
2025-07-28,15:15:00,HOLD,MIDCPNIFTY25AUG13000CE,250.55,-3558.0,Monitoring
2025-07-28,15:20:00,HOLD,MIDCPNIFTY25AUG13000CE,246.0,-3012.0,Monitoring
2025-07-28,15:25:00,HOLD,MIDCPNIFTY25AUG13000CE,240.0,-2292.0,Monitoring
2025-07-29,09:15:00,HOLD,MIDCPNIFTY25AUG13000CE,261.5,-4872.0,Monitoring
2025-07-29,09:20:00,HOLD,MIDCPNIFTY25AUG13000CE,268.0,-5652.0,Monitoring
2025-07-29,09:25:00,HOLD,MIDCPNIFTY25AUG13000CE,269.95,-5886.0,Monitoring
2025-07-29,09:30:00,HOLD,MIDCPNIFTY25AUG13000CE,267.85,-5634.0,Monitoring
2025-07-29,09:35:00,HOLD,MIDCPNIFTY25AUG13000CE,255.0,-4092.0,Monitoring
2025-07-29,09:40:00,HOLD,MIDCPNIFTY25AUG13000CE,262.0,-4932.0,Monitoring
2025-07-29,09:45:00,HOLD,MIDCPNIFTY25AUG13000CE,274.6,-6444.0,Monitoring
2025-07-29,09:50:00,HOLD,MIDCPNIFTY25AUG13000CE,291.05,-8418.0,Monitoring
2025-07-29,09:55:00,HOLD,MIDCPNIFTY25AUG13000CE,279.55,-7038.0,Monitoring
2025-07-29,10:00:00,HOLD,MIDCPNIFTY25AUG13000CE,285.8,-7788.0,Monitoring
2025-07-29,10:05:00,HOLD,MIDCPNIFTY25AUG13000CE,290.0,-8292.0,Monitoring
2025-07-29,10:10:00,HOLD,MIDCPNIFTY25AUG13000CE,269.35,-5814.0,Monitoring
2025-07-29,10:15:00,HOLD,MIDCPNIFTY25AUG13000CE,263.35,-5094.0,Monitoring
2025-07-29,10:20:00,HOLD,MIDCPNIFTY25AUG13000CE,252.8,-3828.0,Monitoring
2025-07-29,10:25:00,HOLD,MIDCPNIFTY25AUG13000CE,246.95,-3126.0,Monitoring
2025-07-29,10:30:00,HOLD,MIDCPNIFTY25AUG13000CE,256.5,-4272.0,Monitoring
2025-07-29,10:35:00,HOLD,MIDCPNIFTY25AUG13000CE,250.0,-3492.0,Monitoring
2025-07-29,10:40:00,HOLD,MIDCPNIFTY25AUG13000CE,250.0,-3492.0,Monitoring
2025-07-29,10:45:00,HOLD,MIDCPNIFTY25AUG13000CE,236.75,-1902.0,Monitoring
2025-07-29,10:50:00,HOLD,MIDCPNIFTY25AUG13000CE,249.5,-3432.0,Monitoring
2025-07-29,10:55:00,HOLD,MIDCPNIFTY25AUG13000CE,246.55,-3078.0,Monitoring
2025-07-29,11:00:00,HOLD,MIDCPNIFTY25AUG13000CE,254.0,-3972.0,Monitoring
2025-07-29,11:05:00,HOLD,MIDCPNIFTY25AUG13000CE,251.0,-3612.0,Monitoring
2025-07-29,11:10:00,HOLD,MIDCPNIFTY25AUG13000CE,260.7,-4776.0,Monitoring
2025-07-29,11:15:00,HOLD,MIDCPNIFTY25AUG13000CE,269.0,-5772.0,Monitoring
2025-07-29,11:20:00,HOLD,MIDCPNIFTY25AUG13000CE,270.0,-5892.0,Monitoring
2025-07-29,11:25:00,HOLD,MIDCPNIFTY25AUG13000CE,271.15,-6030.0,Monitoring
2025-07-29,11:30:00,HOLD,MIDCPNIFTY25AUG13000CE,280.0,-7092.0,Monitoring
2025-07-29,11:35:00,HOLD,MIDCPNIFTY25AUG13000CE,271.0,-6012.0,Monitoring
2025-07-29,11:40:00,HOLD,MIDCPNIFTY25AUG13000CE,260.0,-4692.0,Monitoring
2025-07-29,11:45:00,HOLD,MIDCPNIFTY25AUG13000CE,255.0,-4092.0,Monitoring
2025-07-29,11:50:00,HOLD,MIDCPNIFTY25AUG13000CE,262.7,-5016.0,Monitoring
2025-07-29,11:55:00,HOLD,MIDCPNIFTY25AUG13000CE,255.5,-4152.0,Monitoring
2025-07-29,12:00:00,HOLD,MIDCPNIFTY25AUG13000CE,255.5,-4152.0,Monitoring
2025-07-29,12:05:00,HOLD,MIDCPNIFTY25AUG13000CE,275.0,-6492.0,Monitoring
2025-07-29,12:10:00,HOLD,MIDCPNIFTY25AUG13000CE,279.4,-7020.0,Monitoring
2025-07-29,12:15:00,HOLD,MIDCPNIFTY25AUG13000CE,285.25,-7722.0,Monitoring
2025-07-29,12:20:00,HOLD,MIDCPNIFTY25AUG13000CE,281.7,-7296.0,Monitoring
2025-07-29,12:25:00,HOLD,MIDCPNIFTY25AUG13000CE,287.7,-8016.0,Monitoring
2025-07-29,12:25:00,BUY_EXIT,MIDCPNIFTY25AUG13000CE,287.7,-8016.0,EMA_REVERSAL_SL
