Date,Time,Event,Ticker,Price,PnL_INR,Info
2024-08-09,14:00:00,SELL_ENTRY,MIDCPNIFTY24AUG12600PE,215.0,0.0,Signal PE | Short
2024-08-09,14:05:00,HOLD,MIDCPNIFTY24AUG12600PE,215.0,0.0,Monitoring
2024-08-09,14:10:00,HOLD,MIDCPNIFTY24AUG12600PE,215.0,0.0,Monitoring
2024-08-09,14:15:00,HOLD,MIDCPNIFTY24AUG12600PE,215.0,0.0,Monitoring
2024-08-09,14:20:00,HOLD,MIDCPNIFTY24AUG12600PE,215.0,0.0,Monitoring
2024-08-09,14:25:00,HOLD,MIDCPNIFTY24AUG12600PE,215.05,-6.0,Monitoring
2024-08-09,14:30:00,HOLD,MIDCPNIFTY24AUG12600PE,215.05,-6.0,Monitoring
2024-08-09,14:35:00,HOLD,MIDCPNIFTY24AUG12600PE,215.05,-6.0,Monitoring
2024-08-09,14:40:00,HOLD,MIDCPNIFTY24AUG12600PE,215.05,-6.0,Monitoring
2024-08-09,14:45:00,HOLD,MIDCPNIFTY24AUG12600PE,184.95,3606.0,Monitoring
2024-08-09,14:50:00,HOLD,MIDCPNIFTY24AUG12600PE,231.0,-1920.0,Monitoring
2024-08-09,14:55:00,HOLD,MIDCPNIFTY24AUG12600PE,231.0,-1920.0,Monitoring
2024-08-09,15:00:00,HOLD,MIDCPNIFTY24AUG12600PE,231.0,-1920.0,Monitoring
2024-08-09,15:05:00,HOLD,MIDCPNIFTY24AUG12600PE,231.0,-1920.0,Monitoring
2024-08-09,15:10:00,HOLD,MIDCPNIFTY24AUG12600PE,212.0,360.0,Monitoring
2024-08-09,15:15:00,HOLD,MIDCPNIFTY24AUG12600PE,212.0,360.0,Monitoring
2024-08-09,15:20:00,HOLD,MIDCPNIFTY24AUG12600PE,212.0,360.0,Monitoring
2024-08-09,15:25:00,HOLD,MIDCPNIFTY24AUG12600PE,212.0,360.0,Monitoring
2024-08-12,09:15:00,HOLD,MIDCPNIFTY24AUG12600PE,212.0,360.0,Monitoring
2024-08-12,09:20:00,HOLD,MIDCPNIFTY24AUG12600PE,212.0,360.0,Monitoring
2024-08-12,09:25:00,HOLD,MIDCPNIFTY24AUG12600PE,212.0,360.0,Monitoring
2024-08-12,09:30:00,HOLD,MIDCPNIFTY24AUG12600PE,212.0,360.0,Monitoring
2024-08-12,09:35:00,HOLD,MIDCPNIFTY24AUG12600PE,237.65,-2718.0,Monitoring
2024-08-12,09:40:00,HOLD,MIDCPNIFTY24AUG12600PE,237.65,-2718.0,Monitoring
2024-08-12,09:45:00,HOLD,MIDCPNIFTY24AUG12600PE,233.05,-2166.0,Monitoring
2024-08-12,09:50:00,HOLD,MIDCPNIFTY24AUG12600PE,233.05,-2166.0,Monitoring
2024-08-12,09:55:00,HOLD,MIDCPNIFTY24AUG12600PE,237.8,-2736.0,Monitoring
2024-08-12,10:00:00,HOLD,MIDCPNIFTY24AUG12600PE,244.4,-3528.0,Monitoring
2024-08-12,10:05:00,HOLD,MIDCPNIFTY24AUG12600PE,250.0,-4200.0,Monitoring
2024-08-12,10:05:00,BUY_EXIT,MIDCPNIFTY24AUG12600PE,250.0,-4200.0,EMA_REVERSAL_SL
