Date,Time,Event,Ticker,Price,PnL_INR,Info
2025-04-16,14:00:00,SELL_ENTRY,MIDCPNIFTY25APR11600CE,135.05,0.0,Signal CE | Short
2025-04-16,14:05:00,HOLD,MIDCPNIFTY25APR11600CE,136.0,-114.0,Monitoring
2025-04-16,14:10:00,HOLD,MIDCPNIFTY25APR11600CE,144.15,-1092.0,Monitoring
2025-04-16,14:15:00,HOLD,MIDCPNIFTY25APR11600CE,142.15,-852.0,Monitoring
2025-04-16,14:20:00,HOLD,MIDCPNIFTY25APR11600CE,135.4,-42.0,Monitoring
2025-04-16,14:25:00,HOLD,MIDCPNIFTY25APR11600CE,132.1,354.0,Monitoring
2025-04-16,14:30:00,HOLD,MIDCPNIFTY25APR11600CE,131.0,486.0,Monitoring
2025-04-16,14:35:00,HOLD,MIDCPNIFTY25APR11600CE,131.8,390.0,Monitoring
2025-04-16,14:40:00,HOLD,MIDCPNIFTY25APR11600CE,135.85,-96.0,Monitoring
2025-04-16,14:45:00,HOLD,MIDCPNIFTY25APR11600CE,134.2,102.0,Monitoring
2025-04-16,14:50:00,HOLD,MIDCPNIFTY25APR11600CE,134.05,120.0,Monitoring
2025-04-16,14:55:00,HOLD,MIDCPNIFTY25APR11600CE,137.15,-252.0,Monitoring
2025-04-16,15:00:00,HOLD,MIDCPNIFTY25APR11600CE,142.25,-864.0,Monitoring
2025-04-16,15:05:00,HOLD,MIDCPNIFTY25APR11600CE,141.55,-780.0,Monitoring
2025-04-16,15:10:00,HOLD,MIDCPNIFTY25APR11600CE,134.6,54.0,Monitoring
2025-04-16,15:15:00,HOLD,MIDCPNIFTY25APR11600CE,137.0,-234.0,Monitoring
2025-04-16,15:20:00,HOLD,MIDCPNIFTY25APR11600CE,134.8,30.0,Monitoring
2025-04-16,15:25:00,HOLD,MIDCPNIFTY25APR11600CE,133.85,144.0,Monitoring
2025-04-17,09:15:00,HOLD,MIDCPNIFTY25APR11600CE,130.35,564.0,Monitoring
2025-04-17,09:20:00,HOLD,MIDCPNIFTY25APR11600CE,102.8,3870.0,Monitoring
2025-04-17,09:25:00,HOLD,MIDCPNIFTY25APR11600CE,108.0,3246.0,Monitoring
2025-04-17,09:30:00,HOLD,MIDCPNIFTY25APR11600CE,101.85,3984.0,Monitoring
2025-04-17,09:35:00,HOLD,MIDCPNIFTY25APR11600CE,107.45,3312.0,Monitoring
2025-04-17,09:40:00,HOLD,MIDCPNIFTY25APR11600CE,114.55,2460.0,Monitoring
2025-04-17,09:45:00,HOLD,MIDCPNIFTY25APR11600CE,118.0,2046.0,Monitoring
2025-04-17,09:50:00,HOLD,MIDCPNIFTY25APR11600CE,111.0,2886.0,Monitoring
2025-04-17,09:55:00,HOLD,MIDCPNIFTY25APR11600CE,108.9,3138.0,Monitoring
2025-04-17,10:00:00,HOLD,MIDCPNIFTY25APR11600CE,101.5,4026.0,Monitoring
2025-04-17,10:05:00,HOLD,MIDCPNIFTY25APR11600CE,95.4,4758.0,Monitoring
2025-04-17,10:10:00,HOLD,MIDCPNIFTY25APR11600CE,98.0,4446.0,Monitoring
2025-04-17,10:15:00,HOLD,MIDCPNIFTY25APR11600CE,99.0,4326.0,Monitoring
2025-04-17,10:20:00,HOLD,MIDCPNIFTY25APR11600CE,107.9,3258.0,Monitoring
2025-04-17,10:25:00,HOLD,MIDCPNIFTY25APR11600CE,110.65,2928.0,Monitoring
2025-04-17,10:30:00,HOLD,MIDCPNIFTY25APR11600CE,111.95,2772.0,Monitoring
2025-04-17,10:35:00,HOLD,MIDCPNIFTY25APR11600CE,110.0,3006.0,Monitoring
2025-04-17,10:40:00,HOLD,MIDCPNIFTY25APR11600CE,115.35,2364.0,Monitoring
2025-04-17,10:45:00,HOLD,MIDCPNIFTY25APR11600CE,120.4,1758.0,Monitoring
2025-04-17,10:50:00,HOLD,MIDCPNIFTY25APR11600CE,117.5,2106.0,Monitoring
2025-04-17,10:55:00,HOLD,MIDCPNIFTY25APR11600CE,117.95,2052.0,Monitoring
2025-04-17,11:00:00,HOLD,MIDCPNIFTY25APR11600CE,118.6,1974.0,Monitoring
2025-04-17,11:05:00,HOLD,MIDCPNIFTY25APR11600CE,132.0,366.0,Monitoring
2025-04-17,11:10:00,HOLD,MIDCPNIFTY25APR11600CE,131.0,486.0,Monitoring
2025-04-17,11:15:00,HOLD,MIDCPNIFTY25APR11600CE,138.45,-408.0,Monitoring
2025-04-17,11:20:00,HOLD,MIDCPNIFTY25APR11600CE,139.4,-522.0,Monitoring
2025-04-17,11:25:00,HOLD,MIDCPNIFTY25APR11600CE,139.0,-474.0,Monitoring
2025-04-17,11:30:00,HOLD,MIDCPNIFTY25APR11600CE,140.2,-618.0,Monitoring
2025-04-17,11:35:00,HOLD,MIDCPNIFTY25APR11600CE,147.85,-1536.0,Monitoring
2025-04-17,11:40:00,HOLD,MIDCPNIFTY25APR11600CE,151.7,-1998.0,Monitoring
2025-04-17,11:45:00,HOLD,MIDCPNIFTY25APR11600CE,143.75,-1044.0,Monitoring
2025-04-17,11:50:00,HOLD,MIDCPNIFTY25APR11600CE,142.0,-834.0,Monitoring
2025-04-17,11:50:00,BUY_EXIT,MIDCPNIFTY25APR11600CE,142.0,-834.0,EMA_REVERSAL_SL
