Date,Time,Event,Ticker,Price,PnL_INR,Info
2025-06-17,14:00:00,SELL_ENTRY,MIDCPNIFTY25JUN13200CE,102.15,0.0,Signal CE | Short
2025-06-17,14:05:00,HOLD,MIDCPNIFTY25JUN13200CE,104.35,-264.0,Monitoring
2025-06-17,14:10:00,HOLD,MIDCPNIFTY25JUN13200CE,108.0,-702.0,Monitoring
2025-06-17,14:15:00,HOLD,MIDCPNIFTY25JUN13200CE,108.4,-750.0,Monitoring
2025-06-17,14:20:00,HOLD,MIDCPNIFTY25JUN13200CE,106.2,-486.0,Monitoring
2025-06-17,14:25:00,HOLD,MIDCPNIFTY25JUN13200CE,106.15,-480.0,Monitoring
2025-06-17,14:30:00,HOLD,MIDCPNIFTY25JUN13200CE,104.0,-222.0,Monitoring
2025-06-17,14:35:00,HOLD,MIDCPNIFTY25JUN13200CE,96.15,720.0,Monitoring
2025-06-17,14:40:00,HOLD,MIDCPNIFTY25JUN13200CE,99.05,372.0,Monitoring
2025-06-17,14:45:00,HOLD,MIDCPNIFTY25JUN13200CE,98.95,384.0,Monitoring
2025-06-17,14:50:00,HOLD,MIDCPNIFTY25JUN13200CE,93.8,1002.0,Monitoring
2025-06-17,14:55:00,HOLD,MIDCPNIFTY25JUN13200CE,92.5,1158.0,Monitoring
2025-06-17,15:00:00,HOLD,MIDCPNIFTY25JUN13200CE,89.55,1512.0,Monitoring
2025-06-17,15:05:00,HOLD,MIDCPNIFTY25JUN13200CE,94.0,978.0,Monitoring
2025-06-17,15:10:00,HOLD,MIDCPNIFTY25JUN13200CE,96.5,678.0,Monitoring
2025-06-17,15:15:00,HOLD,MIDCPNIFTY25JUN13200CE,90.45,1404.0,Monitoring
2025-06-17,15:20:00,HOLD,MIDCPNIFTY25JUN13200CE,88.95,1584.0,Monitoring
2025-06-17,15:25:00,HOLD,MIDCPNIFTY25JUN13200CE,90.0,1458.0,Monitoring
2025-06-18,09:15:00,HOLD,MIDCPNIFTY25JUN13200CE,77.5,2958.0,Monitoring
2025-06-18,09:20:00,HOLD,MIDCPNIFTY25JUN13200CE,93.45,1044.0,Monitoring
2025-06-18,09:25:00,HOLD,MIDCPNIFTY25JUN13200CE,99.65,300.0,Monitoring
2025-06-18,09:30:00,HOLD,MIDCPNIFTY25JUN13200CE,96.25,708.0,Monitoring
2025-06-18,09:35:00,HOLD,MIDCPNIFTY25JUN13200CE,105.35,-384.0,Monitoring
2025-06-18,09:40:00,HOLD,MIDCPNIFTY25JUN13200CE,98.35,456.0,Monitoring
2025-06-18,09:45:00,HOLD,MIDCPNIFTY25JUN13200CE,105.3,-378.0,Monitoring
2025-06-18,09:50:00,HOLD,MIDCPNIFTY25JUN13200CE,105.85,-444.0,Monitoring
2025-06-18,09:55:00,HOLD,MIDCPNIFTY25JUN13200CE,101.45,84.0,Monitoring
2025-06-18,10:00:00,HOLD,MIDCPNIFTY25JUN13200CE,101.0,138.0,Monitoring
2025-06-18,10:05:00,HOLD,MIDCPNIFTY25JUN13200CE,101.85,36.0,Monitoring
2025-06-18,10:10:00,HOLD,MIDCPNIFTY25JUN13200CE,99.9,270.0,Monitoring
2025-06-18,10:15:00,HOLD,MIDCPNIFTY25JUN13200CE,96.95,624.0,Monitoring
2025-06-18,10:20:00,HOLD,MIDCPNIFTY25JUN13200CE,85.8,1962.0,Monitoring
2025-06-18,10:25:00,HOLD,MIDCPNIFTY25JUN13200CE,84.0,2178.0,Monitoring
2025-06-18,10:30:00,HOLD,MIDCPNIFTY25JUN13200CE,78.6,2826.0,Monitoring
2025-06-18,10:35:00,HOLD,MIDCPNIFTY25JUN13200CE,78.15,2880.0,Monitoring
2025-06-18,10:40:00,HOLD,MIDCPNIFTY25JUN13200CE,77.9,2910.0,Monitoring
2025-06-18,10:45:00,HOLD,MIDCPNIFTY25JUN13200CE,72.15,3600.0,Monitoring
2025-06-18,10:50:00,HOLD,MIDCPNIFTY25JUN13200CE,62.2,4794.0,Monitoring
2025-06-18,10:55:00,HOLD,MIDCPNIFTY25JUN13200CE,63.9,4590.0,Monitoring
2025-06-18,11:00:00,HOLD,MIDCPNIFTY25JUN13200CE,67.25,4188.0,Monitoring
2025-06-18,11:05:00,HOLD,MIDCPNIFTY25JUN13200CE,67.75,4128.0,Monitoring
2025-06-18,11:10:00,HOLD,MIDCPNIFTY25JUN13200CE,69.25,3948.0,Monitoring
2025-06-18,11:15:00,HOLD,MIDCPNIFTY25JUN13200CE,68.0,4098.0,Monitoring
2025-06-18,11:20:00,HOLD,MIDCPNIFTY25JUN13200CE,65.0,4458.0,Monitoring
2025-06-18,11:25:00,HOLD,MIDCPNIFTY25JUN13200CE,63.75,4608.0,Monitoring
2025-06-18,11:30:00,HOLD,MIDCPNIFTY25JUN13200CE,55.95,5544.0,Monitoring
2025-06-18,11:35:00,HOLD,MIDCPNIFTY25JUN13200CE,63.35,4656.0,Monitoring
2025-06-18,11:40:00,HOLD,MIDCPNIFTY25JUN13200CE,64.05,4572.0,Monitoring
2025-06-18,11:45:00,HOLD,MIDCPNIFTY25JUN13200CE,64.3,4542.0,Monitoring
2025-06-18,11:50:00,HOLD,MIDCPNIFTY25JUN13200CE,59.85,5076.0,Monitoring
2025-06-18,11:55:00,HOLD,MIDCPNIFTY25JUN13200CE,59.0,5178.0,Monitoring
2025-06-18,12:00:00,HOLD,MIDCPNIFTY25JUN13200CE,64.55,4512.0,Monitoring
2025-06-18,12:05:00,HOLD,MIDCPNIFTY25JUN13200CE,66.65,4260.0,Monitoring
2025-06-18,12:10:00,HOLD,MIDCPNIFTY25JUN13200CE,65.5,4398.0,Monitoring
2025-06-18,12:15:00,HOLD,MIDCPNIFTY25JUN13200CE,64.65,4500.0,Monitoring
2025-06-18,12:20:00,HOLD,MIDCPNIFTY25JUN13200CE,61.15,4920.0,Monitoring
2025-06-18,12:25:00,HOLD,MIDCPNIFTY25JUN13200CE,63.1,4686.0,Monitoring
2025-06-18,12:30:00,HOLD,MIDCPNIFTY25JUN13200CE,62.45,4764.0,Monitoring
2025-06-18,12:35:00,HOLD,MIDCPNIFTY25JUN13200CE,63.8,4602.0,Monitoring
2025-06-18,12:40:00,HOLD,MIDCPNIFTY25JUN13200CE,58.15,5280.0,Monitoring
2025-06-18,12:45:00,HOLD,MIDCPNIFTY25JUN13200CE,57.1,5406.0,Monitoring
2025-06-18,12:50:00,HOLD,MIDCPNIFTY25JUN13200CE,58.75,5208.0,Monitoring
2025-06-18,12:55:00,HOLD,MIDCPNIFTY25JUN13200CE,58.75,5208.0,Monitoring
2025-06-18,13:00:00,HOLD,MIDCPNIFTY25JUN13200CE,61.2,4914.0,Monitoring
2025-06-18,13:05:00,HOLD,MIDCPNIFTY25JUN13200CE,60.55,4992.0,Monitoring
2025-06-18,13:10:00,HOLD,MIDCPNIFTY25JUN13200CE,62.25,4788.0,Monitoring
2025-06-18,13:15:00,HOLD,MIDCPNIFTY25JUN13200CE,61.4,4890.0,Monitoring
2025-06-18,13:20:00,HOLD,MIDCPNIFTY25JUN13200CE,61.25,4908.0,Monitoring
2025-06-18,13:25:00,HOLD,MIDCPNIFTY25JUN13200CE,62.25,4788.0,Monitoring
2025-06-18,13:30:00,HOLD,MIDCPNIFTY25JUN13200CE,61.8,4842.0,Monitoring
2025-06-18,13:35:00,HOLD,MIDCPNIFTY25JUN13200CE,64.0,4578.0,Monitoring
2025-06-18,13:40:00,HOLD,MIDCPNIFTY25JUN13200CE,60.85,4956.0,Monitoring
2025-06-18,13:45:00,HOLD,MIDCPNIFTY25JUN13200CE,56.9,5430.0,Monitoring
2025-06-18,13:50:00,HOLD,MIDCPNIFTY25JUN13200CE,55.4,5610.0,Monitoring
2025-06-18,13:55:00,HOLD,MIDCPNIFTY25JUN13200CE,55.95,5544.0,Monitoring
2025-06-18,14:00:00,HOLD,MIDCPNIFTY25JUN13200CE,57.95,5304.0,Monitoring
2025-06-18,14:05:00,HOLD,MIDCPNIFTY25JUN13200CE,56.55,5472.0,Monitoring
2025-06-18,14:10:00,HOLD,MIDCPNIFTY25JUN13200CE,56.35,5496.0,Monitoring
2025-06-18,14:15:00,HOLD,MIDCPNIFTY25JUN13200CE,55.0,5658.0,Monitoring
2025-06-18,14:20:00,HOLD,MIDCPNIFTY25JUN13200CE,51.25,6108.0,Monitoring
2025-06-18,14:25:00,HOLD,MIDCPNIFTY25JUN13200CE,52.9,5910.0,Monitoring
2025-06-18,14:30:00,HOLD,MIDCPNIFTY25JUN13200CE,56.1,5526.0,Monitoring
2025-06-18,14:35:00,HOLD,MIDCPNIFTY25JUN13200CE,55.5,5598.0,Monitoring
2025-06-18,14:40:00,HOLD,MIDCPNIFTY25JUN13200CE,56.8,5442.0,Monitoring
2025-06-18,14:45:00,HOLD,MIDCPNIFTY25JUN13200CE,58.5,5238.0,Monitoring
2025-06-18,14:50:00,HOLD,MIDCPNIFTY25JUN13200CE,58.25,5268.0,Monitoring
2025-06-18,14:55:00,HOLD,MIDCPNIFTY25JUN13200CE,58.6,5226.0,Monitoring
2025-06-18,15:00:00,HOLD,MIDCPNIFTY25JUN13200CE,56.6,5466.0,Monitoring
2025-06-18,15:05:00,HOLD,MIDCPNIFTY25JUN13200CE,57.25,5388.0,Monitoring
2025-06-18,15:10:00,HOLD,MIDCPNIFTY25JUN13200CE,57.75,5328.0,Monitoring
2025-06-18,15:15:00,HOLD,MIDCPNIFTY25JUN13200CE,57.85,5316.0,Monitoring
2025-06-18,15:20:00,HOLD,MIDCPNIFTY25JUN13200CE,55.45,5604.0,Monitoring
2025-06-18,15:25:00,HOLD,MIDCPNIFTY25JUN13200CE,56.5,5478.0,Monitoring
2025-06-19,09:15:00,HOLD,MIDCPNIFTY25JUN13200CE,51.75,6048.0,Monitoring
2025-06-19,09:20:00,HOLD,MIDCPNIFTY25JUN13200CE,50.25,6228.0,Monitoring
2025-06-19,09:25:00,HOLD,MIDCPNIFTY25JUN13200CE,48.2,6474.0,Monitoring
2025-06-19,09:30:00,HOLD,MIDCPNIFTY25JUN13200CE,47.3,6582.0,Monitoring
2025-06-19,09:35:00,HOLD,MIDCPNIFTY25JUN13200CE,47.4,6570.0,Monitoring
2025-06-19,09:40:00,HOLD,MIDCPNIFTY25JUN13200CE,43.85,6996.0,Monitoring
2025-06-19,09:45:00,HOLD,MIDCPNIFTY25JUN13200CE,47.1,6606.0,Monitoring
2025-06-19,09:50:00,HOLD,MIDCPNIFTY25JUN13200CE,39.75,7488.0,Monitoring
2025-06-19,09:55:00,HOLD,MIDCPNIFTY25JUN13200CE,35.3,8022.0,Monitoring
2025-06-19,10:00:00,HOLD,MIDCPNIFTY25JUN13200CE,30.45,8604.0,Monitoring
2025-06-19,10:05:00,HOLD,MIDCPNIFTY25JUN13200CE,28.4,8850.0,Monitoring
2025-06-19,10:05:00,BUY_EXIT,MIDCPNIFTY25JUN13200CE,28.4,8850.0,TARGET_LTP_30
