Date,Time,Event,Ticker,Price,PnL_INR,Info
2024-01-10,14:00:00,SELL_ENTRY,MIDCPNIFTY24JAN10500CE,110.0,0.0,Signal CE | Short
2024-01-10,14:05:00,HOLD,MIDCPNIFTY24JAN10500CE,110.0,0.0,Monitoring
2024-01-10,14:10:00,HOLD,MIDCPNIFTY24JAN10500CE,110.0,0.0,Monitoring
2024-01-10,14:15:00,HOLD,MIDCPNIFTY24JAN10500CE,110.0,0.0,Monitoring
2024-01-10,14:20:00,HOLD,MIDCPNIFTY24JAN10500CE,110.0,0.0,Monitoring
2024-01-10,14:25:00,HOLD,MIDCPNIFTY24JAN10500CE,110.0,0.0,Monitoring
2024-01-10,14:30:00,HOLD,MIDCPNIFTY24JAN10500CE,110.0,0.0,Monitoring
2024-01-10,14:35:00,HOLD,MIDCPNIFTY24JAN10500CE,110.0,0.0,Monitoring
2024-01-10,14:40:00,HOLD,MIDCPNIFTY24JAN10500CE,110.0,0.0,Monitoring
2024-01-10,14:45:00,HOLD,MIDCPNIFTY24JAN10500CE,110.0,0.0,Monitoring
2024-01-10,14:50:00,HOLD,MIDCPNIFTY24JAN10500CE,110.0,0.0,Monitoring
2024-01-10,14:55:00,HOLD,MIDCPNIFTY24JAN10500CE,150.0,-4800.0,Monitoring
2024-01-10,15:00:00,HOLD,MIDCPNIFTY24JAN10500CE,175.0,-7800.0,Monitoring
2024-01-10,15:05:00,HOLD,MIDCPNIFTY24JAN10500CE,175.0,-7800.0,Monitoring
2024-01-10,15:10:00,HOLD,MIDCPNIFTY24JAN10500CE,175.0,-7800.0,Monitoring
2024-01-10,15:15:00,HOLD,MIDCPNIFTY24JAN10500CE,175.0,-7800.0,Monitoring
2024-01-10,15:20:00,HOLD,MIDCPNIFTY24JAN10500CE,175.0,-7800.0,Monitoring
2024-01-10,15:25:00,HOLD,MIDCPNIFTY24JAN10500CE,165.0,-6600.0,Monitoring
2024-01-11,09:15:00,HOLD,MIDCPNIFTY24JAN10500CE,180.0,-8400.0,Monitoring
2024-01-11,09:15:00,BUY_EXIT,MIDCPNIFTY24JAN10500CE,180.0,-8400.0,EMA_REVERSAL_SL
