Date,Time,Event,Ticker,Price,PnL_INR,Info
2024-06-18,14:00:00,SELL_ENTRY,MIDCPNIFTY24JUN12000PE,47.4,0.0,Signal PE | Short
2024-06-18,14:05:00,HOLD,MIDCPNIFTY24JUN12000PE,46.65,90.0,Monitoring
2024-06-18,14:10:00,HOLD,MIDCPNIFTY24JUN12000PE,47.3,12.0,Monitoring
2024-06-18,14:15:00,HOLD,MIDCPNIFTY24JUN12000PE,48.45,-126.0,Monitoring
2024-06-18,14:20:00,HOLD,MIDCPNIFTY24JUN12000PE,46.45,114.0,Monitoring
2024-06-18,14:25:00,HOLD,MIDCPNIFTY24JUN12000PE,46.2,144.0,Monitoring
2024-06-18,14:30:00,HOLD,MIDCPNIFTY24JUN12000PE,45.8,192.0,Monitoring
2024-06-18,14:35:00,HOLD,MIDCPNIFTY24JUN12000PE,48.85,-174.0,Monitoring
2024-06-18,14:40:00,HOLD,MIDCPNIFTY24JUN12000PE,48.0,-72.0,Monitoring
2024-06-18,14:45:00,HOLD,MIDCPNIFTY24JUN12000PE,48.65,-150.0,Monitoring
2024-06-18,14:50:00,HOLD,MIDCPNIFTY24JUN12000PE,49.5,-252.0,Monitoring
2024-06-18,14:55:00,HOLD,MIDCPNIFTY24JUN12000PE,50.8,-408.0,Monitoring
2024-06-18,15:00:00,HOLD,MIDCPNIFTY24JUN12000PE,46.8,72.0,Monitoring
2024-06-18,15:05:00,HOLD,MIDCPNIFTY24JUN12000PE,45.9,180.0,Monitoring
2024-06-18,15:10:00,HOLD,MIDCPNIFTY24JUN12000PE,47.85,-54.0,Monitoring
2024-06-18,15:15:00,HOLD,MIDCPNIFTY24JUN12000PE,47.25,18.0,Monitoring
2024-06-18,15:20:00,HOLD,MIDCPNIFTY24JUN12000PE,47.25,18.0,Monitoring
2024-06-18,15:25:00,HOLD,MIDCPNIFTY24JUN12000PE,47.0,48.0,Monitoring
2024-06-19,09:15:00,HOLD,MIDCPNIFTY24JUN12000PE,34.6,1536.0,Monitoring
2024-06-19,09:20:00,HOLD,MIDCPNIFTY24JUN12000PE,34.85,1506.0,Monitoring
2024-06-19,09:25:00,HOLD,MIDCPNIFTY24JUN12000PE,63.1,-1884.0,Monitoring
2024-06-19,09:30:00,HOLD,MIDCPNIFTY24JUN12000PE,50.6,-384.0,Monitoring
2024-06-19,09:35:00,HOLD,MIDCPNIFTY24JUN12000PE,69.85,-2694.0,Monitoring
2024-06-19,09:40:00,HOLD,MIDCPNIFTY24JUN12000PE,67.25,-2382.0,Monitoring
2024-06-19,09:45:00,HOLD,MIDCPNIFTY24JUN12000PE,62.7,-1836.0,Monitoring
2024-06-19,09:50:00,HOLD,MIDCPNIFTY24JUN12000PE,56.4,-1080.0,Monitoring
2024-06-19,09:55:00,HOLD,MIDCPNIFTY24JUN12000PE,56.15,-1050.0,Monitoring
2024-06-19,10:00:00,HOLD,MIDCPNIFTY24JUN12000PE,56.25,-1062.0,Monitoring
2024-06-19,10:05:00,HOLD,MIDCPNIFTY24JUN12000PE,61.0,-1632.0,Monitoring
2024-06-19,10:10:00,HOLD,MIDCPNIFTY24JUN12000PE,84.1,-4404.0,Monitoring
2024-06-19,10:15:00,HOLD,MIDCPNIFTY24JUN12000PE,92.9,-5460.0,Monitoring
2024-06-19,10:20:00,HOLD,MIDCPNIFTY24JUN12000PE,114.35,-8034.0,Monitoring
2024-06-19,10:20:00,BUY_EXIT,MIDCPNIFTY24JUN12000PE,114.35,-8034.0,EMA_REVERSAL_SL
