Date,Time,Event,Ticker,Price,PnL_INR,Info
2025-10-08,14:55:00,SELL_ENTRY,MIDCPNIFTY25OCT13100CE,117.95,0.0,Signal CE | Short
2025-10-08,15:00:00,HOLD,MIDCPNIFTY25OCT13100CE,118.85,-108.0,Monitoring
2025-10-08,15:05:00,HOLD,MIDCPNIFTY25OCT13100CE,113.65,516.0,Monitoring
2025-10-08,15:10:00,HOLD,MIDCPNIFTY25OCT13100CE,106.9,1326.0,Monitoring
2025-10-08,15:15:00,HOLD,MIDCPNIFTY25OCT13100CE,111.1,822.0,Monitoring
2025-10-08,15:20:00,HOLD,MIDCPNIFTY25OCT13100CE,114.9,366.0,Monitoring
2025-10-08,15:25:00,HOLD,MIDCPNIFTY25OCT13100CE,109.0,1074.0,Monitoring
2025-10-09,09:15:00,HOLD,MIDCPNIFTY25OCT13100CE,118.2,-30.0,Monitoring
2025-10-09,09:20:00,HOLD,MIDCPNIFTY25OCT13100CE,128.6,-1278.0,Monitoring
2025-10-09,09:25:00,HOLD,MIDCPNIFTY25OCT13100CE,133.0,-1806.0,Monitoring
2025-10-09,09:30:00,HOLD,MIDCPNIFTY25OCT13100CE,126.75,-1056.0,Monitoring
2025-10-09,09:35:00,HOLD,MIDCPNIFTY25OCT13100CE,134.1,-1938.0,Monitoring
2025-10-09,09:40:00,HOLD,MIDCPNIFTY25OCT13100CE,121.75,-456.0,Monitoring
2025-10-09,09:45:00,HOLD,MIDCPNIFTY25OCT13100CE,126.0,-966.0,Monitoring
2025-10-09,09:50:00,HOLD,MIDCPNIFTY25OCT13100CE,128.65,-1284.0,Monitoring
2025-10-09,09:55:00,HOLD,MIDCPNIFTY25OCT13100CE,133.5,-1866.0,Monitoring
2025-10-09,10:00:00,HOLD,MIDCPNIFTY25OCT13100CE,138.65,-2484.0,Monitoring
2025-10-09,10:05:00,HOLD,MIDCPNIFTY25OCT13100CE,133.1,-1818.0,Monitoring
2025-10-09,10:10:00,HOLD,MIDCPNIFTY25OCT13100CE,136.0,-2166.0,Monitoring
2025-10-09,10:15:00,HOLD,MIDCPNIFTY25OCT13100CE,144.25,-3156.0,Monitoring
2025-10-09,10:20:00,HOLD,MIDCPNIFTY25OCT13100CE,144.25,-3156.0,Monitoring
2025-10-09,10:25:00,HOLD,MIDCPNIFTY25OCT13100CE,145.05,-3252.0,Monitoring
2025-10-09,10:30:00,HOLD,MIDCPNIFTY25OCT13100CE,143.8,-3102.0,Monitoring
2025-10-09,10:35:00,HOLD,MIDCPNIFTY25OCT13100CE,142.0,-2886.0,Monitoring
2025-10-09,10:40:00,HOLD,MIDCPNIFTY25OCT13100CE,145.15,-3264.0,Monitoring
2025-10-09,10:45:00,HOLD,MIDCPNIFTY25OCT13100CE,141.75,-2856.0,Monitoring
2025-10-09,10:50:00,HOLD,MIDCPNIFTY25OCT13100CE,136.6,-2238.0,Monitoring
2025-10-09,10:55:00,HOLD,MIDCPNIFTY25OCT13100CE,146.95,-3480.0,Monitoring
2025-10-09,11:00:00,HOLD,MIDCPNIFTY25OCT13100CE,148.85,-3708.0,Monitoring
2025-10-09,11:05:00,HOLD,MIDCPNIFTY25OCT13100CE,152.05,-4092.0,Monitoring
2025-10-09,11:05:00,BUY_EXIT,MIDCPNIFTY25OCT13100CE,152.05,-4092.0,EMA_REVERSAL_SL
