Date,Time,Event,Ticker,Price,PnL_INR,Info
2023-10-17,14:00:00,SELL_ENTRY,MIDCPNIFTY23OCT9200PE,116.0,0.0,Signal PE | Short
2023-10-17,14:05:00,HOLD,MIDCPNIFTY23OCT9200PE,116.0,0.0,Monitoring
2023-10-17,14:10:00,HOLD,MIDCPNIFTY23OCT9200PE,121.15,-618.0,Monitoring
2023-10-17,14:15:00,HOLD,MIDCPNIFTY23OCT9200PE,117.9,-228.0,Monitoring
2023-10-17,14:20:00,HOLD,MIDCPNIFTY23OCT9200PE,116.95,-114.0,Monitoring
2023-10-17,14:25:00,HOLD,MIDCPNIFTY23OCT9200PE,117.9,-228.0,Monitoring
2023-10-17,14:30:00,HOLD,MIDCPNIFTY23OCT9200PE,117.45,-174.0,Monitoring
2023-10-17,14:35:00,HOLD,MIDCPNIFTY23OCT9200PE,117.45,-174.0,Monitoring
2023-10-17,14:40:00,HOLD,MIDCPNIFTY23OCT9200PE,117.45,-174.0,Monitoring
2023-10-17,14:45:00,HOLD,MIDCPNIFTY23OCT9200PE,117.45,-174.0,Monitoring
2023-10-17,14:50:00,HOLD,MIDCPNIFTY23OCT9200PE,113.0,360.0,Monitoring
2023-10-17,14:55:00,HOLD,MIDCPNIFTY23OCT9200PE,113.0,360.0,Monitoring
2023-10-17,15:00:00,HOLD,MIDCPNIFTY23OCT9200PE,113.3,324.0,Monitoring
2023-10-17,15:05:00,HOLD,MIDCPNIFTY23OCT9200PE,116.0,0.0,Monitoring
2023-10-17,15:10:00,HOLD,MIDCPNIFTY23OCT9200PE,116.7,-84.0,Monitoring
2023-10-17,15:15:00,HOLD,MIDCPNIFTY23OCT9200PE,116.6,-72.0,Monitoring
2023-10-17,15:20:00,HOLD,MIDCPNIFTY23OCT9200PE,117.0,-120.0,Monitoring
2023-10-17,15:25:00,HOLD,MIDCPNIFTY23OCT9200PE,117.1,-132.0,Monitoring
2023-10-18,09:15:00,HOLD,MIDCPNIFTY23OCT9200PE,110.6,648.0,Monitoring
2023-10-18,09:20:00,HOLD,MIDCPNIFTY23OCT9200PE,110.0,720.0,Monitoring
2023-10-18,09:25:00,HOLD,MIDCPNIFTY23OCT9200PE,109.1,828.0,Monitoring
2023-10-18,09:30:00,HOLD,MIDCPNIFTY23OCT9200PE,110.15,702.0,Monitoring
2023-10-18,09:35:00,HOLD,MIDCPNIFTY23OCT9200PE,105.7,1236.0,Monitoring
2023-10-18,09:40:00,HOLD,MIDCPNIFTY23OCT9200PE,106.6,1128.0,Monitoring
2023-10-18,09:45:00,HOLD,MIDCPNIFTY23OCT9200PE,110.75,630.0,Monitoring
2023-10-18,09:50:00,HOLD,MIDCPNIFTY23OCT9200PE,110.75,630.0,Monitoring
2023-10-18,09:55:00,HOLD,MIDCPNIFTY23OCT9200PE,112.5,420.0,Monitoring
2023-10-18,10:00:00,HOLD,MIDCPNIFTY23OCT9200PE,107.1,1068.0,Monitoring
2023-10-18,10:05:00,HOLD,MIDCPNIFTY23OCT9200PE,108.3,924.0,Monitoring
2023-10-18,10:10:00,HOLD,MIDCPNIFTY23OCT9200PE,111.65,522.0,Monitoring
2023-10-18,10:15:00,HOLD,MIDCPNIFTY23OCT9200PE,111.65,522.0,Monitoring
2023-10-18,10:20:00,HOLD,MIDCPNIFTY23OCT9200PE,111.65,522.0,Monitoring
2023-10-18,10:25:00,HOLD,MIDCPNIFTY23OCT9200PE,110.7,636.0,Monitoring
2023-10-18,10:30:00,HOLD,MIDCPNIFTY23OCT9200PE,110.7,636.0,Monitoring
2023-10-18,10:35:00,HOLD,MIDCPNIFTY23OCT9200PE,113.15,342.0,Monitoring
2023-10-18,10:40:00,HOLD,MIDCPNIFTY23OCT9200PE,117.25,-150.0,Monitoring
2023-10-18,10:45:00,HOLD,MIDCPNIFTY23OCT9200PE,124.95,-1074.0,Monitoring
2023-10-18,10:50:00,HOLD,MIDCPNIFTY23OCT9200PE,131.55,-1866.0,Monitoring
2023-10-18,10:55:00,HOLD,MIDCPNIFTY23OCT9200PE,128.05,-1446.0,Monitoring
2023-10-18,11:00:00,HOLD,MIDCPNIFTY23OCT9200PE,128.05,-1446.0,Monitoring
2023-10-18,11:00:00,BUY_EXIT,MIDCPNIFTY23OCT9200PE,128.05,-1446.0,EMA_REVERSAL_SL
