Date,Time,Event,Ticker,Price,PnL_INR,Info
2025-06-11,14:15:00,SELL_ENTRY,MIDCPNIFTY25JUN13400CE,128.35,0.0,Signal CE | Short
2025-06-11,14:20:00,HOLD,MIDCPNIFTY25JUN13400CE,128.8,-54.0,Monitoring
2025-06-11,14:25:00,HOLD,MIDCPNIFTY25JUN13400CE,127.3,126.0,Monitoring
2025-06-11,14:30:00,HOLD,MIDCPNIFTY25JUN13400CE,127.5,102.0,Monitoring
2025-06-11,14:35:00,HOLD,MIDCPNIFTY25JUN13400CE,128.6,-30.0,Monitoring
2025-06-11,14:40:00,HOLD,MIDCPNIFTY25JUN13400CE,131.2,-342.0,Monitoring
2025-06-11,14:45:00,HOLD,MIDCPNIFTY25JUN13400CE,135.7,-882.0,Monitoring
2025-06-11,14:50:00,HOLD,MIDCPNIFTY25JUN13400CE,138.0,-1158.0,Monitoring
2025-06-11,14:55:00,HOLD,MIDCPNIFTY25JUN13400CE,133.95,-672.0,Monitoring
2025-06-11,15:00:00,HOLD,MIDCPNIFTY25JUN13400CE,136.25,-948.0,Monitoring
2025-06-11,15:05:00,HOLD,MIDCPNIFTY25JUN13400CE,133.65,-636.0,Monitoring
2025-06-11,15:10:00,HOLD,MIDCPNIFTY25JUN13400CE,134.3,-714.0,Monitoring
2025-06-11,15:15:00,HOLD,MIDCPNIFTY25JUN13400CE,134.2,-702.0,Monitoring
2025-06-11,15:20:00,HOLD,MIDCPNIFTY25JUN13400CE,132.95,-552.0,Monitoring
2025-06-11,15:25:00,HOLD,MIDCPNIFTY25JUN13400CE,136.8,-1014.0,Monitoring
2025-06-12,09:15:00,HOLD,MIDCPNIFTY25JUN13400CE,119.5,1062.0,Monitoring
2025-06-12,09:20:00,HOLD,MIDCPNIFTY25JUN13400CE,113.4,1794.0,Monitoring
2025-06-12,09:25:00,HOLD,MIDCPNIFTY25JUN13400CE,110.65,2124.0,Monitoring
2025-06-12,09:30:00,HOLD,MIDCPNIFTY25JUN13400CE,116.8,1386.0,Monitoring
2025-06-12,09:35:00,HOLD,MIDCPNIFTY25JUN13400CE,114.55,1656.0,Monitoring
2025-06-12,09:40:00,HOLD,MIDCPNIFTY25JUN13400CE,102.45,3108.0,Monitoring
2025-06-12,09:45:00,HOLD,MIDCPNIFTY25JUN13400CE,96.0,3882.0,Monitoring
2025-06-12,09:50:00,HOLD,MIDCPNIFTY25JUN13400CE,100.65,3324.0,Monitoring
2025-06-12,09:55:00,HOLD,MIDCPNIFTY25JUN13400CE,98.1,3630.0,Monitoring
2025-06-12,10:00:00,HOLD,MIDCPNIFTY25JUN13400CE,97.0,3762.0,Monitoring
2025-06-12,10:05:00,HOLD,MIDCPNIFTY25JUN13400CE,102.35,3120.0,Monitoring
2025-06-12,10:10:00,HOLD,MIDCPNIFTY25JUN13400CE,103.0,3042.0,Monitoring
2025-06-12,10:15:00,HOLD,MIDCPNIFTY25JUN13400CE,103.4,2994.0,Monitoring
2025-06-12,10:20:00,HOLD,MIDCPNIFTY25JUN13400CE,103.9,2934.0,Monitoring
2025-06-12,10:25:00,HOLD,MIDCPNIFTY25JUN13400CE,103.35,3000.0,Monitoring
2025-06-12,10:30:00,HOLD,MIDCPNIFTY25JUN13400CE,99.45,3468.0,Monitoring
2025-06-12,10:35:00,HOLD,MIDCPNIFTY25JUN13400CE,102.85,3060.0,Monitoring
2025-06-12,10:40:00,HOLD,MIDCPNIFTY25JUN13400CE,98.35,3600.0,Monitoring
2025-06-12,10:45:00,HOLD,MIDCPNIFTY25JUN13400CE,95.75,3912.0,Monitoring
2025-06-12,10:50:00,HOLD,MIDCPNIFTY25JUN13400CE,92.75,4272.0,Monitoring
2025-06-12,10:55:00,HOLD,MIDCPNIFTY25JUN13400CE,94.8,4026.0,Monitoring
2025-06-12,11:00:00,HOLD,MIDCPNIFTY25JUN13400CE,96.7,3798.0,Monitoring
2025-06-12,11:05:00,HOLD,MIDCPNIFTY25JUN13400CE,95.4,3954.0,Monitoring
2025-06-12,11:10:00,HOLD,MIDCPNIFTY25JUN13400CE,94.95,4008.0,Monitoring
2025-06-12,11:15:00,HOLD,MIDCPNIFTY25JUN13400CE,96.75,3792.0,Monitoring
2025-06-12,11:20:00,HOLD,MIDCPNIFTY25JUN13400CE,100.95,3288.0,Monitoring
2025-06-12,11:25:00,HOLD,MIDCPNIFTY25JUN13400CE,98.95,3528.0,Monitoring
2025-06-12,11:30:00,HOLD,MIDCPNIFTY25JUN13400CE,96.65,3804.0,Monitoring
2025-06-12,11:35:00,HOLD,MIDCPNIFTY25JUN13400CE,96.0,3882.0,Monitoring
2025-06-12,11:40:00,HOLD,MIDCPNIFTY25JUN13400CE,95.75,3912.0,Monitoring
2025-06-12,11:45:00,HOLD,MIDCPNIFTY25JUN13400CE,94.7,4038.0,Monitoring
2025-06-12,11:50:00,HOLD,MIDCPNIFTY25JUN13400CE,93.35,4200.0,Monitoring
2025-06-12,11:55:00,HOLD,MIDCPNIFTY25JUN13400CE,89.6,4650.0,Monitoring
2025-06-12,12:00:00,HOLD,MIDCPNIFTY25JUN13400CE,86.25,5052.0,Monitoring
2025-06-12,12:05:00,HOLD,MIDCPNIFTY25JUN13400CE,90.4,4554.0,Monitoring
2025-06-12,12:10:00,HOLD,MIDCPNIFTY25JUN13400CE,91.0,4482.0,Monitoring
2025-06-12,12:15:00,HOLD,MIDCPNIFTY25JUN13400CE,88.9,4734.0,Monitoring
2025-06-12,12:20:00,HOLD,MIDCPNIFTY25JUN13400CE,90.55,4536.0,Monitoring
2025-06-12,12:25:00,HOLD,MIDCPNIFTY25JUN13400CE,92.45,4308.0,Monitoring
2025-06-12,12:30:00,HOLD,MIDCPNIFTY25JUN13400CE,96.25,3852.0,Monitoring
2025-06-12,12:35:00,HOLD,MIDCPNIFTY25JUN13400CE,96.15,3864.0,Monitoring
2025-06-12,12:40:00,HOLD,MIDCPNIFTY25JUN13400CE,101.1,3270.0,Monitoring
2025-06-12,12:45:00,HOLD,MIDCPNIFTY25JUN13400CE,102.85,3060.0,Monitoring
2025-06-12,12:50:00,HOLD,MIDCPNIFTY25JUN13400CE,101.55,3216.0,Monitoring
2025-06-12,12:55:00,HOLD,MIDCPNIFTY25JUN13400CE,97.2,3738.0,Monitoring
2025-06-12,13:00:00,HOLD,MIDCPNIFTY25JUN13400CE,94.15,4104.0,Monitoring
2025-06-12,13:05:00,HOLD,MIDCPNIFTY25JUN13400CE,96.85,3780.0,Monitoring
2025-06-12,13:10:00,HOLD,MIDCPNIFTY25JUN13400CE,99.0,3522.0,Monitoring
2025-06-12,13:15:00,HOLD,MIDCPNIFTY25JUN13400CE,98.6,3570.0,Monitoring
2025-06-12,13:20:00,HOLD,MIDCPNIFTY25JUN13400CE,94.65,4044.0,Monitoring
2025-06-12,13:25:00,HOLD,MIDCPNIFTY25JUN13400CE,88.75,4752.0,Monitoring
2025-06-12,13:30:00,HOLD,MIDCPNIFTY25JUN13400CE,83.15,5424.0,Monitoring
2025-06-12,13:35:00,HOLD,MIDCPNIFTY25JUN13400CE,87.15,4944.0,Monitoring
2025-06-12,13:40:00,HOLD,MIDCPNIFTY25JUN13400CE,80.8,5706.0,Monitoring
2025-06-12,13:45:00,HOLD,MIDCPNIFTY25JUN13400CE,76.0,6282.0,Monitoring
2025-06-12,13:50:00,HOLD,MIDCPNIFTY25JUN13400CE,79.0,5922.0,Monitoring
2025-06-12,13:55:00,HOLD,MIDCPNIFTY25JUN13400CE,78.4,5994.0,Monitoring
2025-06-12,14:00:00,HOLD,MIDCPNIFTY25JUN13400CE,73.7,6558.0,Monitoring
2025-06-12,14:05:00,HOLD,MIDCPNIFTY25JUN13400CE,67.45,7308.0,Monitoring
2025-06-12,14:10:00,HOLD,MIDCPNIFTY25JUN13400CE,67.45,7308.0,Monitoring
2025-06-12,14:15:00,HOLD,MIDCPNIFTY25JUN13400CE,72.75,6672.0,Monitoring
2025-06-12,14:20:00,HOLD,MIDCPNIFTY25JUN13400CE,70.8,6906.0,Monitoring
2025-06-12,14:25:00,HOLD,MIDCPNIFTY25JUN13400CE,70.4,6954.0,Monitoring
2025-06-12,14:30:00,HOLD,MIDCPNIFTY25JUN13400CE,74.75,6432.0,Monitoring
2025-06-12,14:35:00,HOLD,MIDCPNIFTY25JUN13400CE,72.75,6672.0,Monitoring
2025-06-12,14:40:00,HOLD,MIDCPNIFTY25JUN13400CE,74.1,6510.0,Monitoring
2025-06-12,14:45:00,HOLD,MIDCPNIFTY25JUN13400CE,73.0,6642.0,Monitoring
2025-06-12,14:50:00,HOLD,MIDCPNIFTY25JUN13400CE,72.05,6756.0,Monitoring
2025-06-12,14:55:00,HOLD,MIDCPNIFTY25JUN13400CE,72.6,6690.0,Monitoring
2025-06-12,15:00:00,HOLD,MIDCPNIFTY25JUN13400CE,69.0,7122.0,Monitoring
2025-06-12,15:05:00,HOLD,MIDCPNIFTY25JUN13400CE,69.15,7104.0,Monitoring
2025-06-12,15:10:00,HOLD,MIDCPNIFTY25JUN13400CE,65.75,7512.0,Monitoring
2025-06-12,15:15:00,HOLD,MIDCPNIFTY25JUN13400CE,64.55,7656.0,Monitoring
2025-06-12,15:20:00,HOLD,MIDCPNIFTY25JUN13400CE,62.4,7914.0,Monitoring
2025-06-12,15:25:00,HOLD,MIDCPNIFTY25JUN13400CE,63.1,7830.0,Monitoring
2025-06-13,09:15:00,HOLD,MIDCPNIFTY25JUN13400CE,38.75,10752.0,Monitoring
2025-06-13,09:20:00,HOLD,MIDCPNIFTY25JUN13400CE,44.85,10020.0,Monitoring
2025-06-13,09:25:00,HOLD,MIDCPNIFTY25JUN13400CE,45.65,9924.0,Monitoring
2025-06-13,09:30:00,HOLD,MIDCPNIFTY25JUN13400CE,38.85,10740.0,Monitoring
2025-06-13,09:35:00,HOLD,MIDCPNIFTY25JUN13400CE,43.15,10224.0,Monitoring
2025-06-13,09:40:00,HOLD,MIDCPNIFTY25JUN13400CE,44.2,10098.0,Monitoring
2025-06-13,09:45:00,HOLD,MIDCPNIFTY25JUN13400CE,41.85,10380.0,Monitoring
2025-06-13,09:50:00,HOLD,MIDCPNIFTY25JUN13400CE,48.5,9582.0,Monitoring
2025-06-13,09:55:00,HOLD,MIDCPNIFTY25JUN13400CE,51.75,9192.0,Monitoring
2025-06-13,10:00:00,HOLD,MIDCPNIFTY25JUN13400CE,53.45,8988.0,Monitoring
2025-06-13,10:05:00,HOLD,MIDCPNIFTY25JUN13400CE,53.8,8946.0,Monitoring
2025-06-13,10:10:00,HOLD,MIDCPNIFTY25JUN13400CE,57.5,8502.0,Monitoring
2025-06-13,10:15:00,HOLD,MIDCPNIFTY25JUN13400CE,55.2,8778.0,Monitoring
2025-06-13,10:20:00,HOLD,MIDCPNIFTY25JUN13400CE,57.3,8526.0,Monitoring
2025-06-13,10:25:00,HOLD,MIDCPNIFTY25JUN13400CE,58.25,8412.0,Monitoring
2025-06-13,10:30:00,HOLD,MIDCPNIFTY25JUN13400CE,58.85,8340.0,Monitoring
2025-06-13,10:35:00,HOLD,MIDCPNIFTY25JUN13400CE,63.7,7758.0,Monitoring
2025-06-13,10:40:00,HOLD,MIDCPNIFTY25JUN13400CE,62.5,7902.0,Monitoring
2025-06-13,10:45:00,HOLD,MIDCPNIFTY25JUN13400CE,60.0,8202.0,Monitoring
2025-06-13,10:50:00,HOLD,MIDCPNIFTY25JUN13400CE,62.1,7950.0,Monitoring
2025-06-13,10:55:00,HOLD,MIDCPNIFTY25JUN13400CE,63.05,7836.0,Monitoring
2025-06-13,11:00:00,HOLD,MIDCPNIFTY25JUN13400CE,65.9,7494.0,Monitoring
2025-06-13,11:05:00,HOLD,MIDCPNIFTY25JUN13400CE,59.95,8208.0,Monitoring
2025-06-13,11:10:00,HOLD,MIDCPNIFTY25JUN13400CE,54.0,8922.0,Monitoring
2025-06-13,11:15:00,HOLD,MIDCPNIFTY25JUN13400CE,54.95,8808.0,Monitoring
2025-06-13,11:20:00,HOLD,MIDCPNIFTY25JUN13400CE,55.6,8730.0,Monitoring
2025-06-13,11:25:00,HOLD,MIDCPNIFTY25JUN13400CE,57.2,8538.0,Monitoring
2025-06-13,11:30:00,HOLD,MIDCPNIFTY25JUN13400CE,57.5,8502.0,Monitoring
2025-06-13,11:35:00,HOLD,MIDCPNIFTY25JUN13400CE,59.35,8280.0,Monitoring
2025-06-13,11:40:00,HOLD,MIDCPNIFTY25JUN13400CE,54.25,8892.0,Monitoring
2025-06-13,11:45:00,HOLD,MIDCPNIFTY25JUN13400CE,53.8,8946.0,Monitoring
2025-06-13,11:50:00,HOLD,MIDCPNIFTY25JUN13400CE,53.4,8994.0,Monitoring
2025-06-13,11:55:00,HOLD,MIDCPNIFTY25JUN13400CE,54.5,8862.0,Monitoring
2025-06-13,12:00:00,HOLD,MIDCPNIFTY25JUN13400CE,56.5,8622.0,Monitoring
2025-06-13,12:05:00,HOLD,MIDCPNIFTY25JUN13400CE,55.55,8736.0,Monitoring
2025-06-13,12:10:00,HOLD,MIDCPNIFTY25JUN13400CE,53.25,9012.0,Monitoring
2025-06-13,12:15:00,HOLD,MIDCPNIFTY25JUN13400CE,56.6,8610.0,Monitoring
2025-06-13,12:20:00,HOLD,MIDCPNIFTY25JUN13400CE,54.4,8874.0,Monitoring
2025-06-13,12:25:00,HOLD,MIDCPNIFTY25JUN13400CE,53.85,8940.0,Monitoring
2025-06-13,12:30:00,HOLD,MIDCPNIFTY25JUN13400CE,55.5,8742.0,Monitoring
2025-06-13,12:35:00,HOLD,MIDCPNIFTY25JUN13400CE,54.55,8856.0,Monitoring
2025-06-13,12:40:00,HOLD,MIDCPNIFTY25JUN13400CE,54.4,8874.0,Monitoring
2025-06-13,12:45:00,HOLD,MIDCPNIFTY25JUN13400CE,52.4,9114.0,Monitoring
2025-06-13,12:50:00,HOLD,MIDCPNIFTY25JUN13400CE,51.55,9216.0,Monitoring
2025-06-13,12:55:00,HOLD,MIDCPNIFTY25JUN13400CE,50.9,9294.0,Monitoring
2025-06-13,13:00:00,HOLD,MIDCPNIFTY25JUN13400CE,46.95,9768.0,Monitoring
2025-06-13,13:05:00,HOLD,MIDCPNIFTY25JUN13400CE,47.85,9660.0,Monitoring
2025-06-13,13:10:00,HOLD,MIDCPNIFTY25JUN13400CE,50.0,9402.0,Monitoring
2025-06-13,13:15:00,HOLD,MIDCPNIFTY25JUN13400CE,48.5,9582.0,Monitoring
2025-06-13,13:20:00,HOLD,MIDCPNIFTY25JUN13400CE,49.8,9426.0,Monitoring
2025-06-13,13:25:00,HOLD,MIDCPNIFTY25JUN13400CE,50.0,9402.0,Monitoring
2025-06-13,13:30:00,HOLD,MIDCPNIFTY25JUN13400CE,52.6,9090.0,Monitoring
2025-06-13,13:35:00,HOLD,MIDCPNIFTY25JUN13400CE,51.9,9174.0,Monitoring
2025-06-13,13:40:00,HOLD,MIDCPNIFTY25JUN13400CE,53.0,9042.0,Monitoring
2025-06-13,13:45:00,HOLD,MIDCPNIFTY25JUN13400CE,54.05,8916.0,Monitoring
2025-06-13,13:50:00,HOLD,MIDCPNIFTY25JUN13400CE,51.0,9282.0,Monitoring
2025-06-13,13:55:00,HOLD,MIDCPNIFTY25JUN13400CE,50.85,9300.0,Monitoring
2025-06-13,14:00:00,HOLD,MIDCPNIFTY25JUN13400CE,52.45,9108.0,Monitoring
2025-06-13,14:05:00,HOLD,MIDCPNIFTY25JUN13400CE,54.0,8922.0,Monitoring
2025-06-13,14:10:00,HOLD,MIDCPNIFTY25JUN13400CE,53.1,9030.0,Monitoring
2025-06-13,14:15:00,HOLD,MIDCPNIFTY25JUN13400CE,50.8,9306.0,Monitoring
2025-06-13,14:20:00,HOLD,MIDCPNIFTY25JUN13400CE,51.85,9180.0,Monitoring
2025-06-13,14:25:00,HOLD,MIDCPNIFTY25JUN13400CE,54.05,8916.0,Monitoring
2025-06-13,14:30:00,HOLD,MIDCPNIFTY25JUN13400CE,54.75,8832.0,Monitoring
2025-06-13,14:35:00,HOLD,MIDCPNIFTY25JUN13400CE,54.45,8868.0,Monitoring
2025-06-13,14:40:00,HOLD,MIDCPNIFTY25JUN13400CE,51.75,9192.0,Monitoring
2025-06-13,14:45:00,HOLD,MIDCPNIFTY25JUN13400CE,51.6,9210.0,Monitoring
2025-06-13,14:50:00,HOLD,MIDCPNIFTY25JUN13400CE,50.5,9342.0,Monitoring
2025-06-13,14:55:00,HOLD,MIDCPNIFTY25JUN13400CE,51.35,9240.0,Monitoring
2025-06-13,15:00:00,HOLD,MIDCPNIFTY25JUN13400CE,53.25,9012.0,Monitoring
2025-06-13,15:05:00,HOLD,MIDCPNIFTY25JUN13400CE,56.6,8610.0,Monitoring
2025-06-13,15:10:00,HOLD,MIDCPNIFTY25JUN13400CE,57.1,8550.0,Monitoring
2025-06-13,15:15:00,HOLD,MIDCPNIFTY25JUN13400CE,56.1,8670.0,Monitoring
2025-06-13,15:20:00,HOLD,MIDCPNIFTY25JUN13400CE,58.15,8424.0,Monitoring
2025-06-13,15:25:00,HOLD,MIDCPNIFTY25JUN13400CE,59.45,8268.0,Monitoring
2025-06-16,09:15:00,HOLD,MIDCPNIFTY25JUN13400CE,55.05,8796.0,Monitoring
2025-06-16,09:20:00,HOLD,MIDCPNIFTY25JUN13400CE,52.75,9072.0,Monitoring
2025-06-16,09:25:00,HOLD,MIDCPNIFTY25JUN13400CE,48.35,9600.0,Monitoring
2025-06-16,09:30:00,HOLD,MIDCPNIFTY25JUN13400CE,41.05,10476.0,Monitoring
2025-06-16,09:35:00,HOLD,MIDCPNIFTY25JUN13400CE,37.65,10884.0,Monitoring
2025-06-16,09:40:00,HOLD,MIDCPNIFTY25JUN13400CE,37.5,10902.0,Monitoring
2025-06-16,09:45:00,HOLD,MIDCPNIFTY25JUN13400CE,34.35,11280.0,Monitoring
2025-06-16,09:50:00,HOLD,MIDCPNIFTY25JUN13400CE,33.0,11442.0,Monitoring
2025-06-16,09:55:00,HOLD,MIDCPNIFTY25JUN13400CE,33.25,11412.0,Monitoring
2025-06-16,10:00:00,HOLD,MIDCPNIFTY25JUN13400CE,32.4,11514.0,Monitoring
2025-06-16,10:05:00,HOLD,MIDCPNIFTY25JUN13400CE,35.65,11124.0,Monitoring
2025-06-16,10:10:00,HOLD,MIDCPNIFTY25JUN13400CE,34.55,11256.0,Monitoring
2025-06-16,10:15:00,HOLD,MIDCPNIFTY25JUN13400CE,36.4,11034.0,Monitoring
2025-06-16,10:20:00,HOLD,MIDCPNIFTY25JUN13400CE,37.0,10962.0,Monitoring
2025-06-16,10:25:00,HOLD,MIDCPNIFTY25JUN13400CE,40.8,10506.0,Monitoring
2025-06-16,10:30:00,HOLD,MIDCPNIFTY25JUN13400CE,41.9,10374.0,Monitoring
2025-06-16,10:35:00,HOLD,MIDCPNIFTY25JUN13400CE,44.2,10098.0,Monitoring
2025-06-16,10:40:00,HOLD,MIDCPNIFTY25JUN13400CE,44.3,10086.0,Monitoring
2025-06-16,10:45:00,HOLD,MIDCPNIFTY25JUN13400CE,47.45,9708.0,Monitoring
2025-06-16,10:50:00,HOLD,MIDCPNIFTY25JUN13400CE,48.95,9528.0,Monitoring
2025-06-16,10:55:00,HOLD,MIDCPNIFTY25JUN13400CE,49.75,9432.0,Monitoring
2025-06-16,11:00:00,HOLD,MIDCPNIFTY25JUN13400CE,51.2,9258.0,Monitoring
2025-06-16,11:05:00,HOLD,MIDCPNIFTY25JUN13400CE,54.65,8844.0,Monitoring
2025-06-16,11:10:00,HOLD,MIDCPNIFTY25JUN13400CE,53.7,8958.0,Monitoring
2025-06-16,11:15:00,HOLD,MIDCPNIFTY25JUN13400CE,52.25,9132.0,Monitoring
2025-06-16,11:20:00,HOLD,MIDCPNIFTY25JUN13400CE,48.45,9588.0,Monitoring
2025-06-16,11:25:00,HOLD,MIDCPNIFTY25JUN13400CE,48.15,9624.0,Monitoring
2025-06-16,11:30:00,HOLD,MIDCPNIFTY25JUN13400CE,50.1,9390.0,Monitoring
2025-06-16,11:35:00,HOLD,MIDCPNIFTY25JUN13400CE,54.7,8838.0,Monitoring
2025-06-16,11:40:00,HOLD,MIDCPNIFTY25JUN13400CE,51.85,9180.0,Monitoring
2025-06-16,11:45:00,HOLD,MIDCPNIFTY25JUN13400CE,49.7,9438.0,Monitoring
2025-06-16,11:50:00,HOLD,MIDCPNIFTY25JUN13400CE,50.0,9402.0,Monitoring
2025-06-16,11:55:00,HOLD,MIDCPNIFTY25JUN13400CE,49.4,9474.0,Monitoring
2025-06-16,12:00:00,HOLD,MIDCPNIFTY25JUN13400CE,50.15,9384.0,Monitoring
2025-06-16,12:05:00,HOLD,MIDCPNIFTY25JUN13400CE,51.55,9216.0,Monitoring
2025-06-16,12:10:00,HOLD,MIDCPNIFTY25JUN13400CE,55.4,8754.0,Monitoring
2025-06-16,12:15:00,HOLD,MIDCPNIFTY25JUN13400CE,54.3,8886.0,Monitoring
2025-06-16,12:20:00,HOLD,MIDCPNIFTY25JUN13400CE,52.85,9060.0,Monitoring
2025-06-16,12:25:00,HOLD,MIDCPNIFTY25JUN13400CE,54.15,8904.0,Monitoring
2025-06-16,12:30:00,HOLD,MIDCPNIFTY25JUN13400CE,57.8,8466.0,Monitoring
2025-06-16,12:35:00,HOLD,MIDCPNIFTY25JUN13400CE,60.0,8202.0,Monitoring
2025-06-16,12:35:00,BUY_EXIT,MIDCPNIFTY25JUN13400CE,60.0,8202.0,EMA_REVERSAL_SL
