Date,Time,Event,Ticker,Price,PnL_INR,Info
2025-05-27,14:00:00,SELL_ENTRY,MIDCPNIFTY25JUN12700CE,330.4,0.0,Signal CE | Short
2025-05-27,14:05:00,HOLD,MIDCPNIFTY25JUN12700CE,330.05,42.0,Monitoring
2025-05-27,14:10:00,HOLD,MIDCPNIFTY25JUN12700CE,329.95,54.0,Monitoring
2025-05-27,14:15:00,HOLD,MIDCPNIFTY25JUN12700CE,322.0,1008.0,Monitoring
2025-05-27,14:20:00,HOLD,MIDCPNIFTY25JUN12700CE,325.0,648.0,Monitoring
2025-05-27,14:25:00,HOLD,MIDCPNIFTY25JUN12700CE,327.25,378.0,Monitoring
2025-05-27,14:30:00,HOLD,MIDCPNIFTY25JUN12700CE,330.0,48.0,Monitoring
2025-05-27,14:35:00,HOLD,MIDCPNIFTY25JUN12700CE,330.0,48.0,Monitoring
2025-05-27,14:40:00,HOLD,MIDCPNIFTY25JUN12700CE,335.0,-552.0,Monitoring
2025-05-27,14:45:00,HOLD,MIDCPNIFTY25JUN12700CE,335.0,-552.0,Monitoring
2025-05-27,14:50:00,HOLD,MIDCPNIFTY25JUN12700CE,338.0,-912.0,Monitoring
2025-05-27,14:55:00,HOLD,MIDCPNIFTY25JUN12700CE,338.0,-912.0,Monitoring
2025-05-27,15:00:00,HOLD,MIDCPNIFTY25JUN12700CE,352.0,-2592.0,Monitoring
2025-05-27,15:05:00,HOLD,MIDCPNIFTY25JUN12700CE,352.0,-2592.0,Monitoring
2025-05-27,15:10:00,HOLD,MIDCPNIFTY25JUN12700CE,348.9,-2220.0,Monitoring
2025-05-27,15:15:00,HOLD,MIDCPNIFTY25JUN12700CE,345.0,-1752.0,Monitoring
2025-05-27,15:20:00,HOLD,MIDCPNIFTY25JUN12700CE,345.0,-1752.0,Monitoring
2025-05-27,15:25:00,HOLD,MIDCPNIFTY25JUN12700CE,350.0,-2352.0,Monitoring
2025-05-28,09:15:00,HOLD,MIDCPNIFTY25JUN12700CE,362.05,-3798.0,Monitoring
2025-05-28,09:20:00,HOLD,MIDCPNIFTY25JUN12700CE,351.2,-2496.0,Monitoring
2025-05-28,09:25:00,HOLD,MIDCPNIFTY25JUN12700CE,344.1,-1644.0,Monitoring
2025-05-28,09:30:00,HOLD,MIDCPNIFTY25JUN12700CE,339.0,-1032.0,Monitoring
2025-05-28,09:35:00,HOLD,MIDCPNIFTY25JUN12700CE,339.0,-1032.0,Monitoring
2025-05-28,09:40:00,HOLD,MIDCPNIFTY25JUN12700CE,350.0,-2352.0,Monitoring
2025-05-28,09:45:00,HOLD,MIDCPNIFTY25JUN12700CE,348.0,-2112.0,Monitoring
2025-05-28,09:50:00,HOLD,MIDCPNIFTY25JUN12700CE,348.0,-2112.0,Monitoring
2025-05-28,09:55:00,HOLD,MIDCPNIFTY25JUN12700CE,345.0,-1752.0,Monitoring
2025-05-28,10:00:00,HOLD,MIDCPNIFTY25JUN12700CE,343.65,-1590.0,Monitoring
2025-05-28,10:05:00,HOLD,MIDCPNIFTY25JUN12700CE,343.65,-1590.0,Monitoring
2025-05-28,10:10:00,HOLD,MIDCPNIFTY25JUN12700CE,352.9,-2700.0,Monitoring
2025-05-28,10:15:00,HOLD,MIDCPNIFTY25JUN12700CE,348.2,-2136.0,Monitoring
2025-05-28,10:20:00,HOLD,MIDCPNIFTY25JUN12700CE,351.5,-2532.0,Monitoring
2025-05-28,10:25:00,HOLD,MIDCPNIFTY25JUN12700CE,350.0,-2352.0,Monitoring
2025-05-28,10:30:00,HOLD,MIDCPNIFTY25JUN12700CE,350.0,-2352.0,Monitoring
2025-05-28,10:35:00,HOLD,MIDCPNIFTY25JUN12700CE,348.0,-2112.0,Monitoring
2025-05-28,10:40:00,HOLD,MIDCPNIFTY25JUN12700CE,360.5,-3612.0,Monitoring
2025-05-28,10:40:00,BUY_EXIT,MIDCPNIFTY25JUN12700CE,360.5,-3612.0,EMA_REVERSAL_SL
