Date,Time,Event,Ticker,Price,PnL_INR,Info
2025-12-04,14:00:00,SELL_ENTRY,MIDCPNIFTY25DEC13900CE,231.0,0.0,Signal CE | Short
2025-12-04,14:05:00,HOLD,MIDCPNIFTY25DEC13900CE,232.5,-180.0,Monitoring
2025-12-04,14:10:00,HOLD,MIDCPNIFTY25DEC13900CE,233.7,-324.0,Monitoring
2025-12-04,14:15:00,HOLD,MIDCPNIFTY25DEC13900CE,233.1,-252.0,Monitoring
2025-12-04,14:20:00,HOLD,MIDCPNIFTY25DEC13900CE,233.2,-264.0,Monitoring
2025-12-04,14:25:00,HOLD,MIDCPNIFTY25DEC13900CE,237.75,-810.0,Monitoring
2025-12-04,14:30:00,HOLD,MIDCPNIFTY25DEC13900CE,233.0,-240.0,Monitoring
2025-12-04,14:35:00,HOLD,MIDCPNIFTY25DEC13900CE,230.15,102.0,Monitoring
2025-12-04,14:40:00,HOLD,MIDCPNIFTY25DEC13900CE,223.7,876.0,Monitoring
2025-12-04,14:45:00,HOLD,MIDCPNIFTY25DEC13900CE,219.95,1326.0,Monitoring
2025-12-04,14:50:00,HOLD,MIDCPNIFTY25DEC13900CE,225.6,648.0,Monitoring
2025-12-04,14:55:00,HOLD,MIDCPNIFTY25DEC13900CE,229.05,234.0,Monitoring
2025-12-04,15:00:00,HOLD,MIDCPNIFTY25DEC13900CE,229.8,144.0,Monitoring
2025-12-04,15:05:00,HOLD,MIDCPNIFTY25DEC13900CE,226.9,492.0,Monitoring
2025-12-04,15:10:00,HOLD,MIDCPNIFTY25DEC13900CE,227.8,384.0,Monitoring
2025-12-04,15:15:00,HOLD,MIDCPNIFTY25DEC13900CE,225.5,660.0,Monitoring
2025-12-04,15:20:00,HOLD,MIDCPNIFTY25DEC13900CE,223.75,870.0,Monitoring
2025-12-04,15:25:00,HOLD,MIDCPNIFTY25DEC13900CE,224.5,780.0,Monitoring
2025-12-05,09:15:00,HOLD,MIDCPNIFTY25DEC13900CE,236.3,-636.0,Monitoring
2025-12-05,09:20:00,HOLD,MIDCPNIFTY25DEC13900CE,228.5,300.0,Monitoring
2025-12-05,09:25:00,HOLD,MIDCPNIFTY25DEC13900CE,226.75,510.0,Monitoring
2025-12-05,09:30:00,HOLD,MIDCPNIFTY25DEC13900CE,227.8,384.0,Monitoring
2025-12-05,09:35:00,HOLD,MIDCPNIFTY25DEC13900CE,219.3,1404.0,Monitoring
2025-12-05,09:40:00,HOLD,MIDCPNIFTY25DEC13900CE,219.8,1344.0,Monitoring
2025-12-05,09:45:00,HOLD,MIDCPNIFTY25DEC13900CE,222.6,1008.0,Monitoring
2025-12-05,09:50:00,HOLD,MIDCPNIFTY25DEC13900CE,217.65,1602.0,Monitoring
2025-12-05,09:55:00,HOLD,MIDCPNIFTY25DEC13900CE,213.85,2058.0,Monitoring
2025-12-05,10:00:00,HOLD,MIDCPNIFTY25DEC13900CE,248.15,-2058.0,Monitoring
2025-12-05,10:05:00,HOLD,MIDCPNIFTY25DEC13900CE,229.0,240.0,Monitoring
2025-12-05,10:10:00,HOLD,MIDCPNIFTY25DEC13900CE,231.3,-36.0,Monitoring
2025-12-05,10:15:00,HOLD,MIDCPNIFTY25DEC13900CE,239.3,-996.0,Monitoring
2025-12-05,10:20:00,HOLD,MIDCPNIFTY25DEC13900CE,229.05,234.0,Monitoring
2025-12-05,10:25:00,HOLD,MIDCPNIFTY25DEC13900CE,211.15,2382.0,Monitoring
2025-12-05,10:30:00,HOLD,MIDCPNIFTY25DEC13900CE,208.1,2748.0,Monitoring
2025-12-05,10:35:00,HOLD,MIDCPNIFTY25DEC13900CE,207.55,2814.0,Monitoring
2025-12-05,10:40:00,HOLD,MIDCPNIFTY25DEC13900CE,217.45,1626.0,Monitoring
2025-12-05,10:45:00,HOLD,MIDCPNIFTY25DEC13900CE,226.0,600.0,Monitoring
2025-12-05,10:50:00,HOLD,MIDCPNIFTY25DEC13900CE,239.25,-990.0,Monitoring
2025-12-05,10:55:00,HOLD,MIDCPNIFTY25DEC13900CE,232.65,-198.0,Monitoring
2025-12-05,11:00:00,HOLD,MIDCPNIFTY25DEC13900CE,239.15,-978.0,Monitoring
2025-12-05,11:05:00,HOLD,MIDCPNIFTY25DEC13900CE,257.65,-3198.0,Monitoring
2025-12-05,11:10:00,HOLD,MIDCPNIFTY25DEC13900CE,271.8,-4896.0,Monitoring
2025-12-05,11:15:00,HOLD,MIDCPNIFTY25DEC13900CE,266.65,-4278.0,Monitoring
2025-12-05,11:20:00,HOLD,MIDCPNIFTY25DEC13900CE,264.25,-3990.0,Monitoring
2025-12-05,11:25:00,HOLD,MIDCPNIFTY25DEC13900CE,265.05,-4086.0,Monitoring
2025-12-05,11:30:00,HOLD,MIDCPNIFTY25DEC13900CE,257.45,-3174.0,Monitoring
2025-12-05,11:30:00,BUY_EXIT,MIDCPNIFTY25DEC13900CE,257.45,-3174.0,EMA_REVERSAL_SL
