Date,Time,Event,Ticker,Price,PnL_INR,Info
2023-10-19,14:00:00,SELL_ENTRY,MIDCPNIFTY23OCT9000PE,61.05,0.0,Signal PE | Short
2023-10-19,14:05:00,HOLD,MIDCPNIFTY23OCT9000PE,58.5,306.0,Monitoring
2023-10-19,14:10:00,HOLD,MIDCPNIFTY23OCT9000PE,58.5,306.0,Monitoring
2023-10-19,14:15:00,HOLD,MIDCPNIFTY23OCT9000PE,65.75,-564.0,Monitoring
2023-10-19,14:20:00,HOLD,MIDCPNIFTY23OCT9000PE,65.05,-480.0,Monitoring
2023-10-19,14:25:00,HOLD,MIDCPNIFTY23OCT9000PE,65.95,-588.0,Monitoring
2023-10-19,14:30:00,HOLD,MIDCPNIFTY23OCT9000PE,63.55,-300.0,Monitoring
2023-10-19,14:35:00,HOLD,MIDCPNIFTY23OCT9000PE,68.15,-852.0,Monitoring
2023-10-19,14:40:00,HOLD,MIDCPNIFTY23OCT9000PE,65.0,-474.0,Monitoring
2023-10-19,14:45:00,HOLD,MIDCPNIFTY23OCT9000PE,66.05,-600.0,Monitoring
2023-10-19,14:50:00,HOLD,MIDCPNIFTY23OCT9000PE,66.05,-600.0,Monitoring
2023-10-19,14:55:00,HOLD,MIDCPNIFTY23OCT9000PE,66.05,-600.0,Monitoring
2023-10-19,15:00:00,HOLD,MIDCPNIFTY23OCT9000PE,65.15,-492.0,Monitoring
2023-10-19,15:05:00,HOLD,MIDCPNIFTY23OCT9000PE,64.95,-468.0,Monitoring
2023-10-19,15:10:00,HOLD,MIDCPNIFTY23OCT9000PE,65.95,-588.0,Monitoring
2023-10-19,15:15:00,HOLD,MIDCPNIFTY23OCT9000PE,67.3,-750.0,Monitoring
2023-10-19,15:20:00,HOLD,MIDCPNIFTY23OCT9000PE,66.25,-624.0,Monitoring
2023-10-19,15:25:00,HOLD,MIDCPNIFTY23OCT9000PE,63.05,-240.0,Monitoring
2023-10-20,09:15:00,HOLD,MIDCPNIFTY23OCT9000PE,67.0,-714.0,Monitoring
2023-10-20,09:20:00,HOLD,MIDCPNIFTY23OCT9000PE,64.5,-414.0,Monitoring
2023-10-20,09:25:00,HOLD,MIDCPNIFTY23OCT9000PE,65.9,-582.0,Monitoring
2023-10-20,09:30:00,HOLD,MIDCPNIFTY23OCT9000PE,68.6,-906.0,Monitoring
2023-10-20,09:35:00,HOLD,MIDCPNIFTY23OCT9000PE,76.6,-1866.0,Monitoring
2023-10-20,09:40:00,HOLD,MIDCPNIFTY23OCT9000PE,79.75,-2244.0,Monitoring
2023-10-20,09:45:00,HOLD,MIDCPNIFTY23OCT9000PE,77.1,-1926.0,Monitoring
2023-10-20,09:50:00,HOLD,MIDCPNIFTY23OCT9000PE,76.55,-1860.0,Monitoring
2023-10-20,09:55:00,HOLD,MIDCPNIFTY23OCT9000PE,85.75,-2964.0,Monitoring
2023-10-20,10:00:00,HOLD,MIDCPNIFTY23OCT9000PE,75.3,-1710.0,Monitoring
2023-10-20,10:05:00,HOLD,MIDCPNIFTY23OCT9000PE,76.0,-1794.0,Monitoring
2023-10-20,10:10:00,HOLD,MIDCPNIFTY23OCT9000PE,77.7,-1998.0,Monitoring
2023-10-20,10:15:00,HOLD,MIDCPNIFTY23OCT9000PE,81.15,-2412.0,Monitoring
2023-10-20,10:15:00,BUY_EXIT,MIDCPNIFTY23OCT9000PE,81.15,-2412.0,EMA_REVERSAL_SL
