Date,Time,Event,Ticker,Price,PnL_INR,Info
2024-04-18,14:00:00,SELL_ENTRY,MIDCPNIFTY24APR10800PE,115.05,0.0,Signal PE | Short
2024-04-18,14:05:00,HOLD,MIDCPNIFTY24APR10800PE,120.25,-624.0,Monitoring
2024-04-18,14:10:00,HOLD,MIDCPNIFTY24APR10800PE,124.0,-1074.0,Monitoring
2024-04-18,14:15:00,HOLD,MIDCPNIFTY24APR10800PE,117.5,-294.0,Monitoring
2024-04-18,14:20:00,HOLD,MIDCPNIFTY24APR10800PE,120.05,-600.0,Monitoring
2024-04-18,14:25:00,HOLD,MIDCPNIFTY24APR10800PE,122.45,-888.0,Monitoring
2024-04-18,14:30:00,HOLD,MIDCPNIFTY24APR10800PE,132.75,-2124.0,Monitoring
2024-04-18,14:35:00,HOLD,MIDCPNIFTY24APR10800PE,136.6,-2586.0,Monitoring
2024-04-18,14:40:00,HOLD,MIDCPNIFTY24APR10800PE,159.25,-5304.0,Monitoring
2024-04-18,14:45:00,HOLD,MIDCPNIFTY24APR10800PE,152.4,-4482.0,Monitoring
2024-04-18,14:50:00,HOLD,MIDCPNIFTY24APR10800PE,163.65,-5832.0,Monitoring
2024-04-18,14:50:00,BUY_EXIT,MIDCPNIFTY24APR10800PE,163.65,-5832.0,EMA_REVERSAL_SL
