Date,Time,Event,Ticker,Price,PnL_INR,Info
2024-09-03,15:15:00,SELL_ENTRY,MIDCPNIFTY24SEP13200CE,294.8,0.0,Signal CE | Short
2024-09-03,15:20:00,HOLD,MIDCPNIFTY24SEP13200CE,294.8,0.0,Monitoring
2024-09-03,15:25:00,HOLD,MIDCPNIFTY24SEP13200CE,295.6,-96.0,Monitoring
2024-09-04,09:15:00,HOLD,MIDCPNIFTY24SEP13200CE,265.0,3576.0,Monitoring
2024-09-04,09:20:00,HOLD,MIDCPNIFTY24SEP13200CE,265.0,3576.0,Monitoring
2024-09-04,09:25:00,HOLD,MIDCPNIFTY24SEP13200CE,265.0,3576.0,Monitoring
2024-09-04,09:30:00,HOLD,MIDCPNIFTY24SEP13200CE,265.0,3576.0,Monitoring
2024-09-04,09:35:00,HOLD,MIDCPNIFTY24SEP13200CE,265.0,3576.0,Monitoring
2024-09-04,09:40:00,HOLD,MIDCPNIFTY24SEP13200CE,265.0,3576.0,Monitoring
2024-09-04,09:45:00,HOLD,MIDCPNIFTY24SEP13200CE,265.0,3576.0,Monitoring
2024-09-04,09:50:00,HOLD,MIDCPNIFTY24SEP13200CE,265.0,3576.0,Monitoring
2024-09-04,09:55:00,HOLD,MIDCPNIFTY24SEP13200CE,265.0,3576.0,Monitoring
2024-09-04,10:00:00,HOLD,MIDCPNIFTY24SEP13200CE,265.0,3576.0,Monitoring
2024-09-04,10:05:00,HOLD,MIDCPNIFTY24SEP13200CE,275.0,2376.0,Monitoring
2024-09-04,10:10:00,HOLD,MIDCPNIFTY24SEP13200CE,275.0,2376.0,Monitoring
2024-09-04,10:15:00,HOLD,MIDCPNIFTY24SEP13200CE,275.0,2376.0,Monitoring
2024-09-04,10:20:00,HOLD,MIDCPNIFTY24SEP13200CE,275.0,2376.0,Monitoring
2024-09-04,10:25:00,HOLD,MIDCPNIFTY24SEP13200CE,275.0,2376.0,Monitoring
2024-09-04,10:30:00,HOLD,MIDCPNIFTY24SEP13200CE,275.0,2376.0,Monitoring
2024-09-04,10:35:00,HOLD,MIDCPNIFTY24SEP13200CE,275.0,2376.0,Monitoring
2024-09-04,10:40:00,HOLD,MIDCPNIFTY24SEP13200CE,275.0,2376.0,Monitoring
2024-09-04,10:45:00,HOLD,MIDCPNIFTY24SEP13200CE,275.0,2376.0,Monitoring
2024-09-04,10:50:00,HOLD,MIDCPNIFTY24SEP13200CE,275.0,2376.0,Monitoring
2024-09-04,10:55:00,HOLD,MIDCPNIFTY24SEP13200CE,231.25,7626.0,Monitoring
2024-09-04,11:00:00,HOLD,MIDCPNIFTY24SEP13200CE,231.25,7626.0,Monitoring
2024-09-04,11:05:00,HOLD,MIDCPNIFTY24SEP13200CE,231.25,7626.0,Monitoring
2024-09-04,11:10:00,HOLD,MIDCPNIFTY24SEP13200CE,231.25,7626.0,Monitoring
2024-09-04,11:15:00,HOLD,MIDCPNIFTY24SEP13200CE,231.25,7626.0,Monitoring
2024-09-04,11:20:00,HOLD,MIDCPNIFTY24SEP13200CE,258.2,4392.0,Monitoring
2024-09-04,11:25:00,HOLD,MIDCPNIFTY24SEP13200CE,258.2,4392.0,Monitoring
2024-09-04,11:30:00,HOLD,MIDCPNIFTY24SEP13200CE,258.2,4392.0,Monitoring
2024-09-04,11:35:00,HOLD,MIDCPNIFTY24SEP13200CE,258.2,4392.0,Monitoring
2024-09-04,11:40:00,HOLD,MIDCPNIFTY24SEP13200CE,271.1,2844.0,Monitoring
2024-09-04,11:45:00,HOLD,MIDCPNIFTY24SEP13200CE,271.1,2844.0,Monitoring
2024-09-04,11:50:00,HOLD,MIDCPNIFTY24SEP13200CE,271.1,2844.0,Monitoring
2024-09-04,11:55:00,HOLD,MIDCPNIFTY24SEP13200CE,271.1,2844.0,Monitoring
2024-09-04,12:00:00,HOLD,MIDCPNIFTY24SEP13200CE,271.1,2844.0,Monitoring
2024-09-04,12:05:00,HOLD,MIDCPNIFTY24SEP13200CE,271.1,2844.0,Monitoring
2024-09-04,12:10:00,HOLD,MIDCPNIFTY24SEP13200CE,271.1,2844.0,Monitoring
2024-09-04,12:15:00,HOLD,MIDCPNIFTY24SEP13200CE,271.1,2844.0,Monitoring
2024-09-04,12:20:00,HOLD,MIDCPNIFTY24SEP13200CE,271.1,2844.0,Monitoring
2024-09-04,12:25:00,HOLD,MIDCPNIFTY24SEP13200CE,271.1,2844.0,Monitoring
2024-09-04,12:30:00,HOLD,MIDCPNIFTY24SEP13200CE,271.1,2844.0,Monitoring
2024-09-04,12:35:00,HOLD,MIDCPNIFTY24SEP13200CE,286.65,978.0,Monitoring
2024-09-04,12:40:00,HOLD,MIDCPNIFTY24SEP13200CE,263.1,3804.0,Monitoring
2024-09-04,12:45:00,HOLD,MIDCPNIFTY24SEP13200CE,263.1,3804.0,Monitoring
2024-09-04,12:50:00,HOLD,MIDCPNIFTY24SEP13200CE,274.0,2496.0,Monitoring
2024-09-04,12:55:00,HOLD,MIDCPNIFTY24SEP13200CE,274.0,2496.0,Monitoring
2024-09-04,13:00:00,HOLD,MIDCPNIFTY24SEP13200CE,274.0,2496.0,Monitoring
2024-09-04,13:05:00,HOLD,MIDCPNIFTY24SEP13200CE,273.95,2502.0,Monitoring
2024-09-04,13:10:00,HOLD,MIDCPNIFTY24SEP13200CE,273.95,2502.0,Monitoring
2024-09-04,13:15:00,HOLD,MIDCPNIFTY24SEP13200CE,273.95,2502.0,Monitoring
2024-09-04,13:20:00,HOLD,MIDCPNIFTY24SEP13200CE,273.95,2502.0,Monitoring
2024-09-04,13:25:00,HOLD,MIDCPNIFTY24SEP13200CE,273.95,2502.0,Monitoring
2024-09-04,13:30:00,HOLD,MIDCPNIFTY24SEP13200CE,273.95,2502.0,Monitoring
2024-09-04,13:35:00,HOLD,MIDCPNIFTY24SEP13200CE,273.95,2502.0,Monitoring
2024-09-04,13:40:00,HOLD,MIDCPNIFTY24SEP13200CE,273.95,2502.0,Monitoring
2024-09-04,13:45:00,HOLD,MIDCPNIFTY24SEP13200CE,273.95,2502.0,Monitoring
2024-09-04,13:50:00,HOLD,MIDCPNIFTY24SEP13200CE,273.95,2502.0,Monitoring
2024-09-04,13:55:00,HOLD,MIDCPNIFTY24SEP13200CE,273.95,2502.0,Monitoring
2024-09-04,14:00:00,HOLD,MIDCPNIFTY24SEP13200CE,273.95,2502.0,Monitoring
2024-09-04,14:05:00,HOLD,MIDCPNIFTY24SEP13200CE,273.95,2502.0,Monitoring
2024-09-04,14:10:00,HOLD,MIDCPNIFTY24SEP13200CE,273.95,2502.0,Monitoring
2024-09-04,14:15:00,HOLD,MIDCPNIFTY24SEP13200CE,273.95,2502.0,Monitoring
2024-09-04,14:20:00,HOLD,MIDCPNIFTY24SEP13200CE,273.95,2502.0,Monitoring
2024-09-04,14:25:00,HOLD,MIDCPNIFTY24SEP13200CE,273.95,2502.0,Monitoring
2024-09-04,14:25:00,BUY_EXIT,MIDCPNIFTY24SEP13200CE,273.95,2502.0,EMA_REVERSAL_SL
