Date,Time,Event,Ticker,Price,PnL_INR,Info
2023-07-20,14:00:00,SELL_ENTRY,MIDCPNIFTY23JUL8400PE,49.6,0.0,Signal PE | Short
2023-07-20,14:05:00,HOLD,MIDCPNIFTY23JUL8400PE,49.05,66.0,Monitoring
2023-07-20,14:10:00,HOLD,MIDCPNIFTY23JUL8400PE,50.25,-78.0,Monitoring
2023-07-20,14:15:00,HOLD,MIDCPNIFTY23JUL8400PE,49.65,-6.0,Monitoring
2023-07-20,14:20:00,HOLD,MIDCPNIFTY23JUL8400PE,50.0,-48.0,Monitoring
2023-07-20,14:25:00,HOLD,MIDCPNIFTY23JUL8400PE,50.85,-150.0,Monitoring
2023-07-20,14:30:00,HOLD,MIDCPNIFTY23JUL8400PE,51.15,-186.0,Monitoring
2023-07-20,14:35:00,HOLD,MIDCPNIFTY23JUL8400PE,50.0,-48.0,Monitoring
2023-07-20,14:40:00,HOLD,MIDCPNIFTY23JUL8400PE,48.0,192.0,Monitoring
2023-07-20,14:45:00,HOLD,MIDCPNIFTY23JUL8400PE,50.35,-90.0,Monitoring
2023-07-20,14:50:00,HOLD,MIDCPNIFTY23JUL8400PE,52.4,-336.0,Monitoring
2023-07-20,14:55:00,HOLD,MIDCPNIFTY23JUL8400PE,52.1,-300.0,Monitoring
2023-07-20,15:00:00,HOLD,MIDCPNIFTY23JUL8400PE,50.2,-72.0,Monitoring
2023-07-20,15:05:00,HOLD,MIDCPNIFTY23JUL8400PE,54.0,-528.0,Monitoring
2023-07-20,15:10:00,HOLD,MIDCPNIFTY23JUL8400PE,52.4,-336.0,Monitoring
2023-07-20,15:15:00,HOLD,MIDCPNIFTY23JUL8400PE,52.35,-330.0,Monitoring
2023-07-20,15:20:00,HOLD,MIDCPNIFTY23JUL8400PE,51.15,-186.0,Monitoring
2023-07-20,15:25:00,HOLD,MIDCPNIFTY23JUL8400PE,54.8,-624.0,Monitoring
2023-07-21,09:15:00,HOLD,MIDCPNIFTY23JUL8400PE,58.0,-1008.0,Monitoring
2023-07-21,09:20:00,HOLD,MIDCPNIFTY23JUL8400PE,47.2,288.0,Monitoring
2023-07-21,09:25:00,HOLD,MIDCPNIFTY23JUL8400PE,47.35,270.0,Monitoring
2023-07-21,09:30:00,HOLD,MIDCPNIFTY23JUL8400PE,48.9,84.0,Monitoring
2023-07-21,09:35:00,HOLD,MIDCPNIFTY23JUL8400PE,49.95,-42.0,Monitoring
2023-07-21,09:40:00,HOLD,MIDCPNIFTY23JUL8400PE,49.9,-36.0,Monitoring
2023-07-21,09:45:00,HOLD,MIDCPNIFTY23JUL8400PE,49.4,24.0,Monitoring
2023-07-21,09:50:00,HOLD,MIDCPNIFTY23JUL8400PE,45.6,480.0,Monitoring
2023-07-21,09:55:00,HOLD,MIDCPNIFTY23JUL8400PE,48.8,96.0,Monitoring
2023-07-21,10:00:00,HOLD,MIDCPNIFTY23JUL8400PE,47.9,204.0,Monitoring
2023-07-21,10:05:00,HOLD,MIDCPNIFTY23JUL8400PE,49.75,-18.0,Monitoring
2023-07-21,10:10:00,HOLD,MIDCPNIFTY23JUL8400PE,49.0,72.0,Monitoring
2023-07-21,10:15:00,HOLD,MIDCPNIFTY23JUL8400PE,48.9,84.0,Monitoring
2023-07-21,10:20:00,HOLD,MIDCPNIFTY23JUL8400PE,50.85,-150.0,Monitoring
2023-07-21,10:25:00,HOLD,MIDCPNIFTY23JUL8400PE,51.0,-168.0,Monitoring
2023-07-21,10:30:00,HOLD,MIDCPNIFTY23JUL8400PE,50.0,-48.0,Monitoring
2023-07-21,10:35:00,HOLD,MIDCPNIFTY23JUL8400PE,49.35,30.0,Monitoring
2023-07-21,10:40:00,HOLD,MIDCPNIFTY23JUL8400PE,46.55,366.0,Monitoring
2023-07-21,10:45:00,HOLD,MIDCPNIFTY23JUL8400PE,46.95,318.0,Monitoring
2023-07-21,10:50:00,HOLD,MIDCPNIFTY23JUL8400PE,46.4,384.0,Monitoring
2023-07-21,10:55:00,HOLD,MIDCPNIFTY23JUL8400PE,45.1,540.0,Monitoring
2023-07-21,11:00:00,HOLD,MIDCPNIFTY23JUL8400PE,45.6,480.0,Monitoring
2023-07-21,11:05:00,HOLD,MIDCPNIFTY23JUL8400PE,44.95,558.0,Monitoring
2023-07-21,11:10:00,HOLD,MIDCPNIFTY23JUL8400PE,41.5,972.0,Monitoring
2023-07-21,11:15:00,HOLD,MIDCPNIFTY23JUL8400PE,38.55,1326.0,Monitoring
2023-07-21,11:20:00,HOLD,MIDCPNIFTY23JUL8400PE,40.55,1086.0,Monitoring
2023-07-21,11:25:00,HOLD,MIDCPNIFTY23JUL8400PE,40.05,1146.0,Monitoring
2023-07-21,11:30:00,HOLD,MIDCPNIFTY23JUL8400PE,40.8,1056.0,Monitoring
2023-07-21,11:35:00,HOLD,MIDCPNIFTY23JUL8400PE,41.0,1032.0,Monitoring
2023-07-21,11:40:00,HOLD,MIDCPNIFTY23JUL8400PE,38.0,1392.0,Monitoring
2023-07-21,11:45:00,HOLD,MIDCPNIFTY23JUL8400PE,40.65,1074.0,Monitoring
2023-07-21,11:50:00,HOLD,MIDCPNIFTY23JUL8400PE,39.5,1212.0,Monitoring
2023-07-21,11:55:00,HOLD,MIDCPNIFTY23JUL8400PE,40.5,1092.0,Monitoring
2023-07-21,12:00:00,HOLD,MIDCPNIFTY23JUL8400PE,39.3,1236.0,Monitoring
2023-07-21,12:05:00,HOLD,MIDCPNIFTY23JUL8400PE,38.4,1344.0,Monitoring
2023-07-21,12:10:00,HOLD,MIDCPNIFTY23JUL8400PE,38.1,1380.0,Monitoring
2023-07-21,12:15:00,HOLD,MIDCPNIFTY23JUL8400PE,37.55,1446.0,Monitoring
2023-07-21,12:20:00,HOLD,MIDCPNIFTY23JUL8400PE,41.1,1020.0,Monitoring
2023-07-21,12:25:00,HOLD,MIDCPNIFTY23JUL8400PE,43.35,750.0,Monitoring
2023-07-21,12:30:00,HOLD,MIDCPNIFTY23JUL8400PE,40.0,1152.0,Monitoring
2023-07-21,12:35:00,HOLD,MIDCPNIFTY23JUL8400PE,39.15,1254.0,Monitoring
2023-07-21,12:40:00,HOLD,MIDCPNIFTY23JUL8400PE,40.85,1050.0,Monitoring
2023-07-21,12:45:00,HOLD,MIDCPNIFTY23JUL8400PE,39.95,1158.0,Monitoring
2023-07-21,12:50:00,HOLD,MIDCPNIFTY23JUL8400PE,37.4,1464.0,Monitoring
2023-07-21,12:55:00,HOLD,MIDCPNIFTY23JUL8400PE,38.0,1392.0,Monitoring
2023-07-21,13:00:00,HOLD,MIDCPNIFTY23JUL8400PE,38.15,1374.0,Monitoring
2023-07-21,13:05:00,HOLD,MIDCPNIFTY23JUL8400PE,37.0,1512.0,Monitoring
2023-07-21,13:10:00,HOLD,MIDCPNIFTY23JUL8400PE,36.0,1632.0,Monitoring
2023-07-21,13:15:00,HOLD,MIDCPNIFTY23JUL8400PE,33.6,1920.0,Monitoring
2023-07-21,13:20:00,HOLD,MIDCPNIFTY23JUL8400PE,32.75,2022.0,Monitoring
2023-07-21,13:25:00,HOLD,MIDCPNIFTY23JUL8400PE,34.5,1812.0,Monitoring
2023-07-21,13:30:00,HOLD,MIDCPNIFTY23JUL8400PE,33.45,1938.0,Monitoring
2023-07-21,13:35:00,HOLD,MIDCPNIFTY23JUL8400PE,34.35,1830.0,Monitoring
2023-07-21,13:40:00,HOLD,MIDCPNIFTY23JUL8400PE,34.95,1758.0,Monitoring
2023-07-21,13:45:00,HOLD,MIDCPNIFTY23JUL8400PE,34.0,1872.0,Monitoring
2023-07-21,13:50:00,HOLD,MIDCPNIFTY23JUL8400PE,30.85,2250.0,Monitoring
2023-07-21,13:55:00,HOLD,MIDCPNIFTY23JUL8400PE,32.65,2034.0,Monitoring
2023-07-21,14:00:00,HOLD,MIDCPNIFTY23JUL8400PE,31.8,2136.0,Monitoring
2023-07-21,14:05:00,HOLD,MIDCPNIFTY23JUL8400PE,32.6,2040.0,Monitoring
2023-07-21,14:10:00,HOLD,MIDCPNIFTY23JUL8400PE,32.7,2028.0,Monitoring
2023-07-21,14:15:00,HOLD,MIDCPNIFTY23JUL8400PE,33.1,1980.0,Monitoring
2023-07-21,14:20:00,HOLD,MIDCPNIFTY23JUL8400PE,33.85,1890.0,Monitoring
2023-07-21,14:25:00,HOLD,MIDCPNIFTY23JUL8400PE,34.95,1758.0,Monitoring
2023-07-21,14:30:00,HOLD,MIDCPNIFTY23JUL8400PE,34.0,1872.0,Monitoring
2023-07-21,14:35:00,HOLD,MIDCPNIFTY23JUL8400PE,33.05,1986.0,Monitoring
2023-07-21,14:40:00,HOLD,MIDCPNIFTY23JUL8400PE,34.15,1854.0,Monitoring
2023-07-21,14:45:00,HOLD,MIDCPNIFTY23JUL8400PE,33.5,1932.0,Monitoring
2023-07-21,14:50:00,HOLD,MIDCPNIFTY23JUL8400PE,31.8,2136.0,Monitoring
2023-07-21,14:55:00,HOLD,MIDCPNIFTY23JUL8400PE,33.9,1884.0,Monitoring
2023-07-21,15:00:00,HOLD,MIDCPNIFTY23JUL8400PE,32.4,2064.0,Monitoring
2023-07-21,15:05:00,HOLD,MIDCPNIFTY23JUL8400PE,33.25,1962.0,Monitoring
2023-07-21,15:10:00,HOLD,MIDCPNIFTY23JUL8400PE,32.85,2010.0,Monitoring
2023-07-21,15:15:00,HOLD,MIDCPNIFTY23JUL8400PE,26.3,2796.0,Monitoring
2023-07-21,15:15:00,BUY_EXIT,MIDCPNIFTY23JUL8400PE,26.3,2796.0,TARGET_LTP_30
