Date,Time,Event,Ticker,Price,PnL_INR,Info
2024-11-07,14:00:00,SELL_ENTRY,MIDCPNIFTY24NOV12700PE,305.95,0.0,Signal PE | Short
2024-11-07,14:05:00,HOLD,MIDCPNIFTY24NOV12700PE,305.95,0.0,Monitoring
2024-11-07,14:10:00,HOLD,MIDCPNIFTY24NOV12700PE,305.95,0.0,Monitoring
2024-11-07,14:15:00,HOLD,MIDCPNIFTY24NOV12700PE,305.95,0.0,Monitoring
2024-11-07,14:20:00,HOLD,MIDCPNIFTY24NOV12700PE,305.95,0.0,Monitoring
2024-11-07,14:35:00,HOLD,MIDCPNIFTY24NOV12700PE,305.95,0.0,Monitoring
2024-11-07,14:40:00,HOLD,MIDCPNIFTY24NOV12700PE,305.95,0.0,Monitoring
2024-11-07,14:45:00,HOLD,MIDCPNIFTY24NOV12700PE,305.95,0.0,Monitoring
2024-11-07,14:50:00,HOLD,MIDCPNIFTY24NOV12700PE,305.95,0.0,Monitoring
2024-11-07,14:55:00,HOLD,MIDCPNIFTY24NOV12700PE,305.95,0.0,Monitoring
2024-11-07,15:00:00,HOLD,MIDCPNIFTY24NOV12700PE,305.95,0.0,Monitoring
2024-11-07,15:10:00,HOLD,MIDCPNIFTY24NOV12700PE,305.95,0.0,Monitoring
2024-11-07,15:15:00,HOLD,MIDCPNIFTY24NOV12700PE,305.95,0.0,Monitoring
2024-11-07,15:20:00,HOLD,MIDCPNIFTY24NOV12700PE,305.95,0.0,Monitoring
2024-11-07,15:25:00,HOLD,MIDCPNIFTY24NOV12700PE,305.95,0.0,Monitoring
2024-11-08,09:30:00,HOLD,MIDCPNIFTY24NOV12700PE,305.95,0.0,Monitoring
2024-11-08,09:35:00,HOLD,MIDCPNIFTY24NOV12700PE,305.95,0.0,Monitoring
2024-11-08,09:40:00,HOLD,MIDCPNIFTY24NOV12700PE,305.95,0.0,Monitoring
2024-11-08,09:45:00,HOLD,MIDCPNIFTY24NOV12700PE,305.95,0.0,Monitoring
2024-11-08,10:05:00,HOLD,MIDCPNIFTY24NOV12700PE,305.95,0.0,Monitoring
2024-11-08,10:10:00,HOLD,MIDCPNIFTY24NOV12700PE,305.95,0.0,Monitoring
2024-11-08,10:15:00,HOLD,MIDCPNIFTY24NOV12700PE,305.95,0.0,Monitoring
2024-11-08,10:20:00,HOLD,MIDCPNIFTY24NOV12700PE,305.95,0.0,Monitoring
2024-11-08,10:25:00,HOLD,MIDCPNIFTY24NOV12700PE,305.95,0.0,Monitoring
2024-11-08,10:30:00,HOLD,MIDCPNIFTY24NOV12700PE,305.95,0.0,Monitoring
2024-11-08,10:35:00,HOLD,MIDCPNIFTY24NOV12700PE,305.95,0.0,Monitoring
2024-11-08,10:40:00,HOLD,MIDCPNIFTY24NOV12700PE,305.95,0.0,Monitoring
2024-11-08,10:45:00,HOLD,MIDCPNIFTY24NOV12700PE,305.95,0.0,Monitoring
2024-11-08,10:50:00,HOLD,MIDCPNIFTY24NOV12700PE,305.95,0.0,Monitoring
2024-11-08,10:55:00,HOLD,MIDCPNIFTY24NOV12700PE,305.95,0.0,Monitoring
2024-11-08,11:00:00,HOLD,MIDCPNIFTY24NOV12700PE,305.95,0.0,Monitoring
2024-11-08,13:10:00,HOLD,MIDCPNIFTY24NOV12700PE,305.95,0.0,Monitoring
2024-11-08,13:15:00,HOLD,MIDCPNIFTY24NOV12700PE,305.95,0.0,Monitoring
2024-11-08,13:20:00,HOLD,MIDCPNIFTY24NOV12700PE,305.95,0.0,Monitoring
2024-11-08,13:25:00,HOLD,MIDCPNIFTY24NOV12700PE,305.95,0.0,Monitoring
2024-11-08,13:40:00,HOLD,MIDCPNIFTY24NOV12700PE,305.95,0.0,Monitoring
2024-11-08,13:45:00,HOLD,MIDCPNIFTY24NOV12700PE,305.95,0.0,Monitoring
2024-11-08,13:50:00,HOLD,MIDCPNIFTY24NOV12700PE,305.95,0.0,Monitoring
2024-11-08,13:55:00,HOLD,MIDCPNIFTY24NOV12700PE,305.95,0.0,Monitoring
2024-11-08,14:35:00,HOLD,MIDCPNIFTY24NOV12700PE,305.95,0.0,Monitoring
2024-11-08,14:40:00,HOLD,MIDCPNIFTY24NOV12700PE,305.95,0.0,Monitoring
2024-11-08,14:45:00,HOLD,MIDCPNIFTY24NOV12700PE,305.95,0.0,Monitoring
2024-11-08,14:50:00,HOLD,MIDCPNIFTY24NOV12700PE,305.95,0.0,Monitoring
2024-11-08,14:55:00,HOLD,MIDCPNIFTY24NOV12700PE,305.95,0.0,Monitoring
2024-11-08,15:00:00,HOLD,MIDCPNIFTY24NOV12700PE,305.95,0.0,Monitoring
2024-11-08,15:05:00,HOLD,MIDCPNIFTY24NOV12700PE,305.95,0.0,Monitoring
2024-11-08,15:10:00,HOLD,MIDCPNIFTY24NOV12700PE,305.95,0.0,Monitoring
2024-11-08,15:15:00,HOLD,MIDCPNIFTY24NOV12700PE,305.95,0.0,Monitoring
2024-11-08,15:20:00,HOLD,MIDCPNIFTY24NOV12700PE,305.95,0.0,Monitoring
2024-11-08,15:25:00,HOLD,MIDCPNIFTY24NOV12700PE,305.95,0.0,Monitoring
2024-11-11,09:15:00,HOLD,MIDCPNIFTY24NOV12700PE,305.95,0.0,Monitoring
2024-11-11,09:20:00,HOLD,MIDCPNIFTY24NOV12700PE,305.95,0.0,Monitoring
2024-11-11,09:25:00,HOLD,MIDCPNIFTY24NOV12700PE,305.95,0.0,Monitoring
2024-11-11,09:30:00,HOLD,MIDCPNIFTY24NOV12700PE,305.95,0.0,Monitoring
2024-11-11,09:35:00,HOLD,MIDCPNIFTY24NOV12700PE,305.95,0.0,Monitoring
2024-11-11,09:45:00,HOLD,MIDCPNIFTY24NOV12700PE,305.95,0.0,Monitoring
2024-11-11,09:50:00,HOLD,MIDCPNIFTY24NOV12700PE,305.95,0.0,Monitoring
2024-11-11,09:55:00,HOLD,MIDCPNIFTY24NOV12700PE,305.95,0.0,Monitoring
2024-11-11,10:00:00,HOLD,MIDCPNIFTY24NOV12700PE,305.95,0.0,Monitoring
2024-11-11,10:05:00,HOLD,MIDCPNIFTY24NOV12700PE,305.95,0.0,Monitoring
2024-11-11,10:10:00,HOLD,MIDCPNIFTY24NOV12700PE,305.95,0.0,Monitoring
2024-11-11,10:15:00,HOLD,MIDCPNIFTY24NOV12700PE,305.95,0.0,Monitoring
2024-11-11,10:20:00,HOLD,MIDCPNIFTY24NOV12700PE,305.95,0.0,Monitoring
2024-11-11,10:25:00,HOLD,MIDCPNIFTY24NOV12700PE,305.95,0.0,Monitoring
2024-11-11,10:30:00,HOLD,MIDCPNIFTY24NOV12700PE,305.95,0.0,Monitoring
2024-11-11,10:35:00,HOLD,MIDCPNIFTY24NOV12700PE,305.95,0.0,Monitoring
2024-11-11,10:40:00,HOLD,MIDCPNIFTY24NOV12700PE,305.95,0.0,Monitoring
2024-11-11,10:45:00,HOLD,MIDCPNIFTY24NOV12700PE,305.95,0.0,Monitoring
2024-11-11,10:50:00,HOLD,MIDCPNIFTY24NOV12700PE,305.95,0.0,Monitoring
2024-11-11,10:55:00,HOLD,MIDCPNIFTY24NOV12700PE,305.95,0.0,Monitoring
2024-11-11,11:00:00,HOLD,MIDCPNIFTY24NOV12700PE,305.95,0.0,Monitoring
2024-11-11,11:05:00,HOLD,MIDCPNIFTY24NOV12700PE,305.95,0.0,Monitoring
2024-11-11,11:10:00,HOLD,MIDCPNIFTY24NOV12700PE,305.95,0.0,Monitoring
2024-11-11,11:15:00,HOLD,MIDCPNIFTY24NOV12700PE,305.95,0.0,Monitoring
2024-11-11,11:20:00,HOLD,MIDCPNIFTY24NOV12700PE,305.95,0.0,Monitoring
2024-11-11,11:25:00,HOLD,MIDCPNIFTY24NOV12700PE,305.95,0.0,Monitoring
2024-11-11,11:30:00,HOLD,MIDCPNIFTY24NOV12700PE,305.95,0.0,Monitoring
2024-11-11,11:35:00,HOLD,MIDCPNIFTY24NOV12700PE,305.95,0.0,Monitoring
2024-11-11,11:40:00,HOLD,MIDCPNIFTY24NOV12700PE,305.95,0.0,Monitoring
2024-11-11,11:45:00,HOLD,MIDCPNIFTY24NOV12700PE,305.95,0.0,Monitoring
2024-11-11,11:50:00,HOLD,MIDCPNIFTY24NOV12700PE,305.95,0.0,Monitoring
2024-11-11,11:55:00,HOLD,MIDCPNIFTY24NOV12700PE,305.95,0.0,Monitoring
2024-11-11,12:00:00,HOLD,MIDCPNIFTY24NOV12700PE,305.95,0.0,Monitoring
2024-11-11,12:05:00,HOLD,MIDCPNIFTY24NOV12700PE,305.95,0.0,Monitoring
2024-11-11,12:10:00,HOLD,MIDCPNIFTY24NOV12700PE,305.95,0.0,Monitoring
2024-11-11,12:15:00,HOLD,MIDCPNIFTY24NOV12700PE,305.95,0.0,Monitoring
2024-11-11,12:20:00,HOLD,MIDCPNIFTY24NOV12700PE,305.95,0.0,Monitoring
2024-11-11,12:25:00,HOLD,MIDCPNIFTY24NOV12700PE,305.95,0.0,Monitoring
2024-11-11,12:30:00,HOLD,MIDCPNIFTY24NOV12700PE,305.95,0.0,Monitoring
2024-11-11,12:35:00,HOLD,MIDCPNIFTY24NOV12700PE,305.95,0.0,Monitoring
2024-11-11,12:40:00,HOLD,MIDCPNIFTY24NOV12700PE,305.95,0.0,Monitoring
2024-11-11,12:45:00,HOLD,MIDCPNIFTY24NOV12700PE,305.95,0.0,Monitoring
2024-11-11,12:50:00,HOLD,MIDCPNIFTY24NOV12700PE,305.95,0.0,Monitoring
2024-11-11,12:55:00,HOLD,MIDCPNIFTY24NOV12700PE,305.95,0.0,Monitoring
2024-11-11,13:00:00,HOLD,MIDCPNIFTY24NOV12700PE,305.95,0.0,Monitoring
2024-11-11,13:05:00,HOLD,MIDCPNIFTY24NOV12700PE,305.95,0.0,Monitoring
2024-11-11,13:10:00,HOLD,MIDCPNIFTY24NOV12700PE,305.95,0.0,Monitoring
2024-11-11,13:15:00,HOLD,MIDCPNIFTY24NOV12700PE,305.95,0.0,Monitoring
2024-11-11,13:20:00,HOLD,MIDCPNIFTY24NOV12700PE,305.95,0.0,Monitoring
2024-11-11,13:25:00,HOLD,MIDCPNIFTY24NOV12700PE,305.95,0.0,Monitoring
2024-11-11,13:30:00,HOLD,MIDCPNIFTY24NOV12700PE,305.95,0.0,Monitoring
2024-11-11,13:35:00,HOLD,MIDCPNIFTY24NOV12700PE,305.95,0.0,Monitoring
2024-11-11,13:40:00,HOLD,MIDCPNIFTY24NOV12700PE,305.95,0.0,Monitoring
2024-11-11,13:45:00,HOLD,MIDCPNIFTY24NOV12700PE,305.95,0.0,Monitoring
2024-11-11,13:50:00,HOLD,MIDCPNIFTY24NOV12700PE,305.95,0.0,Monitoring
2024-11-11,13:55:00,HOLD,MIDCPNIFTY24NOV12700PE,305.95,0.0,Monitoring
2024-11-11,14:00:00,HOLD,MIDCPNIFTY24NOV12700PE,305.95,0.0,Monitoring
2024-11-11,14:05:00,HOLD,MIDCPNIFTY24NOV12700PE,305.95,0.0,Monitoring
2024-11-11,14:10:00,HOLD,MIDCPNIFTY24NOV12700PE,305.95,0.0,Monitoring
2024-11-11,14:15:00,HOLD,MIDCPNIFTY24NOV12700PE,305.95,0.0,Monitoring
2024-11-11,14:20:00,HOLD,MIDCPNIFTY24NOV12700PE,305.95,0.0,Monitoring
2024-11-11,14:25:00,HOLD,MIDCPNIFTY24NOV12700PE,305.95,0.0,Monitoring
2024-11-11,14:30:00,HOLD,MIDCPNIFTY24NOV12700PE,305.95,0.0,Monitoring
2024-11-11,14:35:00,HOLD,MIDCPNIFTY24NOV12700PE,305.95,0.0,Monitoring
2024-11-11,14:40:00,HOLD,MIDCPNIFTY24NOV12700PE,305.95,0.0,Monitoring
2024-11-11,14:45:00,HOLD,MIDCPNIFTY24NOV12700PE,305.95,0.0,Monitoring
2024-11-11,14:50:00,HOLD,MIDCPNIFTY24NOV12700PE,305.95,0.0,Monitoring
2024-11-11,14:55:00,HOLD,MIDCPNIFTY24NOV12700PE,290.0,1914.0,Monitoring
2024-11-11,15:00:00,HOLD,MIDCPNIFTY24NOV12700PE,290.0,1914.0,Monitoring
2024-11-11,15:05:00,HOLD,MIDCPNIFTY24NOV12700PE,290.0,1914.0,Monitoring
2024-11-11,15:10:00,HOLD,MIDCPNIFTY24NOV12700PE,290.0,1914.0,Monitoring
2024-11-11,15:15:00,HOLD,MIDCPNIFTY24NOV12700PE,290.0,1914.0,Monitoring
2024-11-11,15:20:00,HOLD,MIDCPNIFTY24NOV12700PE,290.0,1914.0,Monitoring
2024-11-11,15:25:00,HOLD,MIDCPNIFTY24NOV12700PE,290.0,1914.0,Monitoring
2024-11-12,09:15:00,HOLD,MIDCPNIFTY24NOV12700PE,290.0,1914.0,Monitoring
2024-11-12,09:20:00,HOLD,MIDCPNIFTY24NOV12700PE,290.0,1914.0,Monitoring
2024-11-12,09:25:00,HOLD,MIDCPNIFTY24NOV12700PE,290.0,1914.0,Monitoring
2024-11-12,09:30:00,HOLD,MIDCPNIFTY24NOV12700PE,290.0,1914.0,Monitoring
2024-11-12,09:40:00,HOLD,MIDCPNIFTY24NOV12700PE,290.0,1914.0,Monitoring
2024-11-12,09:45:00,HOLD,MIDCPNIFTY24NOV12700PE,290.0,1914.0,Monitoring
2024-11-12,09:50:00,HOLD,MIDCPNIFTY24NOV12700PE,290.0,1914.0,Monitoring
2024-11-12,09:55:00,HOLD,MIDCPNIFTY24NOV12700PE,290.0,1914.0,Monitoring
2024-11-12,10:00:00,HOLD,MIDCPNIFTY24NOV12700PE,290.0,1914.0,Monitoring
2024-11-12,10:05:00,HOLD,MIDCPNIFTY24NOV12700PE,290.0,1914.0,Monitoring
2024-11-12,10:10:00,HOLD,MIDCPNIFTY24NOV12700PE,290.0,1914.0,Monitoring
2024-11-12,10:15:00,HOLD,MIDCPNIFTY24NOV12700PE,290.0,1914.0,Monitoring
2024-11-12,10:20:00,HOLD,MIDCPNIFTY24NOV12700PE,290.0,1914.0,Monitoring
2024-11-12,10:25:00,HOLD,MIDCPNIFTY24NOV12700PE,290.0,1914.0,Monitoring
2024-11-12,10:30:00,HOLD,MIDCPNIFTY24NOV12700PE,290.0,1914.0,Monitoring
2024-11-12,10:35:00,HOLD,MIDCPNIFTY24NOV12700PE,290.0,1914.0,Monitoring
2024-11-12,10:40:00,HOLD,MIDCPNIFTY24NOV12700PE,290.0,1914.0,Monitoring
2024-11-12,10:45:00,HOLD,MIDCPNIFTY24NOV12700PE,290.0,1914.0,Monitoring
2024-11-12,10:50:00,HOLD,MIDCPNIFTY24NOV12700PE,290.0,1914.0,Monitoring
2024-11-12,10:55:00,HOLD,MIDCPNIFTY24NOV12700PE,290.0,1914.0,Monitoring
2024-11-12,11:00:00,HOLD,MIDCPNIFTY24NOV12700PE,290.0,1914.0,Monitoring
2024-11-12,11:05:00,HOLD,MIDCPNIFTY24NOV12700PE,290.0,1914.0,Monitoring
2024-11-12,11:10:00,HOLD,MIDCPNIFTY24NOV12700PE,290.0,1914.0,Monitoring
2024-11-12,11:15:00,HOLD,MIDCPNIFTY24NOV12700PE,290.0,1914.0,Monitoring
2024-11-12,11:20:00,HOLD,MIDCPNIFTY24NOV12700PE,290.0,1914.0,Monitoring
2024-11-12,11:25:00,HOLD,MIDCPNIFTY24NOV12700PE,290.0,1914.0,Monitoring
2024-11-12,11:30:00,HOLD,MIDCPNIFTY24NOV12700PE,290.0,1914.0,Monitoring
2024-11-12,11:35:00,HOLD,MIDCPNIFTY24NOV12700PE,290.0,1914.0,Monitoring
2024-11-12,11:40:00,HOLD,MIDCPNIFTY24NOV12700PE,290.0,1914.0,Monitoring
2024-11-12,11:45:00,HOLD,MIDCPNIFTY24NOV12700PE,290.0,1914.0,Monitoring
2024-11-12,11:50:00,HOLD,MIDCPNIFTY24NOV12700PE,290.0,1914.0,Monitoring
2024-11-12,11:55:00,HOLD,MIDCPNIFTY24NOV12700PE,290.0,1914.0,Monitoring
2024-11-12,12:00:00,HOLD,MIDCPNIFTY24NOV12700PE,290.0,1914.0,Monitoring
2024-11-12,12:05:00,HOLD,MIDCPNIFTY24NOV12700PE,290.0,1914.0,Monitoring
2024-11-12,12:10:00,HOLD,MIDCPNIFTY24NOV12700PE,290.0,1914.0,Monitoring
2024-11-12,12:15:00,HOLD,MIDCPNIFTY24NOV12700PE,290.0,1914.0,Monitoring
2024-11-12,12:20:00,HOLD,MIDCPNIFTY24NOV12700PE,290.0,1914.0,Monitoring
2024-11-12,12:25:00,HOLD,MIDCPNIFTY24NOV12700PE,290.0,1914.0,Monitoring
2024-11-12,12:30:00,HOLD,MIDCPNIFTY24NOV12700PE,290.0,1914.0,Monitoring
2024-11-12,12:35:00,HOLD,MIDCPNIFTY24NOV12700PE,290.0,1914.0,Monitoring
2024-11-12,12:40:00,HOLD,MIDCPNIFTY24NOV12700PE,290.0,1914.0,Monitoring
2024-11-12,12:45:00,HOLD,MIDCPNIFTY24NOV12700PE,290.0,1914.0,Monitoring
2024-11-12,12:50:00,HOLD,MIDCPNIFTY24NOV12700PE,290.0,1914.0,Monitoring
2024-11-12,12:55:00,HOLD,MIDCPNIFTY24NOV12700PE,290.0,1914.0,Monitoring
2024-11-12,13:00:00,HOLD,MIDCPNIFTY24NOV12700PE,290.0,1914.0,Monitoring
2024-11-12,13:05:00,HOLD,MIDCPNIFTY24NOV12700PE,290.0,1914.0,Monitoring
2024-11-12,13:10:00,HOLD,MIDCPNIFTY24NOV12700PE,290.0,1914.0,Monitoring
2024-11-12,13:15:00,HOLD,MIDCPNIFTY24NOV12700PE,290.0,1914.0,Monitoring
2024-11-12,13:20:00,HOLD,MIDCPNIFTY24NOV12700PE,290.0,1914.0,Monitoring
2024-11-12,13:25:00,HOLD,MIDCPNIFTY24NOV12700PE,290.0,1914.0,Monitoring
2024-11-12,13:30:00,HOLD,MIDCPNIFTY24NOV12700PE,290.0,1914.0,Monitoring
2024-11-12,13:35:00,HOLD,MIDCPNIFTY24NOV12700PE,290.0,1914.0,Monitoring
2024-11-12,13:40:00,HOLD,MIDCPNIFTY24NOV12700PE,290.0,1914.0,Monitoring
2024-11-12,13:45:00,HOLD,MIDCPNIFTY24NOV12700PE,290.0,1914.0,Monitoring
2024-11-12,13:50:00,HOLD,MIDCPNIFTY24NOV12700PE,290.0,1914.0,Monitoring
2024-11-12,13:55:00,HOLD,MIDCPNIFTY24NOV12700PE,290.0,1914.0,Monitoring
2024-11-12,14:00:00,HOLD,MIDCPNIFTY24NOV12700PE,290.0,1914.0,Monitoring
2024-11-12,14:05:00,HOLD,MIDCPNIFTY24NOV12700PE,290.0,1914.0,Monitoring
2024-11-12,14:10:00,HOLD,MIDCPNIFTY24NOV12700PE,290.0,1914.0,Monitoring
2024-11-12,14:15:00,HOLD,MIDCPNIFTY24NOV12700PE,290.0,1914.0,Monitoring
2024-11-12,14:20:00,HOLD,MIDCPNIFTY24NOV12700PE,290.0,1914.0,Monitoring
2024-11-12,14:25:00,HOLD,MIDCPNIFTY24NOV12700PE,290.0,1914.0,Monitoring
2024-11-12,14:30:00,HOLD,MIDCPNIFTY24NOV12700PE,290.0,1914.0,Monitoring
2024-11-12,14:35:00,HOLD,MIDCPNIFTY24NOV12700PE,290.0,1914.0,Monitoring
2024-11-12,14:40:00,HOLD,MIDCPNIFTY24NOV12700PE,290.0,1914.0,Monitoring
2024-11-12,14:45:00,HOLD,MIDCPNIFTY24NOV12700PE,290.0,1914.0,Monitoring
2024-11-12,14:50:00,HOLD,MIDCPNIFTY24NOV12700PE,290.0,1914.0,Monitoring
2024-11-12,14:55:00,HOLD,MIDCPNIFTY24NOV12700PE,290.0,1914.0,Monitoring
2024-11-12,15:00:00,HOLD,MIDCPNIFTY24NOV12700PE,290.0,1914.0,Monitoring
2024-11-12,15:05:00,HOLD,MIDCPNIFTY24NOV12700PE,290.0,1914.0,Monitoring
2024-11-12,15:10:00,HOLD,MIDCPNIFTY24NOV12700PE,290.0,1914.0,Monitoring
2024-11-12,15:15:00,HOLD,MIDCPNIFTY24NOV12700PE,290.0,1914.0,Monitoring
2024-11-12,15:20:00,HOLD,MIDCPNIFTY24NOV12700PE,290.0,1914.0,Monitoring
2024-11-12,15:25:00,HOLD,MIDCPNIFTY24NOV12700PE,290.0,1914.0,Monitoring
2024-11-13,09:20:00,HOLD,MIDCPNIFTY24NOV12700PE,290.0,1914.0,Monitoring
2024-11-13,09:25:00,HOLD,MIDCPNIFTY24NOV12700PE,290.0,1914.0,Monitoring
2024-11-13,09:30:00,HOLD,MIDCPNIFTY24NOV12700PE,290.0,1914.0,Monitoring
2024-11-13,09:35:00,HOLD,MIDCPNIFTY24NOV12700PE,290.0,1914.0,Monitoring
2024-11-13,09:40:00,HOLD,MIDCPNIFTY24NOV12700PE,290.0,1914.0,Monitoring
2024-11-13,09:45:00,HOLD,MIDCPNIFTY24NOV12700PE,290.0,1914.0,Monitoring
2024-11-13,09:50:00,HOLD,MIDCPNIFTY24NOV12700PE,290.0,1914.0,Monitoring
2024-11-13,09:55:00,HOLD,MIDCPNIFTY24NOV12700PE,290.0,1914.0,Monitoring
2024-11-13,10:00:00,HOLD,MIDCPNIFTY24NOV12700PE,290.0,1914.0,Monitoring
2024-11-13,10:05:00,HOLD,MIDCPNIFTY24NOV12700PE,290.0,1914.0,Monitoring
2024-11-13,10:10:00,HOLD,MIDCPNIFTY24NOV12700PE,290.0,1914.0,Monitoring
2024-11-13,10:15:00,HOLD,MIDCPNIFTY24NOV12700PE,290.0,1914.0,Monitoring
2024-11-13,10:20:00,HOLD,MIDCPNIFTY24NOV12700PE,290.0,1914.0,Monitoring
2024-11-13,10:25:00,HOLD,MIDCPNIFTY24NOV12700PE,290.0,1914.0,Monitoring
2024-11-13,10:30:00,HOLD,MIDCPNIFTY24NOV12700PE,290.0,1914.0,Monitoring
2024-11-13,10:35:00,HOLD,MIDCPNIFTY24NOV12700PE,290.0,1914.0,Monitoring
2024-11-13,10:40:00,HOLD,MIDCPNIFTY24NOV12700PE,290.0,1914.0,Monitoring
2024-11-13,10:45:00,HOLD,MIDCPNIFTY24NOV12700PE,290.0,1914.0,Monitoring
2024-11-13,10:50:00,HOLD,MIDCPNIFTY24NOV12700PE,290.0,1914.0,Monitoring
2024-11-13,10:55:00,HOLD,MIDCPNIFTY24NOV12700PE,290.0,1914.0,Monitoring
2024-11-13,11:00:00,HOLD,MIDCPNIFTY24NOV12700PE,290.0,1914.0,Monitoring
2024-11-13,11:05:00,HOLD,MIDCPNIFTY24NOV12700PE,290.0,1914.0,Monitoring
2024-11-13,11:10:00,HOLD,MIDCPNIFTY24NOV12700PE,290.0,1914.0,Monitoring
2024-11-13,11:15:00,HOLD,MIDCPNIFTY24NOV12700PE,290.0,1914.0,Monitoring
2024-11-13,11:20:00,HOLD,MIDCPNIFTY24NOV12700PE,290.0,1914.0,Monitoring
2024-11-13,11:25:00,HOLD,MIDCPNIFTY24NOV12700PE,290.0,1914.0,Monitoring
2024-11-13,11:30:00,HOLD,MIDCPNIFTY24NOV12700PE,290.0,1914.0,Monitoring
2024-11-13,11:35:00,HOLD,MIDCPNIFTY24NOV12700PE,290.0,1914.0,Monitoring
2024-11-13,11:40:00,HOLD,MIDCPNIFTY24NOV12700PE,290.0,1914.0,Monitoring
2024-11-13,11:45:00,HOLD,MIDCPNIFTY24NOV12700PE,290.0,1914.0,Monitoring
2024-11-13,11:50:00,HOLD,MIDCPNIFTY24NOV12700PE,290.0,1914.0,Monitoring
2024-11-13,11:55:00,HOLD,MIDCPNIFTY24NOV12700PE,290.0,1914.0,Monitoring
2024-11-13,12:00:00,HOLD,MIDCPNIFTY24NOV12700PE,290.0,1914.0,Monitoring
2024-11-13,12:05:00,HOLD,MIDCPNIFTY24NOV12700PE,290.0,1914.0,Monitoring
2024-11-13,12:10:00,HOLD,MIDCPNIFTY24NOV12700PE,290.0,1914.0,Monitoring
2024-11-13,12:15:00,HOLD,MIDCPNIFTY24NOV12700PE,290.0,1914.0,Monitoring
2024-11-13,12:20:00,HOLD,MIDCPNIFTY24NOV12700PE,290.0,1914.0,Monitoring
2024-11-13,12:25:00,HOLD,MIDCPNIFTY24NOV12700PE,290.0,1914.0,Monitoring
2024-11-13,12:30:00,HOLD,MIDCPNIFTY24NOV12700PE,290.0,1914.0,Monitoring
2024-11-13,12:35:00,HOLD,MIDCPNIFTY24NOV12700PE,290.0,1914.0,Monitoring
2024-11-13,12:40:00,HOLD,MIDCPNIFTY24NOV12700PE,290.0,1914.0,Monitoring
2024-11-13,12:45:00,HOLD,MIDCPNIFTY24NOV12700PE,290.0,1914.0,Monitoring
2024-11-13,12:50:00,HOLD,MIDCPNIFTY24NOV12700PE,290.0,1914.0,Monitoring
2024-11-13,12:55:00,HOLD,MIDCPNIFTY24NOV12700PE,290.0,1914.0,Monitoring
2024-11-13,13:00:00,HOLD,MIDCPNIFTY24NOV12700PE,290.0,1914.0,Monitoring
2024-11-13,13:05:00,HOLD,MIDCPNIFTY24NOV12700PE,290.0,1914.0,Monitoring
2024-11-13,13:10:00,HOLD,MIDCPNIFTY24NOV12700PE,290.0,1914.0,Monitoring
2024-11-13,13:15:00,HOLD,MIDCPNIFTY24NOV12700PE,290.0,1914.0,Monitoring
2024-11-13,13:20:00,HOLD,MIDCPNIFTY24NOV12700PE,290.0,1914.0,Monitoring
2024-11-13,13:25:00,HOLD,MIDCPNIFTY24NOV12700PE,290.0,1914.0,Monitoring
2024-11-13,13:30:00,HOLD,MIDCPNIFTY24NOV12700PE,290.0,1914.0,Monitoring
2024-11-13,13:35:00,HOLD,MIDCPNIFTY24NOV12700PE,290.0,1914.0,Monitoring
2024-11-13,13:40:00,HOLD,MIDCPNIFTY24NOV12700PE,290.0,1914.0,Monitoring
2024-11-13,13:45:00,HOLD,MIDCPNIFTY24NOV12700PE,290.0,1914.0,Monitoring
2024-11-13,13:50:00,HOLD,MIDCPNIFTY24NOV12700PE,290.0,1914.0,Monitoring
2024-11-13,13:55:00,HOLD,MIDCPNIFTY24NOV12700PE,290.0,1914.0,Monitoring
2024-11-13,14:00:00,HOLD,MIDCPNIFTY24NOV12700PE,290.0,1914.0,Monitoring
2024-11-13,14:05:00,HOLD,MIDCPNIFTY24NOV12700PE,290.0,1914.0,Monitoring
2024-11-13,14:10:00,HOLD,MIDCPNIFTY24NOV12700PE,290.0,1914.0,Monitoring
2024-11-13,14:15:00,HOLD,MIDCPNIFTY24NOV12700PE,290.0,1914.0,Monitoring
2024-11-13,14:20:00,HOLD,MIDCPNIFTY24NOV12700PE,290.0,1914.0,Monitoring
2024-11-13,14:25:00,HOLD,MIDCPNIFTY24NOV12700PE,290.0,1914.0,Monitoring
2024-11-13,14:30:00,HOLD,MIDCPNIFTY24NOV12700PE,290.0,1914.0,Monitoring
2024-11-13,14:35:00,HOLD,MIDCPNIFTY24NOV12700PE,290.0,1914.0,Monitoring
2024-11-13,14:40:00,HOLD,MIDCPNIFTY24NOV12700PE,290.0,1914.0,Monitoring
2024-11-13,14:45:00,HOLD,MIDCPNIFTY24NOV12700PE,290.0,1914.0,Monitoring
2024-11-13,14:50:00,HOLD,MIDCPNIFTY24NOV12700PE,290.0,1914.0,Monitoring
2024-11-13,14:55:00,HOLD,MIDCPNIFTY24NOV12700PE,290.0,1914.0,Monitoring
2024-11-13,15:00:00,HOLD,MIDCPNIFTY24NOV12700PE,290.0,1914.0,Monitoring
2024-11-13,15:05:00,HOLD,MIDCPNIFTY24NOV12700PE,290.0,1914.0,Monitoring
2024-11-13,15:10:00,HOLD,MIDCPNIFTY24NOV12700PE,290.0,1914.0,Monitoring
2024-11-13,15:15:00,HOLD,MIDCPNIFTY24NOV12700PE,290.0,1914.0,Monitoring
2024-11-13,15:20:00,HOLD,MIDCPNIFTY24NOV12700PE,290.0,1914.0,Monitoring
2024-11-13,15:25:00,HOLD,MIDCPNIFTY24NOV12700PE,290.0,1914.0,Monitoring
2024-11-14,09:25:00,HOLD,MIDCPNIFTY24NOV12700PE,290.0,1914.0,Monitoring
2024-11-14,09:30:00,HOLD,MIDCPNIFTY24NOV12700PE,290.0,1914.0,Monitoring
2024-11-14,09:35:00,HOLD,MIDCPNIFTY24NOV12700PE,290.0,1914.0,Monitoring
2024-11-14,09:40:00,HOLD,MIDCPNIFTY24NOV12700PE,290.0,1914.0,Monitoring
2024-11-14,09:45:00,HOLD,MIDCPNIFTY24NOV12700PE,290.0,1914.0,Monitoring
2024-11-14,09:50:00,HOLD,MIDCPNIFTY24NOV12700PE,290.0,1914.0,Monitoring
2024-11-14,09:55:00,HOLD,MIDCPNIFTY24NOV12700PE,290.0,1914.0,Monitoring
2024-11-14,10:00:00,HOLD,MIDCPNIFTY24NOV12700PE,290.0,1914.0,Monitoring
2024-11-14,10:05:00,HOLD,MIDCPNIFTY24NOV12700PE,290.0,1914.0,Monitoring
2024-11-14,10:10:00,HOLD,MIDCPNIFTY24NOV12700PE,290.0,1914.0,Monitoring
2024-11-14,10:15:00,HOLD,MIDCPNIFTY24NOV12700PE,290.0,1914.0,Monitoring
2024-11-14,10:20:00,HOLD,MIDCPNIFTY24NOV12700PE,290.0,1914.0,Monitoring
2024-11-14,10:25:00,HOLD,MIDCPNIFTY24NOV12700PE,290.0,1914.0,Monitoring
2024-11-14,10:30:00,HOLD,MIDCPNIFTY24NOV12700PE,290.0,1914.0,Monitoring
2024-11-14,10:35:00,HOLD,MIDCPNIFTY24NOV12700PE,290.0,1914.0,Monitoring
2024-11-14,10:40:00,HOLD,MIDCPNIFTY24NOV12700PE,290.0,1914.0,Monitoring
2024-11-14,10:45:00,HOLD,MIDCPNIFTY24NOV12700PE,290.0,1914.0,Monitoring
2024-11-14,10:50:00,HOLD,MIDCPNIFTY24NOV12700PE,290.0,1914.0,Monitoring
2024-11-14,10:55:00,HOLD,MIDCPNIFTY24NOV12700PE,290.0,1914.0,Monitoring
2024-11-14,11:00:00,HOLD,MIDCPNIFTY24NOV12700PE,290.0,1914.0,Monitoring
2024-11-14,11:05:00,HOLD,MIDCPNIFTY24NOV12700PE,290.0,1914.0,Monitoring
2024-11-14,11:10:00,HOLD,MIDCPNIFTY24NOV12700PE,290.0,1914.0,Monitoring
2024-11-14,11:15:00,HOLD,MIDCPNIFTY24NOV12700PE,290.0,1914.0,Monitoring
2024-11-14,11:20:00,HOLD,MIDCPNIFTY24NOV12700PE,290.0,1914.0,Monitoring
2024-11-14,11:25:00,HOLD,MIDCPNIFTY24NOV12700PE,290.0,1914.0,Monitoring
2024-11-14,11:30:00,HOLD,MIDCPNIFTY24NOV12700PE,290.0,1914.0,Monitoring
2024-11-14,11:35:00,HOLD,MIDCPNIFTY24NOV12700PE,290.0,1914.0,Monitoring
2024-11-14,11:40:00,HOLD,MIDCPNIFTY24NOV12700PE,290.0,1914.0,Monitoring
2024-11-14,11:45:00,HOLD,MIDCPNIFTY24NOV12700PE,290.0,1914.0,Monitoring
2024-11-14,11:50:00,HOLD,MIDCPNIFTY24NOV12700PE,290.0,1914.0,Monitoring
2024-11-14,11:55:00,HOLD,MIDCPNIFTY24NOV12700PE,290.0,1914.0,Monitoring
2024-11-14,12:00:00,HOLD,MIDCPNIFTY24NOV12700PE,290.0,1914.0,Monitoring
2024-11-14,12:05:00,HOLD,MIDCPNIFTY24NOV12700PE,290.0,1914.0,Monitoring
2024-11-14,12:10:00,HOLD,MIDCPNIFTY24NOV12700PE,290.0,1914.0,Monitoring
2024-11-14,12:15:00,HOLD,MIDCPNIFTY24NOV12700PE,290.0,1914.0,Monitoring
2024-11-14,12:20:00,HOLD,MIDCPNIFTY24NOV12700PE,290.0,1914.0,Monitoring
2024-11-14,12:25:00,HOLD,MIDCPNIFTY24NOV12700PE,290.0,1914.0,Monitoring
2024-11-14,12:30:00,HOLD,MIDCPNIFTY24NOV12700PE,290.0,1914.0,Monitoring
2024-11-14,12:35:00,HOLD,MIDCPNIFTY24NOV12700PE,290.0,1914.0,Monitoring
2024-11-14,12:40:00,HOLD,MIDCPNIFTY24NOV12700PE,290.0,1914.0,Monitoring
2024-11-14,12:45:00,HOLD,MIDCPNIFTY24NOV12700PE,290.0,1914.0,Monitoring
2024-11-14,12:50:00,HOLD,MIDCPNIFTY24NOV12700PE,290.0,1914.0,Monitoring
2024-11-14,12:55:00,HOLD,MIDCPNIFTY24NOV12700PE,290.0,1914.0,Monitoring
2024-11-14,13:00:00,HOLD,MIDCPNIFTY24NOV12700PE,290.0,1914.0,Monitoring
2024-11-14,13:05:00,HOLD,MIDCPNIFTY24NOV12700PE,290.0,1914.0,Monitoring
2024-11-14,13:10:00,HOLD,MIDCPNIFTY24NOV12700PE,290.0,1914.0,Monitoring
2024-11-14,13:15:00,HOLD,MIDCPNIFTY24NOV12700PE,290.0,1914.0,Monitoring
2024-11-14,13:20:00,HOLD,MIDCPNIFTY24NOV12700PE,290.0,1914.0,Monitoring
2024-11-14,13:25:00,HOLD,MIDCPNIFTY24NOV12700PE,290.0,1914.0,Monitoring
2024-11-14,13:30:00,HOLD,MIDCPNIFTY24NOV12700PE,290.0,1914.0,Monitoring
2024-11-14,13:35:00,HOLD,MIDCPNIFTY24NOV12700PE,290.0,1914.0,Monitoring
2024-11-14,13:40:00,HOLD,MIDCPNIFTY24NOV12700PE,290.0,1914.0,Monitoring
2024-11-14,13:45:00,HOLD,MIDCPNIFTY24NOV12700PE,290.0,1914.0,Monitoring
2024-11-14,13:50:00,HOLD,MIDCPNIFTY24NOV12700PE,290.0,1914.0,Monitoring
2024-11-14,13:55:00,HOLD,MIDCPNIFTY24NOV12700PE,290.0,1914.0,Monitoring
2024-11-14,14:00:00,HOLD,MIDCPNIFTY24NOV12700PE,290.0,1914.0,Monitoring
2024-11-14,14:05:00,HOLD,MIDCPNIFTY24NOV12700PE,290.0,1914.0,Monitoring
2024-11-14,14:10:00,HOLD,MIDCPNIFTY24NOV12700PE,290.0,1914.0,Monitoring
2024-11-14,14:15:00,HOLD,MIDCPNIFTY24NOV12700PE,290.0,1914.0,Monitoring
2024-11-14,14:20:00,HOLD,MIDCPNIFTY24NOV12700PE,290.0,1914.0,Monitoring
2024-11-14,14:25:00,HOLD,MIDCPNIFTY24NOV12700PE,290.0,1914.0,Monitoring
2024-11-14,14:30:00,HOLD,MIDCPNIFTY24NOV12700PE,290.0,1914.0,Monitoring
2024-11-14,14:35:00,HOLD,MIDCPNIFTY24NOV12700PE,290.0,1914.0,Monitoring
2024-11-14,14:40:00,HOLD,MIDCPNIFTY24NOV12700PE,290.0,1914.0,Monitoring
2024-11-14,14:45:00,HOLD,MIDCPNIFTY24NOV12700PE,290.0,1914.0,Monitoring
2024-11-14,14:50:00,HOLD,MIDCPNIFTY24NOV12700PE,290.0,1914.0,Monitoring
2024-11-14,14:55:00,HOLD,MIDCPNIFTY24NOV12700PE,290.0,1914.0,Monitoring
2024-11-14,15:00:00,HOLD,MIDCPNIFTY24NOV12700PE,290.0,1914.0,Monitoring
2024-11-14,15:05:00,HOLD,MIDCPNIFTY24NOV12700PE,290.0,1914.0,Monitoring
2024-11-14,15:10:00,HOLD,MIDCPNIFTY24NOV12700PE,290.0,1914.0,Monitoring
2024-11-14,15:15:00,HOLD,MIDCPNIFTY24NOV12700PE,290.0,1914.0,Monitoring
2024-11-14,15:20:00,HOLD,MIDCPNIFTY24NOV12700PE,290.0,1914.0,Monitoring
2024-11-14,15:25:00,HOLD,MIDCPNIFTY24NOV12700PE,290.0,1914.0,Monitoring
2024-11-18,09:15:00,HOLD,MIDCPNIFTY24NOV12700PE,290.0,1914.0,Monitoring
2024-11-18,09:20:00,HOLD,MIDCPNIFTY24NOV12700PE,290.0,1914.0,Monitoring
2024-11-18,09:25:00,HOLD,MIDCPNIFTY24NOV12700PE,290.0,1914.0,Monitoring
2024-11-18,09:30:00,HOLD,MIDCPNIFTY24NOV12700PE,290.0,1914.0,Monitoring
2024-11-18,09:35:00,HOLD,MIDCPNIFTY24NOV12700PE,290.0,1914.0,Monitoring
2024-11-18,09:45:00,HOLD,MIDCPNIFTY24NOV12700PE,290.0,1914.0,Monitoring
2024-11-18,09:50:00,HOLD,MIDCPNIFTY24NOV12700PE,290.0,1914.0,Monitoring
2024-11-18,09:55:00,HOLD,MIDCPNIFTY24NOV12700PE,290.0,1914.0,Monitoring
2024-11-18,10:00:00,HOLD,MIDCPNIFTY24NOV12700PE,290.0,1914.0,Monitoring
2024-11-18,10:05:00,HOLD,MIDCPNIFTY24NOV12700PE,290.0,1914.0,Monitoring
2024-11-18,10:10:00,HOLD,MIDCPNIFTY24NOV12700PE,290.0,1914.0,Monitoring
2024-11-18,10:15:00,HOLD,MIDCPNIFTY24NOV12700PE,290.0,1914.0,Monitoring
2024-11-18,10:20:00,HOLD,MIDCPNIFTY24NOV12700PE,290.0,1914.0,Monitoring
2024-11-18,10:25:00,HOLD,MIDCPNIFTY24NOV12700PE,290.0,1914.0,Monitoring
2024-11-18,10:30:00,HOLD,MIDCPNIFTY24NOV12700PE,290.0,1914.0,Monitoring
2024-11-18,10:35:00,HOLD,MIDCPNIFTY24NOV12700PE,290.0,1914.0,Monitoring
2024-11-18,10:40:00,HOLD,MIDCPNIFTY24NOV12700PE,290.0,1914.0,Monitoring
2024-11-18,10:45:00,HOLD,MIDCPNIFTY24NOV12700PE,290.0,1914.0,Monitoring
2024-11-18,10:50:00,HOLD,MIDCPNIFTY24NOV12700PE,290.0,1914.0,Monitoring
2024-11-18,10:55:00,HOLD,MIDCPNIFTY24NOV12700PE,290.0,1914.0,Monitoring
2024-11-18,11:00:00,HOLD,MIDCPNIFTY24NOV12700PE,290.0,1914.0,Monitoring
2024-11-18,11:05:00,HOLD,MIDCPNIFTY24NOV12700PE,290.0,1914.0,Monitoring
2024-11-18,11:10:00,HOLD,MIDCPNIFTY24NOV12700PE,290.0,1914.0,Monitoring
2024-11-18,11:15:00,HOLD,MIDCPNIFTY24NOV12700PE,290.0,1914.0,Monitoring
2024-11-18,11:20:00,HOLD,MIDCPNIFTY24NOV12700PE,290.0,1914.0,Monitoring
2024-11-18,11:25:00,HOLD,MIDCPNIFTY24NOV12700PE,290.0,1914.0,Monitoring
2024-11-18,11:30:00,HOLD,MIDCPNIFTY24NOV12700PE,290.0,1914.0,Monitoring
2024-11-18,11:35:00,HOLD,MIDCPNIFTY24NOV12700PE,290.0,1914.0,Monitoring
2024-11-18,11:40:00,HOLD,MIDCPNIFTY24NOV12700PE,290.0,1914.0,Monitoring
2024-11-18,11:45:00,HOLD,MIDCPNIFTY24NOV12700PE,590.0,-34086.0,Monitoring
2024-11-18,11:45:00,BUY_EXIT,MIDCPNIFTY24NOV12700PE,590.0,-34086.0,EMA_REVERSAL_SL
