Date,Time,Event,Ticker,Price,PnL_INR,Info
2025-11-28,14:00:00,SELL_ENTRY,MIDCPNIFTY25DEC14100CE,246.85,0.0,Signal CE | Short
2025-11-28,14:05:00,HOLD,MIDCPNIFTY25DEC14100CE,242.0,582.0,Monitoring
2025-11-28,14:10:00,HOLD,MIDCPNIFTY25DEC14100CE,241.3,666.0,Monitoring
2025-11-28,14:15:00,HOLD,MIDCPNIFTY25DEC14100CE,239.0,942.0,Monitoring
2025-11-28,14:20:00,HOLD,MIDCPNIFTY25DEC14100CE,238.75,972.0,Monitoring
2025-11-28,14:25:00,HOLD,MIDCPNIFTY25DEC14100CE,241.4,654.0,Monitoring
2025-11-28,14:30:00,HOLD,MIDCPNIFTY25DEC14100CE,244.0,342.0,Monitoring
2025-11-28,14:35:00,HOLD,MIDCPNIFTY25DEC14100CE,246.55,36.0,Monitoring
2025-11-28,14:40:00,HOLD,MIDCPNIFTY25DEC14100CE,246.5,42.0,Monitoring
2025-11-28,14:45:00,HOLD,MIDCPNIFTY25DEC14100CE,246.2,78.0,Monitoring
2025-11-28,14:50:00,HOLD,MIDCPNIFTY25DEC14100CE,244.0,342.0,Monitoring
2025-11-28,14:55:00,HOLD,MIDCPNIFTY25DEC14100CE,245.8,126.0,Monitoring
2025-11-28,15:00:00,HOLD,MIDCPNIFTY25DEC14100CE,248.0,-138.0,Monitoring
2025-11-28,15:05:00,HOLD,MIDCPNIFTY25DEC14100CE,241.05,696.0,Monitoring
2025-11-28,15:10:00,HOLD,MIDCPNIFTY25DEC14100CE,242.0,582.0,Monitoring
2025-11-28,15:15:00,HOLD,MIDCPNIFTY25DEC14100CE,248.6,-210.0,Monitoring
2025-11-28,15:20:00,HOLD,MIDCPNIFTY25DEC14100CE,247.95,-132.0,Monitoring
2025-11-28,15:25:00,HOLD,MIDCPNIFTY25DEC14100CE,251.0,-498.0,Monitoring
2025-12-01,09:15:00,HOLD,MIDCPNIFTY25DEC14100CE,270.05,-2784.0,Monitoring
2025-12-01,09:20:00,HOLD,MIDCPNIFTY25DEC14100CE,272.35,-3060.0,Monitoring
2025-12-01,09:25:00,HOLD,MIDCPNIFTY25DEC14100CE,275.15,-3396.0,Monitoring
2025-12-01,09:30:00,HOLD,MIDCPNIFTY25DEC14100CE,271.6,-2970.0,Monitoring
2025-12-01,09:35:00,HOLD,MIDCPNIFTY25DEC14100CE,279.9,-3966.0,Monitoring
2025-12-01,09:35:00,BUY_EXIT,MIDCPNIFTY25DEC14100CE,279.9,-3966.0,EMA_REVERSAL_SL
