Date,Time,Event,Ticker,Price,PnL_INR,Info
2025-01-22,14:00:00,SELL_ENTRY,MIDCPNIFTY25JAN12100CE,63.0,0.0,Signal CE | Short
2025-01-22,14:05:00,HOLD,MIDCPNIFTY25JAN12100CE,67.0,-480.0,Monitoring
2025-01-22,14:10:00,HOLD,MIDCPNIFTY25JAN12100CE,69.5,-780.0,Monitoring
2025-01-22,14:15:00,HOLD,MIDCPNIFTY25JAN12100CE,73.85,-1302.0,Monitoring
2025-01-22,14:20:00,HOLD,MIDCPNIFTY25JAN12100CE,77.2,-1704.0,Monitoring
2025-01-22,14:25:00,HOLD,MIDCPNIFTY25JAN12100CE,76.55,-1626.0,Monitoring
2025-01-22,14:30:00,HOLD,MIDCPNIFTY25JAN12100CE,77.6,-1752.0,Monitoring
2025-01-22,14:35:00,HOLD,MIDCPNIFTY25JAN12100CE,84.75,-2610.0,Monitoring
2025-01-22,14:40:00,HOLD,MIDCPNIFTY25JAN12100CE,87.5,-2940.0,Monitoring
2025-01-22,14:45:00,HOLD,MIDCPNIFTY25JAN12100CE,88.55,-3066.0,Monitoring
2025-01-22,14:50:00,HOLD,MIDCPNIFTY25JAN12100CE,88.85,-3102.0,Monitoring
2025-01-22,14:55:00,HOLD,MIDCPNIFTY25JAN12100CE,97.7,-4164.0,Monitoring
2025-01-22,15:00:00,HOLD,MIDCPNIFTY25JAN12100CE,98.55,-4266.0,Monitoring
2025-01-22,15:05:00,HOLD,MIDCPNIFTY25JAN12100CE,96.3,-3996.0,Monitoring
2025-01-22,15:10:00,HOLD,MIDCPNIFTY25JAN12100CE,99.9,-4428.0,Monitoring
2025-01-22,15:15:00,HOLD,MIDCPNIFTY25JAN12100CE,98.45,-4254.0,Monitoring
2025-01-22,15:20:00,HOLD,MIDCPNIFTY25JAN12100CE,93.3,-3636.0,Monitoring
2025-01-22,15:25:00,HOLD,MIDCPNIFTY25JAN12100CE,92.0,-3480.0,Monitoring
2025-01-23,09:15:00,HOLD,MIDCPNIFTY25JAN12100CE,97.85,-4182.0,Monitoring
2025-01-23,09:20:00,HOLD,MIDCPNIFTY25JAN12100CE,102.5,-4740.0,Monitoring
2025-01-23,09:25:00,HOLD,MIDCPNIFTY25JAN12100CE,98.35,-4242.0,Monitoring
2025-01-23,09:30:00,HOLD,MIDCPNIFTY25JAN12100CE,114.0,-6120.0,Monitoring
2025-01-23,09:30:00,BUY_EXIT,MIDCPNIFTY25JAN12100CE,114.0,-6120.0,EMA_REVERSAL_SL
