Date,Time,Event,Ticker,Price,PnL_INR,Info
2024-05-16,14:00:00,SELL_ENTRY,MIDCPNIFTY24MAY11300CE,110.0,0.0,Signal CE | Short
2024-05-16,14:05:00,HOLD,MIDCPNIFTY24MAY11300CE,102.55,894.0,Monitoring
2024-05-16,14:10:00,HOLD,MIDCPNIFTY24MAY11300CE,102.0,960.0,Monitoring
2024-05-16,14:15:00,HOLD,MIDCPNIFTY24MAY11300CE,105.0,600.0,Monitoring
2024-05-16,14:20:00,HOLD,MIDCPNIFTY24MAY11300CE,109.15,102.0,Monitoring
2024-05-16,14:25:00,HOLD,MIDCPNIFTY24MAY11300CE,109.75,30.0,Monitoring
2024-05-16,14:30:00,HOLD,MIDCPNIFTY24MAY11300CE,109.95,6.0,Monitoring
2024-05-16,14:35:00,HOLD,MIDCPNIFTY24MAY11300CE,112.8,-336.0,Monitoring
2024-05-16,14:40:00,HOLD,MIDCPNIFTY24MAY11300CE,117.15,-858.0,Monitoring
2024-05-16,14:45:00,HOLD,MIDCPNIFTY24MAY11300CE,117.5,-900.0,Monitoring
2024-05-16,14:50:00,HOLD,MIDCPNIFTY24MAY11300CE,119.9,-1188.0,Monitoring
2024-05-16,14:55:00,HOLD,MIDCPNIFTY24MAY11300CE,115.55,-666.0,Monitoring
2024-05-16,15:00:00,HOLD,MIDCPNIFTY24MAY11300CE,121.7,-1404.0,Monitoring
2024-05-16,15:05:00,HOLD,MIDCPNIFTY24MAY11300CE,123.75,-1650.0,Monitoring
2024-05-16,15:10:00,HOLD,MIDCPNIFTY24MAY11300CE,129.8,-2376.0,Monitoring
2024-05-16,15:15:00,HOLD,MIDCPNIFTY24MAY11300CE,132.3,-2676.0,Monitoring
2024-05-16,15:20:00,HOLD,MIDCPNIFTY24MAY11300CE,133.45,-2814.0,Monitoring
2024-05-16,15:25:00,HOLD,MIDCPNIFTY24MAY11300CE,133.25,-2790.0,Monitoring
2024-05-17,09:15:00,HOLD,MIDCPNIFTY24MAY11300CE,129.0,-2280.0,Monitoring
2024-05-17,09:20:00,HOLD,MIDCPNIFTY24MAY11300CE,129.3,-2316.0,Monitoring
2024-05-17,09:25:00,HOLD,MIDCPNIFTY24MAY11300CE,129.35,-2322.0,Monitoring
2024-05-17,09:25:00,BUY_EXIT,MIDCPNIFTY24MAY11300CE,129.35,-2322.0,EMA_REVERSAL_SL
