Date,Time,Event,Ticker,Price,PnL_INR,Info
2025-08-08,14:05:00,SELL_ENTRY,MIDCPNIFTY25AUG12800CE,126.7,0.0,Signal CE | Short
2025-08-08,14:10:00,HOLD,MIDCPNIFTY25AUG12800CE,126.0,84.0,Monitoring
2025-08-08,14:15:00,HOLD,MIDCPNIFTY25AUG12800CE,128.9,-264.0,Monitoring
2025-08-08,14:20:00,HOLD,MIDCPNIFTY25AUG12800CE,124.0,324.0,Monitoring
2025-08-08,14:25:00,HOLD,MIDCPNIFTY25AUG12800CE,120.65,726.0,Monitoring
2025-08-08,14:30:00,HOLD,MIDCPNIFTY25AUG12800CE,121.4,636.0,Monitoring
2025-08-08,14:35:00,HOLD,MIDCPNIFTY25AUG12800CE,123.75,354.0,Monitoring
2025-08-08,14:40:00,HOLD,MIDCPNIFTY25AUG12800CE,124.05,318.0,Monitoring
2025-08-08,14:45:00,HOLD,MIDCPNIFTY25AUG12800CE,124.75,234.0,Monitoring
2025-08-08,14:50:00,HOLD,MIDCPNIFTY25AUG12800CE,121.0,684.0,Monitoring
2025-08-08,14:55:00,HOLD,MIDCPNIFTY25AUG12800CE,119.0,924.0,Monitoring
2025-08-08,15:00:00,HOLD,MIDCPNIFTY25AUG12800CE,116.55,1218.0,Monitoring
2025-08-08,15:05:00,HOLD,MIDCPNIFTY25AUG12800CE,113.35,1602.0,Monitoring
2025-08-08,15:10:00,HOLD,MIDCPNIFTY25AUG12800CE,111.4,1836.0,Monitoring
2025-08-08,15:15:00,HOLD,MIDCPNIFTY25AUG12800CE,112.5,1704.0,Monitoring
2025-08-08,15:20:00,HOLD,MIDCPNIFTY25AUG12800CE,110.55,1938.0,Monitoring
2025-08-08,15:25:00,HOLD,MIDCPNIFTY25AUG12800CE,111.0,1884.0,Monitoring
2025-08-11,09:15:00,HOLD,MIDCPNIFTY25AUG12800CE,113.75,1554.0,Monitoring
2025-08-11,09:20:00,HOLD,MIDCPNIFTY25AUG12800CE,115.35,1362.0,Monitoring
2025-08-11,09:25:00,HOLD,MIDCPNIFTY25AUG12800CE,114.7,1440.0,Monitoring
2025-08-11,09:30:00,HOLD,MIDCPNIFTY25AUG12800CE,112.25,1734.0,Monitoring
2025-08-11,09:35:00,HOLD,MIDCPNIFTY25AUG12800CE,110.65,1926.0,Monitoring
2025-08-11,09:40:00,HOLD,MIDCPNIFTY25AUG12800CE,112.45,1710.0,Monitoring
2025-08-11,09:45:00,HOLD,MIDCPNIFTY25AUG12800CE,97.8,3468.0,Monitoring
2025-08-11,09:50:00,HOLD,MIDCPNIFTY25AUG12800CE,106.15,2466.0,Monitoring
2025-08-11,09:55:00,HOLD,MIDCPNIFTY25AUG12800CE,110.25,1974.0,Monitoring
2025-08-11,10:00:00,HOLD,MIDCPNIFTY25AUG12800CE,112.95,1650.0,Monitoring
2025-08-11,10:05:00,HOLD,MIDCPNIFTY25AUG12800CE,108.1,2232.0,Monitoring
2025-08-11,10:10:00,HOLD,MIDCPNIFTY25AUG12800CE,113.05,1638.0,Monitoring
2025-08-11,10:15:00,HOLD,MIDCPNIFTY25AUG12800CE,116.0,1284.0,Monitoring
2025-08-11,10:20:00,HOLD,MIDCPNIFTY25AUG12800CE,123.5,384.0,Monitoring
2025-08-11,10:25:00,HOLD,MIDCPNIFTY25AUG12800CE,128.85,-258.0,Monitoring
2025-08-11,10:30:00,HOLD,MIDCPNIFTY25AUG12800CE,132.9,-744.0,Monitoring
2025-08-11,10:35:00,HOLD,MIDCPNIFTY25AUG12800CE,132.8,-732.0,Monitoring
2025-08-11,10:40:00,HOLD,MIDCPNIFTY25AUG12800CE,132.85,-738.0,Monitoring
2025-08-11,10:45:00,HOLD,MIDCPNIFTY25AUG12800CE,131.45,-570.0,Monitoring
2025-08-11,10:50:00,HOLD,MIDCPNIFTY25AUG12800CE,135.6,-1068.0,Monitoring
2025-08-11,10:55:00,HOLD,MIDCPNIFTY25AUG12800CE,131.55,-582.0,Monitoring
2025-08-11,11:00:00,HOLD,MIDCPNIFTY25AUG12800CE,129.1,-288.0,Monitoring
2025-08-11,11:05:00,HOLD,MIDCPNIFTY25AUG12800CE,130.6,-468.0,Monitoring
2025-08-11,11:10:00,HOLD,MIDCPNIFTY25AUG12800CE,124.3,288.0,Monitoring
2025-08-11,11:15:00,HOLD,MIDCPNIFTY25AUG12800CE,126.35,42.0,Monitoring
2025-08-11,11:20:00,HOLD,MIDCPNIFTY25AUG12800CE,130.55,-462.0,Monitoring
2025-08-11,11:25:00,HOLD,MIDCPNIFTY25AUG12800CE,129.7,-360.0,Monitoring
2025-08-11,11:30:00,HOLD,MIDCPNIFTY25AUG12800CE,126.0,84.0,Monitoring
2025-08-11,11:35:00,HOLD,MIDCPNIFTY25AUG12800CE,119.0,924.0,Monitoring
2025-08-11,11:40:00,HOLD,MIDCPNIFTY25AUG12800CE,114.7,1440.0,Monitoring
2025-08-11,11:45:00,HOLD,MIDCPNIFTY25AUG12800CE,114.8,1428.0,Monitoring
2025-08-11,11:50:00,HOLD,MIDCPNIFTY25AUG12800CE,113.55,1578.0,Monitoring
2025-08-11,11:55:00,HOLD,MIDCPNIFTY25AUG12800CE,121.0,684.0,Monitoring
2025-08-11,12:00:00,HOLD,MIDCPNIFTY25AUG12800CE,120.0,804.0,Monitoring
2025-08-11,12:05:00,HOLD,MIDCPNIFTY25AUG12800CE,121.9,576.0,Monitoring
2025-08-11,12:10:00,HOLD,MIDCPNIFTY25AUG12800CE,123.9,336.0,Monitoring
2025-08-11,12:15:00,HOLD,MIDCPNIFTY25AUG12800CE,126.55,18.0,Monitoring
2025-08-11,12:20:00,HOLD,MIDCPNIFTY25AUG12800CE,128.0,-156.0,Monitoring
2025-08-11,12:25:00,HOLD,MIDCPNIFTY25AUG12800CE,126.5,24.0,Monitoring
2025-08-11,12:30:00,HOLD,MIDCPNIFTY25AUG12800CE,121.05,678.0,Monitoring
2025-08-11,12:35:00,HOLD,MIDCPNIFTY25AUG12800CE,128.0,-156.0,Monitoring
2025-08-11,12:40:00,HOLD,MIDCPNIFTY25AUG12800CE,130.45,-450.0,Monitoring
2025-08-11,12:45:00,HOLD,MIDCPNIFTY25AUG12800CE,128.9,-264.0,Monitoring
2025-08-11,12:50:00,HOLD,MIDCPNIFTY25AUG12800CE,134.35,-918.0,Monitoring
2025-08-11,12:55:00,HOLD,MIDCPNIFTY25AUG12800CE,133.55,-822.0,Monitoring
2025-08-11,13:00:00,HOLD,MIDCPNIFTY25AUG12800CE,133.05,-762.0,Monitoring
2025-08-11,13:05:00,HOLD,MIDCPNIFTY25AUG12800CE,131.5,-576.0,Monitoring
2025-08-11,13:10:00,HOLD,MIDCPNIFTY25AUG12800CE,129.9,-384.0,Monitoring
2025-08-11,13:15:00,HOLD,MIDCPNIFTY25AUG12800CE,128.75,-246.0,Monitoring
2025-08-11,13:20:00,HOLD,MIDCPNIFTY25AUG12800CE,123.85,342.0,Monitoring
2025-08-11,13:25:00,HOLD,MIDCPNIFTY25AUG12800CE,127.05,-42.0,Monitoring
2025-08-11,13:30:00,HOLD,MIDCPNIFTY25AUG12800CE,127.7,-120.0,Monitoring
2025-08-11,13:35:00,HOLD,MIDCPNIFTY25AUG12800CE,132.0,-636.0,Monitoring
2025-08-11,13:40:00,HOLD,MIDCPNIFTY25AUG12800CE,128.3,-192.0,Monitoring
2025-08-11,13:45:00,HOLD,MIDCPNIFTY25AUG12800CE,132.9,-744.0,Monitoring
2025-08-11,13:50:00,HOLD,MIDCPNIFTY25AUG12800CE,130.55,-462.0,Monitoring
2025-08-11,13:55:00,HOLD,MIDCPNIFTY25AUG12800CE,133.1,-768.0,Monitoring
2025-08-11,14:00:00,HOLD,MIDCPNIFTY25AUG12800CE,134.75,-966.0,Monitoring
2025-08-11,14:05:00,HOLD,MIDCPNIFTY25AUG12800CE,134.4,-924.0,Monitoring
2025-08-11,14:10:00,HOLD,MIDCPNIFTY25AUG12800CE,132.95,-750.0,Monitoring
2025-08-11,14:15:00,HOLD,MIDCPNIFTY25AUG12800CE,132.2,-660.0,Monitoring
2025-08-11,14:20:00,HOLD,MIDCPNIFTY25AUG12800CE,132.0,-636.0,Monitoring
2025-08-11,14:25:00,HOLD,MIDCPNIFTY25AUG12800CE,133.0,-756.0,Monitoring
2025-08-11,14:30:00,HOLD,MIDCPNIFTY25AUG12800CE,135.15,-1014.0,Monitoring
2025-08-11,14:30:00,BUY_EXIT,MIDCPNIFTY25AUG12800CE,135.15,-1014.0,EMA_REVERSAL_SL
