Date,Time,Event,Ticker,Price,PnL_INR,Info
2025-02-21,14:00:00,SELL_ENTRY,MIDCPNIFTY25FEB11400CE,56.25,0.0,Signal CE | Short
2025-02-21,14:05:00,HOLD,MIDCPNIFTY25FEB11400CE,58.1,-222.0,Monitoring
2025-02-21,14:10:00,HOLD,MIDCPNIFTY25FEB11400CE,61.5,-630.0,Monitoring
2025-02-21,14:15:00,HOLD,MIDCPNIFTY25FEB11400CE,63.4,-858.0,Monitoring
2025-02-21,14:20:00,HOLD,MIDCPNIFTY25FEB11400CE,62.15,-708.0,Monitoring
2025-02-21,14:25:00,HOLD,MIDCPNIFTY25FEB11400CE,58.25,-240.0,Monitoring
2025-02-21,14:30:00,HOLD,MIDCPNIFTY25FEB11400CE,57.3,-126.0,Monitoring
2025-02-21,14:35:00,HOLD,MIDCPNIFTY25FEB11400CE,57.55,-156.0,Monitoring
2025-02-21,14:40:00,HOLD,MIDCPNIFTY25FEB11400CE,58.85,-312.0,Monitoring
2025-02-21,14:45:00,HOLD,MIDCPNIFTY25FEB11400CE,59.1,-342.0,Monitoring
2025-02-21,14:50:00,HOLD,MIDCPNIFTY25FEB11400CE,55.75,60.0,Monitoring
2025-02-21,14:55:00,HOLD,MIDCPNIFTY25FEB11400CE,52.45,456.0,Monitoring
2025-02-21,15:00:00,HOLD,MIDCPNIFTY25FEB11400CE,49.5,810.0,Monitoring
2025-02-21,15:05:00,HOLD,MIDCPNIFTY25FEB11400CE,51.75,540.0,Monitoring
2025-02-21,15:10:00,HOLD,MIDCPNIFTY25FEB11400CE,53.35,348.0,Monitoring
2025-02-21,15:15:00,HOLD,MIDCPNIFTY25FEB11400CE,49.2,846.0,Monitoring
2025-02-21,15:20:00,HOLD,MIDCPNIFTY25FEB11400CE,48.2,966.0,Monitoring
2025-02-21,15:25:00,HOLD,MIDCPNIFTY25FEB11400CE,40.5,1890.0,Monitoring
2025-02-24,09:15:00,HOLD,MIDCPNIFTY25FEB11400CE,21.55,4164.0,Monitoring
2025-02-24,09:15:00,BUY_EXIT,MIDCPNIFTY25FEB11400CE,21.55,4164.0,TARGET_LTP_30
