Date,Time,Event,Ticker,Price,PnL_INR,Info
2025-05-06,14:00:00,SELL_ENTRY,MIDCPNIFTY25MAY12300CE,200.0,0.0,Signal CE | Short
2025-05-06,14:05:00,HOLD,MIDCPNIFTY25MAY12300CE,192.95,846.0,Monitoring
2025-05-06,14:10:00,HOLD,MIDCPNIFTY25MAY12300CE,190.8,1104.0,Monitoring
2025-05-06,14:15:00,HOLD,MIDCPNIFTY25MAY12300CE,190.0,1200.0,Monitoring
2025-05-06,14:20:00,HOLD,MIDCPNIFTY25MAY12300CE,181.45,2226.0,Monitoring
2025-05-06,14:25:00,HOLD,MIDCPNIFTY25MAY12300CE,183.8,1944.0,Monitoring
2025-05-06,14:30:00,HOLD,MIDCPNIFTY25MAY12300CE,179.3,2484.0,Monitoring
2025-05-06,14:35:00,HOLD,MIDCPNIFTY25MAY12300CE,181.8,2184.0,Monitoring
2025-05-06,14:40:00,HOLD,MIDCPNIFTY25MAY12300CE,180.65,2322.0,Monitoring
2025-05-06,14:45:00,HOLD,MIDCPNIFTY25MAY12300CE,176.75,2790.0,Monitoring
2025-05-06,14:50:00,HOLD,MIDCPNIFTY25MAY12300CE,173.45,3186.0,Monitoring
2025-05-06,14:55:00,HOLD,MIDCPNIFTY25MAY12300CE,170.4,3552.0,Monitoring
2025-05-06,15:00:00,HOLD,MIDCPNIFTY25MAY12300CE,177.25,2730.0,Monitoring
2025-05-06,15:05:00,HOLD,MIDCPNIFTY25MAY12300CE,171.05,3474.0,Monitoring
2025-05-06,15:10:00,HOLD,MIDCPNIFTY25MAY12300CE,170.65,3522.0,Monitoring
2025-05-06,15:15:00,HOLD,MIDCPNIFTY25MAY12300CE,171.3,3444.0,Monitoring
2025-05-06,15:20:00,HOLD,MIDCPNIFTY25MAY12300CE,173.4,3192.0,Monitoring
2025-05-06,15:25:00,HOLD,MIDCPNIFTY25MAY12300CE,169.4,3672.0,Monitoring
2025-05-07,09:15:00,HOLD,MIDCPNIFTY25MAY12300CE,216.0,-1920.0,Monitoring
2025-05-07,09:20:00,HOLD,MIDCPNIFTY25MAY12300CE,196.7,396.0,Monitoring
2025-05-07,09:25:00,HOLD,MIDCPNIFTY25MAY12300CE,233.95,-4074.0,Monitoring
2025-05-07,09:30:00,HOLD,MIDCPNIFTY25MAY12300CE,257.75,-6930.0,Monitoring
2025-05-07,09:35:00,HOLD,MIDCPNIFTY25MAY12300CE,240.5,-4860.0,Monitoring
2025-05-07,09:40:00,HOLD,MIDCPNIFTY25MAY12300CE,222.6,-2712.0,Monitoring
2025-05-07,09:45:00,HOLD,MIDCPNIFTY25MAY12300CE,200.9,-108.0,Monitoring
2025-05-07,09:50:00,HOLD,MIDCPNIFTY25MAY12300CE,194.05,714.0,Monitoring
2025-05-07,09:55:00,HOLD,MIDCPNIFTY25MAY12300CE,216.55,-1986.0,Monitoring
2025-05-07,10:00:00,HOLD,MIDCPNIFTY25MAY12300CE,217.9,-2148.0,Monitoring
2025-05-07,10:05:00,HOLD,MIDCPNIFTY25MAY12300CE,201.75,-210.0,Monitoring
2025-05-07,10:10:00,HOLD,MIDCPNIFTY25MAY12300CE,203.15,-378.0,Monitoring
2025-05-07,10:15:00,HOLD,MIDCPNIFTY25MAY12300CE,192.3,924.0,Monitoring
2025-05-07,10:20:00,HOLD,MIDCPNIFTY25MAY12300CE,211.05,-1326.0,Monitoring
2025-05-07,10:25:00,HOLD,MIDCPNIFTY25MAY12300CE,209.8,-1176.0,Monitoring
2025-05-07,10:30:00,HOLD,MIDCPNIFTY25MAY12300CE,232.05,-3846.0,Monitoring
2025-05-07,10:35:00,HOLD,MIDCPNIFTY25MAY12300CE,236.45,-4374.0,Monitoring
2025-05-07,10:40:00,HOLD,MIDCPNIFTY25MAY12300CE,231.0,-3720.0,Monitoring
2025-05-07,10:45:00,HOLD,MIDCPNIFTY25MAY12300CE,247.45,-5694.0,Monitoring
2025-05-07,10:50:00,HOLD,MIDCPNIFTY25MAY12300CE,235.0,-4200.0,Monitoring
2025-05-07,10:55:00,HOLD,MIDCPNIFTY25MAY12300CE,240.25,-4830.0,Monitoring
2025-05-07,10:55:00,BUY_EXIT,MIDCPNIFTY25MAY12300CE,240.25,-4830.0,EMA_REVERSAL_SL
