Date,Time,Event,Ticker,Price,PnL_INR,Info
2024-05-09,14:40:00,SELL_ENTRY,MIDCPNIFTY24MAY11000CE,91.2,0.0,Signal CE | Short
2024-05-09,14:45:00,HOLD,MIDCPNIFTY24MAY11000CE,85.05,738.0,Monitoring
2024-05-09,14:50:00,HOLD,MIDCPNIFTY24MAY11000CE,85.05,738.0,Monitoring
2024-05-09,14:55:00,HOLD,MIDCPNIFTY24MAY11000CE,96.0,-576.0,Monitoring
2024-05-09,15:00:00,HOLD,MIDCPNIFTY24MAY11000CE,89.0,264.0,Monitoring
2024-05-09,15:05:00,HOLD,MIDCPNIFTY24MAY11000CE,89.0,264.0,Monitoring
2024-05-09,15:10:00,HOLD,MIDCPNIFTY24MAY11000CE,85.5,684.0,Monitoring
2024-05-09,15:15:00,HOLD,MIDCPNIFTY24MAY11000CE,85.0,744.0,Monitoring
2024-05-09,15:20:00,HOLD,MIDCPNIFTY24MAY11000CE,80.05,1338.0,Monitoring
2024-05-09,15:25:00,HOLD,MIDCPNIFTY24MAY11000CE,88.9,276.0,Monitoring
2024-05-10,09:15:00,HOLD,MIDCPNIFTY24MAY11000CE,88.0,384.0,Monitoring
2024-05-10,09:20:00,HOLD,MIDCPNIFTY24MAY11000CE,88.0,384.0,Monitoring
2024-05-10,09:25:00,HOLD,MIDCPNIFTY24MAY11000CE,88.0,384.0,Monitoring
2024-05-10,09:30:00,HOLD,MIDCPNIFTY24MAY11000CE,90.0,144.0,Monitoring
2024-05-10,09:35:00,HOLD,MIDCPNIFTY24MAY11000CE,76.7,1740.0,Monitoring
2024-05-10,09:40:00,HOLD,MIDCPNIFTY24MAY11000CE,77.05,1698.0,Monitoring
2024-05-10,09:45:00,HOLD,MIDCPNIFTY24MAY11000CE,77.05,1698.0,Monitoring
2024-05-10,09:50:00,HOLD,MIDCPNIFTY24MAY11000CE,99.95,-1050.0,Monitoring
2024-05-10,09:55:00,HOLD,MIDCPNIFTY24MAY11000CE,99.95,-1050.0,Monitoring
2024-05-10,10:00:00,HOLD,MIDCPNIFTY24MAY11000CE,80.3,1308.0,Monitoring
2024-05-10,10:05:00,HOLD,MIDCPNIFTY24MAY11000CE,80.3,1308.0,Monitoring
2024-05-10,10:10:00,HOLD,MIDCPNIFTY24MAY11000CE,80.3,1308.0,Monitoring
2024-05-10,10:15:00,HOLD,MIDCPNIFTY24MAY11000CE,92.7,-180.0,Monitoring
2024-05-10,10:20:00,HOLD,MIDCPNIFTY24MAY11000CE,92.7,-180.0,Monitoring
2024-05-10,10:25:00,HOLD,MIDCPNIFTY24MAY11000CE,92.7,-180.0,Monitoring
2024-05-10,10:30:00,HOLD,MIDCPNIFTY24MAY11000CE,92.7,-180.0,Monitoring
2024-05-10,10:35:00,HOLD,MIDCPNIFTY24MAY11000CE,92.7,-180.0,Monitoring
2024-05-10,10:40:00,HOLD,MIDCPNIFTY24MAY11000CE,92.7,-180.0,Monitoring
2024-05-10,10:45:00,HOLD,MIDCPNIFTY24MAY11000CE,92.7,-180.0,Monitoring
2024-05-10,10:50:00,HOLD,MIDCPNIFTY24MAY11000CE,93.05,-222.0,Monitoring
2024-05-10,10:55:00,HOLD,MIDCPNIFTY24MAY11000CE,80.05,1338.0,Monitoring
2024-05-10,11:00:00,HOLD,MIDCPNIFTY24MAY11000CE,80.05,1338.0,Monitoring
2024-05-10,11:05:00,HOLD,MIDCPNIFTY24MAY11000CE,105.0,-1656.0,Monitoring
2024-05-10,11:10:00,HOLD,MIDCPNIFTY24MAY11000CE,105.0,-1656.0,Monitoring
2024-05-10,11:15:00,HOLD,MIDCPNIFTY24MAY11000CE,105.0,-1656.0,Monitoring
2024-05-10,11:20:00,HOLD,MIDCPNIFTY24MAY11000CE,120.0,-3456.0,Monitoring
2024-05-10,11:25:00,HOLD,MIDCPNIFTY24MAY11000CE,102.05,-1302.0,Monitoring
2024-05-10,11:30:00,HOLD,MIDCPNIFTY24MAY11000CE,119.9,-3444.0,Monitoring
2024-05-10,11:35:00,HOLD,MIDCPNIFTY24MAY11000CE,119.5,-3396.0,Monitoring
2024-05-10,11:40:00,HOLD,MIDCPNIFTY24MAY11000CE,119.5,-3396.0,Monitoring
2024-05-10,11:45:00,HOLD,MIDCPNIFTY24MAY11000CE,119.5,-3396.0,Monitoring
2024-05-10,11:50:00,HOLD,MIDCPNIFTY24MAY11000CE,119.5,-3396.0,Monitoring
2024-05-10,11:55:00,HOLD,MIDCPNIFTY24MAY11000CE,119.5,-3396.0,Monitoring
2024-05-10,11:55:00,BUY_EXIT,MIDCPNIFTY24MAY11000CE,119.5,-3396.0,EMA_REVERSAL_SL
