Date,Time,Event,Ticker,Price,PnL_INR,Info
2025-07-01,15:10:00,SELL_ENTRY,MIDCPNIFTY25JUL13400PE,234.65,0.0,Signal PE | Short
2025-07-01,15:15:00,HOLD,MIDCPNIFTY25JUL13400PE,232.45,264.0,Monitoring
2025-07-01,15:20:00,HOLD,MIDCPNIFTY25JUL13400PE,234.6,6.0,Monitoring
2025-07-01,15:25:00,HOLD,MIDCPNIFTY25JUL13400PE,233.1,186.0,Monitoring
2025-07-02,09:15:00,HOLD,MIDCPNIFTY25JUL13400PE,222.3,1482.0,Monitoring
2025-07-02,09:20:00,HOLD,MIDCPNIFTY25JUL13400PE,218.4,1950.0,Monitoring
2025-07-02,09:25:00,HOLD,MIDCPNIFTY25JUL13400PE,218.95,1884.0,Monitoring
2025-07-02,09:30:00,HOLD,MIDCPNIFTY25JUL13400PE,221.6,1566.0,Monitoring
2025-07-02,09:35:00,HOLD,MIDCPNIFTY25JUL13400PE,217.95,2004.0,Monitoring
2025-07-02,09:40:00,HOLD,MIDCPNIFTY25JUL13400PE,225.15,1140.0,Monitoring
2025-07-02,09:45:00,HOLD,MIDCPNIFTY25JUL13400PE,227.05,912.0,Monitoring
2025-07-02,09:50:00,HOLD,MIDCPNIFTY25JUL13400PE,228.1,786.0,Monitoring
2025-07-02,09:55:00,HOLD,MIDCPNIFTY25JUL13400PE,231.0,438.0,Monitoring
2025-07-02,10:00:00,HOLD,MIDCPNIFTY25JUL13400PE,231.95,324.0,Monitoring
2025-07-02,10:05:00,HOLD,MIDCPNIFTY25JUL13400PE,241.65,-840.0,Monitoring
2025-07-02,10:10:00,HOLD,MIDCPNIFTY25JUL13400PE,242.95,-996.0,Monitoring
2025-07-02,10:15:00,HOLD,MIDCPNIFTY25JUL13400PE,253.05,-2208.0,Monitoring
2025-07-02,10:20:00,HOLD,MIDCPNIFTY25JUL13400PE,247.6,-1554.0,Monitoring
2025-07-02,10:25:00,HOLD,MIDCPNIFTY25JUL13400PE,238.05,-408.0,Monitoring
2025-07-02,10:30:00,HOLD,MIDCPNIFTY25JUL13400PE,250.0,-1842.0,Monitoring
2025-07-02,10:35:00,HOLD,MIDCPNIFTY25JUL13400PE,255.3,-2478.0,Monitoring
2025-07-02,10:40:00,HOLD,MIDCPNIFTY25JUL13400PE,254.75,-2412.0,Monitoring
2025-07-02,10:45:00,HOLD,MIDCPNIFTY25JUL13400PE,257.2,-2706.0,Monitoring
2025-07-02,10:50:00,HOLD,MIDCPNIFTY25JUL13400PE,254.5,-2382.0,Monitoring
2025-07-02,10:55:00,HOLD,MIDCPNIFTY25JUL13400PE,250.65,-1920.0,Monitoring
2025-07-02,11:00:00,HOLD,MIDCPNIFTY25JUL13400PE,253.0,-2202.0,Monitoring
2025-07-02,11:05:00,HOLD,MIDCPNIFTY25JUL13400PE,254.1,-2334.0,Monitoring
2025-07-02,11:10:00,HOLD,MIDCPNIFTY25JUL13400PE,244.1,-1134.0,Monitoring
2025-07-02,11:15:00,HOLD,MIDCPNIFTY25JUL13400PE,244.8,-1218.0,Monitoring
2025-07-02,11:20:00,HOLD,MIDCPNIFTY25JUL13400PE,233.2,174.0,Monitoring
2025-07-02,11:25:00,HOLD,MIDCPNIFTY25JUL13400PE,228.2,774.0,Monitoring
2025-07-02,11:30:00,HOLD,MIDCPNIFTY25JUL13400PE,230.7,474.0,Monitoring
2025-07-02,11:35:00,HOLD,MIDCPNIFTY25JUL13400PE,228.35,756.0,Monitoring
2025-07-02,11:40:00,HOLD,MIDCPNIFTY25JUL13400PE,220.3,1722.0,Monitoring
2025-07-02,11:45:00,HOLD,MIDCPNIFTY25JUL13400PE,205.8,3462.0,Monitoring
2025-07-02,11:50:00,HOLD,MIDCPNIFTY25JUL13400PE,206.95,3324.0,Monitoring
2025-07-02,11:55:00,HOLD,MIDCPNIFTY25JUL13400PE,207.95,3204.0,Monitoring
2025-07-02,12:00:00,HOLD,MIDCPNIFTY25JUL13400PE,203.8,3702.0,Monitoring
2025-07-02,12:05:00,HOLD,MIDCPNIFTY25JUL13400PE,205.3,3522.0,Monitoring
2025-07-02,12:10:00,HOLD,MIDCPNIFTY25JUL13400PE,203.2,3774.0,Monitoring
2025-07-02,12:15:00,HOLD,MIDCPNIFTY25JUL13400PE,205.05,3552.0,Monitoring
2025-07-02,12:20:00,HOLD,MIDCPNIFTY25JUL13400PE,204.75,3588.0,Monitoring
2025-07-02,12:25:00,HOLD,MIDCPNIFTY25JUL13400PE,206.0,3438.0,Monitoring
2025-07-02,12:30:00,HOLD,MIDCPNIFTY25JUL13400PE,205.65,3480.0,Monitoring
2025-07-02,12:35:00,HOLD,MIDCPNIFTY25JUL13400PE,205.85,3456.0,Monitoring
2025-07-02,12:40:00,HOLD,MIDCPNIFTY25JUL13400PE,207.95,3204.0,Monitoring
2025-07-02,12:45:00,HOLD,MIDCPNIFTY25JUL13400PE,211.2,2814.0,Monitoring
2025-07-02,12:50:00,HOLD,MIDCPNIFTY25JUL13400PE,216.0,2238.0,Monitoring
2025-07-02,12:55:00,HOLD,MIDCPNIFTY25JUL13400PE,220.15,1740.0,Monitoring
2025-07-02,13:00:00,HOLD,MIDCPNIFTY25JUL13400PE,213.65,2520.0,Monitoring
2025-07-02,13:05:00,HOLD,MIDCPNIFTY25JUL13400PE,217.5,2058.0,Monitoring
2025-07-02,13:10:00,HOLD,MIDCPNIFTY25JUL13400PE,229.6,606.0,Monitoring
2025-07-02,13:15:00,HOLD,MIDCPNIFTY25JUL13400PE,241.4,-810.0,Monitoring
2025-07-02,13:20:00,HOLD,MIDCPNIFTY25JUL13400PE,243.2,-1026.0,Monitoring
2025-07-02,13:25:00,HOLD,MIDCPNIFTY25JUL13400PE,257.25,-2712.0,Monitoring
2025-07-02,13:30:00,HOLD,MIDCPNIFTY25JUL13400PE,255.3,-2478.0,Monitoring
2025-07-02,13:35:00,HOLD,MIDCPNIFTY25JUL13400PE,251.0,-1962.0,Monitoring
2025-07-02,13:40:00,HOLD,MIDCPNIFTY25JUL13400PE,253.9,-2310.0,Monitoring
2025-07-02,13:45:00,HOLD,MIDCPNIFTY25JUL13400PE,253.25,-2232.0,Monitoring
2025-07-02,13:50:00,HOLD,MIDCPNIFTY25JUL13400PE,251.85,-2064.0,Monitoring
2025-07-02,13:55:00,HOLD,MIDCPNIFTY25JUL13400PE,244.15,-1140.0,Monitoring
2025-07-02,14:00:00,HOLD,MIDCPNIFTY25JUL13400PE,243.7,-1086.0,Monitoring
2025-07-02,14:05:00,HOLD,MIDCPNIFTY25JUL13400PE,234.55,12.0,Monitoring
2025-07-02,14:10:00,HOLD,MIDCPNIFTY25JUL13400PE,235.05,-48.0,Monitoring
2025-07-02,14:15:00,HOLD,MIDCPNIFTY25JUL13400PE,236.05,-168.0,Monitoring
2025-07-02,14:20:00,HOLD,MIDCPNIFTY25JUL13400PE,243.0,-1002.0,Monitoring
2025-07-02,14:25:00,HOLD,MIDCPNIFTY25JUL13400PE,239.0,-522.0,Monitoring
2025-07-02,14:30:00,HOLD,MIDCPNIFTY25JUL13400PE,242.15,-900.0,Monitoring
2025-07-02,14:35:00,HOLD,MIDCPNIFTY25JUL13400PE,242.95,-996.0,Monitoring
2025-07-02,14:40:00,HOLD,MIDCPNIFTY25JUL13400PE,240.95,-756.0,Monitoring
2025-07-02,14:45:00,HOLD,MIDCPNIFTY25JUL13400PE,234.6,6.0,Monitoring
2025-07-02,14:50:00,HOLD,MIDCPNIFTY25JUL13400PE,243.0,-1002.0,Monitoring
2025-07-02,14:55:00,HOLD,MIDCPNIFTY25JUL13400PE,233.7,114.0,Monitoring
2025-07-02,15:00:00,HOLD,MIDCPNIFTY25JUL13400PE,225.3,1122.0,Monitoring
2025-07-02,15:05:00,HOLD,MIDCPNIFTY25JUL13400PE,220.45,1704.0,Monitoring
2025-07-02,15:10:00,HOLD,MIDCPNIFTY25JUL13400PE,222.45,1464.0,Monitoring
2025-07-02,15:15:00,HOLD,MIDCPNIFTY25JUL13400PE,225.0,1158.0,Monitoring
2025-07-02,15:20:00,HOLD,MIDCPNIFTY25JUL13400PE,227.45,864.0,Monitoring
2025-07-02,15:25:00,HOLD,MIDCPNIFTY25JUL13400PE,215.0,2358.0,Monitoring
2025-07-03,09:15:00,HOLD,MIDCPNIFTY25JUL13400PE,211.0,2838.0,Monitoring
2025-07-03,09:20:00,HOLD,MIDCPNIFTY25JUL13400PE,222.95,1404.0,Monitoring
2025-07-03,09:25:00,HOLD,MIDCPNIFTY25JUL13400PE,221.55,1572.0,Monitoring
2025-07-03,09:30:00,HOLD,MIDCPNIFTY25JUL13400PE,204.1,3666.0,Monitoring
2025-07-03,09:35:00,HOLD,MIDCPNIFTY25JUL13400PE,208.25,3168.0,Monitoring
2025-07-03,09:40:00,HOLD,MIDCPNIFTY25JUL13400PE,204.0,3678.0,Monitoring
2025-07-03,09:45:00,HOLD,MIDCPNIFTY25JUL13400PE,199.1,4266.0,Monitoring
2025-07-03,09:50:00,HOLD,MIDCPNIFTY25JUL13400PE,192.35,5076.0,Monitoring
2025-07-03,09:55:00,HOLD,MIDCPNIFTY25JUL13400PE,195.0,4758.0,Monitoring
2025-07-03,10:00:00,HOLD,MIDCPNIFTY25JUL13400PE,194.9,4770.0,Monitoring
2025-07-03,10:05:00,HOLD,MIDCPNIFTY25JUL13400PE,191.25,5208.0,Monitoring
2025-07-03,10:10:00,HOLD,MIDCPNIFTY25JUL13400PE,188.35,5556.0,Monitoring
2025-07-03,10:15:00,HOLD,MIDCPNIFTY25JUL13400PE,186.95,5724.0,Monitoring
2025-07-03,10:20:00,HOLD,MIDCPNIFTY25JUL13400PE,179.75,6588.0,Monitoring
2025-07-03,10:25:00,HOLD,MIDCPNIFTY25JUL13400PE,180.75,6468.0,Monitoring
2025-07-03,10:30:00,HOLD,MIDCPNIFTY25JUL13400PE,179.5,6618.0,Monitoring
2025-07-03,10:35:00,HOLD,MIDCPNIFTY25JUL13400PE,182.35,6276.0,Monitoring
2025-07-03,10:40:00,HOLD,MIDCPNIFTY25JUL13400PE,186.65,5760.0,Monitoring
2025-07-03,10:45:00,HOLD,MIDCPNIFTY25JUL13400PE,187.95,5604.0,Monitoring
2025-07-03,10:50:00,HOLD,MIDCPNIFTY25JUL13400PE,186.85,5736.0,Monitoring
2025-07-03,10:55:00,HOLD,MIDCPNIFTY25JUL13400PE,187.2,5694.0,Monitoring
2025-07-03,11:00:00,HOLD,MIDCPNIFTY25JUL13400PE,184.55,6012.0,Monitoring
2025-07-03,11:05:00,HOLD,MIDCPNIFTY25JUL13400PE,181.0,6438.0,Monitoring
2025-07-03,11:10:00,HOLD,MIDCPNIFTY25JUL13400PE,183.4,6150.0,Monitoring
2025-07-03,11:15:00,HOLD,MIDCPNIFTY25JUL13400PE,187.0,5718.0,Monitoring
2025-07-03,11:20:00,HOLD,MIDCPNIFTY25JUL13400PE,182.55,6252.0,Monitoring
2025-07-03,11:25:00,HOLD,MIDCPNIFTY25JUL13400PE,188.1,5586.0,Monitoring
2025-07-03,11:30:00,HOLD,MIDCPNIFTY25JUL13400PE,188.95,5484.0,Monitoring
2025-07-03,11:35:00,HOLD,MIDCPNIFTY25JUL13400PE,190.1,5346.0,Monitoring
2025-07-03,11:40:00,HOLD,MIDCPNIFTY25JUL13400PE,194.7,4794.0,Monitoring
2025-07-03,11:45:00,HOLD,MIDCPNIFTY25JUL13400PE,197.0,4518.0,Monitoring
2025-07-03,11:50:00,HOLD,MIDCPNIFTY25JUL13400PE,192.0,5118.0,Monitoring
2025-07-03,11:55:00,HOLD,MIDCPNIFTY25JUL13400PE,187.75,5628.0,Monitoring
2025-07-03,12:00:00,HOLD,MIDCPNIFTY25JUL13400PE,191.85,5136.0,Monitoring
2025-07-03,12:05:00,HOLD,MIDCPNIFTY25JUL13400PE,190.0,5358.0,Monitoring
2025-07-03,12:10:00,HOLD,MIDCPNIFTY25JUL13400PE,194.0,4878.0,Monitoring
2025-07-03,12:15:00,HOLD,MIDCPNIFTY25JUL13400PE,201.25,4008.0,Monitoring
2025-07-03,12:20:00,HOLD,MIDCPNIFTY25JUL13400PE,196.0,4638.0,Monitoring
2025-07-03,12:25:00,HOLD,MIDCPNIFTY25JUL13400PE,193.0,4998.0,Monitoring
2025-07-03,12:30:00,HOLD,MIDCPNIFTY25JUL13400PE,194.4,4830.0,Monitoring
2025-07-03,12:35:00,HOLD,MIDCPNIFTY25JUL13400PE,200.0,4158.0,Monitoring
2025-07-03,12:40:00,HOLD,MIDCPNIFTY25JUL13400PE,194.0,4878.0,Monitoring
2025-07-03,12:45:00,HOLD,MIDCPNIFTY25JUL13400PE,193.25,4968.0,Monitoring
2025-07-03,12:50:00,HOLD,MIDCPNIFTY25JUL13400PE,193.25,4968.0,Monitoring
2025-07-03,12:55:00,HOLD,MIDCPNIFTY25JUL13400PE,194.55,4812.0,Monitoring
2025-07-03,13:00:00,HOLD,MIDCPNIFTY25JUL13400PE,197.75,4428.0,Monitoring
2025-07-03,13:05:00,HOLD,MIDCPNIFTY25JUL13400PE,195.7,4674.0,Monitoring
2025-07-03,13:10:00,HOLD,MIDCPNIFTY25JUL13400PE,196.6,4566.0,Monitoring
2025-07-03,13:15:00,HOLD,MIDCPNIFTY25JUL13400PE,201.95,3924.0,Monitoring
2025-07-03,13:20:00,HOLD,MIDCPNIFTY25JUL13400PE,200.7,4074.0,Monitoring
2025-07-03,13:25:00,HOLD,MIDCPNIFTY25JUL13400PE,198.8,4302.0,Monitoring
2025-07-03,13:30:00,HOLD,MIDCPNIFTY25JUL13400PE,197.4,4470.0,Monitoring
2025-07-03,13:35:00,HOLD,MIDCPNIFTY25JUL13400PE,188.15,5580.0,Monitoring
2025-07-03,13:40:00,HOLD,MIDCPNIFTY25JUL13400PE,191.0,5238.0,Monitoring
2025-07-03,13:45:00,HOLD,MIDCPNIFTY25JUL13400PE,202.0,3918.0,Monitoring
2025-07-03,13:50:00,HOLD,MIDCPNIFTY25JUL13400PE,203.4,3750.0,Monitoring
2025-07-03,13:55:00,HOLD,MIDCPNIFTY25JUL13400PE,202.2,3894.0,Monitoring
2025-07-03,14:00:00,HOLD,MIDCPNIFTY25JUL13400PE,201.8,3942.0,Monitoring
2025-07-03,14:05:00,HOLD,MIDCPNIFTY25JUL13400PE,201.15,4020.0,Monitoring
2025-07-03,14:10:00,HOLD,MIDCPNIFTY25JUL13400PE,201.6,3966.0,Monitoring
2025-07-03,14:15:00,HOLD,MIDCPNIFTY25JUL13400PE,199.0,4278.0,Monitoring
2025-07-03,14:20:00,HOLD,MIDCPNIFTY25JUL13400PE,200.0,4158.0,Monitoring
2025-07-03,14:25:00,HOLD,MIDCPNIFTY25JUL13400PE,211.45,2784.0,Monitoring
2025-07-03,14:30:00,HOLD,MIDCPNIFTY25JUL13400PE,211.4,2790.0,Monitoring
2025-07-03,14:35:00,HOLD,MIDCPNIFTY25JUL13400PE,216.4,2190.0,Monitoring
2025-07-03,14:40:00,HOLD,MIDCPNIFTY25JUL13400PE,204.9,3570.0,Monitoring
2025-07-03,14:45:00,HOLD,MIDCPNIFTY25JUL13400PE,211.0,2838.0,Monitoring
2025-07-03,14:50:00,HOLD,MIDCPNIFTY25JUL13400PE,212.65,2640.0,Monitoring
2025-07-03,14:55:00,HOLD,MIDCPNIFTY25JUL13400PE,208.45,3144.0,Monitoring
2025-07-03,15:00:00,HOLD,MIDCPNIFTY25JUL13400PE,205.0,3558.0,Monitoring
2025-07-03,15:05:00,HOLD,MIDCPNIFTY25JUL13400PE,206.55,3372.0,Monitoring
2025-07-03,15:10:00,HOLD,MIDCPNIFTY25JUL13400PE,208.0,3198.0,Monitoring
2025-07-03,15:10:00,BUY_EXIT,MIDCPNIFTY25JUL13400PE,208.0,3198.0,EMA_REVERSAL_SL
