Date,Time,Event,Ticker,Price,PnL_INR,Info
2024-05-09,14:00:00,SELL_ENTRY,MIDCPNIFTY24MAY10900PE,205.5,0.0,Signal PE | Short
2024-05-09,14:05:00,HOLD,MIDCPNIFTY24MAY10900PE,205.5,0.0,Monitoring
2024-05-09,14:10:00,HOLD,MIDCPNIFTY24MAY10900PE,205.5,0.0,Monitoring
2024-05-09,14:15:00,HOLD,MIDCPNIFTY24MAY10900PE,205.5,0.0,Monitoring
2024-05-09,14:20:00,HOLD,MIDCPNIFTY24MAY10900PE,205.5,0.0,Monitoring
2024-05-09,14:30:00,HOLD,MIDCPNIFTY24MAY10900PE,205.5,0.0,Monitoring
2024-05-09,14:35:00,HOLD,MIDCPNIFTY24MAY10900PE,220.5,-1800.0,Monitoring
2024-05-09,14:35:00,BUY_EXIT,MIDCPNIFTY24MAY10900PE,220.5,-1800.0,EMA_REVERSAL_SL
