Date,Time,Event,Ticker,Price,PnL_INR,Info
2024-05-31,14:00:00,SELL_ENTRY,MIDCPNIFTY24JUN11400CE,335.0,0.0,Signal CE | Short
2024-05-31,14:05:00,HOLD,MIDCPNIFTY24JUN11400CE,335.0,0.0,Monitoring
2024-05-31,14:10:00,HOLD,MIDCPNIFTY24JUN11400CE,335.0,0.0,Monitoring
2024-05-31,14:15:00,HOLD,MIDCPNIFTY24JUN11400CE,335.0,0.0,Monitoring
2024-05-31,14:20:00,HOLD,MIDCPNIFTY24JUN11400CE,335.0,0.0,Monitoring
2024-05-31,14:25:00,HOLD,MIDCPNIFTY24JUN11400CE,335.0,0.0,Monitoring
2024-05-31,14:30:00,HOLD,MIDCPNIFTY24JUN11400CE,335.0,0.0,Monitoring
2024-05-31,14:35:00,HOLD,MIDCPNIFTY24JUN11400CE,335.0,0.0,Monitoring
2024-05-31,14:40:00,HOLD,MIDCPNIFTY24JUN11400CE,335.0,0.0,Monitoring
2024-05-31,14:40:00,BUY_EXIT,MIDCPNIFTY24JUN11400CE,335.0,0.0,EMA_REVERSAL_SL
