Date,Time,Event,Ticker,Price,PnL_INR,Info
2025-01-27,14:00:00,SELL_ENTRY,MIDCPNIFTY25FEB12000CE,305.0,0.0,Signal CE | Short
2025-01-27,14:05:00,HOLD,MIDCPNIFTY25FEB12000CE,300.0,600.0,Monitoring
2025-01-27,14:10:00,HOLD,MIDCPNIFTY25FEB12000CE,300.0,600.0,Monitoring
2025-01-27,14:15:00,HOLD,MIDCPNIFTY25FEB12000CE,309.4,-528.0,Monitoring
2025-01-27,14:20:00,HOLD,MIDCPNIFTY25FEB12000CE,304.6,48.0,Monitoring
2025-01-27,14:25:00,HOLD,MIDCPNIFTY25FEB12000CE,306.05,-126.0,Monitoring
2025-01-27,14:30:00,HOLD,MIDCPNIFTY25FEB12000CE,299.0,720.0,Monitoring
2025-01-27,14:35:00,HOLD,MIDCPNIFTY25FEB12000CE,295.0,1200.0,Monitoring
2025-01-27,14:40:00,HOLD,MIDCPNIFTY25FEB12000CE,298.95,726.0,Monitoring
2025-01-27,14:45:00,HOLD,MIDCPNIFTY25FEB12000CE,290.0,1800.0,Monitoring
2025-01-27,14:50:00,HOLD,MIDCPNIFTY25FEB12000CE,292.2,1536.0,Monitoring
2025-01-27,14:55:00,HOLD,MIDCPNIFTY25FEB12000CE,296.8,984.0,Monitoring
2025-01-27,15:00:00,HOLD,MIDCPNIFTY25FEB12000CE,286.95,2166.0,Monitoring
2025-01-27,15:05:00,HOLD,MIDCPNIFTY25FEB12000CE,295.0,1200.0,Monitoring
2025-01-27,15:10:00,HOLD,MIDCPNIFTY25FEB12000CE,295.0,1200.0,Monitoring
2025-01-27,15:15:00,HOLD,MIDCPNIFTY25FEB12000CE,293.0,1440.0,Monitoring
2025-01-27,15:20:00,HOLD,MIDCPNIFTY25FEB12000CE,285.0,2400.0,Monitoring
2025-01-27,15:25:00,HOLD,MIDCPNIFTY25FEB12000CE,294.0,1320.0,Monitoring
2025-01-28,09:15:00,HOLD,MIDCPNIFTY25FEB12000CE,314.0,-1080.0,Monitoring
2025-01-28,09:20:00,HOLD,MIDCPNIFTY25FEB12000CE,290.05,1794.0,Monitoring
2025-01-28,09:25:00,HOLD,MIDCPNIFTY25FEB12000CE,285.0,2400.0,Monitoring
2025-01-28,09:30:00,HOLD,MIDCPNIFTY25FEB12000CE,284.95,2406.0,Monitoring
2025-01-28,09:35:00,HOLD,MIDCPNIFTY25FEB12000CE,280.1,2988.0,Monitoring
2025-01-28,09:40:00,HOLD,MIDCPNIFTY25FEB12000CE,279.0,3120.0,Monitoring
2025-01-28,09:45:00,HOLD,MIDCPNIFTY25FEB12000CE,282.9,2652.0,Monitoring
2025-01-28,09:50:00,HOLD,MIDCPNIFTY25FEB12000CE,275.0,3600.0,Monitoring
2025-01-28,09:55:00,HOLD,MIDCPNIFTY25FEB12000CE,282.0,2760.0,Monitoring
2025-01-28,10:00:00,HOLD,MIDCPNIFTY25FEB12000CE,297.0,960.0,Monitoring
2025-01-28,10:05:00,HOLD,MIDCPNIFTY25FEB12000CE,282.2,2736.0,Monitoring
2025-01-28,10:10:00,HOLD,MIDCPNIFTY25FEB12000CE,283.1,2628.0,Monitoring
2025-01-28,10:15:00,HOLD,MIDCPNIFTY25FEB12000CE,285.05,2394.0,Monitoring
2025-01-28,10:20:00,HOLD,MIDCPNIFTY25FEB12000CE,287.35,2118.0,Monitoring
2025-01-28,10:25:00,HOLD,MIDCPNIFTY25FEB12000CE,283.9,2532.0,Monitoring
2025-01-28,10:30:00,HOLD,MIDCPNIFTY25FEB12000CE,281.0,2880.0,Monitoring
2025-01-28,10:35:00,HOLD,MIDCPNIFTY25FEB12000CE,275.5,3540.0,Monitoring
2025-01-28,10:40:00,HOLD,MIDCPNIFTY25FEB12000CE,277.55,3294.0,Monitoring
2025-01-28,10:45:00,HOLD,MIDCPNIFTY25FEB12000CE,288.75,1950.0,Monitoring
2025-01-28,10:50:00,HOLD,MIDCPNIFTY25FEB12000CE,274.0,3720.0,Monitoring
2025-01-28,10:55:00,HOLD,MIDCPNIFTY25FEB12000CE,275.0,3600.0,Monitoring
2025-01-28,11:00:00,HOLD,MIDCPNIFTY25FEB12000CE,288.0,2040.0,Monitoring
2025-01-28,11:05:00,HOLD,MIDCPNIFTY25FEB12000CE,287.95,2046.0,Monitoring
2025-01-28,11:10:00,HOLD,MIDCPNIFTY25FEB12000CE,283.05,2634.0,Monitoring
2025-01-28,11:15:00,HOLD,MIDCPNIFTY25FEB12000CE,276.0,3480.0,Monitoring
2025-01-28,11:20:00,HOLD,MIDCPNIFTY25FEB12000CE,290.0,1800.0,Monitoring
2025-01-28,11:25:00,HOLD,MIDCPNIFTY25FEB12000CE,280.0,3000.0,Monitoring
2025-01-28,11:30:00,HOLD,MIDCPNIFTY25FEB12000CE,288.0,2040.0,Monitoring
2025-01-28,11:35:00,HOLD,MIDCPNIFTY25FEB12000CE,288.1,2028.0,Monitoring
2025-01-28,11:40:00,HOLD,MIDCPNIFTY25FEB12000CE,290.0,1800.0,Monitoring
2025-01-28,11:45:00,HOLD,MIDCPNIFTY25FEB12000CE,286.0,2280.0,Monitoring
2025-01-28,11:50:00,HOLD,MIDCPNIFTY25FEB12000CE,293.6,1368.0,Monitoring
2025-01-28,11:55:00,HOLD,MIDCPNIFTY25FEB12000CE,294.85,1218.0,Monitoring
2025-01-28,12:00:00,HOLD,MIDCPNIFTY25FEB12000CE,306.4,-168.0,Monitoring
2025-01-28,12:05:00,HOLD,MIDCPNIFTY25FEB12000CE,300.0,600.0,Monitoring
2025-01-28,12:10:00,HOLD,MIDCPNIFTY25FEB12000CE,303.0,240.0,Monitoring
2025-01-28,12:15:00,HOLD,MIDCPNIFTY25FEB12000CE,309.95,-594.0,Monitoring
2025-01-28,12:20:00,HOLD,MIDCPNIFTY25FEB12000CE,290.25,1770.0,Monitoring
2025-01-28,12:25:00,HOLD,MIDCPNIFTY25FEB12000CE,295.95,1086.0,Monitoring
2025-01-28,12:30:00,HOLD,MIDCPNIFTY25FEB12000CE,295.0,1200.0,Monitoring
2025-01-28,12:35:00,HOLD,MIDCPNIFTY25FEB12000CE,293.05,1434.0,Monitoring
2025-01-28,12:40:00,HOLD,MIDCPNIFTY25FEB12000CE,293.05,1434.0,Monitoring
2025-01-28,12:45:00,HOLD,MIDCPNIFTY25FEB12000CE,301.95,366.0,Monitoring
2025-01-28,12:50:00,HOLD,MIDCPNIFTY25FEB12000CE,302.0,360.0,Monitoring
2025-01-28,12:55:00,HOLD,MIDCPNIFTY25FEB12000CE,300.0,600.0,Monitoring
2025-01-28,13:00:00,HOLD,MIDCPNIFTY25FEB12000CE,309.45,-534.0,Monitoring
2025-01-28,13:05:00,HOLD,MIDCPNIFTY25FEB12000CE,309.45,-534.0,Monitoring
2025-01-28,13:10:00,HOLD,MIDCPNIFTY25FEB12000CE,313.05,-966.0,Monitoring
2025-01-28,13:15:00,HOLD,MIDCPNIFTY25FEB12000CE,314.45,-1134.0,Monitoring
2025-01-28,13:20:00,HOLD,MIDCPNIFTY25FEB12000CE,300.0,600.0,Monitoring
2025-01-28,13:25:00,HOLD,MIDCPNIFTY25FEB12000CE,297.0,960.0,Monitoring
2025-01-28,13:30:00,HOLD,MIDCPNIFTY25FEB12000CE,307.65,-318.0,Monitoring
2025-01-28,13:35:00,HOLD,MIDCPNIFTY25FEB12000CE,300.0,600.0,Monitoring
2025-01-28,13:40:00,HOLD,MIDCPNIFTY25FEB12000CE,303.95,126.0,Monitoring
2025-01-28,13:45:00,HOLD,MIDCPNIFTY25FEB12000CE,297.15,942.0,Monitoring
2025-01-28,13:50:00,HOLD,MIDCPNIFTY25FEB12000CE,300.0,600.0,Monitoring
2025-01-28,13:55:00,HOLD,MIDCPNIFTY25FEB12000CE,305.0,0.0,Monitoring
2025-01-28,14:00:00,HOLD,MIDCPNIFTY25FEB12000CE,300.95,486.0,Monitoring
2025-01-28,14:05:00,HOLD,MIDCPNIFTY25FEB12000CE,304.85,18.0,Monitoring
2025-01-28,14:10:00,HOLD,MIDCPNIFTY25FEB12000CE,295.3,1164.0,Monitoring
2025-01-28,14:15:00,HOLD,MIDCPNIFTY25FEB12000CE,306.95,-234.0,Monitoring
2025-01-28,14:20:00,HOLD,MIDCPNIFTY25FEB12000CE,307.95,-354.0,Monitoring
2025-01-28,14:25:00,HOLD,MIDCPNIFTY25FEB12000CE,308.1,-372.0,Monitoring
2025-01-28,14:30:00,HOLD,MIDCPNIFTY25FEB12000CE,308.0,-360.0,Monitoring
2025-01-28,14:35:00,HOLD,MIDCPNIFTY25FEB12000CE,310.0,-600.0,Monitoring
2025-01-28,14:40:00,HOLD,MIDCPNIFTY25FEB12000CE,311.0,-720.0,Monitoring
2025-01-28,14:45:00,HOLD,MIDCPNIFTY25FEB12000CE,292.0,1560.0,Monitoring
2025-01-28,14:50:00,HOLD,MIDCPNIFTY25FEB12000CE,280.0,3000.0,Monitoring
2025-01-28,14:55:00,HOLD,MIDCPNIFTY25FEB12000CE,289.0,1920.0,Monitoring
2025-01-28,15:00:00,HOLD,MIDCPNIFTY25FEB12000CE,272.0,3960.0,Monitoring
2025-01-28,15:05:00,HOLD,MIDCPNIFTY25FEB12000CE,282.8,2664.0,Monitoring
2025-01-28,15:10:00,HOLD,MIDCPNIFTY25FEB12000CE,281.3,2844.0,Monitoring
2025-01-28,15:15:00,HOLD,MIDCPNIFTY25FEB12000CE,288.0,2040.0,Monitoring
2025-01-28,15:20:00,HOLD,MIDCPNIFTY25FEB12000CE,288.0,2040.0,Monitoring
2025-01-28,15:25:00,HOLD,MIDCPNIFTY25FEB12000CE,281.0,2880.0,Monitoring
2025-01-29,09:15:00,HOLD,MIDCPNIFTY25FEB12000CE,297.0,960.0,Monitoring
2025-01-29,09:20:00,HOLD,MIDCPNIFTY25FEB12000CE,298.35,798.0,Monitoring
2025-01-29,09:25:00,HOLD,MIDCPNIFTY25FEB12000CE,298.95,726.0,Monitoring
2025-01-29,09:30:00,HOLD,MIDCPNIFTY25FEB12000CE,309.55,-546.0,Monitoring
2025-01-29,09:35:00,HOLD,MIDCPNIFTY25FEB12000CE,315.05,-1206.0,Monitoring
2025-01-29,09:40:00,HOLD,MIDCPNIFTY25FEB12000CE,327.0,-2640.0,Monitoring
2025-01-29,09:45:00,HOLD,MIDCPNIFTY25FEB12000CE,318.05,-1566.0,Monitoring
2025-01-29,09:50:00,HOLD,MIDCPNIFTY25FEB12000CE,329.0,-2880.0,Monitoring
2025-01-29,09:55:00,HOLD,MIDCPNIFTY25FEB12000CE,325.05,-2406.0,Monitoring
2025-01-29,10:00:00,HOLD,MIDCPNIFTY25FEB12000CE,334.95,-3594.0,Monitoring
2025-01-29,10:00:00,BUY_EXIT,MIDCPNIFTY25FEB12000CE,334.95,-3594.0,EMA_REVERSAL_SL
