Date,Time,Event,Ticker,Price,PnL_INR,Info
2025-11-07,14:00:00,SELL_ENTRY,MIDCPNIFTY25NOV13300PE,128.0,0.0,Signal PE | Short
2025-11-07,14:05:00,HOLD,MIDCPNIFTY25NOV13300PE,127.45,66.0,Monitoring
2025-11-07,14:10:00,HOLD,MIDCPNIFTY25NOV13300PE,129.15,-138.0,Monitoring
2025-11-07,14:15:00,HOLD,MIDCPNIFTY25NOV13300PE,125.0,360.0,Monitoring
2025-11-07,14:20:00,HOLD,MIDCPNIFTY25NOV13300PE,117.0,1320.0,Monitoring
2025-11-07,14:25:00,HOLD,MIDCPNIFTY25NOV13300PE,115.75,1470.0,Monitoring
2025-11-07,14:30:00,HOLD,MIDCPNIFTY25NOV13300PE,119.25,1050.0,Monitoring
2025-11-07,14:35:00,HOLD,MIDCPNIFTY25NOV13300PE,120.5,900.0,Monitoring
2025-11-07,14:40:00,HOLD,MIDCPNIFTY25NOV13300PE,122.2,696.0,Monitoring
2025-11-07,14:45:00,HOLD,MIDCPNIFTY25NOV13300PE,124.0,480.0,Monitoring
2025-11-07,14:50:00,HOLD,MIDCPNIFTY25NOV13300PE,128.7,-84.0,Monitoring
2025-11-07,14:55:00,HOLD,MIDCPNIFTY25NOV13300PE,126.0,240.0,Monitoring
2025-11-07,15:00:00,HOLD,MIDCPNIFTY25NOV13300PE,128.65,-78.0,Monitoring
2025-11-07,15:05:00,HOLD,MIDCPNIFTY25NOV13300PE,130.85,-342.0,Monitoring
2025-11-07,15:10:00,HOLD,MIDCPNIFTY25NOV13300PE,129.15,-138.0,Monitoring
2025-11-07,15:15:00,HOLD,MIDCPNIFTY25NOV13300PE,127.45,66.0,Monitoring
2025-11-07,15:20:00,HOLD,MIDCPNIFTY25NOV13300PE,127.85,18.0,Monitoring
2025-11-07,15:25:00,HOLD,MIDCPNIFTY25NOV13300PE,126.55,174.0,Monitoring
2025-11-10,09:15:00,HOLD,MIDCPNIFTY25NOV13300PE,103.7,2916.0,Monitoring
2025-11-10,09:20:00,HOLD,MIDCPNIFTY25NOV13300PE,112.05,1914.0,Monitoring
2025-11-10,09:25:00,HOLD,MIDCPNIFTY25NOV13300PE,114.0,1680.0,Monitoring
2025-11-10,09:30:00,HOLD,MIDCPNIFTY25NOV13300PE,110.8,2064.0,Monitoring
2025-11-10,09:35:00,HOLD,MIDCPNIFTY25NOV13300PE,105.15,2742.0,Monitoring
2025-11-10,09:40:00,HOLD,MIDCPNIFTY25NOV13300PE,111.2,2016.0,Monitoring
2025-11-10,09:45:00,HOLD,MIDCPNIFTY25NOV13300PE,104.3,2844.0,Monitoring
2025-11-10,09:50:00,HOLD,MIDCPNIFTY25NOV13300PE,101.15,3222.0,Monitoring
2025-11-10,09:55:00,HOLD,MIDCPNIFTY25NOV13300PE,103.85,2898.0,Monitoring
2025-11-10,10:00:00,HOLD,MIDCPNIFTY25NOV13300PE,107.1,2508.0,Monitoring
2025-11-10,10:05:00,HOLD,MIDCPNIFTY25NOV13300PE,108.05,2394.0,Monitoring
2025-11-10,10:10:00,HOLD,MIDCPNIFTY25NOV13300PE,106.25,2610.0,Monitoring
2025-11-10,10:15:00,HOLD,MIDCPNIFTY25NOV13300PE,101.4,3192.0,Monitoring
2025-11-10,10:20:00,HOLD,MIDCPNIFTY25NOV13300PE,101.05,3234.0,Monitoring
2025-11-10,10:25:00,HOLD,MIDCPNIFTY25NOV13300PE,98.0,3600.0,Monitoring
2025-11-10,10:30:00,HOLD,MIDCPNIFTY25NOV13300PE,97.0,3720.0,Monitoring
2025-11-10,10:35:00,HOLD,MIDCPNIFTY25NOV13300PE,99.3,3444.0,Monitoring
2025-11-10,10:40:00,HOLD,MIDCPNIFTY25NOV13300PE,96.0,3840.0,Monitoring
2025-11-10,10:45:00,HOLD,MIDCPNIFTY25NOV13300PE,99.45,3426.0,Monitoring
2025-11-10,10:50:00,HOLD,MIDCPNIFTY25NOV13300PE,97.4,3672.0,Monitoring
2025-11-10,10:55:00,HOLD,MIDCPNIFTY25NOV13300PE,95.95,3846.0,Monitoring
2025-11-10,11:00:00,HOLD,MIDCPNIFTY25NOV13300PE,93.1,4188.0,Monitoring
2025-11-10,11:05:00,HOLD,MIDCPNIFTY25NOV13300PE,92.45,4266.0,Monitoring
2025-11-10,11:10:00,HOLD,MIDCPNIFTY25NOV13300PE,91.2,4416.0,Monitoring
2025-11-10,11:15:00,HOLD,MIDCPNIFTY25NOV13300PE,89.3,4644.0,Monitoring
2025-11-10,11:20:00,HOLD,MIDCPNIFTY25NOV13300PE,83.5,5340.0,Monitoring
2025-11-10,11:25:00,HOLD,MIDCPNIFTY25NOV13300PE,83.0,5400.0,Monitoring
2025-11-10,11:30:00,HOLD,MIDCPNIFTY25NOV13300PE,86.7,4956.0,Monitoring
2025-11-10,11:35:00,HOLD,MIDCPNIFTY25NOV13300PE,85.95,5046.0,Monitoring
2025-11-10,11:40:00,HOLD,MIDCPNIFTY25NOV13300PE,82.6,5448.0,Monitoring
2025-11-10,11:45:00,HOLD,MIDCPNIFTY25NOV13300PE,84.1,5268.0,Monitoring
2025-11-10,11:50:00,HOLD,MIDCPNIFTY25NOV13300PE,85.35,5118.0,Monitoring
2025-11-10,11:55:00,HOLD,MIDCPNIFTY25NOV13300PE,86.45,4986.0,Monitoring
2025-11-10,12:00:00,HOLD,MIDCPNIFTY25NOV13300PE,86.2,5016.0,Monitoring
2025-11-10,12:05:00,HOLD,MIDCPNIFTY25NOV13300PE,86.1,5028.0,Monitoring
2025-11-10,12:10:00,HOLD,MIDCPNIFTY25NOV13300PE,86.6,4968.0,Monitoring
2025-11-10,12:15:00,HOLD,MIDCPNIFTY25NOV13300PE,84.65,5202.0,Monitoring
2025-11-10,12:20:00,HOLD,MIDCPNIFTY25NOV13300PE,83.1,5388.0,Monitoring
2025-11-10,12:25:00,HOLD,MIDCPNIFTY25NOV13300PE,83.1,5388.0,Monitoring
2025-11-10,12:30:00,HOLD,MIDCPNIFTY25NOV13300PE,83.3,5364.0,Monitoring
2025-11-10,12:35:00,HOLD,MIDCPNIFTY25NOV13300PE,83.5,5340.0,Monitoring
2025-11-10,12:40:00,HOLD,MIDCPNIFTY25NOV13300PE,85.2,5136.0,Monitoring
2025-11-10,12:45:00,HOLD,MIDCPNIFTY25NOV13300PE,84.15,5262.0,Monitoring
2025-11-10,12:50:00,HOLD,MIDCPNIFTY25NOV13300PE,84.8,5184.0,Monitoring
2025-11-10,12:55:00,HOLD,MIDCPNIFTY25NOV13300PE,84.25,5250.0,Monitoring
2025-11-10,13:00:00,HOLD,MIDCPNIFTY25NOV13300PE,83.4,5352.0,Monitoring
2025-11-10,13:05:00,HOLD,MIDCPNIFTY25NOV13300PE,85.3,5124.0,Monitoring
2025-11-10,13:10:00,HOLD,MIDCPNIFTY25NOV13300PE,86.2,5016.0,Monitoring
2025-11-10,13:15:00,HOLD,MIDCPNIFTY25NOV13300PE,84.35,5238.0,Monitoring
2025-11-10,13:20:00,HOLD,MIDCPNIFTY25NOV13300PE,82.2,5496.0,Monitoring
2025-11-10,13:25:00,HOLD,MIDCPNIFTY25NOV13300PE,80.0,5760.0,Monitoring
2025-11-10,13:30:00,HOLD,MIDCPNIFTY25NOV13300PE,82.45,5466.0,Monitoring
2025-11-10,13:35:00,HOLD,MIDCPNIFTY25NOV13300PE,81.4,5592.0,Monitoring
2025-11-10,13:40:00,HOLD,MIDCPNIFTY25NOV13300PE,84.7,5196.0,Monitoring
2025-11-10,13:45:00,HOLD,MIDCPNIFTY25NOV13300PE,81.7,5556.0,Monitoring
2025-11-10,13:50:00,HOLD,MIDCPNIFTY25NOV13300PE,78.7,5916.0,Monitoring
2025-11-10,13:55:00,HOLD,MIDCPNIFTY25NOV13300PE,81.45,5586.0,Monitoring
2025-11-10,14:00:00,HOLD,MIDCPNIFTY25NOV13300PE,78.75,5910.0,Monitoring
2025-11-10,14:05:00,HOLD,MIDCPNIFTY25NOV13300PE,77.6,6048.0,Monitoring
2025-11-10,14:10:00,HOLD,MIDCPNIFTY25NOV13300PE,78.45,5946.0,Monitoring
2025-11-10,14:15:00,HOLD,MIDCPNIFTY25NOV13300PE,75.65,6282.0,Monitoring
2025-11-10,14:20:00,HOLD,MIDCPNIFTY25NOV13300PE,75.9,6252.0,Monitoring
2025-11-10,14:25:00,HOLD,MIDCPNIFTY25NOV13300PE,72.2,6696.0,Monitoring
2025-11-10,14:30:00,HOLD,MIDCPNIFTY25NOV13300PE,73.45,6546.0,Monitoring
2025-11-10,14:35:00,HOLD,MIDCPNIFTY25NOV13300PE,72.25,6690.0,Monitoring
2025-11-10,14:40:00,HOLD,MIDCPNIFTY25NOV13300PE,73.75,6510.0,Monitoring
2025-11-10,14:45:00,HOLD,MIDCPNIFTY25NOV13300PE,76.2,6216.0,Monitoring
2025-11-10,14:50:00,HOLD,MIDCPNIFTY25NOV13300PE,78.15,5982.0,Monitoring
2025-11-10,14:55:00,HOLD,MIDCPNIFTY25NOV13300PE,79.05,5874.0,Monitoring
2025-11-10,15:00:00,HOLD,MIDCPNIFTY25NOV13300PE,79.5,5820.0,Monitoring
2025-11-10,15:05:00,HOLD,MIDCPNIFTY25NOV13300PE,78.05,5994.0,Monitoring
2025-11-10,15:10:00,HOLD,MIDCPNIFTY25NOV13300PE,80.5,5700.0,Monitoring
2025-11-10,15:15:00,HOLD,MIDCPNIFTY25NOV13300PE,81.2,5616.0,Monitoring
2025-11-10,15:20:00,HOLD,MIDCPNIFTY25NOV13300PE,83.7,5316.0,Monitoring
2025-11-10,15:25:00,HOLD,MIDCPNIFTY25NOV13300PE,80.7,5676.0,Monitoring
2025-11-11,09:15:00,HOLD,MIDCPNIFTY25NOV13300PE,90.4,4512.0,Monitoring
2025-11-11,09:20:00,HOLD,MIDCPNIFTY25NOV13300PE,84.25,5250.0,Monitoring
2025-11-11,09:25:00,HOLD,MIDCPNIFTY25NOV13300PE,88.8,4704.0,Monitoring
2025-11-11,09:30:00,HOLD,MIDCPNIFTY25NOV13300PE,95.85,3858.0,Monitoring
2025-11-11,09:35:00,HOLD,MIDCPNIFTY25NOV13300PE,89.35,4638.0,Monitoring
2025-11-11,09:40:00,HOLD,MIDCPNIFTY25NOV13300PE,82.2,5496.0,Monitoring
2025-11-11,09:45:00,HOLD,MIDCPNIFTY25NOV13300PE,89.0,4680.0,Monitoring
2025-11-11,09:50:00,HOLD,MIDCPNIFTY25NOV13300PE,92.15,4302.0,Monitoring
2025-11-11,09:55:00,HOLD,MIDCPNIFTY25NOV13300PE,87.75,4830.0,Monitoring
2025-11-11,10:00:00,HOLD,MIDCPNIFTY25NOV13300PE,88.9,4692.0,Monitoring
2025-11-11,10:05:00,HOLD,MIDCPNIFTY25NOV13300PE,84.7,5196.0,Monitoring
2025-11-11,10:10:00,HOLD,MIDCPNIFTY25NOV13300PE,87.0,4920.0,Monitoring
2025-11-11,10:15:00,HOLD,MIDCPNIFTY25NOV13300PE,84.4,5232.0,Monitoring
2025-11-11,10:20:00,HOLD,MIDCPNIFTY25NOV13300PE,86.75,4950.0,Monitoring
2025-11-11,10:25:00,HOLD,MIDCPNIFTY25NOV13300PE,90.05,4554.0,Monitoring
2025-11-11,10:30:00,HOLD,MIDCPNIFTY25NOV13300PE,93.45,4146.0,Monitoring
2025-11-11,10:35:00,HOLD,MIDCPNIFTY25NOV13300PE,99.7,3396.0,Monitoring
2025-11-11,10:40:00,HOLD,MIDCPNIFTY25NOV13300PE,98.0,3600.0,Monitoring
2025-11-11,10:45:00,HOLD,MIDCPNIFTY25NOV13300PE,98.7,3516.0,Monitoring
2025-11-11,10:45:00,BUY_EXIT,MIDCPNIFTY25NOV13300PE,98.7,3516.0,EMA_REVERSAL_SL
