Date,Time,Event,Ticker,Price,PnL_INR,Info
2024-10-17,14:00:00,SELL_ENTRY,MIDCPNIFTY24OCT13200CE,68.05,0.0,Signal CE | Short
2024-10-17,14:05:00,HOLD,MIDCPNIFTY24OCT13200CE,63.65,528.0,Monitoring
2024-10-17,14:10:00,HOLD,MIDCPNIFTY24OCT13200CE,61.55,780.0,Monitoring
2024-10-17,14:15:00,HOLD,MIDCPNIFTY24OCT13200CE,61.75,756.0,Monitoring
2024-10-17,14:20:00,HOLD,MIDCPNIFTY24OCT13200CE,61.75,756.0,Monitoring
2024-10-17,14:25:00,HOLD,MIDCPNIFTY24OCT13200CE,64.55,420.0,Monitoring
2024-10-17,14:30:00,HOLD,MIDCPNIFTY24OCT13200CE,64.5,426.0,Monitoring
2024-10-17,14:35:00,HOLD,MIDCPNIFTY24OCT13200CE,63.5,546.0,Monitoring
2024-10-17,14:40:00,HOLD,MIDCPNIFTY24OCT13200CE,63.3,570.0,Monitoring
2024-10-17,14:45:00,HOLD,MIDCPNIFTY24OCT13200CE,62.15,708.0,Monitoring
2024-10-17,14:50:00,HOLD,MIDCPNIFTY24OCT13200CE,64.2,462.0,Monitoring
2024-10-17,14:55:00,HOLD,MIDCPNIFTY24OCT13200CE,63.4,558.0,Monitoring
2024-10-17,15:00:00,HOLD,MIDCPNIFTY24OCT13200CE,63.0,606.0,Monitoring
2024-10-17,15:05:00,HOLD,MIDCPNIFTY24OCT13200CE,61.0,846.0,Monitoring
2024-10-17,15:10:00,HOLD,MIDCPNIFTY24OCT13200CE,63.9,498.0,Monitoring
2024-10-17,15:15:00,HOLD,MIDCPNIFTY24OCT13200CE,61.5,786.0,Monitoring
2024-10-17,15:20:00,HOLD,MIDCPNIFTY24OCT13200CE,61.7,762.0,Monitoring
2024-10-17,15:25:00,HOLD,MIDCPNIFTY24OCT13200CE,57.45,1272.0,Monitoring
2024-10-18,09:15:00,HOLD,MIDCPNIFTY24OCT13200CE,35.55,3900.0,Monitoring
2024-10-18,09:20:00,HOLD,MIDCPNIFTY24OCT13200CE,31.7,4362.0,Monitoring
2024-10-18,09:25:00,HOLD,MIDCPNIFTY24OCT13200CE,31.9,4338.0,Monitoring
2024-10-18,09:30:00,HOLD,MIDCPNIFTY24OCT13200CE,35.1,3954.0,Monitoring
2024-10-18,09:35:00,HOLD,MIDCPNIFTY24OCT13200CE,39.25,3456.0,Monitoring
2024-10-18,09:40:00,HOLD,MIDCPNIFTY24OCT13200CE,38.0,3606.0,Monitoring
2024-10-18,09:45:00,HOLD,MIDCPNIFTY24OCT13200CE,44.75,2796.0,Monitoring
2024-10-18,09:50:00,HOLD,MIDCPNIFTY24OCT13200CE,38.0,3606.0,Monitoring
2024-10-18,09:55:00,HOLD,MIDCPNIFTY24OCT13200CE,36.85,3744.0,Monitoring
2024-10-18,10:00:00,HOLD,MIDCPNIFTY24OCT13200CE,38.55,3540.0,Monitoring
2024-10-18,10:05:00,HOLD,MIDCPNIFTY24OCT13200CE,43.2,2982.0,Monitoring
2024-10-18,10:10:00,HOLD,MIDCPNIFTY24OCT13200CE,44.0,2886.0,Monitoring
2024-10-18,10:15:00,HOLD,MIDCPNIFTY24OCT13200CE,42.2,3102.0,Monitoring
2024-10-18,10:20:00,HOLD,MIDCPNIFTY24OCT13200CE,43.6,2934.0,Monitoring
2024-10-18,10:25:00,HOLD,MIDCPNIFTY24OCT13200CE,48.3,2370.0,Monitoring
2024-10-18,10:30:00,HOLD,MIDCPNIFTY24OCT13200CE,56.8,1350.0,Monitoring
2024-10-18,10:35:00,HOLD,MIDCPNIFTY24OCT13200CE,53.25,1776.0,Monitoring
2024-10-18,10:40:00,HOLD,MIDCPNIFTY24OCT13200CE,55.7,1482.0,Monitoring
2024-10-18,10:45:00,HOLD,MIDCPNIFTY24OCT13200CE,53.0,1806.0,Monitoring
2024-10-18,10:50:00,HOLD,MIDCPNIFTY24OCT13200CE,48.2,2382.0,Monitoring
2024-10-18,10:55:00,HOLD,MIDCPNIFTY24OCT13200CE,47.0,2526.0,Monitoring
2024-10-18,11:00:00,HOLD,MIDCPNIFTY24OCT13200CE,46.0,2646.0,Monitoring
2024-10-18,11:05:00,HOLD,MIDCPNIFTY24OCT13200CE,44.0,2886.0,Monitoring
2024-10-18,11:10:00,HOLD,MIDCPNIFTY24OCT13200CE,49.0,2286.0,Monitoring
2024-10-18,11:15:00,HOLD,MIDCPNIFTY24OCT13200CE,47.0,2526.0,Monitoring
2024-10-18,11:20:00,HOLD,MIDCPNIFTY24OCT13200CE,45.0,2766.0,Monitoring
2024-10-18,11:25:00,HOLD,MIDCPNIFTY24OCT13200CE,49.0,2286.0,Monitoring
2024-10-18,11:30:00,HOLD,MIDCPNIFTY24OCT13200CE,51.35,2004.0,Monitoring
2024-10-18,11:35:00,HOLD,MIDCPNIFTY24OCT13200CE,54.9,1578.0,Monitoring
2024-10-18,11:40:00,HOLD,MIDCPNIFTY24OCT13200CE,55.85,1464.0,Monitoring
2024-10-18,11:45:00,HOLD,MIDCPNIFTY24OCT13200CE,52.25,1896.0,Monitoring
2024-10-18,11:50:00,HOLD,MIDCPNIFTY24OCT13200CE,54.2,1662.0,Monitoring
2024-10-18,11:55:00,HOLD,MIDCPNIFTY24OCT13200CE,55.5,1506.0,Monitoring
2024-10-18,12:00:00,HOLD,MIDCPNIFTY24OCT13200CE,61.75,756.0,Monitoring
2024-10-18,12:05:00,HOLD,MIDCPNIFTY24OCT13200CE,69.5,-174.0,Monitoring
2024-10-18,12:10:00,HOLD,MIDCPNIFTY24OCT13200CE,62.85,624.0,Monitoring
2024-10-18,12:15:00,HOLD,MIDCPNIFTY24OCT13200CE,63.5,546.0,Monitoring
2024-10-18,12:20:00,HOLD,MIDCPNIFTY24OCT13200CE,64.9,378.0,Monitoring
2024-10-18,12:25:00,HOLD,MIDCPNIFTY24OCT13200CE,66.35,204.0,Monitoring
2024-10-18,12:30:00,HOLD,MIDCPNIFTY24OCT13200CE,68.85,-96.0,Monitoring
2024-10-18,12:35:00,HOLD,MIDCPNIFTY24OCT13200CE,68.0,6.0,Monitoring
2024-10-18,12:40:00,HOLD,MIDCPNIFTY24OCT13200CE,67.9,18.0,Monitoring
2024-10-18,12:45:00,HOLD,MIDCPNIFTY24OCT13200CE,67.7,42.0,Monitoring
2024-10-18,12:45:00,BUY_EXIT,MIDCPNIFTY24OCT13200CE,67.7,42.0,EMA_REVERSAL_SL
