Date,Time,Event,Ticker,Price,PnL_INR,Info
2025-07-30,14:00:00,SELL_ENTRY,MIDCPNIFTY25AUG13000PE,223.55,0.0,Signal PE | Short
2025-07-30,14:05:00,HOLD,MIDCPNIFTY25AUG13000PE,225.35,-216.0,Monitoring
2025-07-30,14:10:00,HOLD,MIDCPNIFTY25AUG13000PE,225.75,-264.0,Monitoring
2025-07-30,14:15:00,HOLD,MIDCPNIFTY25AUG13000PE,226.95,-408.0,Monitoring
2025-07-30,14:20:00,HOLD,MIDCPNIFTY25AUG13000PE,227.95,-528.0,Monitoring
2025-07-30,14:25:00,HOLD,MIDCPNIFTY25AUG13000PE,218.15,648.0,Monitoring
2025-07-30,14:30:00,HOLD,MIDCPNIFTY25AUG13000PE,220.95,312.0,Monitoring
2025-07-30,14:35:00,HOLD,MIDCPNIFTY25AUG13000PE,221.1,294.0,Monitoring
2025-07-30,14:40:00,HOLD,MIDCPNIFTY25AUG13000PE,226.3,-330.0,Monitoring
2025-07-30,14:45:00,HOLD,MIDCPNIFTY25AUG13000PE,225.85,-276.0,Monitoring
2025-07-30,14:50:00,HOLD,MIDCPNIFTY25AUG13000PE,223.0,66.0,Monitoring
2025-07-30,14:55:00,HOLD,MIDCPNIFTY25AUG13000PE,225.1,-186.0,Monitoring
2025-07-30,15:00:00,HOLD,MIDCPNIFTY25AUG13000PE,224.55,-120.0,Monitoring
2025-07-30,15:05:00,HOLD,MIDCPNIFTY25AUG13000PE,228.25,-564.0,Monitoring
2025-07-30,15:10:00,HOLD,MIDCPNIFTY25AUG13000PE,227.9,-522.0,Monitoring
2025-07-30,15:15:00,HOLD,MIDCPNIFTY25AUG13000PE,227.95,-528.0,Monitoring
2025-07-30,15:20:00,HOLD,MIDCPNIFTY25AUG13000PE,228.7,-618.0,Monitoring
2025-07-30,15:25:00,HOLD,MIDCPNIFTY25AUG13000PE,228.8,-630.0,Monitoring
2025-07-31,09:15:00,HOLD,MIDCPNIFTY25AUG13000PE,310.0,-10374.0,Monitoring
2025-07-31,09:20:00,HOLD,MIDCPNIFTY25AUG13000PE,300.45,-9228.0,Monitoring
2025-07-31,09:20:00,BUY_EXIT,MIDCPNIFTY25AUG13000PE,300.45,-9228.0,EMA_REVERSAL_SL
