Date,Time,Event,Ticker,Price,PnL_INR,Info
2025-02-07,14:05:00,SELL_ENTRY,MIDCPNIFTY25FEB12000CE,241.0,0.0,Signal CE | Short
2025-02-07,14:10:00,HOLD,MIDCPNIFTY25FEB12000CE,246.45,-654.0,Monitoring
2025-02-07,14:15:00,HOLD,MIDCPNIFTY25FEB12000CE,240.95,6.0,Monitoring
2025-02-07,14:20:00,HOLD,MIDCPNIFTY25FEB12000CE,246.0,-600.0,Monitoring
2025-02-07,14:25:00,HOLD,MIDCPNIFTY25FEB12000CE,246.95,-714.0,Monitoring
2025-02-07,14:30:00,HOLD,MIDCPNIFTY25FEB12000CE,244.3,-396.0,Monitoring
2025-02-07,14:35:00,HOLD,MIDCPNIFTY25FEB12000CE,255.8,-1776.0,Monitoring
2025-02-07,14:40:00,HOLD,MIDCPNIFTY25FEB12000CE,242.8,-216.0,Monitoring
2025-02-07,14:45:00,HOLD,MIDCPNIFTY25FEB12000CE,252.15,-1338.0,Monitoring
2025-02-07,14:50:00,HOLD,MIDCPNIFTY25FEB12000CE,255.6,-1752.0,Monitoring
2025-02-07,14:55:00,HOLD,MIDCPNIFTY25FEB12000CE,253.1,-1452.0,Monitoring
2025-02-07,15:00:00,HOLD,MIDCPNIFTY25FEB12000CE,258.0,-2040.0,Monitoring
2025-02-07,15:05:00,HOLD,MIDCPNIFTY25FEB12000CE,263.7,-2724.0,Monitoring
2025-02-07,15:10:00,HOLD,MIDCPNIFTY25FEB12000CE,260.55,-2346.0,Monitoring
2025-02-07,15:15:00,HOLD,MIDCPNIFTY25FEB12000CE,266.0,-3000.0,Monitoring
2025-02-07,15:20:00,HOLD,MIDCPNIFTY25FEB12000CE,266.5,-3060.0,Monitoring
2025-02-07,15:25:00,HOLD,MIDCPNIFTY25FEB12000CE,275.75,-4170.0,Monitoring
2025-02-10,09:15:00,HOLD,MIDCPNIFTY25FEB12000CE,236.05,594.0,Monitoring
2025-02-10,09:20:00,HOLD,MIDCPNIFTY25FEB12000CE,235.7,636.0,Monitoring
2025-02-10,09:25:00,HOLD,MIDCPNIFTY25FEB12000CE,231.7,1116.0,Monitoring
2025-02-10,09:30:00,HOLD,MIDCPNIFTY25FEB12000CE,221.35,2358.0,Monitoring
2025-02-10,09:35:00,HOLD,MIDCPNIFTY25FEB12000CE,210.7,3636.0,Monitoring
2025-02-10,09:40:00,HOLD,MIDCPNIFTY25FEB12000CE,200.8,4824.0,Monitoring
2025-02-10,09:45:00,HOLD,MIDCPNIFTY25FEB12000CE,215.0,3120.0,Monitoring
2025-02-10,09:50:00,HOLD,MIDCPNIFTY25FEB12000CE,220.3,2484.0,Monitoring
2025-02-10,09:55:00,HOLD,MIDCPNIFTY25FEB12000CE,220.0,2520.0,Monitoring
2025-02-10,10:00:00,HOLD,MIDCPNIFTY25FEB12000CE,216.0,3000.0,Monitoring
2025-02-10,10:05:00,HOLD,MIDCPNIFTY25FEB12000CE,201.0,4800.0,Monitoring
2025-02-10,10:10:00,HOLD,MIDCPNIFTY25FEB12000CE,196.25,5370.0,Monitoring
2025-02-10,10:15:00,HOLD,MIDCPNIFTY25FEB12000CE,185.45,6666.0,Monitoring
2025-02-10,10:20:00,HOLD,MIDCPNIFTY25FEB12000CE,187.45,6426.0,Monitoring
2025-02-10,10:25:00,HOLD,MIDCPNIFTY25FEB12000CE,194.9,5532.0,Monitoring
2025-02-10,10:30:00,HOLD,MIDCPNIFTY25FEB12000CE,190.0,6120.0,Monitoring
2025-02-10,10:35:00,HOLD,MIDCPNIFTY25FEB12000CE,202.0,4680.0,Monitoring
2025-02-10,10:40:00,HOLD,MIDCPNIFTY25FEB12000CE,196.8,5304.0,Monitoring
2025-02-10,10:45:00,HOLD,MIDCPNIFTY25FEB12000CE,184.05,6834.0,Monitoring
2025-02-10,10:50:00,HOLD,MIDCPNIFTY25FEB12000CE,192.0,5880.0,Monitoring
2025-02-10,10:55:00,HOLD,MIDCPNIFTY25FEB12000CE,188.6,6288.0,Monitoring
2025-02-10,11:00:00,HOLD,MIDCPNIFTY25FEB12000CE,190.55,6054.0,Monitoring
2025-02-10,11:05:00,HOLD,MIDCPNIFTY25FEB12000CE,193.6,5688.0,Monitoring
2025-02-10,11:10:00,HOLD,MIDCPNIFTY25FEB12000CE,193.0,5760.0,Monitoring
2025-02-10,11:15:00,HOLD,MIDCPNIFTY25FEB12000CE,186.15,6582.0,Monitoring
2025-02-10,11:20:00,HOLD,MIDCPNIFTY25FEB12000CE,188.0,6360.0,Monitoring
2025-02-10,11:25:00,HOLD,MIDCPNIFTY25FEB12000CE,184.0,6840.0,Monitoring
2025-02-10,11:30:00,HOLD,MIDCPNIFTY25FEB12000CE,180.3,7284.0,Monitoring
2025-02-10,11:35:00,HOLD,MIDCPNIFTY25FEB12000CE,182.2,7056.0,Monitoring
2025-02-10,11:40:00,HOLD,MIDCPNIFTY25FEB12000CE,179.6,7368.0,Monitoring
2025-02-10,11:45:00,HOLD,MIDCPNIFTY25FEB12000CE,179.6,7368.0,Monitoring
2025-02-10,11:50:00,HOLD,MIDCPNIFTY25FEB12000CE,174.0,8040.0,Monitoring
2025-02-10,11:55:00,HOLD,MIDCPNIFTY25FEB12000CE,163.65,9282.0,Monitoring
2025-02-10,12:00:00,HOLD,MIDCPNIFTY25FEB12000CE,160.65,9642.0,Monitoring
2025-02-10,12:05:00,HOLD,MIDCPNIFTY25FEB12000CE,159.0,9840.0,Monitoring
2025-02-10,12:10:00,HOLD,MIDCPNIFTY25FEB12000CE,160.0,9720.0,Monitoring
2025-02-10,12:15:00,HOLD,MIDCPNIFTY25FEB12000CE,159.3,9804.0,Monitoring
2025-02-10,12:20:00,HOLD,MIDCPNIFTY25FEB12000CE,160.75,9630.0,Monitoring
2025-02-10,12:25:00,HOLD,MIDCPNIFTY25FEB12000CE,163.0,9360.0,Monitoring
2025-02-10,12:30:00,HOLD,MIDCPNIFTY25FEB12000CE,159.0,9840.0,Monitoring
2025-02-10,12:35:00,HOLD,MIDCPNIFTY25FEB12000CE,161.1,9588.0,Monitoring
2025-02-10,12:40:00,HOLD,MIDCPNIFTY25FEB12000CE,162.7,9396.0,Monitoring
2025-02-10,12:45:00,HOLD,MIDCPNIFTY25FEB12000CE,164.75,9150.0,Monitoring
2025-02-10,12:50:00,HOLD,MIDCPNIFTY25FEB12000CE,161.55,9534.0,Monitoring
2025-02-10,12:55:00,HOLD,MIDCPNIFTY25FEB12000CE,163.05,9354.0,Monitoring
2025-02-10,13:00:00,HOLD,MIDCPNIFTY25FEB12000CE,158.9,9852.0,Monitoring
2025-02-10,13:05:00,HOLD,MIDCPNIFTY25FEB12000CE,159.7,9756.0,Monitoring
2025-02-10,13:10:00,HOLD,MIDCPNIFTY25FEB12000CE,159.85,9738.0,Monitoring
2025-02-10,13:15:00,HOLD,MIDCPNIFTY25FEB12000CE,157.5,10020.0,Monitoring
2025-02-10,13:20:00,HOLD,MIDCPNIFTY25FEB12000CE,157.5,10020.0,Monitoring
2025-02-10,13:25:00,HOLD,MIDCPNIFTY25FEB12000CE,163.5,9300.0,Monitoring
2025-02-10,13:30:00,HOLD,MIDCPNIFTY25FEB12000CE,155.05,10314.0,Monitoring
2025-02-10,13:35:00,HOLD,MIDCPNIFTY25FEB12000CE,157.9,9972.0,Monitoring
2025-02-10,13:40:00,HOLD,MIDCPNIFTY25FEB12000CE,157.7,9996.0,Monitoring
2025-02-10,13:45:00,HOLD,MIDCPNIFTY25FEB12000CE,163.0,9360.0,Monitoring
2025-02-10,13:50:00,HOLD,MIDCPNIFTY25FEB12000CE,166.05,8994.0,Monitoring
2025-02-10,13:55:00,HOLD,MIDCPNIFTY25FEB12000CE,163.05,9354.0,Monitoring
2025-02-10,14:00:00,HOLD,MIDCPNIFTY25FEB12000CE,159.75,9750.0,Monitoring
2025-02-10,14:05:00,HOLD,MIDCPNIFTY25FEB12000CE,159.8,9744.0,Monitoring
2025-02-10,14:10:00,HOLD,MIDCPNIFTY25FEB12000CE,157.0,10080.0,Monitoring
2025-02-10,14:15:00,HOLD,MIDCPNIFTY25FEB12000CE,153.05,10554.0,Monitoring
2025-02-10,14:20:00,HOLD,MIDCPNIFTY25FEB12000CE,148.95,11046.0,Monitoring
2025-02-10,14:25:00,HOLD,MIDCPNIFTY25FEB12000CE,152.0,10680.0,Monitoring
2025-02-10,14:30:00,HOLD,MIDCPNIFTY25FEB12000CE,155.2,10296.0,Monitoring
2025-02-10,14:35:00,HOLD,MIDCPNIFTY25FEB12000CE,157.55,10014.0,Monitoring
2025-02-10,14:40:00,HOLD,MIDCPNIFTY25FEB12000CE,158.5,9900.0,Monitoring
2025-02-10,14:45:00,HOLD,MIDCPNIFTY25FEB12000CE,160.2,9696.0,Monitoring
2025-02-10,14:50:00,HOLD,MIDCPNIFTY25FEB12000CE,161.45,9546.0,Monitoring
2025-02-10,14:55:00,HOLD,MIDCPNIFTY25FEB12000CE,163.8,9264.0,Monitoring
2025-02-10,15:00:00,HOLD,MIDCPNIFTY25FEB12000CE,161.05,9594.0,Monitoring
2025-02-10,15:05:00,HOLD,MIDCPNIFTY25FEB12000CE,159.95,9726.0,Monitoring
2025-02-10,15:10:00,HOLD,MIDCPNIFTY25FEB12000CE,160.05,9714.0,Monitoring
2025-02-10,15:15:00,HOLD,MIDCPNIFTY25FEB12000CE,161.0,9600.0,Monitoring
2025-02-10,15:20:00,HOLD,MIDCPNIFTY25FEB12000CE,161.4,9552.0,Monitoring
2025-02-10,15:25:00,HOLD,MIDCPNIFTY25FEB12000CE,161.3,9564.0,Monitoring
2025-02-11,09:15:00,HOLD,MIDCPNIFTY25FEB12000CE,131.55,13134.0,Monitoring
2025-02-11,09:20:00,HOLD,MIDCPNIFTY25FEB12000CE,125.0,13920.0,Monitoring
2025-02-11,09:25:00,HOLD,MIDCPNIFTY25FEB12000CE,127.0,13680.0,Monitoring
2025-02-11,09:30:00,HOLD,MIDCPNIFTY25FEB12000CE,127.05,13674.0,Monitoring
2025-02-11,09:35:00,HOLD,MIDCPNIFTY25FEB12000CE,133.0,12960.0,Monitoring
2025-02-11,09:40:00,HOLD,MIDCPNIFTY25FEB12000CE,127.75,13590.0,Monitoring
2025-02-11,09:45:00,HOLD,MIDCPNIFTY25FEB12000CE,118.05,14754.0,Monitoring
2025-02-11,09:50:00,HOLD,MIDCPNIFTY25FEB12000CE,113.85,15258.0,Monitoring
2025-02-11,09:55:00,HOLD,MIDCPNIFTY25FEB12000CE,114.45,15186.0,Monitoring
2025-02-11,10:00:00,HOLD,MIDCPNIFTY25FEB12000CE,109.55,15774.0,Monitoring
2025-02-11,10:05:00,HOLD,MIDCPNIFTY25FEB12000CE,105.7,16236.0,Monitoring
2025-02-11,10:10:00,HOLD,MIDCPNIFTY25FEB12000CE,100.0,16920.0,Monitoring
2025-02-11,10:15:00,HOLD,MIDCPNIFTY25FEB12000CE,94.55,17574.0,Monitoring
2025-02-11,10:20:00,HOLD,MIDCPNIFTY25FEB12000CE,101.0,16800.0,Monitoring
2025-02-11,10:25:00,HOLD,MIDCPNIFTY25FEB12000CE,101.65,16722.0,Monitoring
2025-02-11,10:30:00,HOLD,MIDCPNIFTY25FEB12000CE,95.6,17448.0,Monitoring
2025-02-11,10:35:00,HOLD,MIDCPNIFTY25FEB12000CE,95.2,17496.0,Monitoring
2025-02-11,10:40:00,HOLD,MIDCPNIFTY25FEB12000CE,90.0,18120.0,Monitoring
2025-02-11,10:45:00,HOLD,MIDCPNIFTY25FEB12000CE,94.75,17550.0,Monitoring
2025-02-11,10:50:00,HOLD,MIDCPNIFTY25FEB12000CE,92.0,17880.0,Monitoring
2025-02-11,10:55:00,HOLD,MIDCPNIFTY25FEB12000CE,92.9,17772.0,Monitoring
2025-02-11,11:00:00,HOLD,MIDCPNIFTY25FEB12000CE,89.45,18186.0,Monitoring
2025-02-11,11:05:00,HOLD,MIDCPNIFTY25FEB12000CE,94.0,17640.0,Monitoring
2025-02-11,11:10:00,HOLD,MIDCPNIFTY25FEB12000CE,91.9,17892.0,Monitoring
2025-02-11,11:15:00,HOLD,MIDCPNIFTY25FEB12000CE,89.75,18150.0,Monitoring
2025-02-11,11:20:00,HOLD,MIDCPNIFTY25FEB12000CE,90.0,18120.0,Monitoring
2025-02-11,11:25:00,HOLD,MIDCPNIFTY25FEB12000CE,86.05,18594.0,Monitoring
2025-02-11,11:30:00,HOLD,MIDCPNIFTY25FEB12000CE,83.55,18894.0,Monitoring
2025-02-11,11:35:00,HOLD,MIDCPNIFTY25FEB12000CE,88.0,18360.0,Monitoring
2025-02-11,11:40:00,HOLD,MIDCPNIFTY25FEB12000CE,87.4,18432.0,Monitoring
2025-02-11,11:45:00,HOLD,MIDCPNIFTY25FEB12000CE,86.15,18582.0,Monitoring
2025-02-11,11:50:00,HOLD,MIDCPNIFTY25FEB12000CE,87.0,18480.0,Monitoring
2025-02-11,11:55:00,HOLD,MIDCPNIFTY25FEB12000CE,86.3,18564.0,Monitoring
2025-02-11,12:00:00,HOLD,MIDCPNIFTY25FEB12000CE,88.0,18360.0,Monitoring
2025-02-11,12:05:00,HOLD,MIDCPNIFTY25FEB12000CE,85.0,18720.0,Monitoring
2025-02-11,12:10:00,HOLD,MIDCPNIFTY25FEB12000CE,83.0,18960.0,Monitoring
2025-02-11,12:15:00,HOLD,MIDCPNIFTY25FEB12000CE,79.3,19404.0,Monitoring
2025-02-11,12:20:00,HOLD,MIDCPNIFTY25FEB12000CE,79.4,19392.0,Monitoring
2025-02-11,12:25:00,HOLD,MIDCPNIFTY25FEB12000CE,82.0,19080.0,Monitoring
2025-02-11,12:30:00,HOLD,MIDCPNIFTY25FEB12000CE,81.35,19158.0,Monitoring
2025-02-11,12:35:00,HOLD,MIDCPNIFTY25FEB12000CE,79.1,19428.0,Monitoring
2025-02-11,12:40:00,HOLD,MIDCPNIFTY25FEB12000CE,80.55,19254.0,Monitoring
2025-02-11,12:45:00,HOLD,MIDCPNIFTY25FEB12000CE,77.7,19596.0,Monitoring
2025-02-11,12:50:00,HOLD,MIDCPNIFTY25FEB12000CE,81.0,19200.0,Monitoring
2025-02-11,12:55:00,HOLD,MIDCPNIFTY25FEB12000CE,77.0,19680.0,Monitoring
2025-02-11,13:00:00,HOLD,MIDCPNIFTY25FEB12000CE,69.9,20532.0,Monitoring
2025-02-11,13:05:00,HOLD,MIDCPNIFTY25FEB12000CE,68.65,20682.0,Monitoring
2025-02-11,13:10:00,HOLD,MIDCPNIFTY25FEB12000CE,63.15,21342.0,Monitoring
2025-02-11,13:15:00,HOLD,MIDCPNIFTY25FEB12000CE,69.3,20604.0,Monitoring
2025-02-11,13:20:00,HOLD,MIDCPNIFTY25FEB12000CE,69.05,20634.0,Monitoring
2025-02-11,13:25:00,HOLD,MIDCPNIFTY25FEB12000CE,69.65,20562.0,Monitoring
2025-02-11,13:30:00,HOLD,MIDCPNIFTY25FEB12000CE,68.0,20760.0,Monitoring
2025-02-11,13:35:00,HOLD,MIDCPNIFTY25FEB12000CE,73.15,20142.0,Monitoring
2025-02-11,13:40:00,HOLD,MIDCPNIFTY25FEB12000CE,73.9,20052.0,Monitoring
2025-02-11,13:45:00,HOLD,MIDCPNIFTY25FEB12000CE,70.6,20448.0,Monitoring
2025-02-11,13:50:00,HOLD,MIDCPNIFTY25FEB12000CE,69.8,20544.0,Monitoring
2025-02-11,13:55:00,HOLD,MIDCPNIFTY25FEB12000CE,70.65,20442.0,Monitoring
2025-02-11,14:00:00,HOLD,MIDCPNIFTY25FEB12000CE,66.75,20910.0,Monitoring
2025-02-11,14:05:00,HOLD,MIDCPNIFTY25FEB12000CE,68.15,20742.0,Monitoring
2025-02-11,14:10:00,HOLD,MIDCPNIFTY25FEB12000CE,71.3,20364.0,Monitoring
2025-02-11,14:15:00,HOLD,MIDCPNIFTY25FEB12000CE,65.3,21084.0,Monitoring
2025-02-11,14:20:00,HOLD,MIDCPNIFTY25FEB12000CE,65.2,21096.0,Monitoring
2025-02-11,14:25:00,HOLD,MIDCPNIFTY25FEB12000CE,65.0,21120.0,Monitoring
2025-02-11,14:30:00,HOLD,MIDCPNIFTY25FEB12000CE,68.5,20700.0,Monitoring
2025-02-11,14:35:00,HOLD,MIDCPNIFTY25FEB12000CE,68.25,20730.0,Monitoring
2025-02-11,14:40:00,HOLD,MIDCPNIFTY25FEB12000CE,69.3,20604.0,Monitoring
2025-02-11,14:45:00,HOLD,MIDCPNIFTY25FEB12000CE,72.0,20280.0,Monitoring
2025-02-11,14:50:00,HOLD,MIDCPNIFTY25FEB12000CE,76.05,19794.0,Monitoring
2025-02-11,14:55:00,HOLD,MIDCPNIFTY25FEB12000CE,75.0,19920.0,Monitoring
2025-02-11,15:00:00,HOLD,MIDCPNIFTY25FEB12000CE,77.8,19584.0,Monitoring
2025-02-11,15:05:00,HOLD,MIDCPNIFTY25FEB12000CE,76.4,19752.0,Monitoring
2025-02-11,15:10:00,HOLD,MIDCPNIFTY25FEB12000CE,75.3,19884.0,Monitoring
2025-02-11,15:15:00,HOLD,MIDCPNIFTY25FEB12000CE,75.0,19920.0,Monitoring
2025-02-11,15:20:00,HOLD,MIDCPNIFTY25FEB12000CE,73.0,20160.0,Monitoring
2025-02-11,15:25:00,HOLD,MIDCPNIFTY25FEB12000CE,71.0,20400.0,Monitoring
2025-02-12,09:15:00,HOLD,MIDCPNIFTY25FEB12000CE,61.9,21492.0,Monitoring
2025-02-12,09:20:00,HOLD,MIDCPNIFTY25FEB12000CE,52.1,22668.0,Monitoring
2025-02-12,09:25:00,HOLD,MIDCPNIFTY25FEB12000CE,47.5,23220.0,Monitoring
2025-02-12,09:30:00,HOLD,MIDCPNIFTY25FEB12000CE,42.05,23874.0,Monitoring
2025-02-12,09:35:00,HOLD,MIDCPNIFTY25FEB12000CE,41.8,23904.0,Monitoring
2025-02-12,09:40:00,HOLD,MIDCPNIFTY25FEB12000CE,41.0,24000.0,Monitoring
2025-02-12,09:45:00,HOLD,MIDCPNIFTY25FEB12000CE,39.2,24216.0,Monitoring
2025-02-12,09:50:00,HOLD,MIDCPNIFTY25FEB12000CE,40.4,24072.0,Monitoring
2025-02-12,09:55:00,HOLD,MIDCPNIFTY25FEB12000CE,35.4,24672.0,Monitoring
2025-02-12,10:00:00,HOLD,MIDCPNIFTY25FEB12000CE,35.7,24636.0,Monitoring
2025-02-12,10:05:00,HOLD,MIDCPNIFTY25FEB12000CE,37.15,24462.0,Monitoring
2025-02-12,10:10:00,HOLD,MIDCPNIFTY25FEB12000CE,34.45,24786.0,Monitoring
2025-02-12,10:15:00,HOLD,MIDCPNIFTY25FEB12000CE,40.55,24054.0,Monitoring
2025-02-12,10:20:00,HOLD,MIDCPNIFTY25FEB12000CE,39.05,24234.0,Monitoring
2025-02-12,10:25:00,HOLD,MIDCPNIFTY25FEB12000CE,40.9,24012.0,Monitoring
2025-02-12,10:30:00,HOLD,MIDCPNIFTY25FEB12000CE,45.0,23520.0,Monitoring
2025-02-12,10:35:00,HOLD,MIDCPNIFTY25FEB12000CE,53.0,22560.0,Monitoring
2025-02-12,10:40:00,HOLD,MIDCPNIFTY25FEB12000CE,47.4,23232.0,Monitoring
2025-02-12,10:45:00,HOLD,MIDCPNIFTY25FEB12000CE,58.0,21960.0,Monitoring
2025-02-12,10:50:00,HOLD,MIDCPNIFTY25FEB12000CE,56.45,22146.0,Monitoring
2025-02-12,10:55:00,HOLD,MIDCPNIFTY25FEB12000CE,52.8,22584.0,Monitoring
2025-02-12,11:00:00,HOLD,MIDCPNIFTY25FEB12000CE,50.0,22920.0,Monitoring
2025-02-12,11:05:00,HOLD,MIDCPNIFTY25FEB12000CE,57.8,21984.0,Monitoring
2025-02-12,11:10:00,HOLD,MIDCPNIFTY25FEB12000CE,55.85,22218.0,Monitoring
2025-02-12,11:15:00,HOLD,MIDCPNIFTY25FEB12000CE,58.0,21960.0,Monitoring
2025-02-12,11:20:00,HOLD,MIDCPNIFTY25FEB12000CE,57.25,22050.0,Monitoring
2025-02-12,11:25:00,HOLD,MIDCPNIFTY25FEB12000CE,55.4,22272.0,Monitoring
2025-02-12,11:30:00,HOLD,MIDCPNIFTY25FEB12000CE,52.0,22680.0,Monitoring
2025-02-12,11:35:00,HOLD,MIDCPNIFTY25FEB12000CE,55.2,22296.0,Monitoring
2025-02-12,11:40:00,HOLD,MIDCPNIFTY25FEB12000CE,64.0,21240.0,Monitoring
2025-02-12,11:45:00,HOLD,MIDCPNIFTY25FEB12000CE,61.0,21600.0,Monitoring
2025-02-12,11:50:00,HOLD,MIDCPNIFTY25FEB12000CE,66.15,20982.0,Monitoring
2025-02-12,11:55:00,HOLD,MIDCPNIFTY25FEB12000CE,69.0,20640.0,Monitoring
2025-02-12,12:00:00,HOLD,MIDCPNIFTY25FEB12000CE,70.9,20412.0,Monitoring
2025-02-12,12:05:00,HOLD,MIDCPNIFTY25FEB12000CE,66.0,21000.0,Monitoring
2025-02-12,12:10:00,HOLD,MIDCPNIFTY25FEB12000CE,69.0,20640.0,Monitoring
2025-02-12,12:15:00,HOLD,MIDCPNIFTY25FEB12000CE,65.0,21120.0,Monitoring
2025-02-12,12:20:00,HOLD,MIDCPNIFTY25FEB12000CE,63.15,21342.0,Monitoring
2025-02-12,12:25:00,HOLD,MIDCPNIFTY25FEB12000CE,63.0,21360.0,Monitoring
2025-02-12,12:30:00,HOLD,MIDCPNIFTY25FEB12000CE,70.9,20412.0,Monitoring
2025-02-12,12:35:00,HOLD,MIDCPNIFTY25FEB12000CE,67.2,20856.0,Monitoring
2025-02-12,12:40:00,HOLD,MIDCPNIFTY25FEB12000CE,68.8,20664.0,Monitoring
2025-02-12,12:45:00,HOLD,MIDCPNIFTY25FEB12000CE,74.0,20040.0,Monitoring
2025-02-12,12:50:00,HOLD,MIDCPNIFTY25FEB12000CE,74.1,20028.0,Monitoring
2025-02-12,12:55:00,HOLD,MIDCPNIFTY25FEB12000CE,70.0,20520.0,Monitoring
2025-02-12,13:00:00,HOLD,MIDCPNIFTY25FEB12000CE,69.8,20544.0,Monitoring
2025-02-12,13:05:00,HOLD,MIDCPNIFTY25FEB12000CE,72.35,20238.0,Monitoring
2025-02-12,13:05:00,BUY_EXIT,MIDCPNIFTY25FEB12000CE,72.35,20238.0,EMA_REVERSAL_SL
