Date,Time,Event,Ticker,Price,PnL_INR,Info
2025-03-12,14:00:00,SELL_ENTRY,MIDCPNIFTY25MAR11100CE,121.0,0.0,Signal CE | Short
2025-03-12,14:05:00,HOLD,MIDCPNIFTY25MAR11100CE,122.55,-186.0,Monitoring
2025-03-12,14:10:00,HOLD,MIDCPNIFTY25MAR11100CE,123.8,-336.0,Monitoring
2025-03-12,14:15:00,HOLD,MIDCPNIFTY25MAR11100CE,128.15,-858.0,Monitoring
2025-03-12,14:20:00,HOLD,MIDCPNIFTY25MAR11100CE,129.8,-1056.0,Monitoring
2025-03-12,14:25:00,HOLD,MIDCPNIFTY25MAR11100CE,133.45,-1494.0,Monitoring
2025-03-12,14:30:00,HOLD,MIDCPNIFTY25MAR11100CE,134.0,-1560.0,Monitoring
2025-03-12,14:35:00,HOLD,MIDCPNIFTY25MAR11100CE,132.85,-1422.0,Monitoring
2025-03-12,14:40:00,HOLD,MIDCPNIFTY25MAR11100CE,129.7,-1044.0,Monitoring
2025-03-12,14:45:00,HOLD,MIDCPNIFTY25MAR11100CE,129.7,-1044.0,Monitoring
2025-03-12,14:50:00,HOLD,MIDCPNIFTY25MAR11100CE,128.55,-906.0,Monitoring
2025-03-12,14:55:00,HOLD,MIDCPNIFTY25MAR11100CE,132.0,-1320.0,Monitoring
2025-03-12,15:00:00,HOLD,MIDCPNIFTY25MAR11100CE,139.4,-2208.0,Monitoring
2025-03-12,15:05:00,HOLD,MIDCPNIFTY25MAR11100CE,146.0,-3000.0,Monitoring
2025-03-12,15:10:00,HOLD,MIDCPNIFTY25MAR11100CE,143.05,-2646.0,Monitoring
2025-03-12,15:15:00,HOLD,MIDCPNIFTY25MAR11100CE,143.0,-2640.0,Monitoring
2025-03-12,15:20:00,HOLD,MIDCPNIFTY25MAR11100CE,139.45,-2214.0,Monitoring
2025-03-12,15:25:00,HOLD,MIDCPNIFTY25MAR11100CE,139.95,-2274.0,Monitoring
2025-03-13,09:15:00,HOLD,MIDCPNIFTY25MAR11100CE,131.65,-1278.0,Monitoring
2025-03-13,09:20:00,HOLD,MIDCPNIFTY25MAR11100CE,135.0,-1680.0,Monitoring
2025-03-13,09:25:00,HOLD,MIDCPNIFTY25MAR11100CE,122.0,-120.0,Monitoring
2025-03-13,09:30:00,HOLD,MIDCPNIFTY25MAR11100CE,120.0,120.0,Monitoring
2025-03-13,09:35:00,HOLD,MIDCPNIFTY25MAR11100CE,125.35,-522.0,Monitoring
2025-03-13,09:40:00,HOLD,MIDCPNIFTY25MAR11100CE,125.35,-522.0,Monitoring
2025-03-13,09:45:00,HOLD,MIDCPNIFTY25MAR11100CE,130.85,-1182.0,Monitoring
2025-03-13,09:50:00,HOLD,MIDCPNIFTY25MAR11100CE,132.0,-1320.0,Monitoring
2025-03-13,09:55:00,HOLD,MIDCPNIFTY25MAR11100CE,136.05,-1806.0,Monitoring
2025-03-13,10:00:00,HOLD,MIDCPNIFTY25MAR11100CE,137.9,-2028.0,Monitoring
2025-03-13,10:05:00,HOLD,MIDCPNIFTY25MAR11100CE,134.2,-1584.0,Monitoring
2025-03-13,10:10:00,HOLD,MIDCPNIFTY25MAR11100CE,138.6,-2112.0,Monitoring
2025-03-13,10:15:00,HOLD,MIDCPNIFTY25MAR11100CE,142.15,-2538.0,Monitoring
2025-03-13,10:20:00,HOLD,MIDCPNIFTY25MAR11100CE,143.1,-2652.0,Monitoring
2025-03-13,10:25:00,HOLD,MIDCPNIFTY25MAR11100CE,145.9,-2988.0,Monitoring
2025-03-13,10:30:00,HOLD,MIDCPNIFTY25MAR11100CE,147.0,-3120.0,Monitoring
2025-03-13,10:35:00,HOLD,MIDCPNIFTY25MAR11100CE,140.9,-2388.0,Monitoring
2025-03-13,10:40:00,HOLD,MIDCPNIFTY25MAR11100CE,139.35,-2202.0,Monitoring
2025-03-13,10:45:00,HOLD,MIDCPNIFTY25MAR11100CE,135.1,-1692.0,Monitoring
2025-03-13,10:50:00,HOLD,MIDCPNIFTY25MAR11100CE,131.0,-1200.0,Monitoring
2025-03-13,10:55:00,HOLD,MIDCPNIFTY25MAR11100CE,121.5,-60.0,Monitoring
2025-03-13,11:00:00,HOLD,MIDCPNIFTY25MAR11100CE,122.6,-192.0,Monitoring
2025-03-13,11:05:00,HOLD,MIDCPNIFTY25MAR11100CE,126.9,-708.0,Monitoring
2025-03-13,11:10:00,HOLD,MIDCPNIFTY25MAR11100CE,127.75,-810.0,Monitoring
2025-03-13,11:15:00,HOLD,MIDCPNIFTY25MAR11100CE,124.3,-396.0,Monitoring
2025-03-13,11:20:00,HOLD,MIDCPNIFTY25MAR11100CE,122.1,-132.0,Monitoring
2025-03-13,11:25:00,HOLD,MIDCPNIFTY25MAR11100CE,117.05,474.0,Monitoring
2025-03-13,11:30:00,HOLD,MIDCPNIFTY25MAR11100CE,117.0,480.0,Monitoring
2025-03-13,11:35:00,HOLD,MIDCPNIFTY25MAR11100CE,110.3,1284.0,Monitoring
2025-03-13,11:40:00,HOLD,MIDCPNIFTY25MAR11100CE,110.95,1206.0,Monitoring
2025-03-13,11:45:00,HOLD,MIDCPNIFTY25MAR11100CE,103.1,2148.0,Monitoring
2025-03-13,11:50:00,HOLD,MIDCPNIFTY25MAR11100CE,107.6,1608.0,Monitoring
2025-03-13,11:55:00,HOLD,MIDCPNIFTY25MAR11100CE,111.25,1170.0,Monitoring
2025-03-13,12:00:00,HOLD,MIDCPNIFTY25MAR11100CE,109.0,1440.0,Monitoring
2025-03-13,12:05:00,HOLD,MIDCPNIFTY25MAR11100CE,109.5,1380.0,Monitoring
2025-03-13,12:10:00,HOLD,MIDCPNIFTY25MAR11100CE,112.5,1020.0,Monitoring
2025-03-13,12:15:00,HOLD,MIDCPNIFTY25MAR11100CE,112.5,1020.0,Monitoring
2025-03-13,12:20:00,HOLD,MIDCPNIFTY25MAR11100CE,112.0,1080.0,Monitoring
2025-03-13,12:25:00,HOLD,MIDCPNIFTY25MAR11100CE,110.0,1320.0,Monitoring
2025-03-13,12:30:00,HOLD,MIDCPNIFTY25MAR11100CE,109.8,1344.0,Monitoring
2025-03-13,12:35:00,HOLD,MIDCPNIFTY25MAR11100CE,110.9,1212.0,Monitoring
2025-03-13,12:40:00,HOLD,MIDCPNIFTY25MAR11100CE,112.15,1062.0,Monitoring
2025-03-13,12:45:00,HOLD,MIDCPNIFTY25MAR11100CE,113.15,942.0,Monitoring
2025-03-13,12:50:00,HOLD,MIDCPNIFTY25MAR11100CE,111.5,1140.0,Monitoring
2025-03-13,12:55:00,HOLD,MIDCPNIFTY25MAR11100CE,113.25,930.0,Monitoring
2025-03-13,13:00:00,HOLD,MIDCPNIFTY25MAR11100CE,112.45,1026.0,Monitoring
2025-03-13,13:05:00,HOLD,MIDCPNIFTY25MAR11100CE,106.0,1800.0,Monitoring
2025-03-13,13:10:00,HOLD,MIDCPNIFTY25MAR11100CE,104.25,2010.0,Monitoring
2025-03-13,13:15:00,HOLD,MIDCPNIFTY25MAR11100CE,104.4,1992.0,Monitoring
2025-03-13,13:20:00,HOLD,MIDCPNIFTY25MAR11100CE,106.0,1800.0,Monitoring
2025-03-13,13:25:00,HOLD,MIDCPNIFTY25MAR11100CE,102.0,2280.0,Monitoring
2025-03-13,13:30:00,HOLD,MIDCPNIFTY25MAR11100CE,106.8,1704.0,Monitoring
2025-03-13,13:35:00,HOLD,MIDCPNIFTY25MAR11100CE,108.0,1560.0,Monitoring
2025-03-13,13:40:00,HOLD,MIDCPNIFTY25MAR11100CE,104.5,1980.0,Monitoring
2025-03-13,13:45:00,HOLD,MIDCPNIFTY25MAR11100CE,102.25,2250.0,Monitoring
2025-03-13,13:50:00,HOLD,MIDCPNIFTY25MAR11100CE,105.0,1920.0,Monitoring
2025-03-13,13:55:00,HOLD,MIDCPNIFTY25MAR11100CE,104.15,2022.0,Monitoring
2025-03-13,14:00:00,HOLD,MIDCPNIFTY25MAR11100CE,107.55,1614.0,Monitoring
2025-03-13,14:05:00,HOLD,MIDCPNIFTY25MAR11100CE,104.7,1956.0,Monitoring
2025-03-13,14:10:00,HOLD,MIDCPNIFTY25MAR11100CE,102.35,2238.0,Monitoring
2025-03-13,14:15:00,HOLD,MIDCPNIFTY25MAR11100CE,96.0,3000.0,Monitoring
2025-03-13,14:20:00,HOLD,MIDCPNIFTY25MAR11100CE,93.15,3342.0,Monitoring
2025-03-13,14:25:00,HOLD,MIDCPNIFTY25MAR11100CE,96.3,2964.0,Monitoring
2025-03-13,14:30:00,HOLD,MIDCPNIFTY25MAR11100CE,93.55,3294.0,Monitoring
2025-03-13,14:35:00,HOLD,MIDCPNIFTY25MAR11100CE,96.0,3000.0,Monitoring
2025-03-13,14:40:00,HOLD,MIDCPNIFTY25MAR11100CE,97.8,2784.0,Monitoring
2025-03-13,14:45:00,HOLD,MIDCPNIFTY25MAR11100CE,94.0,3240.0,Monitoring
2025-03-13,14:50:00,HOLD,MIDCPNIFTY25MAR11100CE,93.85,3258.0,Monitoring
2025-03-13,14:55:00,HOLD,MIDCPNIFTY25MAR11100CE,92.35,3438.0,Monitoring
2025-03-13,15:00:00,HOLD,MIDCPNIFTY25MAR11100CE,87.3,4044.0,Monitoring
2025-03-13,15:05:00,HOLD,MIDCPNIFTY25MAR11100CE,89.45,3786.0,Monitoring
2025-03-13,15:10:00,HOLD,MIDCPNIFTY25MAR11100CE,88.15,3942.0,Monitoring
2025-03-13,15:15:00,HOLD,MIDCPNIFTY25MAR11100CE,87.8,3984.0,Monitoring
2025-03-13,15:20:00,HOLD,MIDCPNIFTY25MAR11100CE,86.65,4122.0,Monitoring
2025-03-13,15:25:00,HOLD,MIDCPNIFTY25MAR11100CE,84.9,4332.0,Monitoring
2025-03-17,09:15:00,HOLD,MIDCPNIFTY25MAR11100CE,92.1,3468.0,Monitoring
2025-03-17,09:20:00,HOLD,MIDCPNIFTY25MAR11100CE,95.85,3018.0,Monitoring
2025-03-17,09:25:00,HOLD,MIDCPNIFTY25MAR11100CE,102.3,2244.0,Monitoring
2025-03-17,09:30:00,HOLD,MIDCPNIFTY25MAR11100CE,115.3,684.0,Monitoring
2025-03-17,09:35:00,HOLD,MIDCPNIFTY25MAR11100CE,106.4,1752.0,Monitoring
2025-03-17,09:40:00,HOLD,MIDCPNIFTY25MAR11100CE,103.55,2094.0,Monitoring
2025-03-17,09:45:00,HOLD,MIDCPNIFTY25MAR11100CE,103.2,2136.0,Monitoring
2025-03-17,09:50:00,HOLD,MIDCPNIFTY25MAR11100CE,95.75,3030.0,Monitoring
2025-03-17,09:55:00,HOLD,MIDCPNIFTY25MAR11100CE,98.8,2664.0,Monitoring
2025-03-17,10:00:00,HOLD,MIDCPNIFTY25MAR11100CE,98.75,2670.0,Monitoring
2025-03-17,10:05:00,HOLD,MIDCPNIFTY25MAR11100CE,96.6,2928.0,Monitoring
2025-03-17,10:10:00,HOLD,MIDCPNIFTY25MAR11100CE,90.35,3678.0,Monitoring
2025-03-17,10:15:00,HOLD,MIDCPNIFTY25MAR11100CE,90.6,3648.0,Monitoring
2025-03-17,10:20:00,HOLD,MIDCPNIFTY25MAR11100CE,89.2,3816.0,Monitoring
2025-03-17,10:25:00,HOLD,MIDCPNIFTY25MAR11100CE,87.65,4002.0,Monitoring
2025-03-17,10:30:00,HOLD,MIDCPNIFTY25MAR11100CE,85.05,4314.0,Monitoring
2025-03-17,10:35:00,HOLD,MIDCPNIFTY25MAR11100CE,83.0,4560.0,Monitoring
2025-03-17,10:40:00,HOLD,MIDCPNIFTY25MAR11100CE,82.85,4578.0,Monitoring
2025-03-17,10:45:00,HOLD,MIDCPNIFTY25MAR11100CE,88.0,3960.0,Monitoring
2025-03-17,10:50:00,HOLD,MIDCPNIFTY25MAR11100CE,85.65,4242.0,Monitoring
2025-03-17,10:55:00,HOLD,MIDCPNIFTY25MAR11100CE,89.0,3840.0,Monitoring
2025-03-17,11:00:00,HOLD,MIDCPNIFTY25MAR11100CE,92.7,3396.0,Monitoring
2025-03-17,11:05:00,HOLD,MIDCPNIFTY25MAR11100CE,93.8,3264.0,Monitoring
2025-03-17,11:10:00,HOLD,MIDCPNIFTY25MAR11100CE,93.0,3360.0,Monitoring
2025-03-17,11:15:00,HOLD,MIDCPNIFTY25MAR11100CE,93.55,3294.0,Monitoring
2025-03-17,11:20:00,HOLD,MIDCPNIFTY25MAR11100CE,93.85,3258.0,Monitoring
2025-03-17,11:25:00,HOLD,MIDCPNIFTY25MAR11100CE,94.9,3132.0,Monitoring
2025-03-17,11:30:00,HOLD,MIDCPNIFTY25MAR11100CE,91.8,3504.0,Monitoring
2025-03-17,11:35:00,HOLD,MIDCPNIFTY25MAR11100CE,97.0,2880.0,Monitoring
2025-03-17,11:40:00,HOLD,MIDCPNIFTY25MAR11100CE,98.35,2718.0,Monitoring
2025-03-17,11:45:00,HOLD,MIDCPNIFTY25MAR11100CE,97.0,2880.0,Monitoring
2025-03-17,11:50:00,HOLD,MIDCPNIFTY25MAR11100CE,93.05,3354.0,Monitoring
2025-03-17,11:55:00,HOLD,MIDCPNIFTY25MAR11100CE,92.75,3390.0,Monitoring
2025-03-17,12:00:00,HOLD,MIDCPNIFTY25MAR11100CE,97.15,2862.0,Monitoring
2025-03-17,12:05:00,HOLD,MIDCPNIFTY25MAR11100CE,98.9,2652.0,Monitoring
2025-03-17,12:10:00,HOLD,MIDCPNIFTY25MAR11100CE,97.65,2802.0,Monitoring
2025-03-17,12:15:00,HOLD,MIDCPNIFTY25MAR11100CE,91.4,3552.0,Monitoring
2025-03-17,12:20:00,HOLD,MIDCPNIFTY25MAR11100CE,89.4,3792.0,Monitoring
2025-03-17,12:25:00,HOLD,MIDCPNIFTY25MAR11100CE,88.95,3846.0,Monitoring
2025-03-17,12:30:00,HOLD,MIDCPNIFTY25MAR11100CE,82.5,4620.0,Monitoring
2025-03-17,12:35:00,HOLD,MIDCPNIFTY25MAR11100CE,84.55,4374.0,Monitoring
2025-03-17,12:40:00,HOLD,MIDCPNIFTY25MAR11100CE,84.1,4428.0,Monitoring
2025-03-17,12:45:00,HOLD,MIDCPNIFTY25MAR11100CE,81.65,4722.0,Monitoring
2025-03-17,12:50:00,HOLD,MIDCPNIFTY25MAR11100CE,85.0,4320.0,Monitoring
2025-03-17,12:55:00,HOLD,MIDCPNIFTY25MAR11100CE,86.5,4140.0,Monitoring
2025-03-17,13:00:00,HOLD,MIDCPNIFTY25MAR11100CE,87.3,4044.0,Monitoring
2025-03-17,13:05:00,HOLD,MIDCPNIFTY25MAR11100CE,83.5,4500.0,Monitoring
2025-03-17,13:10:00,HOLD,MIDCPNIFTY25MAR11100CE,85.55,4254.0,Monitoring
2025-03-17,13:15:00,HOLD,MIDCPNIFTY25MAR11100CE,86.45,4146.0,Monitoring
2025-03-17,13:20:00,HOLD,MIDCPNIFTY25MAR11100CE,87.0,4080.0,Monitoring
2025-03-17,13:25:00,HOLD,MIDCPNIFTY25MAR11100CE,88.6,3888.0,Monitoring
2025-03-17,13:30:00,HOLD,MIDCPNIFTY25MAR11100CE,90.3,3684.0,Monitoring
2025-03-17,13:35:00,HOLD,MIDCPNIFTY25MAR11100CE,89.05,3834.0,Monitoring
2025-03-17,13:40:00,HOLD,MIDCPNIFTY25MAR11100CE,86.6,4128.0,Monitoring
2025-03-17,13:45:00,HOLD,MIDCPNIFTY25MAR11100CE,84.0,4440.0,Monitoring
2025-03-17,13:50:00,HOLD,MIDCPNIFTY25MAR11100CE,86.2,4176.0,Monitoring
2025-03-17,13:55:00,HOLD,MIDCPNIFTY25MAR11100CE,90.25,3690.0,Monitoring
2025-03-17,14:00:00,HOLD,MIDCPNIFTY25MAR11100CE,87.0,4080.0,Monitoring
2025-03-17,14:05:00,HOLD,MIDCPNIFTY25MAR11100CE,91.15,3582.0,Monitoring
2025-03-17,14:10:00,HOLD,MIDCPNIFTY25MAR11100CE,91.3,3564.0,Monitoring
2025-03-17,14:15:00,HOLD,MIDCPNIFTY25MAR11100CE,88.55,3894.0,Monitoring
2025-03-17,14:20:00,HOLD,MIDCPNIFTY25MAR11100CE,84.8,4344.0,Monitoring
2025-03-17,14:25:00,HOLD,MIDCPNIFTY25MAR11100CE,85.75,4230.0,Monitoring
2025-03-17,14:30:00,HOLD,MIDCPNIFTY25MAR11100CE,86.5,4140.0,Monitoring
2025-03-17,14:35:00,HOLD,MIDCPNIFTY25MAR11100CE,85.1,4308.0,Monitoring
2025-03-17,14:40:00,HOLD,MIDCPNIFTY25MAR11100CE,86.6,4128.0,Monitoring
2025-03-17,14:45:00,HOLD,MIDCPNIFTY25MAR11100CE,87.8,3984.0,Monitoring
2025-03-17,14:50:00,HOLD,MIDCPNIFTY25MAR11100CE,92.75,3390.0,Monitoring
2025-03-17,14:55:00,HOLD,MIDCPNIFTY25MAR11100CE,89.0,3840.0,Monitoring
2025-03-17,15:00:00,HOLD,MIDCPNIFTY25MAR11100CE,89.8,3744.0,Monitoring
2025-03-17,15:05:00,HOLD,MIDCPNIFTY25MAR11100CE,91.0,3600.0,Monitoring
2025-03-17,15:10:00,HOLD,MIDCPNIFTY25MAR11100CE,90.35,3678.0,Monitoring
2025-03-17,15:15:00,HOLD,MIDCPNIFTY25MAR11100CE,90.4,3672.0,Monitoring
2025-03-17,15:20:00,HOLD,MIDCPNIFTY25MAR11100CE,89.65,3762.0,Monitoring
2025-03-17,15:25:00,HOLD,MIDCPNIFTY25MAR11100CE,90.05,3714.0,Monitoring
2025-03-18,09:15:00,HOLD,MIDCPNIFTY25MAR11100CE,95.8,3024.0,Monitoring
2025-03-18,09:20:00,HOLD,MIDCPNIFTY25MAR11100CE,112.2,1056.0,Monitoring
2025-03-18,09:25:00,HOLD,MIDCPNIFTY25MAR11100CE,120.0,120.0,Monitoring
2025-03-18,09:25:00,BUY_EXIT,MIDCPNIFTY25MAR11100CE,120.0,120.0,EMA_REVERSAL_SL
