Date,Time,Event,Ticker,Price,PnL_INR,Info
2025-05-07,14:00:00,SELL_ENTRY,MIDCPNIFTY25MAY11800PE,170.2,0.0,Signal PE | Short
2025-05-07,14:05:00,HOLD,MIDCPNIFTY25MAY11800PE,165.0,624.0,Monitoring
2025-05-07,14:10:00,HOLD,MIDCPNIFTY25MAY11800PE,167.7,300.0,Monitoring
2025-05-07,14:15:00,HOLD,MIDCPNIFTY25MAY11800PE,171.65,-174.0,Monitoring
2025-05-07,14:20:00,HOLD,MIDCPNIFTY25MAY11800PE,172.7,-300.0,Monitoring
2025-05-07,14:25:00,HOLD,MIDCPNIFTY25MAY11800PE,169.0,144.0,Monitoring
2025-05-07,14:30:00,HOLD,MIDCPNIFTY25MAY11800PE,164.0,744.0,Monitoring
2025-05-07,14:35:00,HOLD,MIDCPNIFTY25MAY11800PE,170.0,24.0,Monitoring
2025-05-07,14:40:00,HOLD,MIDCPNIFTY25MAY11800PE,170.5,-36.0,Monitoring
2025-05-07,14:45:00,HOLD,MIDCPNIFTY25MAY11800PE,166.95,390.0,Monitoring
2025-05-07,14:50:00,HOLD,MIDCPNIFTY25MAY11800PE,173.5,-396.0,Monitoring
2025-05-07,14:55:00,HOLD,MIDCPNIFTY25MAY11800PE,169.05,138.0,Monitoring
2025-05-07,15:00:00,HOLD,MIDCPNIFTY25MAY11800PE,165.2,600.0,Monitoring
2025-05-07,15:05:00,HOLD,MIDCPNIFTY25MAY11800PE,167.75,294.0,Monitoring
2025-05-07,15:10:00,HOLD,MIDCPNIFTY25MAY11800PE,167.0,384.0,Monitoring
2025-05-07,15:15:00,HOLD,MIDCPNIFTY25MAY11800PE,165.1,612.0,Monitoring
2025-05-07,15:20:00,HOLD,MIDCPNIFTY25MAY11800PE,168.15,246.0,Monitoring
2025-05-07,15:25:00,HOLD,MIDCPNIFTY25MAY11800PE,165.2,600.0,Monitoring
2025-05-08,09:15:00,HOLD,MIDCPNIFTY25MAY11800PE,162.6,912.0,Monitoring
2025-05-08,09:20:00,HOLD,MIDCPNIFTY25MAY11800PE,160.55,1158.0,Monitoring
2025-05-08,09:25:00,HOLD,MIDCPNIFTY25MAY11800PE,159.8,1248.0,Monitoring
2025-05-08,09:30:00,HOLD,MIDCPNIFTY25MAY11800PE,159.25,1314.0,Monitoring
2025-05-08,09:35:00,HOLD,MIDCPNIFTY25MAY11800PE,154.25,1914.0,Monitoring
2025-05-08,09:40:00,HOLD,MIDCPNIFTY25MAY11800PE,155.05,1818.0,Monitoring
2025-05-08,09:45:00,HOLD,MIDCPNIFTY25MAY11800PE,165.9,516.0,Monitoring
2025-05-08,09:50:00,HOLD,MIDCPNIFTY25MAY11800PE,157.5,1524.0,Monitoring
2025-05-08,09:55:00,HOLD,MIDCPNIFTY25MAY11800PE,161.0,1104.0,Monitoring
2025-05-08,10:00:00,HOLD,MIDCPNIFTY25MAY11800PE,151.25,2274.0,Monitoring
2025-05-08,10:05:00,HOLD,MIDCPNIFTY25MAY11800PE,150.0,2424.0,Monitoring
2025-05-08,10:10:00,HOLD,MIDCPNIFTY25MAY11800PE,151.0,2304.0,Monitoring
2025-05-08,10:15:00,HOLD,MIDCPNIFTY25MAY11800PE,150.9,2316.0,Monitoring
2025-05-08,10:20:00,HOLD,MIDCPNIFTY25MAY11800PE,145.6,2952.0,Monitoring
2025-05-08,10:25:00,HOLD,MIDCPNIFTY25MAY11800PE,144.9,3036.0,Monitoring
2025-05-08,10:30:00,HOLD,MIDCPNIFTY25MAY11800PE,146.75,2814.0,Monitoring
2025-05-08,10:35:00,HOLD,MIDCPNIFTY25MAY11800PE,150.0,2424.0,Monitoring
2025-05-08,10:40:00,HOLD,MIDCPNIFTY25MAY11800PE,152.45,2130.0,Monitoring
2025-05-08,10:45:00,HOLD,MIDCPNIFTY25MAY11800PE,154.9,1836.0,Monitoring
2025-05-08,10:50:00,HOLD,MIDCPNIFTY25MAY11800PE,152.55,2118.0,Monitoring
2025-05-08,10:55:00,HOLD,MIDCPNIFTY25MAY11800PE,150.75,2334.0,Monitoring
2025-05-08,11:00:00,HOLD,MIDCPNIFTY25MAY11800PE,150.75,2334.0,Monitoring
2025-05-08,11:05:00,HOLD,MIDCPNIFTY25MAY11800PE,150.2,2400.0,Monitoring
2025-05-08,11:10:00,HOLD,MIDCPNIFTY25MAY11800PE,150.0,2424.0,Monitoring
2025-05-08,11:15:00,HOLD,MIDCPNIFTY25MAY11800PE,150.0,2424.0,Monitoring
2025-05-08,11:20:00,HOLD,MIDCPNIFTY25MAY11800PE,147.8,2688.0,Monitoring
2025-05-08,11:25:00,HOLD,MIDCPNIFTY25MAY11800PE,149.45,2490.0,Monitoring
2025-05-08,11:30:00,HOLD,MIDCPNIFTY25MAY11800PE,150.7,2340.0,Monitoring
2025-05-08,11:35:00,HOLD,MIDCPNIFTY25MAY11800PE,153.85,1962.0,Monitoring
2025-05-08,11:40:00,HOLD,MIDCPNIFTY25MAY11800PE,152.6,2112.0,Monitoring
2025-05-08,11:45:00,HOLD,MIDCPNIFTY25MAY11800PE,152.8,2088.0,Monitoring
2025-05-08,11:50:00,HOLD,MIDCPNIFTY25MAY11800PE,152.8,2088.0,Monitoring
2025-05-08,11:55:00,HOLD,MIDCPNIFTY25MAY11800PE,152.8,2088.0,Monitoring
2025-05-08,12:00:00,HOLD,MIDCPNIFTY25MAY11800PE,154.5,1884.0,Monitoring
2025-05-08,12:05:00,HOLD,MIDCPNIFTY25MAY11800PE,153.2,2040.0,Monitoring
2025-05-08,12:10:00,HOLD,MIDCPNIFTY25MAY11800PE,153.35,2022.0,Monitoring
2025-05-08,12:15:00,HOLD,MIDCPNIFTY25MAY11800PE,155.65,1746.0,Monitoring
2025-05-08,12:20:00,HOLD,MIDCPNIFTY25MAY11800PE,155.65,1746.0,Monitoring
2025-05-08,12:25:00,HOLD,MIDCPNIFTY25MAY11800PE,156.0,1704.0,Monitoring
2025-05-08,12:30:00,HOLD,MIDCPNIFTY25MAY11800PE,158.6,1392.0,Monitoring
2025-05-08,12:35:00,HOLD,MIDCPNIFTY25MAY11800PE,161.5,1044.0,Monitoring
2025-05-08,12:40:00,HOLD,MIDCPNIFTY25MAY11800PE,159.0,1344.0,Monitoring
2025-05-08,12:45:00,HOLD,MIDCPNIFTY25MAY11800PE,160.3,1188.0,Monitoring
2025-05-08,12:50:00,HOLD,MIDCPNIFTY25MAY11800PE,166.85,402.0,Monitoring
2025-05-08,12:55:00,HOLD,MIDCPNIFTY25MAY11800PE,160.0,1224.0,Monitoring
2025-05-08,13:00:00,HOLD,MIDCPNIFTY25MAY11800PE,165.1,612.0,Monitoring
2025-05-08,13:05:00,HOLD,MIDCPNIFTY25MAY11800PE,170.7,-60.0,Monitoring
2025-05-08,13:10:00,HOLD,MIDCPNIFTY25MAY11800PE,171.05,-102.0,Monitoring
2025-05-08,13:15:00,HOLD,MIDCPNIFTY25MAY11800PE,169.0,144.0,Monitoring
2025-05-08,13:20:00,HOLD,MIDCPNIFTY25MAY11800PE,183.7,-1620.0,Monitoring
2025-05-08,13:20:00,BUY_EXIT,MIDCPNIFTY25MAY11800PE,183.7,-1620.0,EMA_REVERSAL_SL
