Date,Time,Event,Ticker,Price,PnL_INR,Info
2024-01-11,14:10:00,SELL_ENTRY,MIDCPNIFTY24JAN10500CE,146.0,0.0,Signal CE | Short
2024-01-11,14:15:00,HOLD,MIDCPNIFTY24JAN10500CE,146.0,0.0,Monitoring
2024-01-11,14:20:00,HOLD,MIDCPNIFTY24JAN10500CE,146.0,0.0,Monitoring
2024-01-11,14:25:00,HOLD,MIDCPNIFTY24JAN10500CE,146.0,0.0,Monitoring
2024-01-11,14:30:00,HOLD,MIDCPNIFTY24JAN10500CE,146.0,0.0,Monitoring
2024-01-11,14:35:00,HOLD,MIDCPNIFTY24JAN10500CE,146.0,0.0,Monitoring
2024-01-11,14:40:00,HOLD,MIDCPNIFTY24JAN10500CE,146.0,0.0,Monitoring
2024-01-11,14:45:00,HOLD,MIDCPNIFTY24JAN10500CE,146.0,0.0,Monitoring
2024-01-11,14:50:00,HOLD,MIDCPNIFTY24JAN10500CE,146.0,0.0,Monitoring
2024-01-11,14:55:00,HOLD,MIDCPNIFTY24JAN10500CE,146.0,0.0,Monitoring
2024-01-11,15:00:00,HOLD,MIDCPNIFTY24JAN10500CE,146.0,0.0,Monitoring
2024-01-11,15:05:00,HOLD,MIDCPNIFTY24JAN10500CE,146.0,0.0,Monitoring
2024-01-11,15:10:00,HOLD,MIDCPNIFTY24JAN10500CE,146.0,0.0,Monitoring
2024-01-11,15:15:00,HOLD,MIDCPNIFTY24JAN10500CE,146.0,0.0,Monitoring
2024-01-11,15:20:00,HOLD,MIDCPNIFTY24JAN10500CE,146.0,0.0,Monitoring
2024-01-11,15:25:00,HOLD,MIDCPNIFTY24JAN10500CE,146.0,0.0,Monitoring
2024-01-12,09:15:00,HOLD,MIDCPNIFTY24JAN10500CE,146.0,0.0,Monitoring
2024-01-12,09:20:00,HOLD,MIDCPNIFTY24JAN10500CE,146.0,0.0,Monitoring
2024-01-12,09:25:00,HOLD,MIDCPNIFTY24JAN10500CE,146.0,0.0,Monitoring
2024-01-12,09:30:00,HOLD,MIDCPNIFTY24JAN10500CE,146.0,0.0,Monitoring
2024-01-12,09:35:00,HOLD,MIDCPNIFTY24JAN10500CE,146.0,0.0,Monitoring
2024-01-12,09:40:00,HOLD,MIDCPNIFTY24JAN10500CE,146.0,0.0,Monitoring
2024-01-12,09:45:00,HOLD,MIDCPNIFTY24JAN10500CE,146.0,0.0,Monitoring
2024-01-12,09:50:00,HOLD,MIDCPNIFTY24JAN10500CE,146.0,0.0,Monitoring
2024-01-12,09:55:00,HOLD,MIDCPNIFTY24JAN10500CE,169.7,-2844.0,Monitoring
2024-01-12,10:00:00,HOLD,MIDCPNIFTY24JAN10500CE,138.25,930.0,Monitoring
2024-01-12,10:05:00,HOLD,MIDCPNIFTY24JAN10500CE,174.65,-3438.0,Monitoring
2024-01-12,10:10:00,HOLD,MIDCPNIFTY24JAN10500CE,171.2,-3024.0,Monitoring
2024-01-12,10:15:00,HOLD,MIDCPNIFTY24JAN10500CE,169.5,-2820.0,Monitoring
2024-01-12,10:20:00,HOLD,MIDCPNIFTY24JAN10500CE,168.45,-2694.0,Monitoring
2024-01-12,10:25:00,HOLD,MIDCPNIFTY24JAN10500CE,173.2,-3264.0,Monitoring
2024-01-12,10:30:00,HOLD,MIDCPNIFTY24JAN10500CE,170.7,-2964.0,Monitoring
2024-01-12,10:30:00,BUY_EXIT,MIDCPNIFTY24JAN10500CE,170.7,-2964.0,EMA_REVERSAL_SL
