Date,Time,Event,Ticker,Price,PnL_INR,Info
2024-08-20,14:00:00,SELL_ENTRY,MIDCPNIFTY24AUG12800PE,72.4,0.0,Signal PE | Short
2024-08-20,14:05:00,HOLD,MIDCPNIFTY24AUG12800PE,73.25,-102.0,Monitoring
2024-08-20,14:10:00,HOLD,MIDCPNIFTY24AUG12800PE,74.45,-246.0,Monitoring
2024-08-20,14:15:00,HOLD,MIDCPNIFTY24AUG12800PE,76.45,-486.0,Monitoring
2024-08-20,14:20:00,HOLD,MIDCPNIFTY24AUG12800PE,77.15,-570.0,Monitoring
2024-08-20,14:25:00,HOLD,MIDCPNIFTY24AUG12800PE,74.3,-228.0,Monitoring
2024-08-20,14:30:00,HOLD,MIDCPNIFTY24AUG12800PE,73.65,-150.0,Monitoring
2024-08-20,14:35:00,HOLD,MIDCPNIFTY24AUG12800PE,73.2,-96.0,Monitoring
2024-08-20,14:40:00,HOLD,MIDCPNIFTY24AUG12800PE,72.75,-42.0,Monitoring
2024-08-20,14:45:00,HOLD,MIDCPNIFTY24AUG12800PE,75.6,-384.0,Monitoring
2024-08-20,14:50:00,HOLD,MIDCPNIFTY24AUG12800PE,77.2,-576.0,Monitoring
2024-08-20,14:55:00,HOLD,MIDCPNIFTY24AUG12800PE,75.0,-312.0,Monitoring
2024-08-20,15:00:00,HOLD,MIDCPNIFTY24AUG12800PE,69.1,396.0,Monitoring
2024-08-20,15:05:00,HOLD,MIDCPNIFTY24AUG12800PE,72.0,48.0,Monitoring
2024-08-20,15:10:00,HOLD,MIDCPNIFTY24AUG12800PE,73.0,-72.0,Monitoring
2024-08-20,15:15:00,HOLD,MIDCPNIFTY24AUG12800PE,74.05,-198.0,Monitoring
2024-08-20,15:20:00,HOLD,MIDCPNIFTY24AUG12800PE,75.0,-312.0,Monitoring
2024-08-20,15:25:00,HOLD,MIDCPNIFTY24AUG12800PE,72.0,48.0,Monitoring
2024-08-21,09:15:00,HOLD,MIDCPNIFTY24AUG12800PE,68.5,468.0,Monitoring
2024-08-21,09:20:00,HOLD,MIDCPNIFTY24AUG12800PE,70.55,222.0,Monitoring
2024-08-21,09:25:00,HOLD,MIDCPNIFTY24AUG12800PE,74.45,-246.0,Monitoring
2024-08-21,09:30:00,HOLD,MIDCPNIFTY24AUG12800PE,72.65,-30.0,Monitoring
2024-08-21,09:35:00,HOLD,MIDCPNIFTY24AUG12800PE,73.95,-186.0,Monitoring
2024-08-21,09:40:00,HOLD,MIDCPNIFTY24AUG12800PE,70.1,276.0,Monitoring
2024-08-21,09:45:00,HOLD,MIDCPNIFTY24AUG12800PE,60.3,1452.0,Monitoring
2024-08-21,09:50:00,HOLD,MIDCPNIFTY24AUG12800PE,68.95,414.0,Monitoring
2024-08-21,09:55:00,HOLD,MIDCPNIFTY24AUG12800PE,63.7,1044.0,Monitoring
2024-08-21,10:00:00,HOLD,MIDCPNIFTY24AUG12800PE,64.1,996.0,Monitoring
2024-08-21,10:05:00,HOLD,MIDCPNIFTY24AUG12800PE,60.75,1398.0,Monitoring
2024-08-21,10:10:00,HOLD,MIDCPNIFTY24AUG12800PE,60.45,1434.0,Monitoring
2024-08-21,10:15:00,HOLD,MIDCPNIFTY24AUG12800PE,57.8,1752.0,Monitoring
2024-08-21,10:20:00,HOLD,MIDCPNIFTY24AUG12800PE,56.6,1896.0,Monitoring
2024-08-21,10:25:00,HOLD,MIDCPNIFTY24AUG12800PE,55.55,2022.0,Monitoring
2024-08-21,10:30:00,HOLD,MIDCPNIFTY24AUG12800PE,57.0,1848.0,Monitoring
2024-08-21,10:35:00,HOLD,MIDCPNIFTY24AUG12800PE,57.2,1824.0,Monitoring
2024-08-21,10:40:00,HOLD,MIDCPNIFTY24AUG12800PE,55.45,2034.0,Monitoring
2024-08-21,10:45:00,HOLD,MIDCPNIFTY24AUG12800PE,52.85,2346.0,Monitoring
2024-08-21,10:50:00,HOLD,MIDCPNIFTY24AUG12800PE,53.3,2292.0,Monitoring
2024-08-21,10:55:00,HOLD,MIDCPNIFTY24AUG12800PE,52.3,2412.0,Monitoring
2024-08-21,11:00:00,HOLD,MIDCPNIFTY24AUG12800PE,50.05,2682.0,Monitoring
2024-08-21,11:05:00,HOLD,MIDCPNIFTY24AUG12800PE,53.45,2274.0,Monitoring
2024-08-21,11:10:00,HOLD,MIDCPNIFTY24AUG12800PE,54.8,2112.0,Monitoring
2024-08-21,11:15:00,HOLD,MIDCPNIFTY24AUG12800PE,53.8,2232.0,Monitoring
2024-08-21,11:20:00,HOLD,MIDCPNIFTY24AUG12800PE,50.2,2664.0,Monitoring
2024-08-21,11:25:00,HOLD,MIDCPNIFTY24AUG12800PE,49.0,2808.0,Monitoring
2024-08-21,11:30:00,HOLD,MIDCPNIFTY24AUG12800PE,52.7,2364.0,Monitoring
2024-08-21,11:35:00,HOLD,MIDCPNIFTY24AUG12800PE,54.25,2178.0,Monitoring
2024-08-21,11:40:00,HOLD,MIDCPNIFTY24AUG12800PE,55.7,2004.0,Monitoring
2024-08-21,11:45:00,HOLD,MIDCPNIFTY24AUG12800PE,50.6,2616.0,Monitoring
2024-08-21,11:50:00,HOLD,MIDCPNIFTY24AUG12800PE,51.15,2550.0,Monitoring
2024-08-21,11:55:00,HOLD,MIDCPNIFTY24AUG12800PE,52.2,2424.0,Monitoring
2024-08-21,12:00:00,HOLD,MIDCPNIFTY24AUG12800PE,51.1,2556.0,Monitoring
2024-08-21,12:05:00,HOLD,MIDCPNIFTY24AUG12800PE,49.65,2730.0,Monitoring
2024-08-21,12:10:00,HOLD,MIDCPNIFTY24AUG12800PE,51.1,2556.0,Monitoring
2024-08-21,12:15:00,HOLD,MIDCPNIFTY24AUG12800PE,49.75,2718.0,Monitoring
2024-08-21,12:20:00,HOLD,MIDCPNIFTY24AUG12800PE,50.5,2628.0,Monitoring
2024-08-21,12:25:00,HOLD,MIDCPNIFTY24AUG12800PE,50.5,2628.0,Monitoring
2024-08-21,12:30:00,HOLD,MIDCPNIFTY24AUG12800PE,49.65,2730.0,Monitoring
2024-08-21,12:35:00,HOLD,MIDCPNIFTY24AUG12800PE,51.35,2526.0,Monitoring
2024-08-21,12:40:00,HOLD,MIDCPNIFTY24AUG12800PE,51.05,2562.0,Monitoring
2024-08-21,12:45:00,HOLD,MIDCPNIFTY24AUG12800PE,51.7,2484.0,Monitoring
2024-08-21,12:50:00,HOLD,MIDCPNIFTY24AUG12800PE,53.85,2226.0,Monitoring
2024-08-21,12:55:00,HOLD,MIDCPNIFTY24AUG12800PE,54.55,2142.0,Monitoring
2024-08-21,13:00:00,HOLD,MIDCPNIFTY24AUG12800PE,53.8,2232.0,Monitoring
2024-08-21,13:05:00,HOLD,MIDCPNIFTY24AUG12800PE,51.7,2484.0,Monitoring
2024-08-21,13:10:00,HOLD,MIDCPNIFTY24AUG12800PE,50.9,2580.0,Monitoring
2024-08-21,13:15:00,HOLD,MIDCPNIFTY24AUG12800PE,58.1,1716.0,Monitoring
2024-08-21,13:20:00,HOLD,MIDCPNIFTY24AUG12800PE,56.3,1932.0,Monitoring
2024-08-21,13:25:00,HOLD,MIDCPNIFTY24AUG12800PE,52.45,2394.0,Monitoring
2024-08-21,13:30:00,HOLD,MIDCPNIFTY24AUG12800PE,54.0,2208.0,Monitoring
2024-08-21,13:35:00,HOLD,MIDCPNIFTY24AUG12800PE,51.35,2526.0,Monitoring
2024-08-21,13:40:00,HOLD,MIDCPNIFTY24AUG12800PE,49.75,2718.0,Monitoring
2024-08-21,13:45:00,HOLD,MIDCPNIFTY24AUG12800PE,50.5,2628.0,Monitoring
2024-08-21,13:50:00,HOLD,MIDCPNIFTY24AUG12800PE,50.0,2688.0,Monitoring
2024-08-21,13:55:00,HOLD,MIDCPNIFTY24AUG12800PE,49.4,2760.0,Monitoring
2024-08-21,14:00:00,HOLD,MIDCPNIFTY24AUG12800PE,47.7,2964.0,Monitoring
2024-08-21,14:05:00,HOLD,MIDCPNIFTY24AUG12800PE,48.2,2904.0,Monitoring
2024-08-21,14:10:00,HOLD,MIDCPNIFTY24AUG12800PE,46.75,3078.0,Monitoring
2024-08-21,14:15:00,HOLD,MIDCPNIFTY24AUG12800PE,48.0,2928.0,Monitoring
2024-08-21,14:20:00,HOLD,MIDCPNIFTY24AUG12800PE,47.2,3024.0,Monitoring
2024-08-21,14:25:00,HOLD,MIDCPNIFTY24AUG12800PE,47.55,2982.0,Monitoring
2024-08-21,14:30:00,HOLD,MIDCPNIFTY24AUG12800PE,47.45,2994.0,Monitoring
2024-08-21,14:35:00,HOLD,MIDCPNIFTY24AUG12800PE,49.5,2748.0,Monitoring
2024-08-21,14:40:00,HOLD,MIDCPNIFTY24AUG12800PE,47.65,2970.0,Monitoring
2024-08-21,14:45:00,HOLD,MIDCPNIFTY24AUG12800PE,47.85,2946.0,Monitoring
2024-08-21,14:50:00,HOLD,MIDCPNIFTY24AUG12800PE,47.3,3012.0,Monitoring
2024-08-21,14:55:00,HOLD,MIDCPNIFTY24AUG12800PE,45.9,3180.0,Monitoring
2024-08-21,15:00:00,HOLD,MIDCPNIFTY24AUG12800PE,44.1,3396.0,Monitoring
2024-08-21,15:05:00,HOLD,MIDCPNIFTY24AUG12800PE,41.4,3720.0,Monitoring
2024-08-21,15:10:00,HOLD,MIDCPNIFTY24AUG12800PE,42.65,3570.0,Monitoring
2024-08-21,15:15:00,HOLD,MIDCPNIFTY24AUG12800PE,39.55,3942.0,Monitoring
2024-08-21,15:20:00,HOLD,MIDCPNIFTY24AUG12800PE,40.4,3840.0,Monitoring
2024-08-21,15:25:00,HOLD,MIDCPNIFTY24AUG12800PE,37.7,4164.0,Monitoring
2024-08-22,09:15:00,HOLD,MIDCPNIFTY24AUG12800PE,32.55,4782.0,Monitoring
2024-08-22,09:15:00,BUY_EXIT,MIDCPNIFTY24AUG12800PE,32.55,4782.0,ROLLOVER_EXIT
