Date,Time,Event,Ticker,Price,PnL_INR,Info
2024-12-12,14:00:00,SELL_ENTRY,MIDCPNIFTY24DEC13200CE,125.85,0.0,Signal CE | Short
2024-12-12,14:05:00,HOLD,MIDCPNIFTY24DEC13200CE,127.2,-162.0,Monitoring
2024-12-12,14:10:00,HOLD,MIDCPNIFTY24DEC13200CE,126.2,-42.0,Monitoring
2024-12-12,14:15:00,HOLD,MIDCPNIFTY24DEC13200CE,129.0,-378.0,Monitoring
2024-12-12,14:20:00,HOLD,MIDCPNIFTY24DEC13200CE,127.45,-192.0,Monitoring
2024-12-12,14:25:00,HOLD,MIDCPNIFTY24DEC13200CE,126.55,-84.0,Monitoring
2024-12-12,14:30:00,HOLD,MIDCPNIFTY24DEC13200CE,126.4,-66.0,Monitoring
2024-12-12,14:35:00,HOLD,MIDCPNIFTY24DEC13200CE,125.9,-6.0,Monitoring
2024-12-12,14:40:00,HOLD,MIDCPNIFTY24DEC13200CE,126.35,-60.0,Monitoring
2024-12-12,14:45:00,HOLD,MIDCPNIFTY24DEC13200CE,130.5,-558.0,Monitoring
2024-12-12,14:50:00,HOLD,MIDCPNIFTY24DEC13200CE,124.75,132.0,Monitoring
2024-12-12,14:55:00,HOLD,MIDCPNIFTY24DEC13200CE,127.0,-138.0,Monitoring
2024-12-12,15:00:00,HOLD,MIDCPNIFTY24DEC13200CE,129.3,-414.0,Monitoring
2024-12-12,15:05:00,HOLD,MIDCPNIFTY24DEC13200CE,127.85,-240.0,Monitoring
2024-12-12,15:10:00,HOLD,MIDCPNIFTY24DEC13200CE,127.9,-246.0,Monitoring
2024-12-12,15:15:00,HOLD,MIDCPNIFTY24DEC13200CE,128.85,-360.0,Monitoring
2024-12-12,15:20:00,HOLD,MIDCPNIFTY24DEC13200CE,126.05,-24.0,Monitoring
2024-12-12,15:25:00,HOLD,MIDCPNIFTY24DEC13200CE,126.1,-30.0,Monitoring
2024-12-13,09:15:00,HOLD,MIDCPNIFTY24DEC13200CE,104.95,2508.0,Monitoring
2024-12-13,09:20:00,HOLD,MIDCPNIFTY24DEC13200CE,101.1,2970.0,Monitoring
2024-12-13,09:25:00,HOLD,MIDCPNIFTY24DEC13200CE,98.45,3288.0,Monitoring
2024-12-13,09:30:00,HOLD,MIDCPNIFTY24DEC13200CE,93.85,3840.0,Monitoring
2024-12-13,09:35:00,HOLD,MIDCPNIFTY24DEC13200CE,85.35,4860.0,Monitoring
2024-12-13,09:40:00,HOLD,MIDCPNIFTY24DEC13200CE,86.95,4668.0,Monitoring
2024-12-13,09:45:00,HOLD,MIDCPNIFTY24DEC13200CE,83.0,5142.0,Monitoring
2024-12-13,09:50:00,HOLD,MIDCPNIFTY24DEC13200CE,83.0,5142.0,Monitoring
2024-12-13,09:55:00,HOLD,MIDCPNIFTY24DEC13200CE,84.35,4980.0,Monitoring
2024-12-13,10:00:00,HOLD,MIDCPNIFTY24DEC13200CE,85.4,4854.0,Monitoring
2024-12-13,10:05:00,HOLD,MIDCPNIFTY24DEC13200CE,75.55,6036.0,Monitoring
2024-12-13,10:10:00,HOLD,MIDCPNIFTY24DEC13200CE,73.9,6234.0,Monitoring
2024-12-13,10:15:00,HOLD,MIDCPNIFTY24DEC13200CE,68.45,6888.0,Monitoring
2024-12-13,10:20:00,HOLD,MIDCPNIFTY24DEC13200CE,67.35,7020.0,Monitoring
2024-12-13,10:25:00,HOLD,MIDCPNIFTY24DEC13200CE,68.55,6876.0,Monitoring
2024-12-13,10:30:00,HOLD,MIDCPNIFTY24DEC13200CE,63.0,7542.0,Monitoring
2024-12-13,10:35:00,HOLD,MIDCPNIFTY24DEC13200CE,63.65,7464.0,Monitoring
2024-12-13,10:40:00,HOLD,MIDCPNIFTY24DEC13200CE,66.7,7098.0,Monitoring
2024-12-13,10:45:00,HOLD,MIDCPNIFTY24DEC13200CE,64.5,7362.0,Monitoring
2024-12-13,10:50:00,HOLD,MIDCPNIFTY24DEC13200CE,68.2,6918.0,Monitoring
2024-12-13,10:55:00,HOLD,MIDCPNIFTY24DEC13200CE,71.15,6564.0,Monitoring
2024-12-13,11:00:00,HOLD,MIDCPNIFTY24DEC13200CE,71.0,6582.0,Monitoring
2024-12-13,11:05:00,HOLD,MIDCPNIFTY24DEC13200CE,70.2,6678.0,Monitoring
2024-12-13,11:10:00,HOLD,MIDCPNIFTY24DEC13200CE,74.75,6132.0,Monitoring
2024-12-13,11:15:00,HOLD,MIDCPNIFTY24DEC13200CE,78.45,5688.0,Monitoring
2024-12-13,11:20:00,HOLD,MIDCPNIFTY24DEC13200CE,76.6,5910.0,Monitoring
2024-12-13,11:25:00,HOLD,MIDCPNIFTY24DEC13200CE,73.1,6330.0,Monitoring
2024-12-13,11:30:00,HOLD,MIDCPNIFTY24DEC13200CE,77.4,5814.0,Monitoring
2024-12-13,11:35:00,HOLD,MIDCPNIFTY24DEC13200CE,75.25,6072.0,Monitoring
2024-12-13,11:40:00,HOLD,MIDCPNIFTY24DEC13200CE,74.8,6126.0,Monitoring
2024-12-13,11:45:00,HOLD,MIDCPNIFTY24DEC13200CE,76.7,5898.0,Monitoring
2024-12-13,11:50:00,HOLD,MIDCPNIFTY24DEC13200CE,82.0,5262.0,Monitoring
2024-12-13,11:55:00,HOLD,MIDCPNIFTY24DEC13200CE,91.95,4068.0,Monitoring
2024-12-13,12:00:00,HOLD,MIDCPNIFTY24DEC13200CE,94.7,3738.0,Monitoring
2024-12-13,12:05:00,HOLD,MIDCPNIFTY24DEC13200CE,93.6,3870.0,Monitoring
2024-12-13,12:10:00,HOLD,MIDCPNIFTY24DEC13200CE,99.65,3144.0,Monitoring
2024-12-13,12:15:00,HOLD,MIDCPNIFTY24DEC13200CE,107.2,2238.0,Monitoring
2024-12-13,12:20:00,HOLD,MIDCPNIFTY24DEC13200CE,102.55,2796.0,Monitoring
2024-12-13,12:25:00,HOLD,MIDCPNIFTY24DEC13200CE,104.8,2526.0,Monitoring
2024-12-13,12:30:00,HOLD,MIDCPNIFTY24DEC13200CE,94.95,3708.0,Monitoring
2024-12-13,12:35:00,HOLD,MIDCPNIFTY24DEC13200CE,102.0,2862.0,Monitoring
2024-12-13,12:40:00,HOLD,MIDCPNIFTY24DEC13200CE,99.7,3138.0,Monitoring
2024-12-13,12:45:00,HOLD,MIDCPNIFTY24DEC13200CE,102.2,2838.0,Monitoring
2024-12-13,12:50:00,HOLD,MIDCPNIFTY24DEC13200CE,106.0,2382.0,Monitoring
2024-12-13,12:55:00,HOLD,MIDCPNIFTY24DEC13200CE,112.0,1662.0,Monitoring
2024-12-13,13:00:00,HOLD,MIDCPNIFTY24DEC13200CE,125.0,102.0,Monitoring
2024-12-13,13:05:00,HOLD,MIDCPNIFTY24DEC13200CE,124.15,204.0,Monitoring
2024-12-13,13:05:00,BUY_EXIT,MIDCPNIFTY24DEC13200CE,124.15,204.0,EMA_REVERSAL_SL
