Date,Time,Event,Ticker,Price,PnL_INR,Info
2024-11-29,14:00:00,SELL_ENTRY,MIDCPNIFTY24DEC12500PE,151.0,0.0,Signal PE | Short
2024-11-29,14:05:00,HOLD,MIDCPNIFTY24DEC12500PE,150.4,72.0,Monitoring
2024-11-29,14:10:00,HOLD,MIDCPNIFTY24DEC12500PE,157.65,-798.0,Monitoring
2024-11-29,14:15:00,HOLD,MIDCPNIFTY24DEC12500PE,154.9,-468.0,Monitoring
2024-11-29,14:20:00,HOLD,MIDCPNIFTY24DEC12500PE,155.2,-504.0,Monitoring
2024-11-29,14:25:00,HOLD,MIDCPNIFTY24DEC12500PE,150.15,102.0,Monitoring
2024-11-29,14:30:00,HOLD,MIDCPNIFTY24DEC12500PE,152.0,-120.0,Monitoring
2024-11-29,14:35:00,HOLD,MIDCPNIFTY24DEC12500PE,152.65,-198.0,Monitoring
2024-11-29,14:40:00,HOLD,MIDCPNIFTY24DEC12500PE,152.5,-180.0,Monitoring
2024-11-29,14:45:00,HOLD,MIDCPNIFTY24DEC12500PE,154.35,-402.0,Monitoring
2024-11-29,14:50:00,HOLD,MIDCPNIFTY24DEC12500PE,153.55,-306.0,Monitoring
2024-11-29,14:55:00,HOLD,MIDCPNIFTY24DEC12500PE,155.15,-498.0,Monitoring
2024-11-29,15:00:00,HOLD,MIDCPNIFTY24DEC12500PE,154.95,-474.0,Monitoring
2024-11-29,15:05:00,HOLD,MIDCPNIFTY24DEC12500PE,156.85,-702.0,Monitoring
2024-11-29,15:10:00,HOLD,MIDCPNIFTY24DEC12500PE,160.95,-1194.0,Monitoring
2024-11-29,15:15:00,HOLD,MIDCPNIFTY24DEC12500PE,154.35,-402.0,Monitoring
2024-11-29,15:20:00,HOLD,MIDCPNIFTY24DEC12500PE,152.8,-216.0,Monitoring
2024-11-29,15:25:00,HOLD,MIDCPNIFTY24DEC12500PE,150.0,120.0,Monitoring
2024-12-02,09:15:00,HOLD,MIDCPNIFTY24DEC12500PE,177.75,-3210.0,Monitoring
2024-12-02,09:20:00,HOLD,MIDCPNIFTY24DEC12500PE,176.45,-3054.0,Monitoring
2024-12-02,09:25:00,HOLD,MIDCPNIFTY24DEC12500PE,176.65,-3078.0,Monitoring
2024-12-02,09:30:00,HOLD,MIDCPNIFTY24DEC12500PE,162.15,-1338.0,Monitoring
2024-12-02,09:35:00,HOLD,MIDCPNIFTY24DEC12500PE,150.0,120.0,Monitoring
2024-12-02,09:40:00,HOLD,MIDCPNIFTY24DEC12500PE,149.75,150.0,Monitoring
2024-12-02,09:45:00,HOLD,MIDCPNIFTY24DEC12500PE,155.0,-480.0,Monitoring
2024-12-02,09:50:00,HOLD,MIDCPNIFTY24DEC12500PE,158.5,-900.0,Monitoring
2024-12-02,09:55:00,HOLD,MIDCPNIFTY24DEC12500PE,152.8,-216.0,Monitoring
2024-12-02,10:00:00,HOLD,MIDCPNIFTY24DEC12500PE,147.55,414.0,Monitoring
2024-12-02,10:05:00,HOLD,MIDCPNIFTY24DEC12500PE,150.65,42.0,Monitoring
2024-12-02,10:10:00,HOLD,MIDCPNIFTY24DEC12500PE,151.9,-108.0,Monitoring
2024-12-02,10:15:00,HOLD,MIDCPNIFTY24DEC12500PE,143.6,888.0,Monitoring
2024-12-02,10:20:00,HOLD,MIDCPNIFTY24DEC12500PE,145.9,612.0,Monitoring
2024-12-02,10:25:00,HOLD,MIDCPNIFTY24DEC12500PE,143.7,876.0,Monitoring
2024-12-02,10:30:00,HOLD,MIDCPNIFTY24DEC12500PE,144.9,732.0,Monitoring
2024-12-02,10:35:00,HOLD,MIDCPNIFTY24DEC12500PE,146.55,534.0,Monitoring
2024-12-02,10:40:00,HOLD,MIDCPNIFTY24DEC12500PE,148.0,360.0,Monitoring
2024-12-02,10:45:00,HOLD,MIDCPNIFTY24DEC12500PE,149.85,138.0,Monitoring
2024-12-02,10:50:00,HOLD,MIDCPNIFTY24DEC12500PE,152.3,-156.0,Monitoring
2024-12-02,10:55:00,HOLD,MIDCPNIFTY24DEC12500PE,149.15,222.0,Monitoring
2024-12-02,11:00:00,HOLD,MIDCPNIFTY24DEC12500PE,147.1,468.0,Monitoring
2024-12-02,11:05:00,HOLD,MIDCPNIFTY24DEC12500PE,148.2,336.0,Monitoring
2024-12-02,11:10:00,HOLD,MIDCPNIFTY24DEC12500PE,153.2,-264.0,Monitoring
2024-12-02,11:15:00,HOLD,MIDCPNIFTY24DEC12500PE,150.65,42.0,Monitoring
2024-12-02,11:20:00,HOLD,MIDCPNIFTY24DEC12500PE,150.05,114.0,Monitoring
2024-12-02,11:25:00,HOLD,MIDCPNIFTY24DEC12500PE,149.2,216.0,Monitoring
2024-12-02,11:30:00,HOLD,MIDCPNIFTY24DEC12500PE,148.05,354.0,Monitoring
2024-12-02,11:35:00,HOLD,MIDCPNIFTY24DEC12500PE,147.1,468.0,Monitoring
2024-12-02,11:40:00,HOLD,MIDCPNIFTY24DEC12500PE,143.25,930.0,Monitoring
2024-12-02,11:45:00,HOLD,MIDCPNIFTY24DEC12500PE,147.7,396.0,Monitoring
2024-12-02,11:50:00,HOLD,MIDCPNIFTY24DEC12500PE,146.6,528.0,Monitoring
2024-12-02,11:55:00,HOLD,MIDCPNIFTY24DEC12500PE,144.7,756.0,Monitoring
2024-12-02,12:00:00,HOLD,MIDCPNIFTY24DEC12500PE,144.6,768.0,Monitoring
2024-12-02,12:05:00,HOLD,MIDCPNIFTY24DEC12500PE,143.9,852.0,Monitoring
2024-12-02,12:10:00,HOLD,MIDCPNIFTY24DEC12500PE,145.8,624.0,Monitoring
2024-12-02,12:15:00,HOLD,MIDCPNIFTY24DEC12500PE,144.4,792.0,Monitoring
2024-12-02,12:20:00,HOLD,MIDCPNIFTY24DEC12500PE,142.55,1014.0,Monitoring
2024-12-02,12:25:00,HOLD,MIDCPNIFTY24DEC12500PE,139.85,1338.0,Monitoring
2024-12-02,12:30:00,HOLD,MIDCPNIFTY24DEC12500PE,141.75,1110.0,Monitoring
2024-12-02,12:35:00,HOLD,MIDCPNIFTY24DEC12500PE,141.15,1182.0,Monitoring
2024-12-02,12:40:00,HOLD,MIDCPNIFTY24DEC12500PE,141.8,1104.0,Monitoring
2024-12-02,12:45:00,HOLD,MIDCPNIFTY24DEC12500PE,139.4,1392.0,Monitoring
2024-12-02,12:50:00,HOLD,MIDCPNIFTY24DEC12500PE,140.95,1206.0,Monitoring
2024-12-02,12:55:00,HOLD,MIDCPNIFTY24DEC12500PE,138.9,1452.0,Monitoring
2024-12-02,13:00:00,HOLD,MIDCPNIFTY24DEC12500PE,141.0,1200.0,Monitoring
2024-12-02,13:05:00,HOLD,MIDCPNIFTY24DEC12500PE,141.5,1140.0,Monitoring
2024-12-02,13:10:00,HOLD,MIDCPNIFTY24DEC12500PE,140.55,1254.0,Monitoring
2024-12-02,13:15:00,HOLD,MIDCPNIFTY24DEC12500PE,143.0,960.0,Monitoring
2024-12-02,13:20:00,HOLD,MIDCPNIFTY24DEC12500PE,142.85,978.0,Monitoring
2024-12-02,13:25:00,HOLD,MIDCPNIFTY24DEC12500PE,144.2,816.0,Monitoring
2024-12-02,13:30:00,HOLD,MIDCPNIFTY24DEC12500PE,142.5,1020.0,Monitoring
2024-12-02,13:35:00,HOLD,MIDCPNIFTY24DEC12500PE,141.0,1200.0,Monitoring
2024-12-02,13:40:00,HOLD,MIDCPNIFTY24DEC12500PE,140.8,1224.0,Monitoring
2024-12-02,13:45:00,HOLD,MIDCPNIFTY24DEC12500PE,140.15,1302.0,Monitoring
2024-12-02,13:50:00,HOLD,MIDCPNIFTY24DEC12500PE,140.55,1254.0,Monitoring
2024-12-02,13:55:00,HOLD,MIDCPNIFTY24DEC12500PE,137.15,1662.0,Monitoring
2024-12-02,14:00:00,HOLD,MIDCPNIFTY24DEC12500PE,135.55,1854.0,Monitoring
2024-12-02,14:05:00,HOLD,MIDCPNIFTY24DEC12500PE,138.15,1542.0,Monitoring
2024-12-02,14:10:00,HOLD,MIDCPNIFTY24DEC12500PE,137.6,1608.0,Monitoring
2024-12-02,14:15:00,HOLD,MIDCPNIFTY24DEC12500PE,134.55,1974.0,Monitoring
2024-12-02,14:20:00,HOLD,MIDCPNIFTY24DEC12500PE,135.1,1908.0,Monitoring
2024-12-02,14:25:00,HOLD,MIDCPNIFTY24DEC12500PE,134.5,1980.0,Monitoring
2024-12-02,14:30:00,HOLD,MIDCPNIFTY24DEC12500PE,132.0,2280.0,Monitoring
2024-12-02,14:35:00,HOLD,MIDCPNIFTY24DEC12500PE,133.05,2154.0,Monitoring
2024-12-02,14:40:00,HOLD,MIDCPNIFTY24DEC12500PE,128.9,2652.0,Monitoring
2024-12-02,14:45:00,HOLD,MIDCPNIFTY24DEC12500PE,132.3,2244.0,Monitoring
2024-12-02,14:50:00,HOLD,MIDCPNIFTY24DEC12500PE,135.8,1824.0,Monitoring
2024-12-02,14:55:00,HOLD,MIDCPNIFTY24DEC12500PE,134.1,2028.0,Monitoring
2024-12-02,15:00:00,HOLD,MIDCPNIFTY24DEC12500PE,129.2,2616.0,Monitoring
2024-12-02,15:05:00,HOLD,MIDCPNIFTY24DEC12500PE,126.5,2940.0,Monitoring
2024-12-02,15:10:00,HOLD,MIDCPNIFTY24DEC12500PE,125.5,3060.0,Monitoring
2024-12-02,15:15:00,HOLD,MIDCPNIFTY24DEC12500PE,127.1,2868.0,Monitoring
2024-12-02,15:20:00,HOLD,MIDCPNIFTY24DEC12500PE,127.95,2766.0,Monitoring
2024-12-02,15:25:00,HOLD,MIDCPNIFTY24DEC12500PE,123.75,3270.0,Monitoring
2024-12-03,09:15:00,HOLD,MIDCPNIFTY24DEC12500PE,127.9,2772.0,Monitoring
2024-12-03,09:20:00,HOLD,MIDCPNIFTY24DEC12500PE,131.05,2394.0,Monitoring
2024-12-03,09:25:00,HOLD,MIDCPNIFTY24DEC12500PE,129.9,2532.0,Monitoring
2024-12-03,09:30:00,HOLD,MIDCPNIFTY24DEC12500PE,126.0,3000.0,Monitoring
2024-12-03,09:35:00,HOLD,MIDCPNIFTY24DEC12500PE,128.0,2760.0,Monitoring
2024-12-03,09:40:00,HOLD,MIDCPNIFTY24DEC12500PE,125.35,3078.0,Monitoring
2024-12-03,09:45:00,HOLD,MIDCPNIFTY24DEC12500PE,121.0,3600.0,Monitoring
2024-12-03,09:50:00,HOLD,MIDCPNIFTY24DEC12500PE,123.4,3312.0,Monitoring
2024-12-03,09:55:00,HOLD,MIDCPNIFTY24DEC12500PE,117.85,3978.0,Monitoring
2024-12-03,10:00:00,HOLD,MIDCPNIFTY24DEC12500PE,121.95,3486.0,Monitoring
2024-12-03,10:05:00,HOLD,MIDCPNIFTY24DEC12500PE,121.7,3516.0,Monitoring
2024-12-03,10:10:00,HOLD,MIDCPNIFTY24DEC12500PE,122.7,3396.0,Monitoring
2024-12-03,10:15:00,HOLD,MIDCPNIFTY24DEC12500PE,118.25,3930.0,Monitoring
2024-12-03,10:20:00,HOLD,MIDCPNIFTY24DEC12500PE,118.7,3876.0,Monitoring
2024-12-03,10:25:00,HOLD,MIDCPNIFTY24DEC12500PE,119.95,3726.0,Monitoring
2024-12-03,10:30:00,HOLD,MIDCPNIFTY24DEC12500PE,119.1,3828.0,Monitoring
2024-12-03,10:35:00,HOLD,MIDCPNIFTY24DEC12500PE,119.7,3756.0,Monitoring
2024-12-03,10:40:00,HOLD,MIDCPNIFTY24DEC12500PE,120.5,3660.0,Monitoring
2024-12-03,10:45:00,HOLD,MIDCPNIFTY24DEC12500PE,120.2,3696.0,Monitoring
2024-12-03,10:50:00,HOLD,MIDCPNIFTY24DEC12500PE,121.0,3600.0,Monitoring
2024-12-03,10:55:00,HOLD,MIDCPNIFTY24DEC12500PE,117.55,4014.0,Monitoring
2024-12-03,11:00:00,HOLD,MIDCPNIFTY24DEC12500PE,116.7,4116.0,Monitoring
2024-12-03,11:05:00,HOLD,MIDCPNIFTY24DEC12500PE,117.5,4020.0,Monitoring
2024-12-03,11:10:00,HOLD,MIDCPNIFTY24DEC12500PE,119.7,3756.0,Monitoring
2024-12-03,11:15:00,HOLD,MIDCPNIFTY24DEC12500PE,117.6,4008.0,Monitoring
2024-12-03,11:20:00,HOLD,MIDCPNIFTY24DEC12500PE,116.1,4188.0,Monitoring
2024-12-03,11:25:00,HOLD,MIDCPNIFTY24DEC12500PE,116.55,4134.0,Monitoring
2024-12-03,11:30:00,HOLD,MIDCPNIFTY24DEC12500PE,115.2,4296.0,Monitoring
2024-12-03,11:35:00,HOLD,MIDCPNIFTY24DEC12500PE,116.0,4200.0,Monitoring
2024-12-03,11:40:00,HOLD,MIDCPNIFTY24DEC12500PE,117.35,4038.0,Monitoring
2024-12-03,11:45:00,HOLD,MIDCPNIFTY24DEC12500PE,117.25,4050.0,Monitoring
2024-12-03,11:50:00,HOLD,MIDCPNIFTY24DEC12500PE,122.0,3480.0,Monitoring
2024-12-03,11:55:00,HOLD,MIDCPNIFTY24DEC12500PE,117.05,4074.0,Monitoring
2024-12-03,12:00:00,HOLD,MIDCPNIFTY24DEC12500PE,116.2,4176.0,Monitoring
2024-12-03,12:05:00,HOLD,MIDCPNIFTY24DEC12500PE,119.0,3840.0,Monitoring
2024-12-03,12:10:00,HOLD,MIDCPNIFTY24DEC12500PE,117.65,4002.0,Monitoring
2024-12-03,12:15:00,HOLD,MIDCPNIFTY24DEC12500PE,118.25,3930.0,Monitoring
2024-12-03,12:20:00,HOLD,MIDCPNIFTY24DEC12500PE,121.45,3546.0,Monitoring
2024-12-03,12:25:00,HOLD,MIDCPNIFTY24DEC12500PE,118.85,3858.0,Monitoring
2024-12-03,12:30:00,HOLD,MIDCPNIFTY24DEC12500PE,118.5,3900.0,Monitoring
2024-12-03,12:35:00,HOLD,MIDCPNIFTY24DEC12500PE,117.35,4038.0,Monitoring
2024-12-03,12:40:00,HOLD,MIDCPNIFTY24DEC12500PE,117.95,3966.0,Monitoring
2024-12-03,12:45:00,HOLD,MIDCPNIFTY24DEC12500PE,118.2,3936.0,Monitoring
2024-12-03,12:50:00,HOLD,MIDCPNIFTY24DEC12500PE,117.25,4050.0,Monitoring
2024-12-03,12:55:00,HOLD,MIDCPNIFTY24DEC12500PE,116.3,4164.0,Monitoring
2024-12-03,13:00:00,HOLD,MIDCPNIFTY24DEC12500PE,118.05,3954.0,Monitoring
2024-12-03,13:05:00,HOLD,MIDCPNIFTY24DEC12500PE,117.5,4020.0,Monitoring
2024-12-03,13:10:00,HOLD,MIDCPNIFTY24DEC12500PE,118.95,3846.0,Monitoring
2024-12-03,13:15:00,HOLD,MIDCPNIFTY24DEC12500PE,116.3,4164.0,Monitoring
2024-12-03,13:20:00,HOLD,MIDCPNIFTY24DEC12500PE,117.95,3966.0,Monitoring
2024-12-03,13:25:00,HOLD,MIDCPNIFTY24DEC12500PE,116.1,4188.0,Monitoring
2024-12-03,13:30:00,HOLD,MIDCPNIFTY24DEC12500PE,109.4,4992.0,Monitoring
2024-12-03,13:35:00,HOLD,MIDCPNIFTY24DEC12500PE,109.55,4974.0,Monitoring
2024-12-03,13:40:00,HOLD,MIDCPNIFTY24DEC12500PE,113.2,4536.0,Monitoring
2024-12-03,13:45:00,HOLD,MIDCPNIFTY24DEC12500PE,110.15,4902.0,Monitoring
2024-12-03,13:50:00,HOLD,MIDCPNIFTY24DEC12500PE,110.25,4890.0,Monitoring
2024-12-03,13:55:00,HOLD,MIDCPNIFTY24DEC12500PE,113.95,4446.0,Monitoring
2024-12-03,14:00:00,HOLD,MIDCPNIFTY24DEC12500PE,111.6,4728.0,Monitoring
2024-12-03,14:05:00,HOLD,MIDCPNIFTY24DEC12500PE,111.3,4764.0,Monitoring
2024-12-03,14:10:00,HOLD,MIDCPNIFTY24DEC12500PE,111.05,4794.0,Monitoring
2024-12-03,14:15:00,HOLD,MIDCPNIFTY24DEC12500PE,110.35,4878.0,Monitoring
2024-12-03,14:20:00,HOLD,MIDCPNIFTY24DEC12500PE,110.6,4848.0,Monitoring
2024-12-03,14:25:00,HOLD,MIDCPNIFTY24DEC12500PE,110.45,4866.0,Monitoring
2024-12-03,14:30:00,HOLD,MIDCPNIFTY24DEC12500PE,112.0,4680.0,Monitoring
2024-12-03,14:35:00,HOLD,MIDCPNIFTY24DEC12500PE,111.3,4764.0,Monitoring
2024-12-03,14:40:00,HOLD,MIDCPNIFTY24DEC12500PE,110.65,4842.0,Monitoring
2024-12-03,14:45:00,HOLD,MIDCPNIFTY24DEC12500PE,111.55,4734.0,Monitoring
2024-12-03,14:50:00,HOLD,MIDCPNIFTY24DEC12500PE,113.3,4524.0,Monitoring
2024-12-03,14:55:00,HOLD,MIDCPNIFTY24DEC12500PE,113.95,4446.0,Monitoring
2024-12-03,15:00:00,HOLD,MIDCPNIFTY24DEC12500PE,110.25,4890.0,Monitoring
2024-12-03,15:05:00,HOLD,MIDCPNIFTY24DEC12500PE,109.75,4950.0,Monitoring
2024-12-03,15:10:00,HOLD,MIDCPNIFTY24DEC12500PE,110.0,4920.0,Monitoring
2024-12-03,15:15:00,HOLD,MIDCPNIFTY24DEC12500PE,110.9,4812.0,Monitoring
2024-12-03,15:20:00,HOLD,MIDCPNIFTY24DEC12500PE,107.6,5208.0,Monitoring
2024-12-03,15:25:00,HOLD,MIDCPNIFTY24DEC12500PE,107.5,5220.0,Monitoring
2024-12-04,09:15:00,HOLD,MIDCPNIFTY24DEC12500PE,103.0,5760.0,Monitoring
2024-12-04,09:20:00,HOLD,MIDCPNIFTY24DEC12500PE,100.0,6120.0,Monitoring
2024-12-04,09:25:00,HOLD,MIDCPNIFTY24DEC12500PE,97.65,6402.0,Monitoring
2024-12-04,09:30:00,HOLD,MIDCPNIFTY24DEC12500PE,95.65,6642.0,Monitoring
2024-12-04,09:35:00,HOLD,MIDCPNIFTY24DEC12500PE,92.9,6972.0,Monitoring
2024-12-04,09:40:00,HOLD,MIDCPNIFTY24DEC12500PE,92.0,7080.0,Monitoring
2024-12-04,09:45:00,HOLD,MIDCPNIFTY24DEC12500PE,94.45,6786.0,Monitoring
2024-12-04,09:50:00,HOLD,MIDCPNIFTY24DEC12500PE,93.6,6888.0,Monitoring
2024-12-04,09:55:00,HOLD,MIDCPNIFTY24DEC12500PE,95.4,6672.0,Monitoring
2024-12-04,10:00:00,HOLD,MIDCPNIFTY24DEC12500PE,93.8,6864.0,Monitoring
2024-12-04,10:05:00,HOLD,MIDCPNIFTY24DEC12500PE,95.2,6696.0,Monitoring
2024-12-04,10:10:00,HOLD,MIDCPNIFTY24DEC12500PE,96.2,6576.0,Monitoring
2024-12-04,10:15:00,HOLD,MIDCPNIFTY24DEC12500PE,94.9,6732.0,Monitoring
2024-12-04,10:20:00,HOLD,MIDCPNIFTY24DEC12500PE,99.0,6240.0,Monitoring
2024-12-04,10:25:00,HOLD,MIDCPNIFTY24DEC12500PE,97.65,6402.0,Monitoring
2024-12-04,10:30:00,HOLD,MIDCPNIFTY24DEC12500PE,97.0,6480.0,Monitoring
2024-12-04,10:35:00,HOLD,MIDCPNIFTY24DEC12500PE,99.0,6240.0,Monitoring
2024-12-04,10:40:00,HOLD,MIDCPNIFTY24DEC12500PE,98.95,6246.0,Monitoring
2024-12-04,10:45:00,HOLD,MIDCPNIFTY24DEC12500PE,97.85,6378.0,Monitoring
2024-12-04,10:50:00,HOLD,MIDCPNIFTY24DEC12500PE,96.35,6558.0,Monitoring
2024-12-04,10:55:00,HOLD,MIDCPNIFTY24DEC12500PE,99.0,6240.0,Monitoring
2024-12-04,11:00:00,HOLD,MIDCPNIFTY24DEC12500PE,97.35,6438.0,Monitoring
2024-12-04,11:05:00,HOLD,MIDCPNIFTY24DEC12500PE,99.5,6180.0,Monitoring
2024-12-04,11:10:00,HOLD,MIDCPNIFTY24DEC12500PE,97.75,6390.0,Monitoring
2024-12-04,11:15:00,HOLD,MIDCPNIFTY24DEC12500PE,96.2,6576.0,Monitoring
2024-12-04,11:20:00,HOLD,MIDCPNIFTY24DEC12500PE,97.2,6456.0,Monitoring
2024-12-04,11:25:00,HOLD,MIDCPNIFTY24DEC12500PE,95.0,6720.0,Monitoring
2024-12-04,11:30:00,HOLD,MIDCPNIFTY24DEC12500PE,94.0,6840.0,Monitoring
2024-12-04,11:35:00,HOLD,MIDCPNIFTY24DEC12500PE,94.4,6792.0,Monitoring
2024-12-04,11:40:00,HOLD,MIDCPNIFTY24DEC12500PE,94.55,6774.0,Monitoring
2024-12-04,11:45:00,HOLD,MIDCPNIFTY24DEC12500PE,96.5,6540.0,Monitoring
2024-12-04,11:50:00,HOLD,MIDCPNIFTY24DEC12500PE,97.3,6444.0,Monitoring
2024-12-04,11:55:00,HOLD,MIDCPNIFTY24DEC12500PE,111.25,4770.0,Monitoring
2024-12-04,12:00:00,HOLD,MIDCPNIFTY24DEC12500PE,112.25,4650.0,Monitoring
2024-12-04,12:05:00,HOLD,MIDCPNIFTY24DEC12500PE,104.85,5538.0,Monitoring
2024-12-04,12:10:00,HOLD,MIDCPNIFTY24DEC12500PE,104.9,5532.0,Monitoring
2024-12-04,12:15:00,HOLD,MIDCPNIFTY24DEC12500PE,106.05,5394.0,Monitoring
2024-12-04,12:20:00,HOLD,MIDCPNIFTY24DEC12500PE,103.1,5748.0,Monitoring
2024-12-04,12:25:00,HOLD,MIDCPNIFTY24DEC12500PE,101.05,5994.0,Monitoring
2024-12-04,12:30:00,HOLD,MIDCPNIFTY24DEC12500PE,101.95,5886.0,Monitoring
2024-12-04,12:35:00,HOLD,MIDCPNIFTY24DEC12500PE,102.75,5790.0,Monitoring
2024-12-04,12:40:00,HOLD,MIDCPNIFTY24DEC12500PE,104.9,5532.0,Monitoring
2024-12-04,12:45:00,HOLD,MIDCPNIFTY24DEC12500PE,101.3,5964.0,Monitoring
2024-12-04,12:50:00,HOLD,MIDCPNIFTY24DEC12500PE,98.65,6282.0,Monitoring
2024-12-04,12:55:00,HOLD,MIDCPNIFTY24DEC12500PE,99.9,6132.0,Monitoring
2024-12-04,13:00:00,HOLD,MIDCPNIFTY24DEC12500PE,99.0,6240.0,Monitoring
2024-12-04,13:05:00,HOLD,MIDCPNIFTY24DEC12500PE,99.7,6156.0,Monitoring
2024-12-04,13:10:00,HOLD,MIDCPNIFTY24DEC12500PE,98.4,6312.0,Monitoring
2024-12-04,13:15:00,HOLD,MIDCPNIFTY24DEC12500PE,98.0,6360.0,Monitoring
2024-12-04,13:20:00,HOLD,MIDCPNIFTY24DEC12500PE,98.8,6264.0,Monitoring
2024-12-04,13:25:00,HOLD,MIDCPNIFTY24DEC12500PE,97.05,6474.0,Monitoring
2024-12-04,13:30:00,HOLD,MIDCPNIFTY24DEC12500PE,91.5,7140.0,Monitoring
2024-12-04,13:35:00,HOLD,MIDCPNIFTY24DEC12500PE,91.0,7200.0,Monitoring
2024-12-04,13:40:00,HOLD,MIDCPNIFTY24DEC12500PE,93.7,6876.0,Monitoring
2024-12-04,13:45:00,HOLD,MIDCPNIFTY24DEC12500PE,92.0,7080.0,Monitoring
2024-12-04,13:50:00,HOLD,MIDCPNIFTY24DEC12500PE,93.15,6942.0,Monitoring
2024-12-04,13:55:00,HOLD,MIDCPNIFTY24DEC12500PE,91.8,7104.0,Monitoring
2024-12-04,14:00:00,HOLD,MIDCPNIFTY24DEC12500PE,89.55,7374.0,Monitoring
2024-12-04,14:05:00,HOLD,MIDCPNIFTY24DEC12500PE,91.2,7176.0,Monitoring
2024-12-04,14:10:00,HOLD,MIDCPNIFTY24DEC12500PE,90.4,7272.0,Monitoring
2024-12-04,14:15:00,HOLD,MIDCPNIFTY24DEC12500PE,94.35,6798.0,Monitoring
2024-12-04,14:20:00,HOLD,MIDCPNIFTY24DEC12500PE,93.6,6888.0,Monitoring
2024-12-04,14:25:00,HOLD,MIDCPNIFTY24DEC12500PE,91.45,7146.0,Monitoring
2024-12-04,14:30:00,HOLD,MIDCPNIFTY24DEC12500PE,94.35,6798.0,Monitoring
2024-12-04,14:35:00,HOLD,MIDCPNIFTY24DEC12500PE,94.75,6750.0,Monitoring
2024-12-04,14:40:00,HOLD,MIDCPNIFTY24DEC12500PE,92.3,7044.0,Monitoring
2024-12-04,14:45:00,HOLD,MIDCPNIFTY24DEC12500PE,92.75,6990.0,Monitoring
2024-12-04,14:50:00,HOLD,MIDCPNIFTY24DEC12500PE,93.85,6858.0,Monitoring
2024-12-04,14:55:00,HOLD,MIDCPNIFTY24DEC12500PE,92.8,6984.0,Monitoring
2024-12-04,15:00:00,HOLD,MIDCPNIFTY24DEC12500PE,90.7,7236.0,Monitoring
2024-12-04,15:05:00,HOLD,MIDCPNIFTY24DEC12500PE,90.1,7308.0,Monitoring
2024-12-04,15:10:00,HOLD,MIDCPNIFTY24DEC12500PE,87.3,7644.0,Monitoring
2024-12-04,15:15:00,HOLD,MIDCPNIFTY24DEC12500PE,86.2,7776.0,Monitoring
2024-12-04,15:20:00,HOLD,MIDCPNIFTY24DEC12500PE,86.2,7776.0,Monitoring
2024-12-04,15:25:00,HOLD,MIDCPNIFTY24DEC12500PE,79.8,8544.0,Monitoring
2024-12-05,09:15:00,HOLD,MIDCPNIFTY24DEC12500PE,79.5,8580.0,Monitoring
2024-12-05,09:20:00,HOLD,MIDCPNIFTY24DEC12500PE,80.15,8502.0,Monitoring
2024-12-05,09:25:00,HOLD,MIDCPNIFTY24DEC12500PE,81.0,8400.0,Monitoring
2024-12-05,09:30:00,HOLD,MIDCPNIFTY24DEC12500PE,83.0,8160.0,Monitoring
2024-12-05,09:35:00,HOLD,MIDCPNIFTY24DEC12500PE,86.0,7800.0,Monitoring
2024-12-05,09:40:00,HOLD,MIDCPNIFTY24DEC12500PE,87.15,7662.0,Monitoring
2024-12-05,09:45:00,HOLD,MIDCPNIFTY24DEC12500PE,90.0,7320.0,Monitoring
2024-12-05,09:50:00,HOLD,MIDCPNIFTY24DEC12500PE,93.45,6906.0,Monitoring
2024-12-05,09:55:00,HOLD,MIDCPNIFTY24DEC12500PE,89.0,7440.0,Monitoring
2024-12-05,10:00:00,HOLD,MIDCPNIFTY24DEC12500PE,87.05,7674.0,Monitoring
2024-12-05,10:05:00,HOLD,MIDCPNIFTY24DEC12500PE,89.8,7344.0,Monitoring
2024-12-05,10:10:00,HOLD,MIDCPNIFTY24DEC12500PE,91.6,7128.0,Monitoring
2024-12-05,10:15:00,HOLD,MIDCPNIFTY24DEC12500PE,92.45,7026.0,Monitoring
2024-12-05,10:20:00,HOLD,MIDCPNIFTY24DEC12500PE,87.05,7674.0,Monitoring
2024-12-05,10:25:00,HOLD,MIDCPNIFTY24DEC12500PE,88.9,7452.0,Monitoring
2024-12-05,10:30:00,HOLD,MIDCPNIFTY24DEC12500PE,87.95,7566.0,Monitoring
2024-12-05,10:35:00,HOLD,MIDCPNIFTY24DEC12500PE,89.8,7344.0,Monitoring
2024-12-05,10:40:00,HOLD,MIDCPNIFTY24DEC12500PE,88.6,7488.0,Monitoring
2024-12-05,10:45:00,HOLD,MIDCPNIFTY24DEC12500PE,89.85,7338.0,Monitoring
2024-12-05,10:50:00,HOLD,MIDCPNIFTY24DEC12500PE,87.15,7662.0,Monitoring
2024-12-05,10:55:00,HOLD,MIDCPNIFTY24DEC12500PE,96.3,6564.0,Monitoring
2024-12-05,11:00:00,HOLD,MIDCPNIFTY24DEC12500PE,94.55,6774.0,Monitoring
2024-12-05,11:05:00,HOLD,MIDCPNIFTY24DEC12500PE,95.9,6612.0,Monitoring
2024-12-05,11:10:00,HOLD,MIDCPNIFTY24DEC12500PE,98.0,6360.0,Monitoring
2024-12-05,11:15:00,HOLD,MIDCPNIFTY24DEC12500PE,100.4,6072.0,Monitoring
2024-12-05,11:20:00,HOLD,MIDCPNIFTY24DEC12500PE,99.0,6240.0,Monitoring
2024-12-05,11:25:00,HOLD,MIDCPNIFTY24DEC12500PE,97.85,6378.0,Monitoring
2024-12-05,11:30:00,HOLD,MIDCPNIFTY24DEC12500PE,100.55,6054.0,Monitoring
2024-12-05,11:35:00,HOLD,MIDCPNIFTY24DEC12500PE,98.95,6246.0,Monitoring
2024-12-05,11:40:00,HOLD,MIDCPNIFTY24DEC12500PE,96.95,6486.0,Monitoring
2024-12-05,11:45:00,HOLD,MIDCPNIFTY24DEC12500PE,98.0,6360.0,Monitoring
2024-12-05,11:50:00,HOLD,MIDCPNIFTY24DEC12500PE,98.0,6360.0,Monitoring
2024-12-05,11:55:00,HOLD,MIDCPNIFTY24DEC12500PE,99.75,6150.0,Monitoring
2024-12-05,12:00:00,HOLD,MIDCPNIFTY24DEC12500PE,93.75,6870.0,Monitoring
2024-12-05,12:05:00,HOLD,MIDCPNIFTY24DEC12500PE,86.8,7704.0,Monitoring
2024-12-05,12:10:00,HOLD,MIDCPNIFTY24DEC12500PE,81.5,8340.0,Monitoring
2024-12-05,12:15:00,HOLD,MIDCPNIFTY24DEC12500PE,79.0,8640.0,Monitoring
2024-12-05,12:20:00,HOLD,MIDCPNIFTY24DEC12500PE,82.8,8184.0,Monitoring
2024-12-05,12:25:00,HOLD,MIDCPNIFTY24DEC12500PE,83.2,8136.0,Monitoring
2024-12-05,12:30:00,HOLD,MIDCPNIFTY24DEC12500PE,83.45,8106.0,Monitoring
2024-12-05,12:35:00,HOLD,MIDCPNIFTY24DEC12500PE,86.6,7728.0,Monitoring
2024-12-05,12:40:00,HOLD,MIDCPNIFTY24DEC12500PE,85.25,7890.0,Monitoring
2024-12-05,12:45:00,HOLD,MIDCPNIFTY24DEC12500PE,84.8,7944.0,Monitoring
2024-12-05,12:50:00,HOLD,MIDCPNIFTY24DEC12500PE,83.55,8094.0,Monitoring
2024-12-05,12:55:00,HOLD,MIDCPNIFTY24DEC12500PE,84.0,8040.0,Monitoring
2024-12-05,13:00:00,HOLD,MIDCPNIFTY24DEC12500PE,85.5,7860.0,Monitoring
2024-12-05,13:05:00,HOLD,MIDCPNIFTY24DEC12500PE,85.3,7884.0,Monitoring
2024-12-05,13:10:00,HOLD,MIDCPNIFTY24DEC12500PE,82.1,8268.0,Monitoring
2024-12-05,13:15:00,HOLD,MIDCPNIFTY24DEC12500PE,83.55,8094.0,Monitoring
2024-12-05,13:20:00,HOLD,MIDCPNIFTY24DEC12500PE,85.75,7830.0,Monitoring
2024-12-05,13:25:00,HOLD,MIDCPNIFTY24DEC12500PE,86.65,7722.0,Monitoring
2024-12-05,13:30:00,HOLD,MIDCPNIFTY24DEC12500PE,83.0,8160.0,Monitoring
2024-12-05,13:35:00,HOLD,MIDCPNIFTY24DEC12500PE,81.5,8340.0,Monitoring
2024-12-05,13:40:00,HOLD,MIDCPNIFTY24DEC12500PE,85.2,7896.0,Monitoring
2024-12-05,13:45:00,HOLD,MIDCPNIFTY24DEC12500PE,83.1,8148.0,Monitoring
2024-12-05,13:50:00,HOLD,MIDCPNIFTY24DEC12500PE,84.9,7932.0,Monitoring
2024-12-05,13:55:00,HOLD,MIDCPNIFTY24DEC12500PE,83.95,8046.0,Monitoring
2024-12-05,14:00:00,HOLD,MIDCPNIFTY24DEC12500PE,86.0,7800.0,Monitoring
2024-12-05,14:05:00,HOLD,MIDCPNIFTY24DEC12500PE,84.0,8040.0,Monitoring
2024-12-05,14:10:00,HOLD,MIDCPNIFTY24DEC12500PE,80.6,8448.0,Monitoring
2024-12-05,14:15:00,HOLD,MIDCPNIFTY24DEC12500PE,78.65,8682.0,Monitoring
2024-12-05,14:20:00,HOLD,MIDCPNIFTY24DEC12500PE,78.6,8688.0,Monitoring
2024-12-05,14:25:00,HOLD,MIDCPNIFTY24DEC12500PE,75.35,9078.0,Monitoring
2024-12-05,14:30:00,HOLD,MIDCPNIFTY24DEC12500PE,75.35,9078.0,Monitoring
2024-12-05,14:35:00,HOLD,MIDCPNIFTY24DEC12500PE,79.05,8634.0,Monitoring
2024-12-05,14:40:00,HOLD,MIDCPNIFTY24DEC12500PE,75.6,9048.0,Monitoring
2024-12-05,14:45:00,HOLD,MIDCPNIFTY24DEC12500PE,75.85,9018.0,Monitoring
2024-12-05,14:50:00,HOLD,MIDCPNIFTY24DEC12500PE,81.65,8322.0,Monitoring
2024-12-05,14:55:00,HOLD,MIDCPNIFTY24DEC12500PE,86.2,7776.0,Monitoring
2024-12-05,15:00:00,HOLD,MIDCPNIFTY24DEC12500PE,78.35,8718.0,Monitoring
2024-12-05,15:05:00,HOLD,MIDCPNIFTY24DEC12500PE,77.25,8850.0,Monitoring
2024-12-05,15:10:00,HOLD,MIDCPNIFTY24DEC12500PE,74.0,9240.0,Monitoring
2024-12-05,15:15:00,HOLD,MIDCPNIFTY24DEC12500PE,74.1,9228.0,Monitoring
2024-12-05,15:20:00,HOLD,MIDCPNIFTY24DEC12500PE,72.15,9462.0,Monitoring
2024-12-05,15:25:00,HOLD,MIDCPNIFTY24DEC12500PE,71.65,9522.0,Monitoring
2024-12-06,09:15:00,HOLD,MIDCPNIFTY24DEC12500PE,78.35,8718.0,Monitoring
2024-12-06,09:20:00,HOLD,MIDCPNIFTY24DEC12500PE,76.85,8898.0,Monitoring
2024-12-06,09:25:00,HOLD,MIDCPNIFTY24DEC12500PE,78.25,8730.0,Monitoring
2024-12-06,09:30:00,HOLD,MIDCPNIFTY24DEC12500PE,78.6,8688.0,Monitoring
2024-12-06,09:35:00,HOLD,MIDCPNIFTY24DEC12500PE,76.8,8904.0,Monitoring
2024-12-06,09:40:00,HOLD,MIDCPNIFTY24DEC12500PE,73.35,9318.0,Monitoring
2024-12-06,09:45:00,HOLD,MIDCPNIFTY24DEC12500PE,72.8,9384.0,Monitoring
2024-12-06,09:50:00,HOLD,MIDCPNIFTY24DEC12500PE,72.9,9372.0,Monitoring
2024-12-06,09:55:00,HOLD,MIDCPNIFTY24DEC12500PE,76.0,9000.0,Monitoring
2024-12-06,10:00:00,HOLD,MIDCPNIFTY24DEC12500PE,70.85,9618.0,Monitoring
2024-12-06,10:05:00,HOLD,MIDCPNIFTY24DEC12500PE,77.8,8784.0,Monitoring
2024-12-06,10:10:00,HOLD,MIDCPNIFTY24DEC12500PE,72.65,9402.0,Monitoring
2024-12-06,10:15:00,HOLD,MIDCPNIFTY24DEC12500PE,74.75,9150.0,Monitoring
2024-12-06,10:20:00,HOLD,MIDCPNIFTY24DEC12500PE,65.2,10296.0,Monitoring
2024-12-06,10:25:00,HOLD,MIDCPNIFTY24DEC12500PE,66.75,10110.0,Monitoring
2024-12-06,10:30:00,HOLD,MIDCPNIFTY24DEC12500PE,63.9,10452.0,Monitoring
2024-12-06,10:35:00,HOLD,MIDCPNIFTY24DEC12500PE,66.5,10140.0,Monitoring
2024-12-06,10:40:00,HOLD,MIDCPNIFTY24DEC12500PE,62.35,10638.0,Monitoring
2024-12-06,10:45:00,HOLD,MIDCPNIFTY24DEC12500PE,61.35,10758.0,Monitoring
2024-12-06,10:50:00,HOLD,MIDCPNIFTY24DEC12500PE,62.0,10680.0,Monitoring
2024-12-06,10:55:00,HOLD,MIDCPNIFTY24DEC12500PE,61.2,10776.0,Monitoring
2024-12-06,11:00:00,HOLD,MIDCPNIFTY24DEC12500PE,61.8,10704.0,Monitoring
2024-12-06,11:05:00,HOLD,MIDCPNIFTY24DEC12500PE,61.0,10800.0,Monitoring
2024-12-06,11:10:00,HOLD,MIDCPNIFTY24DEC12500PE,63.35,10518.0,Monitoring
2024-12-06,11:15:00,HOLD,MIDCPNIFTY24DEC12500PE,64.65,10362.0,Monitoring
2024-12-06,11:20:00,HOLD,MIDCPNIFTY24DEC12500PE,64.3,10404.0,Monitoring
2024-12-06,11:25:00,HOLD,MIDCPNIFTY24DEC12500PE,65.4,10272.0,Monitoring
2024-12-06,11:30:00,HOLD,MIDCPNIFTY24DEC12500PE,65.3,10284.0,Monitoring
2024-12-06,11:35:00,HOLD,MIDCPNIFTY24DEC12500PE,62.9,10572.0,Monitoring
2024-12-06,11:40:00,HOLD,MIDCPNIFTY24DEC12500PE,62.65,10602.0,Monitoring
2024-12-06,11:45:00,HOLD,MIDCPNIFTY24DEC12500PE,66.05,10194.0,Monitoring
2024-12-06,11:50:00,HOLD,MIDCPNIFTY24DEC12500PE,66.45,10146.0,Monitoring
2024-12-06,11:55:00,HOLD,MIDCPNIFTY24DEC12500PE,62.0,10680.0,Monitoring
2024-12-06,12:00:00,HOLD,MIDCPNIFTY24DEC12500PE,63.0,10560.0,Monitoring
2024-12-06,12:05:00,HOLD,MIDCPNIFTY24DEC12500PE,64.05,10434.0,Monitoring
2024-12-06,12:10:00,HOLD,MIDCPNIFTY24DEC12500PE,63.8,10464.0,Monitoring
2024-12-06,12:15:00,HOLD,MIDCPNIFTY24DEC12500PE,64.85,10338.0,Monitoring
2024-12-06,12:20:00,HOLD,MIDCPNIFTY24DEC12500PE,62.1,10668.0,Monitoring
2024-12-06,12:25:00,HOLD,MIDCPNIFTY24DEC12500PE,62.0,10680.0,Monitoring
2024-12-06,12:30:00,HOLD,MIDCPNIFTY24DEC12500PE,61.0,10800.0,Monitoring
2024-12-06,12:35:00,HOLD,MIDCPNIFTY24DEC12500PE,61.2,10776.0,Monitoring
2024-12-06,12:40:00,HOLD,MIDCPNIFTY24DEC12500PE,60.25,10890.0,Monitoring
2024-12-06,12:45:00,HOLD,MIDCPNIFTY24DEC12500PE,59.4,10992.0,Monitoring
2024-12-06,12:50:00,HOLD,MIDCPNIFTY24DEC12500PE,60.2,10896.0,Monitoring
2024-12-06,12:55:00,HOLD,MIDCPNIFTY24DEC12500PE,60.6,10848.0,Monitoring
2024-12-06,13:00:00,HOLD,MIDCPNIFTY24DEC12500PE,60.55,10854.0,Monitoring
2024-12-06,13:05:00,HOLD,MIDCPNIFTY24DEC12500PE,60.0,10920.0,Monitoring
2024-12-06,13:10:00,HOLD,MIDCPNIFTY24DEC12500PE,59.5,10980.0,Monitoring
2024-12-06,13:15:00,HOLD,MIDCPNIFTY24DEC12500PE,60.3,10884.0,Monitoring
2024-12-06,13:20:00,HOLD,MIDCPNIFTY24DEC12500PE,60.0,10920.0,Monitoring
2024-12-06,13:25:00,HOLD,MIDCPNIFTY24DEC12500PE,61.0,10800.0,Monitoring
2024-12-06,13:30:00,HOLD,MIDCPNIFTY24DEC12500PE,59.6,10968.0,Monitoring
2024-12-06,13:35:00,HOLD,MIDCPNIFTY24DEC12500PE,61.15,10782.0,Monitoring
2024-12-06,13:40:00,HOLD,MIDCPNIFTY24DEC12500PE,59.6,10968.0,Monitoring
2024-12-06,13:45:00,HOLD,MIDCPNIFTY24DEC12500PE,59.55,10974.0,Monitoring
2024-12-06,13:50:00,HOLD,MIDCPNIFTY24DEC12500PE,60.6,10848.0,Monitoring
2024-12-06,13:55:00,HOLD,MIDCPNIFTY24DEC12500PE,59.95,10926.0,Monitoring
2024-12-06,14:00:00,HOLD,MIDCPNIFTY24DEC12500PE,59.4,10992.0,Monitoring
2024-12-06,14:05:00,HOLD,MIDCPNIFTY24DEC12500PE,58.6,11088.0,Monitoring
2024-12-06,14:10:00,HOLD,MIDCPNIFTY24DEC12500PE,59.0,11040.0,Monitoring
2024-12-06,14:15:00,HOLD,MIDCPNIFTY24DEC12500PE,59.25,11010.0,Monitoring
2024-12-06,14:20:00,HOLD,MIDCPNIFTY24DEC12500PE,59.45,10986.0,Monitoring
2024-12-06,14:25:00,HOLD,MIDCPNIFTY24DEC12500PE,60.5,10860.0,Monitoring
2024-12-06,14:30:00,HOLD,MIDCPNIFTY24DEC12500PE,61.7,10716.0,Monitoring
2024-12-06,14:35:00,HOLD,MIDCPNIFTY24DEC12500PE,60.85,10818.0,Monitoring
2024-12-06,14:40:00,HOLD,MIDCPNIFTY24DEC12500PE,60.45,10866.0,Monitoring
2024-12-06,14:45:00,HOLD,MIDCPNIFTY24DEC12500PE,61.65,10722.0,Monitoring
2024-12-06,14:50:00,HOLD,MIDCPNIFTY24DEC12500PE,60.75,10830.0,Monitoring
2024-12-06,14:55:00,HOLD,MIDCPNIFTY24DEC12500PE,61.0,10800.0,Monitoring
2024-12-06,15:00:00,HOLD,MIDCPNIFTY24DEC12500PE,61.2,10776.0,Monitoring
2024-12-06,15:05:00,HOLD,MIDCPNIFTY24DEC12500PE,59.75,10950.0,Monitoring
2024-12-06,15:10:00,HOLD,MIDCPNIFTY24DEC12500PE,59.6,10968.0,Monitoring
2024-12-06,15:15:00,HOLD,MIDCPNIFTY24DEC12500PE,59.7,10956.0,Monitoring
2024-12-06,15:20:00,HOLD,MIDCPNIFTY24DEC12500PE,61.2,10776.0,Monitoring
2024-12-06,15:25:00,HOLD,MIDCPNIFTY24DEC12500PE,61.4,10752.0,Monitoring
2024-12-09,09:15:00,HOLD,MIDCPNIFTY24DEC12500PE,59.8,10944.0,Monitoring
2024-12-09,09:20:00,HOLD,MIDCPNIFTY24DEC12500PE,55.8,11424.0,Monitoring
2024-12-09,09:25:00,HOLD,MIDCPNIFTY24DEC12500PE,57.8,11184.0,Monitoring
2024-12-09,09:30:00,HOLD,MIDCPNIFTY24DEC12500PE,58.35,11118.0,Monitoring
2024-12-09,09:35:00,HOLD,MIDCPNIFTY24DEC12500PE,58.6,11088.0,Monitoring
2024-12-09,09:40:00,HOLD,MIDCPNIFTY24DEC12500PE,59.55,10974.0,Monitoring
2024-12-09,09:45:00,HOLD,MIDCPNIFTY24DEC12500PE,58.6,11088.0,Monitoring
2024-12-09,09:50:00,HOLD,MIDCPNIFTY24DEC12500PE,60.65,10842.0,Monitoring
2024-12-09,09:55:00,HOLD,MIDCPNIFTY24DEC12500PE,59.3,11004.0,Monitoring
2024-12-09,10:00:00,HOLD,MIDCPNIFTY24DEC12500PE,61.6,10728.0,Monitoring
2024-12-09,10:05:00,HOLD,MIDCPNIFTY24DEC12500PE,63.0,10560.0,Monitoring
2024-12-09,10:10:00,HOLD,MIDCPNIFTY24DEC12500PE,62.6,10608.0,Monitoring
2024-12-09,10:15:00,HOLD,MIDCPNIFTY24DEC12500PE,60.05,10914.0,Monitoring
2024-12-09,10:20:00,HOLD,MIDCPNIFTY24DEC12500PE,57.7,11196.0,Monitoring
2024-12-09,10:25:00,HOLD,MIDCPNIFTY24DEC12500PE,58.1,11148.0,Monitoring
2024-12-09,10:30:00,HOLD,MIDCPNIFTY24DEC12500PE,59.75,10950.0,Monitoring
2024-12-09,10:35:00,HOLD,MIDCPNIFTY24DEC12500PE,59.1,11028.0,Monitoring
2024-12-09,10:40:00,HOLD,MIDCPNIFTY24DEC12500PE,57.65,11202.0,Monitoring
2024-12-09,10:45:00,HOLD,MIDCPNIFTY24DEC12500PE,56.3,11364.0,Monitoring
2024-12-09,10:50:00,HOLD,MIDCPNIFTY24DEC12500PE,56.2,11376.0,Monitoring
2024-12-09,10:55:00,HOLD,MIDCPNIFTY24DEC12500PE,57.6,11208.0,Monitoring
2024-12-09,11:00:00,HOLD,MIDCPNIFTY24DEC12500PE,57.3,11244.0,Monitoring
2024-12-09,11:05:00,HOLD,MIDCPNIFTY24DEC12500PE,57.25,11250.0,Monitoring
2024-12-09,11:10:00,HOLD,MIDCPNIFTY24DEC12500PE,56.05,11394.0,Monitoring
2024-12-09,11:15:00,HOLD,MIDCPNIFTY24DEC12500PE,55.9,11412.0,Monitoring
2024-12-09,11:20:00,HOLD,MIDCPNIFTY24DEC12500PE,55.7,11436.0,Monitoring
2024-12-09,11:25:00,HOLD,MIDCPNIFTY24DEC12500PE,55.1,11508.0,Monitoring
2024-12-09,11:30:00,HOLD,MIDCPNIFTY24DEC12500PE,55.85,11418.0,Monitoring
2024-12-09,11:35:00,HOLD,MIDCPNIFTY24DEC12500PE,55.3,11484.0,Monitoring
2024-12-09,11:40:00,HOLD,MIDCPNIFTY24DEC12500PE,54.4,11592.0,Monitoring
2024-12-09,11:45:00,HOLD,MIDCPNIFTY24DEC12500PE,55.55,11454.0,Monitoring
2024-12-09,11:50:00,HOLD,MIDCPNIFTY24DEC12500PE,55.15,11502.0,Monitoring
2024-12-09,11:55:00,HOLD,MIDCPNIFTY24DEC12500PE,54.8,11544.0,Monitoring
2024-12-09,12:00:00,HOLD,MIDCPNIFTY24DEC12500PE,54.5,11580.0,Monitoring
2024-12-09,12:05:00,HOLD,MIDCPNIFTY24DEC12500PE,54.6,11568.0,Monitoring
2024-12-09,12:10:00,HOLD,MIDCPNIFTY24DEC12500PE,54.75,11550.0,Monitoring
2024-12-09,12:15:00,HOLD,MIDCPNIFTY24DEC12500PE,54.7,11556.0,Monitoring
2024-12-09,12:20:00,HOLD,MIDCPNIFTY24DEC12500PE,55.2,11496.0,Monitoring
2024-12-09,12:25:00,HOLD,MIDCPNIFTY24DEC12500PE,55.15,11502.0,Monitoring
2024-12-09,12:30:00,HOLD,MIDCPNIFTY24DEC12500PE,57.2,11256.0,Monitoring
2024-12-09,12:35:00,HOLD,MIDCPNIFTY24DEC12500PE,56.95,11286.0,Monitoring
2024-12-09,12:40:00,HOLD,MIDCPNIFTY24DEC12500PE,53.65,11682.0,Monitoring
2024-12-09,12:45:00,HOLD,MIDCPNIFTY24DEC12500PE,54.4,11592.0,Monitoring
2024-12-09,12:50:00,HOLD,MIDCPNIFTY24DEC12500PE,54.8,11544.0,Monitoring
2024-12-09,12:55:00,HOLD,MIDCPNIFTY24DEC12500PE,54.7,11556.0,Monitoring
2024-12-09,13:00:00,HOLD,MIDCPNIFTY24DEC12500PE,57.9,11172.0,Monitoring
2024-12-09,13:05:00,HOLD,MIDCPNIFTY24DEC12500PE,55.45,11466.0,Monitoring
2024-12-09,13:10:00,HOLD,MIDCPNIFTY24DEC12500PE,54.75,11550.0,Monitoring
2024-12-09,13:15:00,HOLD,MIDCPNIFTY24DEC12500PE,55.25,11490.0,Monitoring
2024-12-09,13:20:00,HOLD,MIDCPNIFTY24DEC12500PE,55.3,11484.0,Monitoring
2024-12-09,13:25:00,HOLD,MIDCPNIFTY24DEC12500PE,56.25,11370.0,Monitoring
2024-12-09,13:30:00,HOLD,MIDCPNIFTY24DEC12500PE,55.6,11448.0,Monitoring
2024-12-09,13:35:00,HOLD,MIDCPNIFTY24DEC12500PE,56.3,11364.0,Monitoring
2024-12-09,13:40:00,HOLD,MIDCPNIFTY24DEC12500PE,54.95,11526.0,Monitoring
2024-12-09,13:45:00,HOLD,MIDCPNIFTY24DEC12500PE,55.75,11430.0,Monitoring
2024-12-09,13:50:00,HOLD,MIDCPNIFTY24DEC12500PE,55.1,11508.0,Monitoring
2024-12-09,13:55:00,HOLD,MIDCPNIFTY24DEC12500PE,55.1,11508.0,Monitoring
2024-12-09,14:00:00,HOLD,MIDCPNIFTY24DEC12500PE,55.9,11412.0,Monitoring
2024-12-09,14:05:00,HOLD,MIDCPNIFTY24DEC12500PE,57.4,11232.0,Monitoring
2024-12-09,14:10:00,HOLD,MIDCPNIFTY24DEC12500PE,58.45,11106.0,Monitoring
2024-12-09,14:15:00,HOLD,MIDCPNIFTY24DEC12500PE,56.95,11286.0,Monitoring
2024-12-09,14:20:00,HOLD,MIDCPNIFTY24DEC12500PE,58.3,11124.0,Monitoring
2024-12-09,14:25:00,HOLD,MIDCPNIFTY24DEC12500PE,58.6,11088.0,Monitoring
2024-12-09,14:30:00,HOLD,MIDCPNIFTY24DEC12500PE,56.15,11382.0,Monitoring
2024-12-09,14:35:00,HOLD,MIDCPNIFTY24DEC12500PE,58.1,11148.0,Monitoring
2024-12-09,14:40:00,HOLD,MIDCPNIFTY24DEC12500PE,58.3,11124.0,Monitoring
2024-12-09,14:45:00,HOLD,MIDCPNIFTY24DEC12500PE,57.7,11196.0,Monitoring
2024-12-09,14:50:00,HOLD,MIDCPNIFTY24DEC12500PE,57.5,11220.0,Monitoring
2024-12-09,14:55:00,HOLD,MIDCPNIFTY24DEC12500PE,56.2,11376.0,Monitoring
2024-12-09,15:00:00,HOLD,MIDCPNIFTY24DEC12500PE,56.55,11334.0,Monitoring
2024-12-09,15:05:00,HOLD,MIDCPNIFTY24DEC12500PE,54.9,11532.0,Monitoring
2024-12-09,15:10:00,HOLD,MIDCPNIFTY24DEC12500PE,56.0,11400.0,Monitoring
2024-12-09,15:15:00,HOLD,MIDCPNIFTY24DEC12500PE,55.1,11508.0,Monitoring
2024-12-09,15:20:00,HOLD,MIDCPNIFTY24DEC12500PE,55.4,11472.0,Monitoring
2024-12-09,15:25:00,HOLD,MIDCPNIFTY24DEC12500PE,54.0,11640.0,Monitoring
2024-12-10,09:15:00,HOLD,MIDCPNIFTY24DEC12500PE,53.85,11658.0,Monitoring
2024-12-10,09:20:00,HOLD,MIDCPNIFTY24DEC12500PE,50.6,12048.0,Monitoring
2024-12-10,09:25:00,HOLD,MIDCPNIFTY24DEC12500PE,53.55,11694.0,Monitoring
2024-12-10,09:30:00,HOLD,MIDCPNIFTY24DEC12500PE,51.8,11904.0,Monitoring
2024-12-10,09:35:00,HOLD,MIDCPNIFTY24DEC12500PE,51.2,11976.0,Monitoring
2024-12-10,09:40:00,HOLD,MIDCPNIFTY24DEC12500PE,49.35,12198.0,Monitoring
2024-12-10,09:45:00,HOLD,MIDCPNIFTY24DEC12500PE,49.95,12126.0,Monitoring
2024-12-10,09:50:00,HOLD,MIDCPNIFTY24DEC12500PE,49.1,12228.0,Monitoring
2024-12-10,09:55:00,HOLD,MIDCPNIFTY24DEC12500PE,47.65,12402.0,Monitoring
2024-12-10,10:00:00,HOLD,MIDCPNIFTY24DEC12500PE,48.3,12324.0,Monitoring
2024-12-10,10:05:00,HOLD,MIDCPNIFTY24DEC12500PE,49.25,12210.0,Monitoring
2024-12-10,10:10:00,HOLD,MIDCPNIFTY24DEC12500PE,48.0,12360.0,Monitoring
2024-12-10,10:15:00,HOLD,MIDCPNIFTY24DEC12500PE,47.3,12444.0,Monitoring
2024-12-10,10:20:00,HOLD,MIDCPNIFTY24DEC12500PE,47.15,12462.0,Monitoring
2024-12-10,10:25:00,HOLD,MIDCPNIFTY24DEC12500PE,45.0,12720.0,Monitoring
2024-12-10,10:30:00,HOLD,MIDCPNIFTY24DEC12500PE,45.5,12660.0,Monitoring
2024-12-10,10:35:00,HOLD,MIDCPNIFTY24DEC12500PE,46.3,12564.0,Monitoring
2024-12-10,10:40:00,HOLD,MIDCPNIFTY24DEC12500PE,45.2,12696.0,Monitoring
2024-12-10,10:45:00,HOLD,MIDCPNIFTY24DEC12500PE,45.4,12672.0,Monitoring
2024-12-10,10:50:00,HOLD,MIDCPNIFTY24DEC12500PE,45.1,12708.0,Monitoring
2024-12-10,10:55:00,HOLD,MIDCPNIFTY24DEC12500PE,44.5,12780.0,Monitoring
2024-12-10,11:00:00,HOLD,MIDCPNIFTY24DEC12500PE,45.1,12708.0,Monitoring
2024-12-10,11:05:00,HOLD,MIDCPNIFTY24DEC12500PE,43.2,12936.0,Monitoring
2024-12-10,11:10:00,HOLD,MIDCPNIFTY24DEC12500PE,42.8,12984.0,Monitoring
2024-12-10,11:15:00,HOLD,MIDCPNIFTY24DEC12500PE,42.8,12984.0,Monitoring
2024-12-10,11:20:00,HOLD,MIDCPNIFTY24DEC12500PE,42.05,13074.0,Monitoring
2024-12-10,11:25:00,HOLD,MIDCPNIFTY24DEC12500PE,41.35,13158.0,Monitoring
2024-12-10,11:30:00,HOLD,MIDCPNIFTY24DEC12500PE,40.2,13296.0,Monitoring
2024-12-10,11:35:00,HOLD,MIDCPNIFTY24DEC12500PE,40.55,13254.0,Monitoring
2024-12-10,11:40:00,HOLD,MIDCPNIFTY24DEC12500PE,38.65,13482.0,Monitoring
2024-12-10,11:45:00,HOLD,MIDCPNIFTY24DEC12500PE,39.85,13338.0,Monitoring
2024-12-10,11:50:00,HOLD,MIDCPNIFTY24DEC12500PE,39.95,13326.0,Monitoring
2024-12-10,11:55:00,HOLD,MIDCPNIFTY24DEC12500PE,38.95,13446.0,Monitoring
2024-12-10,12:00:00,HOLD,MIDCPNIFTY24DEC12500PE,38.45,13506.0,Monitoring
2024-12-10,12:05:00,HOLD,MIDCPNIFTY24DEC12500PE,38.5,13500.0,Monitoring
2024-12-10,12:10:00,HOLD,MIDCPNIFTY24DEC12500PE,38.6,13488.0,Monitoring
2024-12-10,12:15:00,HOLD,MIDCPNIFTY24DEC12500PE,40.35,13278.0,Monitoring
2024-12-10,12:20:00,HOLD,MIDCPNIFTY24DEC12500PE,40.45,13266.0,Monitoring
2024-12-10,12:25:00,HOLD,MIDCPNIFTY24DEC12500PE,40.6,13248.0,Monitoring
2024-12-10,12:30:00,HOLD,MIDCPNIFTY24DEC12500PE,41.2,13176.0,Monitoring
2024-12-10,12:35:00,HOLD,MIDCPNIFTY24DEC12500PE,42.45,13026.0,Monitoring
2024-12-10,12:40:00,HOLD,MIDCPNIFTY24DEC12500PE,42.2,13056.0,Monitoring
2024-12-10,12:45:00,HOLD,MIDCPNIFTY24DEC12500PE,41.7,13116.0,Monitoring
2024-12-10,12:50:00,HOLD,MIDCPNIFTY24DEC12500PE,41.5,13140.0,Monitoring
2024-12-10,12:55:00,HOLD,MIDCPNIFTY24DEC12500PE,40.2,13296.0,Monitoring
2024-12-10,13:00:00,HOLD,MIDCPNIFTY24DEC12500PE,39.7,13356.0,Monitoring
2024-12-10,13:05:00,HOLD,MIDCPNIFTY24DEC12500PE,40.55,13254.0,Monitoring
2024-12-10,13:10:00,HOLD,MIDCPNIFTY24DEC12500PE,40.6,13248.0,Monitoring
2024-12-10,13:15:00,HOLD,MIDCPNIFTY24DEC12500PE,42.55,13014.0,Monitoring
2024-12-10,13:20:00,HOLD,MIDCPNIFTY24DEC12500PE,41.1,13188.0,Monitoring
2024-12-10,13:25:00,HOLD,MIDCPNIFTY24DEC12500PE,40.9,13212.0,Monitoring
2024-12-10,13:30:00,HOLD,MIDCPNIFTY24DEC12500PE,40.1,13308.0,Monitoring
2024-12-10,13:35:00,HOLD,MIDCPNIFTY24DEC12500PE,40.25,13290.0,Monitoring
2024-12-10,13:40:00,HOLD,MIDCPNIFTY24DEC12500PE,41.3,13164.0,Monitoring
2024-12-10,13:45:00,HOLD,MIDCPNIFTY24DEC12500PE,42.1,13068.0,Monitoring
2024-12-10,13:50:00,HOLD,MIDCPNIFTY24DEC12500PE,41.05,13194.0,Monitoring
2024-12-10,13:55:00,HOLD,MIDCPNIFTY24DEC12500PE,40.7,13236.0,Monitoring
2024-12-10,14:00:00,HOLD,MIDCPNIFTY24DEC12500PE,40.25,13290.0,Monitoring
2024-12-10,14:05:00,HOLD,MIDCPNIFTY24DEC12500PE,38.7,13476.0,Monitoring
2024-12-10,14:10:00,HOLD,MIDCPNIFTY24DEC12500PE,38.8,13464.0,Monitoring
2024-12-10,14:15:00,HOLD,MIDCPNIFTY24DEC12500PE,38.65,13482.0,Monitoring
2024-12-10,14:20:00,HOLD,MIDCPNIFTY24DEC12500PE,38.95,13446.0,Monitoring
2024-12-10,14:25:00,HOLD,MIDCPNIFTY24DEC12500PE,37.25,13650.0,Monitoring
2024-12-10,14:30:00,HOLD,MIDCPNIFTY24DEC12500PE,37.7,13596.0,Monitoring
2024-12-10,14:35:00,HOLD,MIDCPNIFTY24DEC12500PE,37.8,13584.0,Monitoring
2024-12-10,14:40:00,HOLD,MIDCPNIFTY24DEC12500PE,37.5,13620.0,Monitoring
2024-12-10,14:45:00,HOLD,MIDCPNIFTY24DEC12500PE,37.85,13578.0,Monitoring
2024-12-10,14:50:00,HOLD,MIDCPNIFTY24DEC12500PE,37.25,13650.0,Monitoring
2024-12-10,14:55:00,HOLD,MIDCPNIFTY24DEC12500PE,37.25,13650.0,Monitoring
2024-12-10,15:00:00,HOLD,MIDCPNIFTY24DEC12500PE,35.0,13920.0,Monitoring
2024-12-10,15:05:00,HOLD,MIDCPNIFTY24DEC12500PE,34.95,13926.0,Monitoring
2024-12-10,15:10:00,HOLD,MIDCPNIFTY24DEC12500PE,35.75,13830.0,Monitoring
2024-12-10,15:15:00,HOLD,MIDCPNIFTY24DEC12500PE,36.25,13770.0,Monitoring
2024-12-10,15:20:00,HOLD,MIDCPNIFTY24DEC12500PE,35.7,13836.0,Monitoring
2024-12-10,15:25:00,HOLD,MIDCPNIFTY24DEC12500PE,35.6,13848.0,Monitoring
2024-12-11,09:15:00,HOLD,MIDCPNIFTY24DEC12500PE,35.15,13902.0,Monitoring
2024-12-11,09:20:00,HOLD,MIDCPNIFTY24DEC12500PE,32.2,14256.0,Monitoring
2024-12-11,09:25:00,HOLD,MIDCPNIFTY24DEC12500PE,32.4,14232.0,Monitoring
2024-12-11,09:30:00,HOLD,MIDCPNIFTY24DEC12500PE,31.5,14340.0,Monitoring
2024-12-11,09:35:00,HOLD,MIDCPNIFTY24DEC12500PE,31.35,14358.0,Monitoring
2024-12-11,09:40:00,HOLD,MIDCPNIFTY24DEC12500PE,30.5,14460.0,Monitoring
2024-12-11,09:45:00,HOLD,MIDCPNIFTY24DEC12500PE,30.6,14448.0,Monitoring
2024-12-11,09:50:00,HOLD,MIDCPNIFTY24DEC12500PE,30.8,14424.0,Monitoring
2024-12-11,09:55:00,HOLD,MIDCPNIFTY24DEC12500PE,29.0,14640.0,Monitoring
2024-12-11,09:55:00,BUY_EXIT,MIDCPNIFTY24DEC12500PE,29.0,14640.0,TARGET_LTP_30
