Date,Time,Event,Ticker,Price,PnL_INR,SL_Price,SL_Mode,Info
2025-02-27,09:30:00,ENTRY,MIDCPNIFTY25MAR11100CE,327.95,0.0,0,NONE,Signal CE
2025-02-27,09:35:00,HOLD,MIDCPNIFTY25MAR11100CE,319.2,-1050.0,0,NONE,Monitoring
2025-02-27,09:40:00,HOLD,MIDCPNIFTY25MAR11100CE,323.2,-570.0,0,NONE,Monitoring
2025-02-27,09:45:00,HOLD,MIDCPNIFTY25MAR11100CE,317.0,-1314.0,0,NONE,Monitoring
2025-02-27,09:50:00,HOLD,MIDCPNIFTY25MAR11100CE,317.85,-1212.0,0,NONE,Monitoring
2025-02-27,09:55:00,HOLD,MIDCPNIFTY25MAR11100CE,315.0,-1554.0,0,NONE,Monitoring
2025-02-28,03:45:00,HOLD,MIDCPNIFTY25MAR11100CE,251.45,-9180.0,0,NONE,Monitoring
2025-02-28,03:45:00,EXIT,MIDCPNIFTY25MAR11100CE,251.45,-9180.0,0,NONE,EMA_REVERSAL
