Date,Time,Event,Ticker,Price,PnL_INR,SL_Price,SL_Mode,Info
2024-02-19,09:20:00,ENTRY,MIDCPNIFTY24FEB11000PE,135.55,0.0,0,NONE,Signal PE
2024-02-19,09:25:00,HOLD,MIDCPNIFTY24FEB11000PE,139.85,516.0,0,NONE,Monitoring
2024-02-19,09:30:00,HOLD,MIDCPNIFTY24FEB11000PE,139.5,474.0,0,NONE,Monitoring
2024-02-19,09:35:00,HOLD,MIDCPNIFTY24FEB11000PE,140.25,564.0,0,NONE,Monitoring
2024-02-19,09:40:00,HOLD,MIDCPNIFTY24FEB11000PE,135.6,6.0,0,NONE,Monitoring
2024-02-19,09:45:00,HOLD,MIDCPNIFTY24FEB11000PE,133.15,-288.0,0,NONE,Monitoring
2024-02-19,09:50:00,HOLD,MIDCPNIFTY24FEB11000PE,131.8,-450.0,0,NONE,Monitoring
2024-02-19,09:55:00,HOLD,MIDCPNIFTY24FEB11000PE,133.3,-270.0,0,NONE,Monitoring
2024-02-20,03:45:00,HOLD,MIDCPNIFTY24FEB11000PE,107.85,-3324.0,0,NONE,Monitoring
2024-02-20,03:50:00,HOLD,MIDCPNIFTY24FEB11000PE,107.85,-3324.0,0,NONE,Monitoring
2024-02-20,03:55:00,HOLD,MIDCPNIFTY24FEB11000PE,107.85,-3324.0,0,NONE,Monitoring
2024-02-20,04:00:00,HOLD,MIDCPNIFTY24FEB11000PE,107.85,-3324.0,0,NONE,Monitoring
2024-02-20,04:05:00,HOLD,MIDCPNIFTY24FEB11000PE,107.85,-3324.0,0,NONE,Monitoring
2024-02-20,04:10:00,HOLD,MIDCPNIFTY24FEB11000PE,107.85,-3324.0,0,NONE,Monitoring
2024-02-20,04:15:00,HOLD,MIDCPNIFTY24FEB11000PE,107.85,-3324.0,0,NONE,Monitoring
2024-02-20,04:20:00,HOLD,MIDCPNIFTY24FEB11000PE,107.85,-3324.0,0,NONE,Monitoring
2024-02-20,04:25:00,HOLD,MIDCPNIFTY24FEB11000PE,107.85,-3324.0,0,NONE,Monitoring
2024-02-20,04:30:00,HOLD,MIDCPNIFTY24FEB11000PE,107.85,-3324.0,0,NONE,Monitoring
2024-02-20,04:35:00,HOLD,MIDCPNIFTY24FEB11000PE,107.85,-3324.0,0,NONE,Monitoring
2024-02-20,04:40:00,HOLD,MIDCPNIFTY24FEB11000PE,107.85,-3324.0,0,NONE,Monitoring
2024-02-20,04:45:00,HOLD,MIDCPNIFTY24FEB11000PE,107.85,-3324.0,0,NONE,Monitoring
2024-02-20,04:50:00,HOLD,MIDCPNIFTY24FEB11000PE,107.85,-3324.0,0,NONE,Monitoring
2024-02-20,04:55:00,HOLD,MIDCPNIFTY24FEB11000PE,107.85,-3324.0,0,NONE,Monitoring
2024-02-20,05:00:00,HOLD,MIDCPNIFTY24FEB11000PE,107.85,-3324.0,0,NONE,Monitoring
2024-02-20,05:05:00,HOLD,MIDCPNIFTY24FEB11000PE,107.85,-3324.0,0,NONE,Monitoring
2024-02-20,05:10:00,HOLD,MIDCPNIFTY24FEB11000PE,107.85,-3324.0,0,NONE,Monitoring
2024-02-20,05:15:00,HOLD,MIDCPNIFTY24FEB11000PE,107.85,-3324.0,0,NONE,Monitoring
2024-02-20,05:20:00,HOLD,MIDCPNIFTY24FEB11000PE,107.85,-3324.0,0,NONE,Monitoring
2024-02-20,05:25:00,HOLD,MIDCPNIFTY24FEB11000PE,107.85,-3324.0,0,NONE,Monitoring
2024-02-20,05:30:00,HOLD,MIDCPNIFTY24FEB11000PE,107.85,-3324.0,0,NONE,Monitoring
2024-02-20,05:35:00,HOLD,MIDCPNIFTY24FEB11000PE,107.85,-3324.0,0,NONE,Monitoring
2024-02-20,05:40:00,HOLD,MIDCPNIFTY24FEB11000PE,107.85,-3324.0,0,NONE,Monitoring
2024-02-20,05:45:00,HOLD,MIDCPNIFTY24FEB11000PE,107.85,-3324.0,0,NONE,Monitoring
2024-02-20,05:50:00,HOLD,MIDCPNIFTY24FEB11000PE,107.85,-3324.0,0,NONE,Monitoring
2024-02-20,05:55:00,HOLD,MIDCPNIFTY24FEB11000PE,107.85,-3324.0,0,NONE,Monitoring
2024-02-20,06:00:00,HOLD,MIDCPNIFTY24FEB11000PE,107.85,-3324.0,0,NONE,Monitoring
2024-02-20,06:05:00,HOLD,MIDCPNIFTY24FEB11000PE,107.85,-3324.0,0,NONE,Monitoring
2024-02-20,06:10:00,HOLD,MIDCPNIFTY24FEB11000PE,107.85,-3324.0,0,NONE,Monitoring
2024-02-20,06:15:00,HOLD,MIDCPNIFTY24FEB11000PE,107.85,-3324.0,0,NONE,Monitoring
2024-02-20,06:20:00,HOLD,MIDCPNIFTY24FEB11000PE,107.85,-3324.0,0,NONE,Monitoring
2024-02-20,06:25:00,HOLD,MIDCPNIFTY24FEB11000PE,107.85,-3324.0,0,NONE,Monitoring
2024-02-20,06:30:00,HOLD,MIDCPNIFTY24FEB11000PE,107.85,-3324.0,0,NONE,Monitoring
2024-02-20,06:35:00,HOLD,MIDCPNIFTY24FEB11000PE,107.85,-3324.0,0,NONE,Monitoring
2024-02-20,06:40:00,HOLD,MIDCPNIFTY24FEB11000PE,107.85,-3324.0,0,NONE,Monitoring
2024-02-20,06:45:00,HOLD,MIDCPNIFTY24FEB11000PE,107.85,-3324.0,0,NONE,Monitoring
2024-02-20,06:50:00,HOLD,MIDCPNIFTY24FEB11000PE,107.85,-3324.0,0,NONE,Monitoring
2024-02-20,06:55:00,HOLD,MIDCPNIFTY24FEB11000PE,107.85,-3324.0,0,NONE,Monitoring
2024-02-20,07:00:00,HOLD,MIDCPNIFTY24FEB11000PE,107.85,-3324.0,0,NONE,Monitoring
2024-02-20,07:05:00,HOLD,MIDCPNIFTY24FEB11000PE,107.85,-3324.0,0,NONE,Monitoring
2024-02-20,07:10:00,HOLD,MIDCPNIFTY24FEB11000PE,107.85,-3324.0,0,NONE,Monitoring
2024-02-20,07:15:00,HOLD,MIDCPNIFTY24FEB11000PE,107.85,-3324.0,0,NONE,Monitoring
2024-02-20,07:20:00,HOLD,MIDCPNIFTY24FEB11000PE,107.85,-3324.0,0,NONE,Monitoring
2024-02-20,07:25:00,HOLD,MIDCPNIFTY24FEB11000PE,107.85,-3324.0,0,NONE,Monitoring
2024-02-20,07:30:00,HOLD,MIDCPNIFTY24FEB11000PE,107.85,-3324.0,0,NONE,Monitoring
2024-02-20,07:35:00,HOLD,MIDCPNIFTY24FEB11000PE,107.85,-3324.0,0,NONE,Monitoring
2024-02-20,07:40:00,HOLD,MIDCPNIFTY24FEB11000PE,107.85,-3324.0,0,NONE,Monitoring
2024-02-20,07:45:00,HOLD,MIDCPNIFTY24FEB11000PE,107.85,-3324.0,0,NONE,Monitoring
2024-02-20,07:50:00,HOLD,MIDCPNIFTY24FEB11000PE,107.85,-3324.0,0,NONE,Monitoring
2024-02-20,07:55:00,HOLD,MIDCPNIFTY24FEB11000PE,107.85,-3324.0,0,NONE,Monitoring
2024-02-20,08:00:00,HOLD,MIDCPNIFTY24FEB11000PE,107.85,-3324.0,0,NONE,Monitoring
2024-02-20,08:05:00,HOLD,MIDCPNIFTY24FEB11000PE,107.85,-3324.0,0,NONE,Monitoring
2024-02-20,08:10:00,HOLD,MIDCPNIFTY24FEB11000PE,107.85,-3324.0,0,NONE,Monitoring
2024-02-20,08:15:00,HOLD,MIDCPNIFTY24FEB11000PE,107.85,-3324.0,0,NONE,Monitoring
2024-02-20,08:20:00,HOLD,MIDCPNIFTY24FEB11000PE,107.85,-3324.0,0,NONE,Monitoring
2024-02-20,08:25:00,HOLD,MIDCPNIFTY24FEB11000PE,107.85,-3324.0,0,NONE,Monitoring
2024-02-20,08:30:00,HOLD,MIDCPNIFTY24FEB11000PE,107.85,-3324.0,0,NONE,Monitoring
2024-02-20,08:35:00,HOLD,MIDCPNIFTY24FEB11000PE,107.85,-3324.0,0,NONE,Monitoring
2024-02-20,08:40:00,HOLD,MIDCPNIFTY24FEB11000PE,107.85,-3324.0,0,NONE,Monitoring
2024-02-20,08:45:00,HOLD,MIDCPNIFTY24FEB11000PE,107.85,-3324.0,0,NONE,Monitoring
2024-02-20,08:50:00,HOLD,MIDCPNIFTY24FEB11000PE,107.85,-3324.0,0,NONE,Monitoring
2024-02-20,08:55:00,HOLD,MIDCPNIFTY24FEB11000PE,107.85,-3324.0,0,NONE,Monitoring
2024-02-20,09:00:00,HOLD,MIDCPNIFTY24FEB11000PE,107.85,-3324.0,0,NONE,Monitoring
2024-02-20,09:05:00,HOLD,MIDCPNIFTY24FEB11000PE,107.85,-3324.0,0,NONE,Monitoring
2024-02-20,09:10:00,HOLD,MIDCPNIFTY24FEB11000PE,107.85,-3324.0,0,NONE,Monitoring
2024-02-20,09:15:00,HOLD,MIDCPNIFTY24FEB11000PE,128.15,-888.0,0,NONE,Monitoring
2024-02-20,09:20:00,HOLD,MIDCPNIFTY24FEB11000PE,117.2,-2202.0,0,NONE,Monitoring
2024-02-20,09:25:00,HOLD,MIDCPNIFTY24FEB11000PE,110.0,-3066.0,0,NONE,Monitoring
2024-02-20,09:30:00,HOLD,MIDCPNIFTY24FEB11000PE,111.15,-2928.0,0,NONE,Monitoring
2024-02-20,09:30:00,EXIT,MIDCPNIFTY24FEB11000PE,111.15,-2928.0,0,NONE,EMA_REVERSAL
