Date,Time,Event,Ticker,Price,PnL_INR,SL_Price,SL_Mode,Info
2024-08-08,09:25:00,ENTRY,MIDCPNIFTY24AUG12500PE,233.0,0.0,0,NONE,Signal PE
2024-08-08,09:30:00,HOLD,MIDCPNIFTY24AUG12500PE,233.0,0.0,0,NONE,Monitoring
2024-08-08,09:35:00,HOLD,MIDCPNIFTY24AUG12500PE,233.0,0.0,0,NONE,Monitoring
2024-08-08,09:40:00,HOLD,MIDCPNIFTY24AUG12500PE,233.0,0.0,0,NONE,Monitoring
2024-08-08,09:45:00,HOLD,MIDCPNIFTY24AUG12500PE,219.0,-1680.0,0,NONE,Monitoring
2024-08-08,09:50:00,HOLD,MIDCPNIFTY24AUG12500PE,221.05,-1434.0,0,NONE,Monitoring
2024-08-08,09:55:00,HOLD,MIDCPNIFTY24AUG12500PE,221.05,-1434.0,0,NONE,Monitoring
2024-08-09,03:45:00,HOLD,MIDCPNIFTY24AUG12500PE,235.0,240.0,0,NONE,Monitoring
2024-08-09,03:50:00,HOLD,MIDCPNIFTY24AUG12500PE,235.0,240.0,0,NONE,Monitoring
2024-08-09,03:50:00,EXIT,MIDCPNIFTY24AUG12500PE,235.0,240.0,0,NONE,EMA_REVERSAL
