Date,Time,Event,Ticker,Price,PnL_INR,SL_Price,SL_Mode,Info
2024-12-31,09:50:00,ENTRY,MIDCPNIFTY25JAN12800PE,266.75,0.0,0,NONE,Signal PE
2024-12-31,09:55:00,HOLD,MIDCPNIFTY25JAN12800PE,265.0,-210.0,0,NONE,Monitoring
2025-01-01,03:45:00,HOLD,MIDCPNIFTY25JAN12800PE,200.15,-7992.0,0,NONE,Monitoring
2025-01-01,03:50:00,HOLD,MIDCPNIFTY25JAN12800PE,200.15,-7992.0,0,NONE,Monitoring
2025-01-01,03:55:00,HOLD,MIDCPNIFTY25JAN12800PE,200.15,-7992.0,0,NONE,Monitoring
2025-01-01,04:00:00,HOLD,MIDCPNIFTY25JAN12800PE,200.15,-7992.0,0,NONE,Monitoring
2025-01-01,04:05:00,HOLD,MIDCPNIFTY25JAN12800PE,200.15,-7992.0,0,NONE,Monitoring
2025-01-01,04:10:00,HOLD,MIDCPNIFTY25JAN12800PE,200.15,-7992.0,0,NONE,Monitoring
2025-01-01,04:15:00,HOLD,MIDCPNIFTY25JAN12800PE,200.15,-7992.0,0,NONE,Monitoring
2025-01-01,04:20:00,HOLD,MIDCPNIFTY25JAN12800PE,200.15,-7992.0,0,NONE,Monitoring
2025-01-01,04:25:00,HOLD,MIDCPNIFTY25JAN12800PE,200.15,-7992.0,0,NONE,Monitoring
2025-01-01,04:30:00,HOLD,MIDCPNIFTY25JAN12800PE,200.15,-7992.0,0,NONE,Monitoring
2025-01-01,04:35:00,HOLD,MIDCPNIFTY25JAN12800PE,200.15,-7992.0,0,NONE,Monitoring
2025-01-01,04:40:00,HOLD,MIDCPNIFTY25JAN12800PE,200.15,-7992.0,0,NONE,Monitoring
2025-01-01,04:45:00,HOLD,MIDCPNIFTY25JAN12800PE,200.15,-7992.0,0,NONE,Monitoring
2025-01-01,04:50:00,HOLD,MIDCPNIFTY25JAN12800PE,200.15,-7992.0,0,NONE,Monitoring
2025-01-01,04:55:00,HOLD,MIDCPNIFTY25JAN12800PE,200.15,-7992.0,0,NONE,Monitoring
2025-01-01,05:00:00,HOLD,MIDCPNIFTY25JAN12800PE,200.15,-7992.0,0,NONE,Monitoring
2025-01-01,05:05:00,HOLD,MIDCPNIFTY25JAN12800PE,200.15,-7992.0,0,NONE,Monitoring
2025-01-01,05:10:00,HOLD,MIDCPNIFTY25JAN12800PE,200.15,-7992.0,0,NONE,Monitoring
2025-01-01,05:15:00,HOLD,MIDCPNIFTY25JAN12800PE,200.15,-7992.0,0,NONE,Monitoring
2025-01-01,05:20:00,HOLD,MIDCPNIFTY25JAN12800PE,200.15,-7992.0,0,NONE,Monitoring
2025-01-01,05:20:00,EXIT,MIDCPNIFTY25JAN12800PE,200.15,-7992.0,0,NONE,EMA_REVERSAL
