Date,Time,Event,Ticker,Price,PnL_INR,SL_Price,SL_Mode,Info
2025-11-06,09:35:00,ENTRY,MIDCPNIFTY25NOV13500PE,199.15,0.0,0.0,NONE,Signal PE
2025-11-06,09:40:00,HOLD,MIDCPNIFTY25NOV13500PE,204.0,582.0,0.0,NONE,Monitoring
2025-11-06,09:45:00,HOLD,MIDCPNIFTY25NOV13500PE,212.65,1620.0,0.0,NONE,Monitoring
2025-11-06,09:50:00,HOLD,MIDCPNIFTY25NOV13500PE,202.0,342.0,0.0,NONE,Monitoring
2025-11-06,09:55:00,HOLD,MIDCPNIFTY25NOV13500PE,211.45,1476.0,0.0,NONE,Monitoring
2025-11-07,03:45:00,HOLD,MIDCPNIFTY25NOV13500PE,256.5,6882.0,0.0,NONE,Monitoring
2025-11-07,03:45:00,TSL_UPDATE,MIDCPNIFTY25NOV13500PE,256.5,6882.0,199.15,COST,Moved to Cost
2025-11-07,03:45:00,TSL_UPDATE,MIDCPNIFTY25NOV13500PE,256.5,6882.0,228.32,TRAILING,Stepped Up
2025-11-07,03:50:00,HOLD,MIDCPNIFTY25NOV13500PE,256.5,6882.0,228.32,TRAILING,Monitoring
2025-11-07,03:55:00,HOLD,MIDCPNIFTY25NOV13500PE,256.5,6882.0,228.32,TRAILING,Monitoring
2025-11-07,04:00:00,HOLD,MIDCPNIFTY25NOV13500PE,256.5,6882.0,228.32,TRAILING,Monitoring
2025-11-07,04:05:00,HOLD,MIDCPNIFTY25NOV13500PE,256.5,6882.0,228.32,TRAILING,Monitoring
2025-11-07,04:10:00,HOLD,MIDCPNIFTY25NOV13500PE,256.5,6882.0,228.32,TRAILING,Monitoring
2025-11-07,04:15:00,HOLD,MIDCPNIFTY25NOV13500PE,256.5,6882.0,228.32,TRAILING,Monitoring
2025-11-07,04:20:00,HOLD,MIDCPNIFTY25NOV13500PE,256.5,6882.0,228.32,TRAILING,Monitoring
2025-11-07,04:25:00,HOLD,MIDCPNIFTY25NOV13500PE,256.5,6882.0,228.32,TRAILING,Monitoring
2025-11-07,04:30:00,HOLD,MIDCPNIFTY25NOV13500PE,256.5,6882.0,228.32,TRAILING,Monitoring
2025-11-07,04:35:00,HOLD,MIDCPNIFTY25NOV13500PE,256.5,6882.0,228.32,TRAILING,Monitoring
2025-11-07,04:40:00,HOLD,MIDCPNIFTY25NOV13500PE,256.5,6882.0,228.32,TRAILING,Monitoring
2025-11-07,04:45:00,HOLD,MIDCPNIFTY25NOV13500PE,256.5,6882.0,228.32,TRAILING,Monitoring
2025-11-07,04:50:00,HOLD,MIDCPNIFTY25NOV13500PE,256.5,6882.0,228.32,TRAILING,Monitoring
2025-11-07,04:55:00,HOLD,MIDCPNIFTY25NOV13500PE,256.5,6882.0,228.32,TRAILING,Monitoring
2025-11-07,05:00:00,HOLD,MIDCPNIFTY25NOV13500PE,256.5,6882.0,228.32,TRAILING,Monitoring
2025-11-07,05:05:00,HOLD,MIDCPNIFTY25NOV13500PE,256.5,6882.0,228.32,TRAILING,Monitoring
2025-11-07,05:05:00,EXIT,MIDCPNIFTY25NOV13500PE,256.5,6882.0,228.32,TRAILING,EMA_REVERSAL
