Date,Time,Event,Ticker,Price,PnL_INR,SL_Price,SL_Mode,Info
2024-10-01,09:20:00,ENTRY,MIDCPNIFTY24OCT13200PE,232.4,0.0,0,NONE,Signal PE
2024-10-01,09:25:00,HOLD,MIDCPNIFTY24OCT13200PE,232.4,0.0,0,NONE,Monitoring
2024-10-01,09:30:00,HOLD,MIDCPNIFTY24OCT13200PE,232.4,0.0,0,NONE,Monitoring
2024-10-01,09:35:00,HOLD,MIDCPNIFTY24OCT13200PE,232.4,0.0,0,NONE,Monitoring
2024-10-01,09:40:00,HOLD,MIDCPNIFTY24OCT13200PE,202.15,-3630.0,0,NONE,Monitoring
2024-10-01,09:45:00,HOLD,MIDCPNIFTY24OCT13200PE,202.15,-3630.0,0,NONE,Monitoring
2024-10-01,09:50:00,HOLD,MIDCPNIFTY24OCT13200PE,202.15,-3630.0,0,NONE,Monitoring
2024-10-01,09:55:00,HOLD,MIDCPNIFTY24OCT13200PE,202.15,-3630.0,0,NONE,Monitoring
2024-10-01,09:55:00,EXIT,MIDCPNIFTY24OCT13200PE,202.15,-3630.0,0,NONE,EMA_REVERSAL
