Date,Time,Event,Ticker,Price,PnL_INR,SL_Price,SL_Mode,Info
2025-03-20,09:45:00,ENTRY,MIDCPNIFTY25MAR11400PE,140.5,0.0,0,NONE,Signal PE
2025-03-20,09:50:00,HOLD,MIDCPNIFTY25MAR11400PE,155.65,1818.0,0,NONE,Monitoring
2025-03-20,09:55:00,HOLD,MIDCPNIFTY25MAR11400PE,165.0,2940.0,0,NONE,Monitoring
2025-03-21,03:45:00,HOLD,MIDCPNIFTY25MAR11400PE,124.1,-1968.0,0,NONE,Monitoring
2025-03-21,03:50:00,HOLD,MIDCPNIFTY25MAR11400PE,124.1,-1968.0,0,NONE,Monitoring
2025-03-21,03:55:00,HOLD,MIDCPNIFTY25MAR11400PE,124.1,-1968.0,0,NONE,Monitoring
2025-03-21,04:00:00,HOLD,MIDCPNIFTY25MAR11400PE,124.1,-1968.0,0,NONE,Monitoring
2025-03-21,04:00:00,EXIT,MIDCPNIFTY25MAR11400PE,124.1,-1968.0,0,NONE,EMA_REVERSAL
