Date,Time,Event,Ticker,Price,PnL_INR,SL_Price,SL_Mode,Info
2025-08-22,09:40:00,ENTRY,MIDCPNIFTY25AUG12900PE,78.45,0.0,0,NONE,Signal PE
2025-08-22,09:45:00,HOLD,MIDCPNIFTY25AUG12900PE,75.0,-414.0,0,NONE,Monitoring
2025-08-22,09:50:00,HOLD,MIDCPNIFTY25AUG12900PE,69.35,-1092.0,0,NONE,Monitoring
2025-08-22,09:55:00,HOLD,MIDCPNIFTY25AUG12900PE,75.9,-306.0,0,NONE,Monitoring
2025-08-25,03:45:00,HOLD,MIDCPNIFTY25AUG12900PE,61.15,-2076.0,0,NONE,Monitoring
2025-08-25,03:50:00,HOLD,MIDCPNIFTY25AUG12900PE,61.15,-2076.0,0,NONE,Monitoring
2025-08-25,03:55:00,HOLD,MIDCPNIFTY25AUG12900PE,61.15,-2076.0,0,NONE,Monitoring
2025-08-25,04:00:00,HOLD,MIDCPNIFTY25AUG12900PE,61.15,-2076.0,0,NONE,Monitoring
2025-08-25,04:05:00,HOLD,MIDCPNIFTY25AUG12900PE,61.15,-2076.0,0,NONE,Monitoring
2025-08-25,04:05:00,EXIT,MIDCPNIFTY25AUG12900PE,61.15,-2076.0,0,NONE,EMA_REVERSAL
