Date,Time,Event,Ticker,Price,PnL_INR,SL_Price,SL_Mode,Info
2025-05-26,09:40:00,ENTRY,MIDCPNIFTY25JUN12700CE,374.35,0.0,0,NONE,Signal CE
2025-05-26,09:45:00,HOLD,MIDCPNIFTY25JUN12700CE,374.35,0.0,0,NONE,Monitoring
2025-05-26,09:50:00,HOLD,MIDCPNIFTY25JUN12700CE,374.35,0.0,0,NONE,Monitoring
2025-05-26,09:55:00,HOLD,MIDCPNIFTY25JUN12700CE,369.35,-600.0,0,NONE,Monitoring
2025-05-27,09:15:00,HOLD,MIDCPNIFTY25JUN12700CE,357.0,-2082.0,0,NONE,Monitoring
2025-05-27,09:20:00,HOLD,MIDCPNIFTY25JUN12700CE,350.0,-2922.0,0,NONE,Monitoring
2025-05-27,09:25:00,HOLD,MIDCPNIFTY25JUN12700CE,343.95,-3648.0,0,NONE,Monitoring
2025-05-27,09:30:00,HOLD,MIDCPNIFTY25JUN12700CE,341.0,-4002.0,0,NONE,Monitoring
2025-05-27,09:35:00,HOLD,MIDCPNIFTY25JUN12700CE,342.7,-3798.0,0,NONE,Monitoring
2025-05-27,09:40:00,HOLD,MIDCPNIFTY25JUN12700CE,349.8,-2946.0,0,NONE,Monitoring
2025-05-27,09:45:00,HOLD,MIDCPNIFTY25JUN12700CE,345.0,-3522.0,0,NONE,Monitoring
2025-05-27,09:50:00,HOLD,MIDCPNIFTY25JUN12700CE,345.0,-3522.0,0,NONE,Monitoring
2025-05-27,09:55:00,HOLD,MIDCPNIFTY25JUN12700CE,335.15,-4704.0,0,NONE,Monitoring
2025-05-28,09:15:00,HOLD,MIDCPNIFTY25JUN12700CE,362.05,-1476.0,0,NONE,Monitoring
2025-05-28,09:15:00,EXIT,MIDCPNIFTY25JUN12700CE,362.05,-1476.0,0,NONE,EMA_REVERSAL
