Date,Time,Event,Ticker,Price,PnL_INR,SL_Price,SL_Mode,Info
2025-12-04,09:50:00,ENTRY,MIDCPNIFTY25DEC13800PE,150.15,0.0,0,NONE,Signal PE
2025-12-04,09:55:00,HOLD,MIDCPNIFTY25DEC13800PE,146.0,-498.0,0,NONE,Monitoring
2025-12-05,03:45:00,HOLD,MIDCPNIFTY25DEC13800PE,157.4,870.0,0,NONE,Monitoring
2025-12-05,03:50:00,HOLD,MIDCPNIFTY25DEC13800PE,157.4,870.0,0,NONE,Monitoring
2025-12-05,03:55:00,HOLD,MIDCPNIFTY25DEC13800PE,157.4,870.0,0,NONE,Monitoring
2025-12-05,04:00:00,HOLD,MIDCPNIFTY25DEC13800PE,157.4,870.0,0,NONE,Monitoring
2025-12-05,04:05:00,HOLD,MIDCPNIFTY25DEC13800PE,157.4,870.0,0,NONE,Monitoring
2025-12-05,04:10:00,HOLD,MIDCPNIFTY25DEC13800PE,157.4,870.0,0,NONE,Monitoring
2025-12-05,04:15:00,HOLD,MIDCPNIFTY25DEC13800PE,157.4,870.0,0,NONE,Monitoring
2025-12-05,04:20:00,HOLD,MIDCPNIFTY25DEC13800PE,157.4,870.0,0,NONE,Monitoring
2025-12-05,04:25:00,HOLD,MIDCPNIFTY25DEC13800PE,157.4,870.0,0,NONE,Monitoring
2025-12-05,04:30:00,HOLD,MIDCPNIFTY25DEC13800PE,157.4,870.0,0,NONE,Monitoring
2025-12-05,04:35:00,HOLD,MIDCPNIFTY25DEC13800PE,157.4,870.0,0,NONE,Monitoring
2025-12-05,04:40:00,HOLD,MIDCPNIFTY25DEC13800PE,157.4,870.0,0,NONE,Monitoring
2025-12-05,04:45:00,HOLD,MIDCPNIFTY25DEC13800PE,157.4,870.0,0,NONE,Monitoring
2025-12-05,04:50:00,HOLD,MIDCPNIFTY25DEC13800PE,157.4,870.0,0,NONE,Monitoring
2025-12-05,04:55:00,HOLD,MIDCPNIFTY25DEC13800PE,157.4,870.0,0,NONE,Monitoring
2025-12-05,05:00:00,HOLD,MIDCPNIFTY25DEC13800PE,157.4,870.0,0,NONE,Monitoring
2025-12-05,05:05:00,HOLD,MIDCPNIFTY25DEC13800PE,157.4,870.0,0,NONE,Monitoring
2025-12-05,05:10:00,HOLD,MIDCPNIFTY25DEC13800PE,157.4,870.0,0,NONE,Monitoring
2025-12-05,05:15:00,HOLD,MIDCPNIFTY25DEC13800PE,157.4,870.0,0,NONE,Monitoring
2025-12-05,05:20:00,HOLD,MIDCPNIFTY25DEC13800PE,157.4,870.0,0,NONE,Monitoring
2025-12-05,05:25:00,HOLD,MIDCPNIFTY25DEC13800PE,157.4,870.0,0,NONE,Monitoring
2025-12-05,05:30:00,HOLD,MIDCPNIFTY25DEC13800PE,157.4,870.0,0,NONE,Monitoring
2025-12-05,05:30:00,EXIT,MIDCPNIFTY25DEC13800PE,157.4,870.0,0,NONE,EMA_REVERSAL
