Date,Time,Event,Ticker,Price,PnL_INR,SL_Price,SL_Mode,Info
2025-02-11,09:30:00,ENTRY,MIDCPNIFTY25FEB11800CE,202.35,0.0,0,NONE,Signal CE
2025-02-11,09:35:00,HOLD,MIDCPNIFTY25FEB11800CE,209.05,804.0,0,NONE,Monitoring
2025-02-11,09:40:00,HOLD,MIDCPNIFTY25FEB11800CE,204.3,234.0,0,NONE,Monitoring
2025-02-11,09:45:00,HOLD,MIDCPNIFTY25FEB11800CE,189.4,-1554.0,0,NONE,Monitoring
2025-02-11,09:50:00,HOLD,MIDCPNIFTY25FEB11800CE,185.25,-2052.0,0,NONE,Monitoring
2025-02-11,09:55:00,HOLD,MIDCPNIFTY25FEB11800CE,183.1,-2310.0,0,NONE,Monitoring
2025-02-12,03:45:00,HOLD,MIDCPNIFTY25FEB11800CE,119.2,-9978.0,0,NONE,Monitoring
2025-02-12,03:45:00,EXIT,MIDCPNIFTY25FEB11800CE,119.2,-9978.0,0,NONE,EMA_REVERSAL
