Date,Time,Event,Ticker,Price,PnL_INR,SL_Price,SL_Mode,Info
2023-08-22,09:30:00,ENTRY,MIDCPNIFTY23AUG8700CE,47.4,0.0,0.0,NONE,Signal CE
2023-08-22,09:35:00,HOLD,MIDCPNIFTY23AUG8700CE,45.5,-228.0,0.0,NONE,Monitoring
2023-08-22,09:40:00,HOLD,MIDCPNIFTY23AUG8700CE,48.45,126.0,0.0,NONE,Monitoring
2023-08-22,09:45:00,HOLD,MIDCPNIFTY23AUG8700CE,45.5,-228.0,0.0,NONE,Monitoring
2023-08-22,09:50:00,HOLD,MIDCPNIFTY23AUG8700CE,34.65,-1530.0,0.0,NONE,Monitoring
2023-08-22,09:55:00,HOLD,MIDCPNIFTY23AUG8700CE,39.0,-1008.0,0.0,NONE,Monitoring
2023-08-23,03:45:00,HOLD,MIDCPNIFTY23AUG8700CE,60.4,1560.0,0.0,NONE,Monitoring
2023-08-23,03:50:00,HOLD,MIDCPNIFTY23AUG8700CE,60.4,1560.0,0.0,NONE,Monitoring
2023-08-23,03:55:00,HOLD,MIDCPNIFTY23AUG8700CE,60.4,1560.0,0.0,NONE,Monitoring
2023-08-23,04:00:00,HOLD,MIDCPNIFTY23AUG8700CE,60.4,1560.0,0.0,NONE,Monitoring
2023-08-23,04:05:00,HOLD,MIDCPNIFTY23AUG8700CE,60.4,1560.0,0.0,NONE,Monitoring
2023-08-23,04:10:00,HOLD,MIDCPNIFTY23AUG8700CE,60.4,1560.0,0.0,NONE,Monitoring
2023-08-23,04:15:00,HOLD,MIDCPNIFTY23AUG8700CE,60.4,1560.0,0.0,NONE,Monitoring
2023-08-23,04:20:00,HOLD,MIDCPNIFTY23AUG8700CE,60.4,1560.0,0.0,NONE,Monitoring
2023-08-23,04:25:00,HOLD,MIDCPNIFTY23AUG8700CE,60.4,1560.0,0.0,NONE,Monitoring
2023-08-23,04:30:00,HOLD,MIDCPNIFTY23AUG8700CE,60.4,1560.0,0.0,NONE,Monitoring
2023-08-23,04:35:00,HOLD,MIDCPNIFTY23AUG8700CE,60.4,1560.0,0.0,NONE,Monitoring
2023-08-23,04:40:00,HOLD,MIDCPNIFTY23AUG8700CE,60.4,1560.0,0.0,NONE,Monitoring
2023-08-23,04:45:00,HOLD,MIDCPNIFTY23AUG8700CE,60.4,1560.0,0.0,NONE,Monitoring
2023-08-23,04:50:00,HOLD,MIDCPNIFTY23AUG8700CE,60.4,1560.0,0.0,NONE,Monitoring
2023-08-23,04:55:00,HOLD,MIDCPNIFTY23AUG8700CE,60.4,1560.0,0.0,NONE,Monitoring
2023-08-23,05:00:00,HOLD,MIDCPNIFTY23AUG8700CE,60.4,1560.0,0.0,NONE,Monitoring
2023-08-23,05:05:00,HOLD,MIDCPNIFTY23AUG8700CE,60.4,1560.0,0.0,NONE,Monitoring
2023-08-23,05:10:00,HOLD,MIDCPNIFTY23AUG8700CE,60.4,1560.0,0.0,NONE,Monitoring
2023-08-23,05:15:00,HOLD,MIDCPNIFTY23AUG8700CE,60.4,1560.0,0.0,NONE,Monitoring
2023-08-23,05:20:00,HOLD,MIDCPNIFTY23AUG8700CE,60.4,1560.0,0.0,NONE,Monitoring
2023-08-23,05:25:00,HOLD,MIDCPNIFTY23AUG8700CE,60.4,1560.0,0.0,NONE,Monitoring
2023-08-23,05:30:00,HOLD,MIDCPNIFTY23AUG8700CE,60.4,1560.0,0.0,NONE,Monitoring
2023-08-23,05:35:00,HOLD,MIDCPNIFTY23AUG8700CE,60.4,1560.0,0.0,NONE,Monitoring
2023-08-23,05:40:00,HOLD,MIDCPNIFTY23AUG8700CE,60.4,1560.0,0.0,NONE,Monitoring
2023-08-23,05:45:00,HOLD,MIDCPNIFTY23AUG8700CE,60.4,1560.0,0.0,NONE,Monitoring
2023-08-23,05:50:00,HOLD,MIDCPNIFTY23AUG8700CE,60.4,1560.0,0.0,NONE,Monitoring
2023-08-23,05:55:00,HOLD,MIDCPNIFTY23AUG8700CE,60.4,1560.0,0.0,NONE,Monitoring
2023-08-23,06:00:00,HOLD,MIDCPNIFTY23AUG8700CE,60.4,1560.0,0.0,NONE,Monitoring
2023-08-23,06:05:00,HOLD,MIDCPNIFTY23AUG8700CE,60.4,1560.0,0.0,NONE,Monitoring
2023-08-23,06:10:00,HOLD,MIDCPNIFTY23AUG8700CE,60.4,1560.0,0.0,NONE,Monitoring
2023-08-23,06:15:00,HOLD,MIDCPNIFTY23AUG8700CE,60.4,1560.0,0.0,NONE,Monitoring
2023-08-23,06:20:00,HOLD,MIDCPNIFTY23AUG8700CE,60.4,1560.0,0.0,NONE,Monitoring
2023-08-23,06:25:00,HOLD,MIDCPNIFTY23AUG8700CE,60.4,1560.0,0.0,NONE,Monitoring
2023-08-23,06:30:00,HOLD,MIDCPNIFTY23AUG8700CE,60.4,1560.0,0.0,NONE,Monitoring
2023-08-23,06:35:00,HOLD,MIDCPNIFTY23AUG8700CE,60.4,1560.0,0.0,NONE,Monitoring
2023-08-23,06:40:00,HOLD,MIDCPNIFTY23AUG8700CE,60.4,1560.0,0.0,NONE,Monitoring
2023-08-23,06:45:00,HOLD,MIDCPNIFTY23AUG8700CE,60.4,1560.0,0.0,NONE,Monitoring
2023-08-23,06:50:00,HOLD,MIDCPNIFTY23AUG8700CE,60.4,1560.0,0.0,NONE,Monitoring
2023-08-23,06:55:00,HOLD,MIDCPNIFTY23AUG8700CE,60.4,1560.0,0.0,NONE,Monitoring
2023-08-23,07:00:00,HOLD,MIDCPNIFTY23AUG8700CE,60.4,1560.0,0.0,NONE,Monitoring
2023-08-23,07:05:00,HOLD,MIDCPNIFTY23AUG8700CE,60.4,1560.0,0.0,NONE,Monitoring
2023-08-23,07:10:00,HOLD,MIDCPNIFTY23AUG8700CE,60.4,1560.0,0.0,NONE,Monitoring
2023-08-23,07:15:00,HOLD,MIDCPNIFTY23AUG8700CE,60.4,1560.0,0.0,NONE,Monitoring
2023-08-23,07:20:00,HOLD,MIDCPNIFTY23AUG8700CE,60.4,1560.0,0.0,NONE,Monitoring
2023-08-23,07:25:00,HOLD,MIDCPNIFTY23AUG8700CE,60.4,1560.0,0.0,NONE,Monitoring
2023-08-23,07:30:00,HOLD,MIDCPNIFTY23AUG8700CE,60.4,1560.0,0.0,NONE,Monitoring
2023-08-23,07:35:00,HOLD,MIDCPNIFTY23AUG8700CE,60.4,1560.0,0.0,NONE,Monitoring
2023-08-23,07:40:00,HOLD,MIDCPNIFTY23AUG8700CE,60.4,1560.0,0.0,NONE,Monitoring
2023-08-23,07:45:00,HOLD,MIDCPNIFTY23AUG8700CE,60.4,1560.0,0.0,NONE,Monitoring
2023-08-23,07:50:00,HOLD,MIDCPNIFTY23AUG8700CE,60.4,1560.0,0.0,NONE,Monitoring
2023-08-23,07:55:00,HOLD,MIDCPNIFTY23AUG8700CE,60.4,1560.0,0.0,NONE,Monitoring
2023-08-23,08:00:00,HOLD,MIDCPNIFTY23AUG8700CE,60.4,1560.0,0.0,NONE,Monitoring
2023-08-23,08:05:00,HOLD,MIDCPNIFTY23AUG8700CE,60.4,1560.0,0.0,NONE,Monitoring
2023-08-23,08:10:00,HOLD,MIDCPNIFTY23AUG8700CE,60.4,1560.0,0.0,NONE,Monitoring
2023-08-23,08:15:00,HOLD,MIDCPNIFTY23AUG8700CE,60.4,1560.0,0.0,NONE,Monitoring
2023-08-23,08:20:00,HOLD,MIDCPNIFTY23AUG8700CE,60.4,1560.0,0.0,NONE,Monitoring
2023-08-23,08:25:00,HOLD,MIDCPNIFTY23AUG8700CE,60.4,1560.0,0.0,NONE,Monitoring
2023-08-23,08:30:00,HOLD,MIDCPNIFTY23AUG8700CE,60.4,1560.0,0.0,NONE,Monitoring
2023-08-23,08:35:00,HOLD,MIDCPNIFTY23AUG8700CE,60.4,1560.0,0.0,NONE,Monitoring
2023-08-23,08:40:00,HOLD,MIDCPNIFTY23AUG8700CE,60.4,1560.0,0.0,NONE,Monitoring
2023-08-23,08:45:00,HOLD,MIDCPNIFTY23AUG8700CE,60.4,1560.0,0.0,NONE,Monitoring
2023-08-23,08:50:00,HOLD,MIDCPNIFTY23AUG8700CE,60.4,1560.0,0.0,NONE,Monitoring
2023-08-23,08:55:00,HOLD,MIDCPNIFTY23AUG8700CE,60.4,1560.0,0.0,NONE,Monitoring
2023-08-23,09:00:00,HOLD,MIDCPNIFTY23AUG8700CE,60.4,1560.0,0.0,NONE,Monitoring
2023-08-23,09:05:00,HOLD,MIDCPNIFTY23AUG8700CE,60.4,1560.0,0.0,NONE,Monitoring
2023-08-23,09:10:00,HOLD,MIDCPNIFTY23AUG8700CE,60.4,1560.0,0.0,NONE,Monitoring
2023-08-23,09:15:00,HOLD,MIDCPNIFTY23AUG8700CE,79.8,3888.0,0.0,NONE,Monitoring
2023-08-23,09:15:00,TSL_UPDATE,MIDCPNIFTY23AUG8700CE,79.8,3888.0,47.4,COST,Moved to Cost
2023-08-23,09:15:00,TSL_UPDATE,MIDCPNIFTY23AUG8700CE,79.8,3888.0,51.57,TRAILING,Stepped Up
2023-08-23,09:20:00,HOLD,MIDCPNIFTY23AUG8700CE,84.0,4392.0,51.57,TRAILING,Monitoring
2023-08-23,09:20:00,TSL_UPDATE,MIDCPNIFTY23AUG8700CE,84.0,4392.0,55.73,TRAILING,Stepped Up
2023-08-23,09:25:00,HOLD,MIDCPNIFTY23AUG8700CE,81.3,4068.0,55.73,TRAILING,Monitoring
2023-08-23,09:30:00,HOLD,MIDCPNIFTY23AUG8700CE,78.7,3756.0,55.73,TRAILING,Monitoring
2023-08-23,09:35:00,HOLD,MIDCPNIFTY23AUG8700CE,81.2,4056.0,55.73,TRAILING,Monitoring
2023-08-23,09:40:00,HOLD,MIDCPNIFTY23AUG8700CE,92.0,5352.0,55.73,TRAILING,Monitoring
2023-08-23,09:40:00,TSL_UPDATE,MIDCPNIFTY23AUG8700CE,92.0,5352.0,64.07,TRAILING,Stepped Up
2023-08-23,09:40:00,EXIT,MIDCPNIFTY23AUG8700CE,92.0,5352.0,64.07,TRAILING,EMA_REVERSAL
