Date,Time,Event,Ticker,Price,PnL_INR,SL_Price,SL_Mode,Info
2024-06-19,09:25:00,ENTRY,MIDCPNIFTY24JUN12100PE,103.1,0.0,0.0,NONE,Signal PE
2024-06-19,09:30:00,HOLD,MIDCPNIFTY24JUN12100PE,87.8,-1836.0,0.0,NONE,Monitoring
2024-06-19,09:35:00,HOLD,MIDCPNIFTY24JUN12100PE,114.05,1314.0,0.0,NONE,Monitoring
2024-06-19,09:40:00,HOLD,MIDCPNIFTY24JUN12100PE,111.2,972.0,0.0,NONE,Monitoring
2024-06-19,09:45:00,HOLD,MIDCPNIFTY24JUN12100PE,104.7,192.0,0.0,NONE,Monitoring
2024-06-19,09:50:00,HOLD,MIDCPNIFTY24JUN12100PE,95.3,-936.0,0.0,NONE,Monitoring
2024-06-19,09:55:00,HOLD,MIDCPNIFTY24JUN12100PE,94.8,-996.0,0.0,NONE,Monitoring
2024-06-20,03:45:00,HOLD,MIDCPNIFTY24JUN12100PE,145.05,5034.0,0.0,NONE,Monitoring
2024-06-20,03:45:00,TSL_UPDATE,MIDCPNIFTY24JUN12100PE,145.05,5034.0,103.1,COST,Moved to Cost
2024-06-20,03:45:00,TSL_UPDATE,MIDCPNIFTY24JUN12100PE,145.05,5034.0,119.77,TRAILING,Stepped Up
2024-06-20,03:50:00,HOLD,MIDCPNIFTY24JUN12100PE,145.05,5034.0,119.77,TRAILING,Monitoring
2024-06-20,03:55:00,HOLD,MIDCPNIFTY24JUN12100PE,145.05,5034.0,119.77,TRAILING,Monitoring
2024-06-20,04:00:00,HOLD,MIDCPNIFTY24JUN12100PE,145.05,5034.0,119.77,TRAILING,Monitoring
2024-06-20,04:05:00,HOLD,MIDCPNIFTY24JUN12100PE,145.05,5034.0,119.77,TRAILING,Monitoring
2024-06-20,04:05:00,EXIT,MIDCPNIFTY24JUN12100PE,145.05,5034.0,119.77,TRAILING,EMA_REVERSAL
