Date,Time,Event,Ticker,Price,PnL_INR,SL_Price,SL_Mode,Info
2025-02-21,09:30:00,ENTRY,MIDCPNIFTY25FEB11300PE,96.95,0.0,0.0,NONE,Signal PE
2025-02-21,09:35:00,HOLD,MIDCPNIFTY25FEB11300PE,102.05,612.0,0.0,NONE,Monitoring
2025-02-21,09:40:00,HOLD,MIDCPNIFTY25FEB11300PE,126.55,3552.0,0.0,NONE,Monitoring
2025-02-21,09:40:00,TSL_UPDATE,MIDCPNIFTY25FEB11300PE,126.55,3552.0,96.95,COST,Moved to Cost
2025-02-21,09:40:00,TSL_UPDATE,MIDCPNIFTY25FEB11300PE,126.55,3552.0,101.12,TRAILING,Stepped Up
2025-02-21,09:45:00,HOLD,MIDCPNIFTY25FEB11300PE,130.35,4008.0,101.12,TRAILING,Monitoring
2025-02-21,09:45:00,TSL_UPDATE,MIDCPNIFTY25FEB11300PE,130.35,4008.0,105.28,TRAILING,Stepped Up
2025-02-21,09:50:00,HOLD,MIDCPNIFTY25FEB11300PE,137.35,4848.0,105.28,TRAILING,Monitoring
2025-02-21,09:50:00,TSL_UPDATE,MIDCPNIFTY25FEB11300PE,137.35,4848.0,109.45,TRAILING,Stepped Up
2025-02-21,09:55:00,HOLD,MIDCPNIFTY25FEB11300PE,135.6,4638.0,109.45,TRAILING,Monitoring
2025-02-24,03:45:00,HOLD,MIDCPNIFTY25FEB11300PE,220.0,14766.0,109.45,TRAILING,Monitoring
2025-02-24,03:45:00,TSL_UPDATE,MIDCPNIFTY25FEB11300PE,220.0,14766.0,192.78,TRAILING,Stepped Up
2025-02-24,03:50:00,HOLD,MIDCPNIFTY25FEB11300PE,220.0,14766.0,192.78,TRAILING,Monitoring
2025-02-24,03:55:00,HOLD,MIDCPNIFTY25FEB11300PE,220.0,14766.0,192.78,TRAILING,Monitoring
2025-02-24,04:00:00,HOLD,MIDCPNIFTY25FEB11300PE,220.0,14766.0,192.78,TRAILING,Monitoring
2025-02-24,04:05:00,HOLD,MIDCPNIFTY25FEB11300PE,220.0,14766.0,192.78,TRAILING,Monitoring
2025-02-24,04:10:00,HOLD,MIDCPNIFTY25FEB11300PE,220.0,14766.0,192.78,TRAILING,Monitoring
2025-02-24,04:15:00,HOLD,MIDCPNIFTY25FEB11300PE,220.0,14766.0,192.78,TRAILING,Monitoring
2025-02-24,04:20:00,HOLD,MIDCPNIFTY25FEB11300PE,220.0,14766.0,192.78,TRAILING,Monitoring
2025-02-24,04:25:00,HOLD,MIDCPNIFTY25FEB11300PE,220.0,14766.0,192.78,TRAILING,Monitoring
2025-02-24,04:30:00,HOLD,MIDCPNIFTY25FEB11300PE,220.0,14766.0,192.78,TRAILING,Monitoring
2025-02-24,04:35:00,HOLD,MIDCPNIFTY25FEB11300PE,220.0,14766.0,192.78,TRAILING,Monitoring
2025-02-24,04:40:00,HOLD,MIDCPNIFTY25FEB11300PE,220.0,14766.0,192.78,TRAILING,Monitoring
2025-02-24,04:45:00,HOLD,MIDCPNIFTY25FEB11300PE,220.0,14766.0,192.78,TRAILING,Monitoring
2025-02-24,04:50:00,HOLD,MIDCPNIFTY25FEB11300PE,220.0,14766.0,192.78,TRAILING,Monitoring
2025-02-24,04:55:00,HOLD,MIDCPNIFTY25FEB11300PE,220.0,14766.0,192.78,TRAILING,Monitoring
2025-02-24,05:00:00,HOLD,MIDCPNIFTY25FEB11300PE,220.0,14766.0,192.78,TRAILING,Monitoring
2025-02-24,05:05:00,HOLD,MIDCPNIFTY25FEB11300PE,220.0,14766.0,192.78,TRAILING,Monitoring
2025-02-24,05:10:00,HOLD,MIDCPNIFTY25FEB11300PE,220.0,14766.0,192.78,TRAILING,Monitoring
2025-02-24,05:15:00,HOLD,MIDCPNIFTY25FEB11300PE,220.0,14766.0,192.78,TRAILING,Monitoring
2025-02-24,05:20:00,HOLD,MIDCPNIFTY25FEB11300PE,220.0,14766.0,192.78,TRAILING,Monitoring
2025-02-24,05:25:00,HOLD,MIDCPNIFTY25FEB11300PE,220.0,14766.0,192.78,TRAILING,Monitoring
2025-02-24,05:30:00,HOLD,MIDCPNIFTY25FEB11300PE,220.0,14766.0,192.78,TRAILING,Monitoring
2025-02-24,05:35:00,HOLD,MIDCPNIFTY25FEB11300PE,220.0,14766.0,192.78,TRAILING,Monitoring
2025-02-24,05:40:00,HOLD,MIDCPNIFTY25FEB11300PE,220.0,14766.0,192.78,TRAILING,Monitoring
2025-02-24,05:45:00,HOLD,MIDCPNIFTY25FEB11300PE,220.0,14766.0,192.78,TRAILING,Monitoring
2025-02-24,05:50:00,HOLD,MIDCPNIFTY25FEB11300PE,220.0,14766.0,192.78,TRAILING,Monitoring
2025-02-24,05:55:00,HOLD,MIDCPNIFTY25FEB11300PE,220.0,14766.0,192.78,TRAILING,Monitoring
2025-02-24,06:00:00,HOLD,MIDCPNIFTY25FEB11300PE,220.0,14766.0,192.78,TRAILING,Monitoring
2025-02-24,06:05:00,HOLD,MIDCPNIFTY25FEB11300PE,220.0,14766.0,192.78,TRAILING,Monitoring
2025-02-24,06:10:00,HOLD,MIDCPNIFTY25FEB11300PE,220.0,14766.0,192.78,TRAILING,Monitoring
2025-02-24,06:10:00,EXIT,MIDCPNIFTY25FEB11300PE,220.0,14766.0,192.78,TRAILING,EMA_REVERSAL
