Date,Time,Event,Ticker,Price,PnL_INR,SL_Price,SL_Mode,Info
2024-09-20,09:45:00,ENTRY,MIDCPNIFTY24SEP13200CE,107.2,0.0,0,NONE,Signal CE
2024-09-20,09:50:00,HOLD,MIDCPNIFTY24SEP13200CE,105.0,-264.0,0,NONE,Monitoring
2024-09-20,09:55:00,HOLD,MIDCPNIFTY24SEP13200CE,117.65,1254.0,0,NONE,Monitoring
2024-09-23,03:45:00,HOLD,MIDCPNIFTY24SEP13200CE,114.0,816.0,0,NONE,Monitoring
2024-09-23,03:50:00,HOLD,MIDCPNIFTY24SEP13200CE,114.0,816.0,0,NONE,Monitoring
2024-09-23,03:55:00,HOLD,MIDCPNIFTY24SEP13200CE,114.0,816.0,0,NONE,Monitoring
2024-09-23,04:00:00,HOLD,MIDCPNIFTY24SEP13200CE,114.0,816.0,0,NONE,Monitoring
2024-09-23,04:05:00,HOLD,MIDCPNIFTY24SEP13200CE,114.0,816.0,0,NONE,Monitoring
2024-09-23,04:10:00,HOLD,MIDCPNIFTY24SEP13200CE,114.0,816.0,0,NONE,Monitoring
2024-09-23,04:15:00,HOLD,MIDCPNIFTY24SEP13200CE,114.0,816.0,0,NONE,Monitoring
2024-09-23,04:20:00,HOLD,MIDCPNIFTY24SEP13200CE,114.0,816.0,0,NONE,Monitoring
2024-09-23,04:25:00,HOLD,MIDCPNIFTY24SEP13200CE,114.0,816.0,0,NONE,Monitoring
2024-09-23,04:30:00,HOLD,MIDCPNIFTY24SEP13200CE,114.0,816.0,0,NONE,Monitoring
2024-09-23,04:35:00,HOLD,MIDCPNIFTY24SEP13200CE,114.0,816.0,0,NONE,Monitoring
2024-09-23,04:40:00,HOLD,MIDCPNIFTY24SEP13200CE,114.0,816.0,0,NONE,Monitoring
2024-09-23,04:45:00,HOLD,MIDCPNIFTY24SEP13200CE,114.0,816.0,0,NONE,Monitoring
2024-09-23,04:50:00,HOLD,MIDCPNIFTY24SEP13200CE,114.0,816.0,0,NONE,Monitoring
2024-09-23,04:55:00,HOLD,MIDCPNIFTY24SEP13200CE,114.0,816.0,0,NONE,Monitoring
2024-09-23,05:00:00,HOLD,MIDCPNIFTY24SEP13200CE,114.0,816.0,0,NONE,Monitoring
2024-09-23,05:05:00,HOLD,MIDCPNIFTY24SEP13200CE,114.0,816.0,0,NONE,Monitoring
2024-09-23,05:10:00,HOLD,MIDCPNIFTY24SEP13200CE,114.0,816.0,0,NONE,Monitoring
2024-09-23,05:15:00,HOLD,MIDCPNIFTY24SEP13200CE,114.0,816.0,0,NONE,Monitoring
2024-09-23,05:20:00,HOLD,MIDCPNIFTY24SEP13200CE,114.0,816.0,0,NONE,Monitoring
2024-09-23,05:25:00,HOLD,MIDCPNIFTY24SEP13200CE,114.0,816.0,0,NONE,Monitoring
2024-09-23,05:30:00,HOLD,MIDCPNIFTY24SEP13200CE,114.0,816.0,0,NONE,Monitoring
2024-09-23,05:35:00,HOLD,MIDCPNIFTY24SEP13200CE,114.0,816.0,0,NONE,Monitoring
2024-09-23,05:40:00,HOLD,MIDCPNIFTY24SEP13200CE,114.0,816.0,0,NONE,Monitoring
2024-09-23,05:45:00,HOLD,MIDCPNIFTY24SEP13200CE,114.0,816.0,0,NONE,Monitoring
2024-09-23,05:50:00,HOLD,MIDCPNIFTY24SEP13200CE,114.0,816.0,0,NONE,Monitoring
2024-09-23,05:55:00,HOLD,MIDCPNIFTY24SEP13200CE,114.0,816.0,0,NONE,Monitoring
2024-09-23,06:00:00,HOLD,MIDCPNIFTY24SEP13200CE,114.0,816.0,0,NONE,Monitoring
2024-09-23,06:05:00,HOLD,MIDCPNIFTY24SEP13200CE,114.0,816.0,0,NONE,Monitoring
2024-09-23,06:10:00,HOLD,MIDCPNIFTY24SEP13200CE,114.0,816.0,0,NONE,Monitoring
2024-09-23,06:15:00,HOLD,MIDCPNIFTY24SEP13200CE,114.0,816.0,0,NONE,Monitoring
2024-09-23,06:20:00,HOLD,MIDCPNIFTY24SEP13200CE,114.0,816.0,0,NONE,Monitoring
2024-09-23,06:25:00,HOLD,MIDCPNIFTY24SEP13200CE,114.0,816.0,0,NONE,Monitoring
2024-09-23,06:30:00,HOLD,MIDCPNIFTY24SEP13200CE,114.0,816.0,0,NONE,Monitoring
2024-09-23,06:35:00,HOLD,MIDCPNIFTY24SEP13200CE,114.0,816.0,0,NONE,Monitoring
2024-09-23,06:40:00,HOLD,MIDCPNIFTY24SEP13200CE,114.0,816.0,0,NONE,Monitoring
2024-09-23,06:45:00,HOLD,MIDCPNIFTY24SEP13200CE,114.0,816.0,0,NONE,Monitoring
2024-09-23,06:50:00,HOLD,MIDCPNIFTY24SEP13200CE,114.0,816.0,0,NONE,Monitoring
2024-09-23,06:55:00,HOLD,MIDCPNIFTY24SEP13200CE,114.0,816.0,0,NONE,Monitoring
2024-09-23,07:00:00,HOLD,MIDCPNIFTY24SEP13200CE,114.0,816.0,0,NONE,Monitoring
2024-09-23,07:05:00,HOLD,MIDCPNIFTY24SEP13200CE,114.0,816.0,0,NONE,Monitoring
2024-09-23,07:10:00,HOLD,MIDCPNIFTY24SEP13200CE,114.0,816.0,0,NONE,Monitoring
2024-09-23,07:15:00,HOLD,MIDCPNIFTY24SEP13200CE,114.0,816.0,0,NONE,Monitoring
2024-09-23,07:20:00,HOLD,MIDCPNIFTY24SEP13200CE,114.0,816.0,0,NONE,Monitoring
2024-09-23,07:25:00,HOLD,MIDCPNIFTY24SEP13200CE,114.0,816.0,0,NONE,Monitoring
2024-09-23,07:30:00,HOLD,MIDCPNIFTY24SEP13200CE,114.0,816.0,0,NONE,Monitoring
2024-09-23,07:35:00,HOLD,MIDCPNIFTY24SEP13200CE,114.0,816.0,0,NONE,Monitoring
2024-09-23,07:40:00,HOLD,MIDCPNIFTY24SEP13200CE,114.0,816.0,0,NONE,Monitoring
2024-09-23,07:45:00,HOLD,MIDCPNIFTY24SEP13200CE,114.0,816.0,0,NONE,Monitoring
2024-09-23,07:50:00,HOLD,MIDCPNIFTY24SEP13200CE,114.0,816.0,0,NONE,Monitoring
2024-09-23,07:55:00,HOLD,MIDCPNIFTY24SEP13200CE,114.0,816.0,0,NONE,Monitoring
2024-09-23,08:00:00,HOLD,MIDCPNIFTY24SEP13200CE,114.0,816.0,0,NONE,Monitoring
2024-09-23,08:05:00,HOLD,MIDCPNIFTY24SEP13200CE,114.0,816.0,0,NONE,Monitoring
2024-09-23,08:10:00,HOLD,MIDCPNIFTY24SEP13200CE,114.0,816.0,0,NONE,Monitoring
2024-09-23,08:15:00,HOLD,MIDCPNIFTY24SEP13200CE,114.0,816.0,0,NONE,Monitoring
2024-09-23,08:20:00,HOLD,MIDCPNIFTY24SEP13200CE,114.0,816.0,0,NONE,Monitoring
2024-09-23,08:25:00,HOLD,MIDCPNIFTY24SEP13200CE,114.0,816.0,0,NONE,Monitoring
2024-09-23,08:30:00,HOLD,MIDCPNIFTY24SEP13200CE,114.0,816.0,0,NONE,Monitoring
2024-09-23,08:35:00,HOLD,MIDCPNIFTY24SEP13200CE,114.0,816.0,0,NONE,Monitoring
2024-09-23,08:40:00,HOLD,MIDCPNIFTY24SEP13200CE,114.0,816.0,0,NONE,Monitoring
2024-09-23,08:45:00,HOLD,MIDCPNIFTY24SEP13200CE,114.0,816.0,0,NONE,Monitoring
2024-09-23,08:50:00,HOLD,MIDCPNIFTY24SEP13200CE,114.0,816.0,0,NONE,Monitoring
2024-09-23,08:55:00,HOLD,MIDCPNIFTY24SEP13200CE,114.0,816.0,0,NONE,Monitoring
2024-09-23,09:00:00,HOLD,MIDCPNIFTY24SEP13200CE,114.0,816.0,0,NONE,Monitoring
2024-09-23,09:05:00,HOLD,MIDCPNIFTY24SEP13200CE,114.0,816.0,0,NONE,Monitoring
2024-09-23,09:10:00,HOLD,MIDCPNIFTY24SEP13200CE,114.0,816.0,0,NONE,Monitoring
2024-09-23,09:15:00,HOLD,MIDCPNIFTY24SEP13200CE,126.25,2286.0,0,NONE,Monitoring
2024-09-23,09:20:00,HOLD,MIDCPNIFTY24SEP13200CE,119.7,1500.0,0,NONE,Monitoring
2024-09-23,09:20:00,EXIT,MIDCPNIFTY24SEP13200CE,119.7,1500.0,0,NONE,EMA_REVERSAL
