Date,Time,Event,Ticker,Price,PnL_INR,SL_Price,SL_Mode,Info
2025-03-28,09:55:00,ENTRY,MIDCPNIFTY25APR11600PE,248.1,0.0,0.0,NONE,Signal PE
2025-04-01,03:45:00,HOLD,MIDCPNIFTY25APR11600PE,293.9,5496.0,0.0,NONE,Monitoring
2025-04-01,03:45:00,TSL_UPDATE,MIDCPNIFTY25APR11600PE,293.9,5496.0,248.1,COST,Moved to Cost
2025-04-01,03:45:00,TSL_UPDATE,MIDCPNIFTY25APR11600PE,293.9,5496.0,264.77,TRAILING,Stepped Up
2025-04-01,03:50:00,HOLD,MIDCPNIFTY25APR11600PE,293.9,5496.0,264.77,TRAILING,Monitoring
2025-04-01,03:55:00,HOLD,MIDCPNIFTY25APR11600PE,293.9,5496.0,264.77,TRAILING,Monitoring
2025-04-01,04:00:00,HOLD,MIDCPNIFTY25APR11600PE,293.9,5496.0,264.77,TRAILING,Monitoring
2025-04-01,04:05:00,HOLD,MIDCPNIFTY25APR11600PE,293.9,5496.0,264.77,TRAILING,Monitoring
2025-04-01,04:10:00,HOLD,MIDCPNIFTY25APR11600PE,293.9,5496.0,264.77,TRAILING,Monitoring
2025-04-01,04:10:00,EXIT,MIDCPNIFTY25APR11600PE,293.9,5496.0,264.77,TRAILING,EMA_REVERSAL
