Date,Time,Event,Ticker,Price,PnL_INR,SL_Price,SL_Mode,Info
2025-04-16,09:20:00,ENTRY,MIDCPNIFTY25APR11600CE,143.55,0.0,0,NONE,Signal CE
2025-04-16,09:25:00,HOLD,MIDCPNIFTY25APR11600CE,153.65,1212.0,0,NONE,Monitoring
2025-04-16,09:30:00,HOLD,MIDCPNIFTY25APR11600CE,143.6,6.0,0,NONE,Monitoring
2025-04-16,09:35:00,HOLD,MIDCPNIFTY25APR11600CE,158.9,1842.0,0,NONE,Monitoring
2025-04-16,09:40:00,HOLD,MIDCPNIFTY25APR11600CE,162.55,2280.0,0,NONE,Monitoring
2025-04-16,09:45:00,HOLD,MIDCPNIFTY25APR11600CE,152.05,1020.0,0,NONE,Monitoring
2025-04-16,09:50:00,HOLD,MIDCPNIFTY25APR11600CE,157.55,1680.0,0,NONE,Monitoring
2025-04-16,09:55:00,HOLD,MIDCPNIFTY25APR11600CE,155.85,1476.0,0,NONE,Monitoring
2025-04-17,03:45:00,HOLD,MIDCPNIFTY25APR11600CE,133.85,-1164.0,0,NONE,Monitoring
2025-04-17,03:50:00,HOLD,MIDCPNIFTY25APR11600CE,133.85,-1164.0,0,NONE,Monitoring
2025-04-17,03:55:00,HOLD,MIDCPNIFTY25APR11600CE,133.85,-1164.0,0,NONE,Monitoring
2025-04-17,03:55:00,EXIT,MIDCPNIFTY25APR11600CE,133.85,-1164.0,0,NONE,EMA_REVERSAL
