Date,Time,Event,Ticker,Price,PnL_INR,SL_Price,SL_Mode,Info
2025-05-02,09:30:00,ENTRY,MIDCPNIFTY25MAY12000PE,279.75,0.0,0.0,NONE,Signal PE
2025-05-02,09:35:00,HOLD,MIDCPNIFTY25MAY12000PE,257.3,-2694.0,0.0,NONE,Monitoring
2025-05-02,09:40:00,HOLD,MIDCPNIFTY25MAY12000PE,248.0,-3810.0,0.0,NONE,Monitoring
2025-05-02,09:45:00,HOLD,MIDCPNIFTY25MAY12000PE,241.65,-4572.0,0.0,NONE,Monitoring
2025-05-02,09:50:00,HOLD,MIDCPNIFTY25MAY12000PE,239.45,-4836.0,0.0,NONE,Monitoring
2025-05-02,09:55:00,HOLD,MIDCPNIFTY25MAY12000PE,232.75,-5640.0,0.0,NONE,Monitoring
2025-05-05,03:45:00,HOLD,MIDCPNIFTY25MAY12000PE,341.0,7350.0,0.0,NONE,Monitoring
2025-05-05,03:45:00,TSL_UPDATE,MIDCPNIFTY25MAY12000PE,341.0,7350.0,279.75,COST,Moved to Cost
2025-05-05,03:45:00,TSL_UPDATE,MIDCPNIFTY25MAY12000PE,341.0,7350.0,313.08,TRAILING,Stepped Up
2025-05-05,03:45:00,EXIT,MIDCPNIFTY25MAY12000PE,341.0,7350.0,313.08,TRAILING,EMA_REVERSAL
