Date,Time,Event,Ticker,Price,PnL_INR,SL_Price,SL_Mode,Info
2024-07-25,09:45:00,ENTRY,MIDCPNIFTY24AUG12400CE,296.9,0.0,0.0,NONE,Signal CE
2024-07-25,09:50:00,HOLD,MIDCPNIFTY24AUG12400CE,296.9,0.0,0.0,NONE,Monitoring
2024-07-25,09:55:00,HOLD,MIDCPNIFTY24AUG12400CE,296.9,0.0,0.0,NONE,Monitoring
2024-07-26,03:45:00,HOLD,MIDCPNIFTY24AUG12400CE,367.1,8424.0,0.0,NONE,Monitoring
2024-07-26,03:45:00,TSL_UPDATE,MIDCPNIFTY24AUG12400CE,367.1,8424.0,296.9,COST,Moved to Cost
2024-07-26,03:45:00,TSL_UPDATE,MIDCPNIFTY24AUG12400CE,367.1,8424.0,338.57,TRAILING,Stepped Up
2024-07-26,03:50:00,HOLD,MIDCPNIFTY24AUG12400CE,367.1,8424.0,338.57,TRAILING,Monitoring
2024-07-26,03:55:00,HOLD,MIDCPNIFTY24AUG12400CE,367.1,8424.0,338.57,TRAILING,Monitoring
2024-07-26,04:00:00,HOLD,MIDCPNIFTY24AUG12400CE,367.1,8424.0,338.57,TRAILING,Monitoring
2024-07-26,04:05:00,HOLD,MIDCPNIFTY24AUG12400CE,367.1,8424.0,338.57,TRAILING,Monitoring
2024-07-26,04:10:00,HOLD,MIDCPNIFTY24AUG12400CE,367.1,8424.0,338.57,TRAILING,Monitoring
2024-07-26,04:15:00,HOLD,MIDCPNIFTY24AUG12400CE,367.1,8424.0,338.57,TRAILING,Monitoring
2024-07-26,04:20:00,HOLD,MIDCPNIFTY24AUG12400CE,367.1,8424.0,338.57,TRAILING,Monitoring
2024-07-26,04:25:00,HOLD,MIDCPNIFTY24AUG12400CE,367.1,8424.0,338.57,TRAILING,Monitoring
2024-07-26,04:30:00,HOLD,MIDCPNIFTY24AUG12400CE,367.1,8424.0,338.57,TRAILING,Monitoring
2024-07-26,04:35:00,HOLD,MIDCPNIFTY24AUG12400CE,367.1,8424.0,338.57,TRAILING,Monitoring
2024-07-26,04:40:00,HOLD,MIDCPNIFTY24AUG12400CE,367.1,8424.0,338.57,TRAILING,Monitoring
2024-07-26,04:45:00,HOLD,MIDCPNIFTY24AUG12400CE,367.1,8424.0,338.57,TRAILING,Monitoring
2024-07-26,04:50:00,HOLD,MIDCPNIFTY24AUG12400CE,367.1,8424.0,338.57,TRAILING,Monitoring
2024-07-26,04:55:00,HOLD,MIDCPNIFTY24AUG12400CE,367.1,8424.0,338.57,TRAILING,Monitoring
2024-07-26,05:00:00,HOLD,MIDCPNIFTY24AUG12400CE,367.1,8424.0,338.57,TRAILING,Monitoring
2024-07-26,05:05:00,HOLD,MIDCPNIFTY24AUG12400CE,367.1,8424.0,338.57,TRAILING,Monitoring
2024-07-26,05:10:00,HOLD,MIDCPNIFTY24AUG12400CE,367.1,8424.0,338.57,TRAILING,Monitoring
2024-07-26,05:15:00,HOLD,MIDCPNIFTY24AUG12400CE,367.1,8424.0,338.57,TRAILING,Monitoring
2024-07-26,05:20:00,HOLD,MIDCPNIFTY24AUG12400CE,367.1,8424.0,338.57,TRAILING,Monitoring
2024-07-26,05:25:00,HOLD,MIDCPNIFTY24AUG12400CE,367.1,8424.0,338.57,TRAILING,Monitoring
2024-07-26,05:30:00,HOLD,MIDCPNIFTY24AUG12400CE,367.1,8424.0,338.57,TRAILING,Monitoring
2024-07-26,05:35:00,HOLD,MIDCPNIFTY24AUG12400CE,367.1,8424.0,338.57,TRAILING,Monitoring
2024-07-26,05:40:00,HOLD,MIDCPNIFTY24AUG12400CE,367.1,8424.0,338.57,TRAILING,Monitoring
2024-07-26,05:45:00,HOLD,MIDCPNIFTY24AUG12400CE,367.1,8424.0,338.57,TRAILING,Monitoring
2024-07-26,05:50:00,HOLD,MIDCPNIFTY24AUG12400CE,367.1,8424.0,338.57,TRAILING,Monitoring
2024-07-26,05:55:00,HOLD,MIDCPNIFTY24AUG12400CE,367.1,8424.0,338.57,TRAILING,Monitoring
2024-07-26,06:00:00,HOLD,MIDCPNIFTY24AUG12400CE,367.1,8424.0,338.57,TRAILING,Monitoring
2024-07-26,06:05:00,HOLD,MIDCPNIFTY24AUG12400CE,367.1,8424.0,338.57,TRAILING,Monitoring
2024-07-26,06:10:00,HOLD,MIDCPNIFTY24AUG12400CE,367.1,8424.0,338.57,TRAILING,Monitoring
2024-07-26,06:15:00,HOLD,MIDCPNIFTY24AUG12400CE,367.1,8424.0,338.57,TRAILING,Monitoring
2024-07-26,06:20:00,HOLD,MIDCPNIFTY24AUG12400CE,367.1,8424.0,338.57,TRAILING,Monitoring
2024-07-26,06:25:00,HOLD,MIDCPNIFTY24AUG12400CE,367.1,8424.0,338.57,TRAILING,Monitoring
2024-07-26,06:30:00,HOLD,MIDCPNIFTY24AUG12400CE,367.1,8424.0,338.57,TRAILING,Monitoring
2024-07-26,06:35:00,HOLD,MIDCPNIFTY24AUG12400CE,367.1,8424.0,338.57,TRAILING,Monitoring
2024-07-26,06:40:00,HOLD,MIDCPNIFTY24AUG12400CE,367.1,8424.0,338.57,TRAILING,Monitoring
2024-07-26,06:45:00,HOLD,MIDCPNIFTY24AUG12400CE,367.1,8424.0,338.57,TRAILING,Monitoring
2024-07-26,06:50:00,HOLD,MIDCPNIFTY24AUG12400CE,367.1,8424.0,338.57,TRAILING,Monitoring
2024-07-26,06:55:00,HOLD,MIDCPNIFTY24AUG12400CE,367.1,8424.0,338.57,TRAILING,Monitoring
2024-07-26,07:00:00,HOLD,MIDCPNIFTY24AUG12400CE,367.1,8424.0,338.57,TRAILING,Monitoring
2024-07-26,07:05:00,HOLD,MIDCPNIFTY24AUG12400CE,367.1,8424.0,338.57,TRAILING,Monitoring
2024-07-26,07:10:00,HOLD,MIDCPNIFTY24AUG12400CE,367.1,8424.0,338.57,TRAILING,Monitoring
2024-07-26,07:15:00,HOLD,MIDCPNIFTY24AUG12400CE,367.1,8424.0,338.57,TRAILING,Monitoring
2024-07-26,07:20:00,HOLD,MIDCPNIFTY24AUG12400CE,367.1,8424.0,338.57,TRAILING,Monitoring
2024-07-26,07:25:00,HOLD,MIDCPNIFTY24AUG12400CE,367.1,8424.0,338.57,TRAILING,Monitoring
2024-07-26,07:30:00,HOLD,MIDCPNIFTY24AUG12400CE,367.1,8424.0,338.57,TRAILING,Monitoring
2024-07-26,07:35:00,HOLD,MIDCPNIFTY24AUG12400CE,367.1,8424.0,338.57,TRAILING,Monitoring
2024-07-26,07:40:00,HOLD,MIDCPNIFTY24AUG12400CE,367.1,8424.0,338.57,TRAILING,Monitoring
2024-07-26,07:45:00,HOLD,MIDCPNIFTY24AUG12400CE,367.1,8424.0,338.57,TRAILING,Monitoring
2024-07-26,07:50:00,HOLD,MIDCPNIFTY24AUG12400CE,367.1,8424.0,338.57,TRAILING,Monitoring
2024-07-26,07:55:00,HOLD,MIDCPNIFTY24AUG12400CE,367.1,8424.0,338.57,TRAILING,Monitoring
2024-07-26,08:00:00,HOLD,MIDCPNIFTY24AUG12400CE,367.1,8424.0,338.57,TRAILING,Monitoring
2024-07-26,08:05:00,HOLD,MIDCPNIFTY24AUG12400CE,367.1,8424.0,338.57,TRAILING,Monitoring
2024-07-26,08:10:00,HOLD,MIDCPNIFTY24AUG12400CE,367.1,8424.0,338.57,TRAILING,Monitoring
2024-07-26,08:15:00,HOLD,MIDCPNIFTY24AUG12400CE,367.1,8424.0,338.57,TRAILING,Monitoring
2024-07-26,08:20:00,HOLD,MIDCPNIFTY24AUG12400CE,367.1,8424.0,338.57,TRAILING,Monitoring
2024-07-26,08:25:00,HOLD,MIDCPNIFTY24AUG12400CE,367.1,8424.0,338.57,TRAILING,Monitoring
2024-07-26,08:30:00,HOLD,MIDCPNIFTY24AUG12400CE,367.1,8424.0,338.57,TRAILING,Monitoring
2024-07-26,08:35:00,HOLD,MIDCPNIFTY24AUG12400CE,367.1,8424.0,338.57,TRAILING,Monitoring
2024-07-26,08:40:00,HOLD,MIDCPNIFTY24AUG12400CE,367.1,8424.0,338.57,TRAILING,Monitoring
2024-07-26,08:45:00,HOLD,MIDCPNIFTY24AUG12400CE,367.1,8424.0,338.57,TRAILING,Monitoring
2024-07-26,08:50:00,HOLD,MIDCPNIFTY24AUG12400CE,367.1,8424.0,338.57,TRAILING,Monitoring
2024-07-26,08:55:00,HOLD,MIDCPNIFTY24AUG12400CE,367.1,8424.0,338.57,TRAILING,Monitoring
2024-07-26,09:00:00,HOLD,MIDCPNIFTY24AUG12400CE,367.1,8424.0,338.57,TRAILING,Monitoring
2024-07-26,09:05:00,HOLD,MIDCPNIFTY24AUG12400CE,367.1,8424.0,338.57,TRAILING,Monitoring
2024-07-26,09:10:00,HOLD,MIDCPNIFTY24AUG12400CE,367.1,8424.0,338.57,TRAILING,Monitoring
2024-07-26,09:15:00,HOLD,MIDCPNIFTY24AUG12400CE,367.1,8424.0,338.57,TRAILING,Monitoring
2024-07-26,09:20:00,HOLD,MIDCPNIFTY24AUG12400CE,367.1,8424.0,338.57,TRAILING,Monitoring
2024-07-26,09:25:00,HOLD,MIDCPNIFTY24AUG12400CE,367.1,8424.0,338.57,TRAILING,Monitoring
2024-07-26,09:30:00,HOLD,MIDCPNIFTY24AUG12400CE,367.1,8424.0,338.57,TRAILING,Monitoring
2024-07-26,09:35:00,HOLD,MIDCPNIFTY24AUG12400CE,367.1,8424.0,338.57,TRAILING,Monitoring
2024-07-26,09:40:00,HOLD,MIDCPNIFTY24AUG12400CE,367.1,8424.0,338.57,TRAILING,Monitoring
2024-07-26,09:45:00,HOLD,MIDCPNIFTY24AUG12400CE,367.1,8424.0,338.57,TRAILING,Monitoring
2024-07-26,09:50:00,HOLD,MIDCPNIFTY24AUG12400CE,367.1,8424.0,338.57,TRAILING,Monitoring
2024-07-26,09:55:00,HOLD,MIDCPNIFTY24AUG12400CE,367.1,8424.0,338.57,TRAILING,Monitoring
2024-07-29,03:45:00,HOLD,MIDCPNIFTY24AUG12400CE,450.0,18372.0,338.57,TRAILING,Monitoring
2024-07-29,03:45:00,TSL_UPDATE,MIDCPNIFTY24AUG12400CE,450.0,18372.0,421.9,TRAILING,Stepped Up
2024-07-29,03:50:00,HOLD,MIDCPNIFTY24AUG12400CE,450.0,18372.0,421.9,TRAILING,Monitoring
2024-07-29,03:55:00,HOLD,MIDCPNIFTY24AUG12400CE,450.0,18372.0,421.9,TRAILING,Monitoring
2024-07-29,04:00:00,HOLD,MIDCPNIFTY24AUG12400CE,450.0,18372.0,421.9,TRAILING,Monitoring
2024-07-29,04:05:00,HOLD,MIDCPNIFTY24AUG12400CE,450.0,18372.0,421.9,TRAILING,Monitoring
2024-07-29,04:10:00,HOLD,MIDCPNIFTY24AUG12400CE,450.0,18372.0,421.9,TRAILING,Monitoring
2024-07-29,04:15:00,HOLD,MIDCPNIFTY24AUG12400CE,450.0,18372.0,421.9,TRAILING,Monitoring
2024-07-29,04:20:00,HOLD,MIDCPNIFTY24AUG12400CE,450.0,18372.0,421.9,TRAILING,Monitoring
2024-07-29,04:25:00,HOLD,MIDCPNIFTY24AUG12400CE,450.0,18372.0,421.9,TRAILING,Monitoring
2024-07-29,04:30:00,HOLD,MIDCPNIFTY24AUG12400CE,450.0,18372.0,421.9,TRAILING,Monitoring
2024-07-29,04:35:00,HOLD,MIDCPNIFTY24AUG12400CE,450.0,18372.0,421.9,TRAILING,Monitoring
2024-07-29,04:40:00,HOLD,MIDCPNIFTY24AUG12400CE,450.0,18372.0,421.9,TRAILING,Monitoring
2024-07-29,04:45:00,HOLD,MIDCPNIFTY24AUG12400CE,450.0,18372.0,421.9,TRAILING,Monitoring
2024-07-29,04:50:00,HOLD,MIDCPNIFTY24AUG12400CE,450.0,18372.0,421.9,TRAILING,Monitoring
2024-07-29,04:55:00,HOLD,MIDCPNIFTY24AUG12400CE,450.0,18372.0,421.9,TRAILING,Monitoring
2024-07-29,05:00:00,HOLD,MIDCPNIFTY24AUG12400CE,450.0,18372.0,421.9,TRAILING,Monitoring
2024-07-29,05:05:00,HOLD,MIDCPNIFTY24AUG12400CE,450.0,18372.0,421.9,TRAILING,Monitoring
2024-07-29,05:10:00,HOLD,MIDCPNIFTY24AUG12400CE,450.0,18372.0,421.9,TRAILING,Monitoring
2024-07-29,05:15:00,HOLD,MIDCPNIFTY24AUG12400CE,450.0,18372.0,421.9,TRAILING,Monitoring
2024-07-29,05:20:00,HOLD,MIDCPNIFTY24AUG12400CE,450.0,18372.0,421.9,TRAILING,Monitoring
2024-07-29,05:25:00,HOLD,MIDCPNIFTY24AUG12400CE,450.0,18372.0,421.9,TRAILING,Monitoring
2024-07-29,05:30:00,HOLD,MIDCPNIFTY24AUG12400CE,450.0,18372.0,421.9,TRAILING,Monitoring
2024-07-29,05:35:00,HOLD,MIDCPNIFTY24AUG12400CE,450.0,18372.0,421.9,TRAILING,Monitoring
2024-07-29,05:40:00,HOLD,MIDCPNIFTY24AUG12400CE,450.0,18372.0,421.9,TRAILING,Monitoring
2024-07-29,05:45:00,HOLD,MIDCPNIFTY24AUG12400CE,450.0,18372.0,421.9,TRAILING,Monitoring
2024-07-29,05:50:00,HOLD,MIDCPNIFTY24AUG12400CE,450.0,18372.0,421.9,TRAILING,Monitoring
2024-07-29,05:55:00,HOLD,MIDCPNIFTY24AUG12400CE,450.0,18372.0,421.9,TRAILING,Monitoring
2024-07-29,06:00:00,HOLD,MIDCPNIFTY24AUG12400CE,450.0,18372.0,421.9,TRAILING,Monitoring
2024-07-29,06:05:00,HOLD,MIDCPNIFTY24AUG12400CE,450.0,18372.0,421.9,TRAILING,Monitoring
2024-07-29,06:10:00,HOLD,MIDCPNIFTY24AUG12400CE,450.0,18372.0,421.9,TRAILING,Monitoring
2024-07-29,06:15:00,HOLD,MIDCPNIFTY24AUG12400CE,450.0,18372.0,421.9,TRAILING,Monitoring
2024-07-29,06:20:00,HOLD,MIDCPNIFTY24AUG12400CE,450.0,18372.0,421.9,TRAILING,Monitoring
2024-07-29,06:25:00,HOLD,MIDCPNIFTY24AUG12400CE,450.0,18372.0,421.9,TRAILING,Monitoring
2024-07-29,06:30:00,HOLD,MIDCPNIFTY24AUG12400CE,450.0,18372.0,421.9,TRAILING,Monitoring
2024-07-29,06:35:00,HOLD,MIDCPNIFTY24AUG12400CE,450.0,18372.0,421.9,TRAILING,Monitoring
2024-07-29,06:40:00,HOLD,MIDCPNIFTY24AUG12400CE,450.0,18372.0,421.9,TRAILING,Monitoring
2024-07-29,06:45:00,HOLD,MIDCPNIFTY24AUG12400CE,450.0,18372.0,421.9,TRAILING,Monitoring
2024-07-29,06:45:00,EXIT,MIDCPNIFTY24AUG12400CE,450.0,18372.0,421.9,TRAILING,EMA_REVERSAL
