Date,Time,Event,Ticker,Price,PnL_INR,SL_Price,SL_Mode,Info
2025-09-12,09:25:00,ENTRY,MIDCPNIFTY25SEP13000PE,118.8,0.0,0,NONE,Signal PE
2025-09-12,09:30:00,HOLD,MIDCPNIFTY25SEP13000PE,118.7,-12.0,0,NONE,Monitoring
2025-09-12,09:35:00,HOLD,MIDCPNIFTY25SEP13000PE,116.65,-258.0,0,NONE,Monitoring
2025-09-12,09:40:00,HOLD,MIDCPNIFTY25SEP13000PE,119.9,132.0,0,NONE,Monitoring
2025-09-12,09:45:00,HOLD,MIDCPNIFTY25SEP13000PE,116.0,-336.0,0,NONE,Monitoring
2025-09-12,09:45:00,EXIT,MIDCPNIFTY25SEP13000PE,116.0,-336.0,0,NONE,EMA_REVERSAL
