Date,Time,Event,Ticker,Price,PnL_INR,SL_Price,SL_Mode,Info
2025-09-05,09:40:00,ENTRY,MIDCPNIFTY25SEP12700PE,146.65,0.0,0,NONE,Signal PE
2025-09-05,09:45:00,HOLD,MIDCPNIFTY25SEP12700PE,133.0,-1638.0,0,NONE,Monitoring
2025-09-05,09:50:00,HOLD,MIDCPNIFTY25SEP12700PE,130.7,-1914.0,0,NONE,Monitoring
2025-09-05,09:55:00,HOLD,MIDCPNIFTY25SEP12700PE,132.4,-1710.0,0,NONE,Monitoring
2025-09-08,03:45:00,HOLD,MIDCPNIFTY25SEP12700PE,150.0,402.0,0,NONE,Monitoring
2025-09-08,03:50:00,HOLD,MIDCPNIFTY25SEP12700PE,150.0,402.0,0,NONE,Monitoring
2025-09-08,03:55:00,HOLD,MIDCPNIFTY25SEP12700PE,150.0,402.0,0,NONE,Monitoring
2025-09-08,03:55:00,EXIT,MIDCPNIFTY25SEP12700PE,150.0,402.0,0,NONE,EMA_REVERSAL
