Date,Time,Event,Ticker,Price,PnL_INR,SL_Price,SL_Mode,Info
2024-10-24,09:30:00,ENTRY,MIDCPNIFTY24OCT12600CE,88.45,0.0,0,NONE,Signal CE
2024-10-24,09:35:00,HOLD,MIDCPNIFTY24OCT12600CE,71.25,-2064.0,0,NONE,Monitoring
2024-10-24,09:40:00,HOLD,MIDCPNIFTY24OCT12600CE,78.3,-1218.0,0,NONE,Monitoring
2024-10-24,09:45:00,HOLD,MIDCPNIFTY24OCT12600CE,76.2,-1470.0,0,NONE,Monitoring
2024-10-24,09:50:00,HOLD,MIDCPNIFTY24OCT12600CE,80.4,-966.0,0,NONE,Monitoring
2024-10-24,09:55:00,HOLD,MIDCPNIFTY24OCT12600CE,96.75,996.0,0,NONE,Monitoring
2024-10-25,03:45:00,HOLD,MIDCPNIFTY24OCT12600CE,79.0,-1134.0,0,NONE,Monitoring
2024-10-25,03:50:00,HOLD,MIDCPNIFTY24OCT12600CE,79.0,-1134.0,0,NONE,Monitoring
2024-10-25,03:50:00,EXIT,MIDCPNIFTY24OCT12600CE,79.0,-1134.0,0,NONE,EMA_REVERSAL
