Date,Time,Event,Ticker,Price,PnL_INR,SL_Price,SL_Mode,Info
2025-04-30,09:45:00,ENTRY,MIDCPNIFTY25MAY12200PE,331.2,0.0,0.0,NONE,Signal PE
2025-04-30,09:50:00,HOLD,MIDCPNIFTY25MAY12200PE,319.65,-1386.0,0.0,NONE,Monitoring
2025-04-30,09:55:00,HOLD,MIDCPNIFTY25MAY12200PE,342.65,1374.0,0.0,NONE,Monitoring
2025-05-02,03:45:00,HOLD,MIDCPNIFTY25MAY12200PE,431.1,11988.0,0.0,NONE,Monitoring
2025-05-02,03:45:00,TSL_UPDATE,MIDCPNIFTY25MAY12200PE,431.1,11988.0,331.2,COST,Moved to Cost
2025-05-02,03:45:00,TSL_UPDATE,MIDCPNIFTY25MAY12200PE,431.1,11988.0,402.03,TRAILING,Stepped Up
2025-05-02,03:50:00,HOLD,MIDCPNIFTY25MAY12200PE,431.1,11988.0,402.03,TRAILING,Monitoring
2025-05-02,03:55:00,HOLD,MIDCPNIFTY25MAY12200PE,431.1,11988.0,402.03,TRAILING,Monitoring
2025-05-02,04:00:00,HOLD,MIDCPNIFTY25MAY12200PE,431.1,11988.0,402.03,TRAILING,Monitoring
2025-05-02,04:05:00,HOLD,MIDCPNIFTY25MAY12200PE,431.1,11988.0,402.03,TRAILING,Monitoring
2025-05-02,04:05:00,EXIT,MIDCPNIFTY25MAY12200PE,431.1,11988.0,402.03,TRAILING,EMA_REVERSAL
