Date,Time,Event,Ticker,Price,PnL_INR,SL_Price,SL_Mode,Info
2024-12-12,09:55:00,ENTRY,MIDCPNIFTY24DEC13100PE,139.35,0.0,0.0,NONE,Signal PE
2024-12-13,03:45:00,HOLD,MIDCPNIFTY24DEC13100PE,170.4,3726.0,0.0,NONE,Monitoring
2024-12-13,03:45:00,TSL_UPDATE,MIDCPNIFTY24DEC13100PE,170.4,3726.0,139.35,COST,Moved to Cost
2024-12-13,03:45:00,TSL_UPDATE,MIDCPNIFTY24DEC13100PE,170.4,3726.0,143.52,TRAILING,Stepped Up
2024-12-13,03:50:00,HOLD,MIDCPNIFTY24DEC13100PE,170.4,3726.0,143.52,TRAILING,Monitoring
2024-12-13,03:55:00,HOLD,MIDCPNIFTY24DEC13100PE,170.4,3726.0,143.52,TRAILING,Monitoring
2024-12-13,04:00:00,HOLD,MIDCPNIFTY24DEC13100PE,170.4,3726.0,143.52,TRAILING,Monitoring
2024-12-13,04:05:00,HOLD,MIDCPNIFTY24DEC13100PE,170.4,3726.0,143.52,TRAILING,Monitoring
2024-12-13,04:10:00,HOLD,MIDCPNIFTY24DEC13100PE,170.4,3726.0,143.52,TRAILING,Monitoring
2024-12-13,04:15:00,HOLD,MIDCPNIFTY24DEC13100PE,170.4,3726.0,143.52,TRAILING,Monitoring
2024-12-13,04:20:00,HOLD,MIDCPNIFTY24DEC13100PE,170.4,3726.0,143.52,TRAILING,Monitoring
2024-12-13,04:25:00,HOLD,MIDCPNIFTY24DEC13100PE,170.4,3726.0,143.52,TRAILING,Monitoring
2024-12-13,04:30:00,HOLD,MIDCPNIFTY24DEC13100PE,170.4,3726.0,143.52,TRAILING,Monitoring
2024-12-13,04:35:00,HOLD,MIDCPNIFTY24DEC13100PE,170.4,3726.0,143.52,TRAILING,Monitoring
2024-12-13,04:40:00,HOLD,MIDCPNIFTY24DEC13100PE,170.4,3726.0,143.52,TRAILING,Monitoring
2024-12-13,04:45:00,HOLD,MIDCPNIFTY24DEC13100PE,170.4,3726.0,143.52,TRAILING,Monitoring
2024-12-13,04:50:00,HOLD,MIDCPNIFTY24DEC13100PE,170.4,3726.0,143.52,TRAILING,Monitoring
2024-12-13,04:55:00,HOLD,MIDCPNIFTY24DEC13100PE,170.4,3726.0,143.52,TRAILING,Monitoring
2024-12-13,05:00:00,HOLD,MIDCPNIFTY24DEC13100PE,170.4,3726.0,143.52,TRAILING,Monitoring
2024-12-13,05:05:00,HOLD,MIDCPNIFTY24DEC13100PE,170.4,3726.0,143.52,TRAILING,Monitoring
2024-12-13,05:10:00,HOLD,MIDCPNIFTY24DEC13100PE,170.4,3726.0,143.52,TRAILING,Monitoring
2024-12-13,05:15:00,HOLD,MIDCPNIFTY24DEC13100PE,170.4,3726.0,143.52,TRAILING,Monitoring
2024-12-13,05:20:00,HOLD,MIDCPNIFTY24DEC13100PE,170.4,3726.0,143.52,TRAILING,Monitoring
2024-12-13,05:25:00,HOLD,MIDCPNIFTY24DEC13100PE,170.4,3726.0,143.52,TRAILING,Monitoring
2024-12-13,05:30:00,HOLD,MIDCPNIFTY24DEC13100PE,170.4,3726.0,143.52,TRAILING,Monitoring
2024-12-13,05:35:00,HOLD,MIDCPNIFTY24DEC13100PE,170.4,3726.0,143.52,TRAILING,Monitoring
2024-12-13,05:40:00,HOLD,MIDCPNIFTY24DEC13100PE,170.4,3726.0,143.52,TRAILING,Monitoring
2024-12-13,05:45:00,HOLD,MIDCPNIFTY24DEC13100PE,170.4,3726.0,143.52,TRAILING,Monitoring
2024-12-13,05:50:00,HOLD,MIDCPNIFTY24DEC13100PE,170.4,3726.0,143.52,TRAILING,Monitoring
2024-12-13,05:55:00,HOLD,MIDCPNIFTY24DEC13100PE,170.4,3726.0,143.52,TRAILING,Monitoring
2024-12-13,06:00:00,HOLD,MIDCPNIFTY24DEC13100PE,170.4,3726.0,143.52,TRAILING,Monitoring
2024-12-13,06:05:00,HOLD,MIDCPNIFTY24DEC13100PE,170.4,3726.0,143.52,TRAILING,Monitoring
2024-12-13,06:10:00,HOLD,MIDCPNIFTY24DEC13100PE,170.4,3726.0,143.52,TRAILING,Monitoring
2024-12-13,06:15:00,HOLD,MIDCPNIFTY24DEC13100PE,170.4,3726.0,143.52,TRAILING,Monitoring
2024-12-13,06:20:00,HOLD,MIDCPNIFTY24DEC13100PE,170.4,3726.0,143.52,TRAILING,Monitoring
2024-12-13,06:25:00,HOLD,MIDCPNIFTY24DEC13100PE,170.4,3726.0,143.52,TRAILING,Monitoring
2024-12-13,06:25:00,EXIT,MIDCPNIFTY24DEC13100PE,170.4,3726.0,143.52,TRAILING,EMA_REVERSAL
