Date,Time,Event,Ticker,Price,PnL_INR,SL_Price,SL_Mode,Info
2023-09-27,09:55:00,ENTRY,MIDCPNIFTY23OCT9200CE,199.0,0.0,0,NONE,Signal CE
2023-09-28,03:45:00,HOLD,MIDCPNIFTY23OCT9200CE,200.0,120.0,0,NONE,Monitoring
2023-09-28,03:50:00,HOLD,MIDCPNIFTY23OCT9200CE,200.0,120.0,0,NONE,Monitoring
2023-09-28,03:55:00,HOLD,MIDCPNIFTY23OCT9200CE,200.0,120.0,0,NONE,Monitoring
2023-09-28,04:00:00,HOLD,MIDCPNIFTY23OCT9200CE,200.0,120.0,0,NONE,Monitoring
2023-09-28,04:05:00,HOLD,MIDCPNIFTY23OCT9200CE,200.0,120.0,0,NONE,Monitoring
2023-09-28,04:10:00,HOLD,MIDCPNIFTY23OCT9200CE,200.0,120.0,0,NONE,Monitoring
2023-09-28,04:10:00,EXIT,MIDCPNIFTY23OCT9200CE,200.0,120.0,0,NONE,EMA_REVERSAL
