Date,Time,Event,Ticker,Price,PnL_INR,SL_Price,SL_Mode,Info
2024-09-17,09:20:00,ENTRY,MIDCPNIFTY24SEP13200PE,137.7,0.0,0,NONE,Signal PE
2024-09-17,09:25:00,HOLD,MIDCPNIFTY24SEP13200PE,137.1,-72.0,0,NONE,Monitoring
2024-09-17,09:30:00,HOLD,MIDCPNIFTY24SEP13200PE,135.0,-324.0,0,NONE,Monitoring
2024-09-17,09:35:00,HOLD,MIDCPNIFTY24SEP13200PE,134.0,-444.0,0,NONE,Monitoring
2024-09-17,09:40:00,HOLD,MIDCPNIFTY24SEP13200PE,136.0,-204.0,0,NONE,Monitoring
2024-09-17,09:45:00,HOLD,MIDCPNIFTY24SEP13200PE,136.0,-204.0,0,NONE,Monitoring
2024-09-17,09:50:00,HOLD,MIDCPNIFTY24SEP13200PE,145.6,948.0,0,NONE,Monitoring
2024-09-17,09:55:00,HOLD,MIDCPNIFTY24SEP13200PE,150.0,1476.0,0,NONE,Monitoring
2024-09-18,03:45:00,HOLD,MIDCPNIFTY24SEP13200PE,122.3,-1848.0,0,NONE,Monitoring
2024-09-18,03:50:00,HOLD,MIDCPNIFTY24SEP13200PE,122.3,-1848.0,0,NONE,Monitoring
2024-09-18,03:55:00,HOLD,MIDCPNIFTY24SEP13200PE,122.3,-1848.0,0,NONE,Monitoring
2024-09-18,04:00:00,HOLD,MIDCPNIFTY24SEP13200PE,122.3,-1848.0,0,NONE,Monitoring
2024-09-18,04:05:00,HOLD,MIDCPNIFTY24SEP13200PE,122.3,-1848.0,0,NONE,Monitoring
2024-09-18,04:10:00,HOLD,MIDCPNIFTY24SEP13200PE,122.3,-1848.0,0,NONE,Monitoring
2024-09-18,04:15:00,HOLD,MIDCPNIFTY24SEP13200PE,122.3,-1848.0,0,NONE,Monitoring
2024-09-18,04:20:00,HOLD,MIDCPNIFTY24SEP13200PE,122.3,-1848.0,0,NONE,Monitoring
2024-09-18,04:25:00,HOLD,MIDCPNIFTY24SEP13200PE,122.3,-1848.0,0,NONE,Monitoring
2024-09-18,04:30:00,HOLD,MIDCPNIFTY24SEP13200PE,122.3,-1848.0,0,NONE,Monitoring
2024-09-18,04:35:00,HOLD,MIDCPNIFTY24SEP13200PE,122.3,-1848.0,0,NONE,Monitoring
2024-09-18,04:40:00,HOLD,MIDCPNIFTY24SEP13200PE,122.3,-1848.0,0,NONE,Monitoring
2024-09-18,04:45:00,HOLD,MIDCPNIFTY24SEP13200PE,122.3,-1848.0,0,NONE,Monitoring
2024-09-18,04:50:00,HOLD,MIDCPNIFTY24SEP13200PE,122.3,-1848.0,0,NONE,Monitoring
2024-09-18,04:55:00,HOLD,MIDCPNIFTY24SEP13200PE,122.3,-1848.0,0,NONE,Monitoring
2024-09-18,05:00:00,HOLD,MIDCPNIFTY24SEP13200PE,122.3,-1848.0,0,NONE,Monitoring
2024-09-18,05:05:00,HOLD,MIDCPNIFTY24SEP13200PE,122.3,-1848.0,0,NONE,Monitoring
2024-09-18,05:10:00,HOLD,MIDCPNIFTY24SEP13200PE,122.3,-1848.0,0,NONE,Monitoring
2024-09-18,05:15:00,HOLD,MIDCPNIFTY24SEP13200PE,122.3,-1848.0,0,NONE,Monitoring
2024-09-18,05:20:00,HOLD,MIDCPNIFTY24SEP13200PE,122.3,-1848.0,0,NONE,Monitoring
2024-09-18,05:25:00,HOLD,MIDCPNIFTY24SEP13200PE,122.3,-1848.0,0,NONE,Monitoring
2024-09-18,05:30:00,HOLD,MIDCPNIFTY24SEP13200PE,122.3,-1848.0,0,NONE,Monitoring
2024-09-18,05:35:00,HOLD,MIDCPNIFTY24SEP13200PE,122.3,-1848.0,0,NONE,Monitoring
2024-09-18,05:40:00,HOLD,MIDCPNIFTY24SEP13200PE,122.3,-1848.0,0,NONE,Monitoring
2024-09-18,05:45:00,HOLD,MIDCPNIFTY24SEP13200PE,122.3,-1848.0,0,NONE,Monitoring
2024-09-18,05:50:00,HOLD,MIDCPNIFTY24SEP13200PE,122.3,-1848.0,0,NONE,Monitoring
2024-09-18,05:55:00,HOLD,MIDCPNIFTY24SEP13200PE,122.3,-1848.0,0,NONE,Monitoring
2024-09-18,06:00:00,HOLD,MIDCPNIFTY24SEP13200PE,122.3,-1848.0,0,NONE,Monitoring
2024-09-18,06:05:00,HOLD,MIDCPNIFTY24SEP13200PE,122.3,-1848.0,0,NONE,Monitoring
2024-09-18,06:10:00,HOLD,MIDCPNIFTY24SEP13200PE,122.3,-1848.0,0,NONE,Monitoring
2024-09-18,06:15:00,HOLD,MIDCPNIFTY24SEP13200PE,122.3,-1848.0,0,NONE,Monitoring
2024-09-18,06:20:00,HOLD,MIDCPNIFTY24SEP13200PE,122.3,-1848.0,0,NONE,Monitoring
2024-09-18,06:25:00,HOLD,MIDCPNIFTY24SEP13200PE,122.3,-1848.0,0,NONE,Monitoring
2024-09-18,06:30:00,HOLD,MIDCPNIFTY24SEP13200PE,122.3,-1848.0,0,NONE,Monitoring
2024-09-18,06:35:00,HOLD,MIDCPNIFTY24SEP13200PE,122.3,-1848.0,0,NONE,Monitoring
2024-09-18,06:40:00,HOLD,MIDCPNIFTY24SEP13200PE,122.3,-1848.0,0,NONE,Monitoring
2024-09-18,06:45:00,HOLD,MIDCPNIFTY24SEP13200PE,122.3,-1848.0,0,NONE,Monitoring
2024-09-18,06:50:00,HOLD,MIDCPNIFTY24SEP13200PE,122.3,-1848.0,0,NONE,Monitoring
2024-09-18,06:55:00,HOLD,MIDCPNIFTY24SEP13200PE,122.3,-1848.0,0,NONE,Monitoring
2024-09-18,07:00:00,HOLD,MIDCPNIFTY24SEP13200PE,122.3,-1848.0,0,NONE,Monitoring
2024-09-18,07:05:00,HOLD,MIDCPNIFTY24SEP13200PE,122.3,-1848.0,0,NONE,Monitoring
2024-09-18,07:10:00,HOLD,MIDCPNIFTY24SEP13200PE,122.3,-1848.0,0,NONE,Monitoring
2024-09-18,07:15:00,HOLD,MIDCPNIFTY24SEP13200PE,122.3,-1848.0,0,NONE,Monitoring
2024-09-18,07:20:00,HOLD,MIDCPNIFTY24SEP13200PE,122.3,-1848.0,0,NONE,Monitoring
2024-09-18,07:25:00,HOLD,MIDCPNIFTY24SEP13200PE,122.3,-1848.0,0,NONE,Monitoring
2024-09-18,07:30:00,HOLD,MIDCPNIFTY24SEP13200PE,122.3,-1848.0,0,NONE,Monitoring
2024-09-18,07:35:00,HOLD,MIDCPNIFTY24SEP13200PE,122.3,-1848.0,0,NONE,Monitoring
2024-09-18,07:40:00,HOLD,MIDCPNIFTY24SEP13200PE,122.3,-1848.0,0,NONE,Monitoring
2024-09-18,07:45:00,HOLD,MIDCPNIFTY24SEP13200PE,122.3,-1848.0,0,NONE,Monitoring
2024-09-18,07:50:00,HOLD,MIDCPNIFTY24SEP13200PE,122.3,-1848.0,0,NONE,Monitoring
2024-09-18,07:55:00,HOLD,MIDCPNIFTY24SEP13200PE,122.3,-1848.0,0,NONE,Monitoring
2024-09-18,08:00:00,HOLD,MIDCPNIFTY24SEP13200PE,122.3,-1848.0,0,NONE,Monitoring
2024-09-18,08:05:00,HOLD,MIDCPNIFTY24SEP13200PE,122.3,-1848.0,0,NONE,Monitoring
2024-09-18,08:10:00,HOLD,MIDCPNIFTY24SEP13200PE,122.3,-1848.0,0,NONE,Monitoring
2024-09-18,08:15:00,HOLD,MIDCPNIFTY24SEP13200PE,122.3,-1848.0,0,NONE,Monitoring
2024-09-18,08:20:00,HOLD,MIDCPNIFTY24SEP13200PE,122.3,-1848.0,0,NONE,Monitoring
2024-09-18,08:25:00,HOLD,MIDCPNIFTY24SEP13200PE,122.3,-1848.0,0,NONE,Monitoring
2024-09-18,08:30:00,HOLD,MIDCPNIFTY24SEP13200PE,122.3,-1848.0,0,NONE,Monitoring
2024-09-18,08:35:00,HOLD,MIDCPNIFTY24SEP13200PE,122.3,-1848.0,0,NONE,Monitoring
2024-09-18,08:40:00,HOLD,MIDCPNIFTY24SEP13200PE,122.3,-1848.0,0,NONE,Monitoring
2024-09-18,08:45:00,HOLD,MIDCPNIFTY24SEP13200PE,122.3,-1848.0,0,NONE,Monitoring
2024-09-18,08:50:00,HOLD,MIDCPNIFTY24SEP13200PE,122.3,-1848.0,0,NONE,Monitoring
2024-09-18,08:55:00,HOLD,MIDCPNIFTY24SEP13200PE,122.3,-1848.0,0,NONE,Monitoring
2024-09-18,09:00:00,HOLD,MIDCPNIFTY24SEP13200PE,122.3,-1848.0,0,NONE,Monitoring
2024-09-18,09:05:00,HOLD,MIDCPNIFTY24SEP13200PE,122.3,-1848.0,0,NONE,Monitoring
2024-09-18,09:10:00,HOLD,MIDCPNIFTY24SEP13200PE,122.3,-1848.0,0,NONE,Monitoring
2024-09-18,09:15:00,HOLD,MIDCPNIFTY24SEP13200PE,133.1,-552.0,0,NONE,Monitoring
2024-09-18,09:20:00,HOLD,MIDCPNIFTY24SEP13200PE,141.2,420.0,0,NONE,Monitoring
2024-09-18,09:25:00,HOLD,MIDCPNIFTY24SEP13200PE,144.25,786.0,0,NONE,Monitoring
2024-09-18,09:30:00,HOLD,MIDCPNIFTY24SEP13200PE,147.85,1218.0,0,NONE,Monitoring
2024-09-18,09:35:00,HOLD,MIDCPNIFTY24SEP13200PE,140.3,312.0,0,NONE,Monitoring
2024-09-18,09:35:00,EXIT,MIDCPNIFTY24SEP13200PE,140.3,312.0,0,NONE,EMA_REVERSAL
