Date,Time,Event,Ticker,Price,PnL_INR,SL_Price,SL_Mode,Info
2024-09-19,09:20:00,ENTRY,MIDCPNIFTY24SEP13300CE,139.2,0.0,0,NONE,Signal CE
2024-09-19,09:25:00,HOLD,MIDCPNIFTY24SEP13300CE,141.1,228.0,0,NONE,Monitoring
2024-09-19,09:30:00,HOLD,MIDCPNIFTY24SEP13300CE,138.3,-108.0,0,NONE,Monitoring
2024-09-19,09:35:00,HOLD,MIDCPNIFTY24SEP13300CE,129.6,-1152.0,0,NONE,Monitoring
2024-09-19,09:40:00,HOLD,MIDCPNIFTY24SEP13300CE,132.3,-828.0,0,NONE,Monitoring
2024-09-19,09:45:00,HOLD,MIDCPNIFTY24SEP13300CE,122.3,-2028.0,0,NONE,Monitoring
2024-09-19,09:50:00,HOLD,MIDCPNIFTY24SEP13300CE,102.35,-4422.0,0,NONE,Monitoring
2024-09-19,09:55:00,HOLD,MIDCPNIFTY24SEP13300CE,103.0,-4344.0,0,NONE,Monitoring
2024-09-20,03:45:00,HOLD,MIDCPNIFTY24SEP13300CE,85.05,-6498.0,0,NONE,Monitoring
2024-09-20,03:50:00,HOLD,MIDCPNIFTY24SEP13300CE,85.05,-6498.0,0,NONE,Monitoring
2024-09-20,03:55:00,HOLD,MIDCPNIFTY24SEP13300CE,85.05,-6498.0,0,NONE,Monitoring
2024-09-20,04:00:00,HOLD,MIDCPNIFTY24SEP13300CE,85.05,-6498.0,0,NONE,Monitoring
2024-09-20,04:05:00,HOLD,MIDCPNIFTY24SEP13300CE,85.05,-6498.0,0,NONE,Monitoring
2024-09-20,04:10:00,HOLD,MIDCPNIFTY24SEP13300CE,85.05,-6498.0,0,NONE,Monitoring
2024-09-20,04:15:00,HOLD,MIDCPNIFTY24SEP13300CE,85.05,-6498.0,0,NONE,Monitoring
2024-09-20,04:20:00,HOLD,MIDCPNIFTY24SEP13300CE,85.05,-6498.0,0,NONE,Monitoring
2024-09-20,04:25:00,HOLD,MIDCPNIFTY24SEP13300CE,85.05,-6498.0,0,NONE,Monitoring
2024-09-20,04:30:00,HOLD,MIDCPNIFTY24SEP13300CE,85.05,-6498.0,0,NONE,Monitoring
2024-09-20,04:35:00,HOLD,MIDCPNIFTY24SEP13300CE,85.05,-6498.0,0,NONE,Monitoring
2024-09-20,04:40:00,HOLD,MIDCPNIFTY24SEP13300CE,85.05,-6498.0,0,NONE,Monitoring
2024-09-20,04:45:00,HOLD,MIDCPNIFTY24SEP13300CE,85.05,-6498.0,0,NONE,Monitoring
2024-09-20,04:50:00,HOLD,MIDCPNIFTY24SEP13300CE,85.05,-6498.0,0,NONE,Monitoring
2024-09-20,04:55:00,HOLD,MIDCPNIFTY24SEP13300CE,85.05,-6498.0,0,NONE,Monitoring
2024-09-20,05:00:00,HOLD,MIDCPNIFTY24SEP13300CE,85.05,-6498.0,0,NONE,Monitoring
2024-09-20,05:05:00,HOLD,MIDCPNIFTY24SEP13300CE,85.05,-6498.0,0,NONE,Monitoring
2024-09-20,05:10:00,HOLD,MIDCPNIFTY24SEP13300CE,85.05,-6498.0,0,NONE,Monitoring
2024-09-20,05:15:00,HOLD,MIDCPNIFTY24SEP13300CE,85.05,-6498.0,0,NONE,Monitoring
2024-09-20,05:20:00,HOLD,MIDCPNIFTY24SEP13300CE,85.05,-6498.0,0,NONE,Monitoring
2024-09-20,05:25:00,HOLD,MIDCPNIFTY24SEP13300CE,85.05,-6498.0,0,NONE,Monitoring
2024-09-20,05:30:00,HOLD,MIDCPNIFTY24SEP13300CE,85.05,-6498.0,0,NONE,Monitoring
2024-09-20,05:35:00,HOLD,MIDCPNIFTY24SEP13300CE,85.05,-6498.0,0,NONE,Monitoring
2024-09-20,05:40:00,HOLD,MIDCPNIFTY24SEP13300CE,85.05,-6498.0,0,NONE,Monitoring
2024-09-20,05:45:00,HOLD,MIDCPNIFTY24SEP13300CE,85.05,-6498.0,0,NONE,Monitoring
2024-09-20,05:50:00,HOLD,MIDCPNIFTY24SEP13300CE,85.05,-6498.0,0,NONE,Monitoring
2024-09-20,05:55:00,HOLD,MIDCPNIFTY24SEP13300CE,85.05,-6498.0,0,NONE,Monitoring
2024-09-20,06:00:00,HOLD,MIDCPNIFTY24SEP13300CE,85.05,-6498.0,0,NONE,Monitoring
2024-09-20,06:05:00,HOLD,MIDCPNIFTY24SEP13300CE,85.05,-6498.0,0,NONE,Monitoring
2024-09-20,06:10:00,HOLD,MIDCPNIFTY24SEP13300CE,85.05,-6498.0,0,NONE,Monitoring
2024-09-20,06:15:00,HOLD,MIDCPNIFTY24SEP13300CE,85.05,-6498.0,0,NONE,Monitoring
2024-09-20,06:20:00,HOLD,MIDCPNIFTY24SEP13300CE,85.05,-6498.0,0,NONE,Monitoring
2024-09-20,06:25:00,HOLD,MIDCPNIFTY24SEP13300CE,85.05,-6498.0,0,NONE,Monitoring
2024-09-20,06:30:00,HOLD,MIDCPNIFTY24SEP13300CE,85.05,-6498.0,0,NONE,Monitoring
2024-09-20,06:35:00,HOLD,MIDCPNIFTY24SEP13300CE,85.05,-6498.0,0,NONE,Monitoring
2024-09-20,06:40:00,HOLD,MIDCPNIFTY24SEP13300CE,85.05,-6498.0,0,NONE,Monitoring
2024-09-20,06:45:00,HOLD,MIDCPNIFTY24SEP13300CE,85.05,-6498.0,0,NONE,Monitoring
2024-09-20,06:50:00,HOLD,MIDCPNIFTY24SEP13300CE,85.05,-6498.0,0,NONE,Monitoring
2024-09-20,06:55:00,HOLD,MIDCPNIFTY24SEP13300CE,85.05,-6498.0,0,NONE,Monitoring
2024-09-20,07:00:00,HOLD,MIDCPNIFTY24SEP13300CE,85.05,-6498.0,0,NONE,Monitoring
2024-09-20,07:05:00,HOLD,MIDCPNIFTY24SEP13300CE,85.05,-6498.0,0,NONE,Monitoring
2024-09-20,07:10:00,HOLD,MIDCPNIFTY24SEP13300CE,85.05,-6498.0,0,NONE,Monitoring
2024-09-20,07:15:00,HOLD,MIDCPNIFTY24SEP13300CE,85.05,-6498.0,0,NONE,Monitoring
2024-09-20,07:20:00,HOLD,MIDCPNIFTY24SEP13300CE,85.05,-6498.0,0,NONE,Monitoring
2024-09-20,07:25:00,HOLD,MIDCPNIFTY24SEP13300CE,85.05,-6498.0,0,NONE,Monitoring
2024-09-20,07:30:00,HOLD,MIDCPNIFTY24SEP13300CE,85.05,-6498.0,0,NONE,Monitoring
2024-09-20,07:35:00,HOLD,MIDCPNIFTY24SEP13300CE,85.05,-6498.0,0,NONE,Monitoring
2024-09-20,07:40:00,HOLD,MIDCPNIFTY24SEP13300CE,85.05,-6498.0,0,NONE,Monitoring
2024-09-20,07:45:00,HOLD,MIDCPNIFTY24SEP13300CE,85.05,-6498.0,0,NONE,Monitoring
2024-09-20,07:50:00,HOLD,MIDCPNIFTY24SEP13300CE,85.05,-6498.0,0,NONE,Monitoring
2024-09-20,07:55:00,HOLD,MIDCPNIFTY24SEP13300CE,85.05,-6498.0,0,NONE,Monitoring
2024-09-20,08:00:00,HOLD,MIDCPNIFTY24SEP13300CE,85.05,-6498.0,0,NONE,Monitoring
2024-09-20,08:00:00,EXIT,MIDCPNIFTY24SEP13300CE,85.05,-6498.0,0,NONE,EMA_REVERSAL
