Date,Time,Event,Ticker,Price,PnL_INR,SL_Price,SL_Mode,Info
2024-05-21,09:50:00,ENTRY,MIDCPNIFTY24MAY11400CE,48.3,0.0,0,NONE,Signal CE
2024-05-21,09:55:00,HOLD,MIDCPNIFTY24MAY11400CE,47.15,-138.0,0,NONE,Monitoring
2024-05-22,03:45:00,HOLD,MIDCPNIFTY24MAY11400CE,63.4,1812.0,0,NONE,Monitoring
2024-05-22,03:50:00,HOLD,MIDCPNIFTY24MAY11400CE,63.4,1812.0,0,NONE,Monitoring
2024-05-22,03:55:00,HOLD,MIDCPNIFTY24MAY11400CE,63.4,1812.0,0,NONE,Monitoring
2024-05-22,04:00:00,HOLD,MIDCPNIFTY24MAY11400CE,63.4,1812.0,0,NONE,Monitoring
2024-05-22,04:05:00,HOLD,MIDCPNIFTY24MAY11400CE,63.4,1812.0,0,NONE,Monitoring
2024-05-22,04:10:00,HOLD,MIDCPNIFTY24MAY11400CE,63.4,1812.0,0,NONE,Monitoring
2024-05-22,04:15:00,HOLD,MIDCPNIFTY24MAY11400CE,63.4,1812.0,0,NONE,Monitoring
2024-05-22,04:15:00,EXIT,MIDCPNIFTY24MAY11400CE,63.4,1812.0,0,NONE,EMA_REVERSAL
