Date,Time,Event,Ticker,Price,PnL_INR,SL_Price,SL_Mode,Info
2025-09-29,09:30:00,ENTRY,MIDCPNIFTY25OCT12600PE,181.8,0.0,0,NONE,Signal PE
2025-09-29,09:35:00,HOLD,MIDCPNIFTY25OCT12600PE,184.3,300.0,0,NONE,Monitoring
2025-09-29,09:40:00,HOLD,MIDCPNIFTY25OCT12600PE,178.2,-432.0,0,NONE,Monitoring
2025-09-29,09:45:00,HOLD,MIDCPNIFTY25OCT12600PE,173.05,-1050.0,0,NONE,Monitoring
2025-09-29,09:50:00,HOLD,MIDCPNIFTY25OCT12600PE,170.55,-1350.0,0,NONE,Monitoring
2025-09-29,09:55:00,HOLD,MIDCPNIFTY25OCT12600PE,168.0,-1656.0,0,NONE,Monitoring
2025-09-30,03:45:00,HOLD,MIDCPNIFTY25OCT12600PE,184.8,360.0,0,NONE,Monitoring
2025-09-30,03:50:00,HOLD,MIDCPNIFTY25OCT12600PE,184.8,360.0,0,NONE,Monitoring
2025-09-30,03:55:00,HOLD,MIDCPNIFTY25OCT12600PE,184.8,360.0,0,NONE,Monitoring
2025-09-30,04:00:00,HOLD,MIDCPNIFTY25OCT12600PE,184.8,360.0,0,NONE,Monitoring
2025-09-30,04:05:00,HOLD,MIDCPNIFTY25OCT12600PE,184.8,360.0,0,NONE,Monitoring
2025-09-30,04:10:00,HOLD,MIDCPNIFTY25OCT12600PE,184.8,360.0,0,NONE,Monitoring
2025-09-30,04:15:00,HOLD,MIDCPNIFTY25OCT12600PE,184.8,360.0,0,NONE,Monitoring
2025-09-30,04:20:00,HOLD,MIDCPNIFTY25OCT12600PE,184.8,360.0,0,NONE,Monitoring
2025-09-30,04:25:00,HOLD,MIDCPNIFTY25OCT12600PE,184.8,360.0,0,NONE,Monitoring
2025-09-30,04:30:00,HOLD,MIDCPNIFTY25OCT12600PE,184.8,360.0,0,NONE,Monitoring
2025-09-30,04:35:00,HOLD,MIDCPNIFTY25OCT12600PE,184.8,360.0,0,NONE,Monitoring
2025-09-30,04:40:00,HOLD,MIDCPNIFTY25OCT12600PE,184.8,360.0,0,NONE,Monitoring
2025-09-30,04:45:00,HOLD,MIDCPNIFTY25OCT12600PE,184.8,360.0,0,NONE,Monitoring
2025-09-30,04:50:00,HOLD,MIDCPNIFTY25OCT12600PE,184.8,360.0,0,NONE,Monitoring
2025-09-30,04:55:00,HOLD,MIDCPNIFTY25OCT12600PE,184.8,360.0,0,NONE,Monitoring
2025-09-30,05:00:00,HOLD,MIDCPNIFTY25OCT12600PE,184.8,360.0,0,NONE,Monitoring
2025-09-30,05:05:00,HOLD,MIDCPNIFTY25OCT12600PE,184.8,360.0,0,NONE,Monitoring
2025-09-30,05:10:00,HOLD,MIDCPNIFTY25OCT12600PE,184.8,360.0,0,NONE,Monitoring
2025-09-30,05:15:00,HOLD,MIDCPNIFTY25OCT12600PE,184.8,360.0,0,NONE,Monitoring
2025-09-30,05:20:00,HOLD,MIDCPNIFTY25OCT12600PE,184.8,360.0,0,NONE,Monitoring
2025-09-30,05:25:00,HOLD,MIDCPNIFTY25OCT12600PE,184.8,360.0,0,NONE,Monitoring
2025-09-30,05:30:00,HOLD,MIDCPNIFTY25OCT12600PE,184.8,360.0,0,NONE,Monitoring
2025-09-30,05:35:00,HOLD,MIDCPNIFTY25OCT12600PE,184.8,360.0,0,NONE,Monitoring
2025-09-30,05:40:00,HOLD,MIDCPNIFTY25OCT12600PE,184.8,360.0,0,NONE,Monitoring
2025-09-30,05:45:00,HOLD,MIDCPNIFTY25OCT12600PE,184.8,360.0,0,NONE,Monitoring
2025-09-30,05:50:00,HOLD,MIDCPNIFTY25OCT12600PE,184.8,360.0,0,NONE,Monitoring
2025-09-30,05:55:00,HOLD,MIDCPNIFTY25OCT12600PE,184.8,360.0,0,NONE,Monitoring
2025-09-30,06:00:00,HOLD,MIDCPNIFTY25OCT12600PE,184.8,360.0,0,NONE,Monitoring
2025-09-30,06:05:00,HOLD,MIDCPNIFTY25OCT12600PE,184.8,360.0,0,NONE,Monitoring
2025-09-30,06:10:00,HOLD,MIDCPNIFTY25OCT12600PE,184.8,360.0,0,NONE,Monitoring
2025-09-30,06:15:00,HOLD,MIDCPNIFTY25OCT12600PE,184.8,360.0,0,NONE,Monitoring
2025-09-30,06:20:00,HOLD,MIDCPNIFTY25OCT12600PE,184.8,360.0,0,NONE,Monitoring
2025-09-30,06:25:00,HOLD,MIDCPNIFTY25OCT12600PE,184.8,360.0,0,NONE,Monitoring
2025-09-30,06:30:00,HOLD,MIDCPNIFTY25OCT12600PE,184.8,360.0,0,NONE,Monitoring
2025-09-30,06:35:00,HOLD,MIDCPNIFTY25OCT12600PE,184.8,360.0,0,NONE,Monitoring
2025-09-30,06:40:00,HOLD,MIDCPNIFTY25OCT12600PE,184.8,360.0,0,NONE,Monitoring
2025-09-30,06:45:00,HOLD,MIDCPNIFTY25OCT12600PE,184.8,360.0,0,NONE,Monitoring
2025-09-30,06:50:00,HOLD,MIDCPNIFTY25OCT12600PE,184.8,360.0,0,NONE,Monitoring
2025-09-30,06:55:00,HOLD,MIDCPNIFTY25OCT12600PE,184.8,360.0,0,NONE,Monitoring
2025-09-30,07:00:00,HOLD,MIDCPNIFTY25OCT12600PE,184.8,360.0,0,NONE,Monitoring
2025-09-30,07:05:00,HOLD,MIDCPNIFTY25OCT12600PE,184.8,360.0,0,NONE,Monitoring
2025-09-30,07:10:00,HOLD,MIDCPNIFTY25OCT12600PE,184.8,360.0,0,NONE,Monitoring
2025-09-30,07:15:00,HOLD,MIDCPNIFTY25OCT12600PE,184.8,360.0,0,NONE,Monitoring
2025-09-30,07:20:00,HOLD,MIDCPNIFTY25OCT12600PE,184.8,360.0,0,NONE,Monitoring
2025-09-30,07:25:00,HOLD,MIDCPNIFTY25OCT12600PE,184.8,360.0,0,NONE,Monitoring
2025-09-30,07:30:00,HOLD,MIDCPNIFTY25OCT12600PE,184.8,360.0,0,NONE,Monitoring
2025-09-30,07:35:00,HOLD,MIDCPNIFTY25OCT12600PE,184.8,360.0,0,NONE,Monitoring
2025-09-30,07:40:00,HOLD,MIDCPNIFTY25OCT12600PE,184.8,360.0,0,NONE,Monitoring
2025-09-30,07:45:00,HOLD,MIDCPNIFTY25OCT12600PE,184.8,360.0,0,NONE,Monitoring
2025-09-30,07:50:00,HOLD,MIDCPNIFTY25OCT12600PE,184.8,360.0,0,NONE,Monitoring
2025-09-30,07:55:00,HOLD,MIDCPNIFTY25OCT12600PE,184.8,360.0,0,NONE,Monitoring
2025-09-30,08:00:00,HOLD,MIDCPNIFTY25OCT12600PE,184.8,360.0,0,NONE,Monitoring
2025-09-30,08:05:00,HOLD,MIDCPNIFTY25OCT12600PE,184.8,360.0,0,NONE,Monitoring
2025-09-30,08:10:00,HOLD,MIDCPNIFTY25OCT12600PE,184.8,360.0,0,NONE,Monitoring
2025-09-30,08:15:00,HOLD,MIDCPNIFTY25OCT12600PE,184.8,360.0,0,NONE,Monitoring
2025-09-30,08:20:00,HOLD,MIDCPNIFTY25OCT12600PE,184.8,360.0,0,NONE,Monitoring
2025-09-30,08:25:00,HOLD,MIDCPNIFTY25OCT12600PE,184.8,360.0,0,NONE,Monitoring
2025-09-30,08:30:00,HOLD,MIDCPNIFTY25OCT12600PE,184.8,360.0,0,NONE,Monitoring
2025-09-30,08:35:00,HOLD,MIDCPNIFTY25OCT12600PE,184.8,360.0,0,NONE,Monitoring
2025-09-30,08:40:00,HOLD,MIDCPNIFTY25OCT12600PE,184.8,360.0,0,NONE,Monitoring
2025-09-30,08:45:00,HOLD,MIDCPNIFTY25OCT12600PE,184.8,360.0,0,NONE,Monitoring
2025-09-30,08:50:00,HOLD,MIDCPNIFTY25OCT12600PE,184.8,360.0,0,NONE,Monitoring
2025-09-30,08:55:00,HOLD,MIDCPNIFTY25OCT12600PE,184.8,360.0,0,NONE,Monitoring
2025-09-30,09:00:00,HOLD,MIDCPNIFTY25OCT12600PE,184.8,360.0,0,NONE,Monitoring
2025-09-30,09:05:00,HOLD,MIDCPNIFTY25OCT12600PE,184.8,360.0,0,NONE,Monitoring
2025-09-30,09:10:00,HOLD,MIDCPNIFTY25OCT12600PE,184.8,360.0,0,NONE,Monitoring
2025-09-30,09:10:00,EXIT,MIDCPNIFTY25OCT12600PE,184.8,360.0,0,NONE,EMA_REVERSAL
