Date,Time,Event,Ticker,Price,PnL_INR,SL_Price,SL_Mode,Info
2025-03-27,09:35:00,ENTRY,MIDCPNIFTY25APR11500CE,304.65,0.0,0.0,NONE,Signal CE
2025-03-27,09:40:00,HOLD,MIDCPNIFTY25APR11500CE,323.15,2220.0,0.0,NONE,Monitoring
2025-03-27,09:45:00,HOLD,MIDCPNIFTY25APR11500CE,327.6,2754.0,0.0,NONE,Monitoring
2025-03-27,09:50:00,HOLD,MIDCPNIFTY25APR11500CE,345.3,4878.0,0.0,NONE,Monitoring
2025-03-27,09:50:00,TSL_UPDATE,MIDCPNIFTY25APR11500CE,345.3,4878.0,304.65,COST,Moved to Cost
2025-03-27,09:50:00,TSL_UPDATE,MIDCPNIFTY25APR11500CE,345.3,4878.0,317.15,TRAILING,Stepped Up
2025-03-27,09:55:00,HOLD,MIDCPNIFTY25APR11500CE,340.05,4248.0,317.15,TRAILING,Monitoring
2025-03-28,03:45:00,HOLD,MIDCPNIFTY25APR11500CE,378.15,8820.0,317.15,TRAILING,Monitoring
2025-03-28,03:45:00,TSL_UPDATE,MIDCPNIFTY25APR11500CE,378.15,8820.0,350.48,TRAILING,Stepped Up
2025-03-28,03:50:00,HOLD,MIDCPNIFTY25APR11500CE,378.15,8820.0,350.48,TRAILING,Monitoring
2025-03-28,03:55:00,HOLD,MIDCPNIFTY25APR11500CE,378.15,8820.0,350.48,TRAILING,Monitoring
2025-03-28,04:00:00,HOLD,MIDCPNIFTY25APR11500CE,378.15,8820.0,350.48,TRAILING,Monitoring
2025-03-28,04:05:00,HOLD,MIDCPNIFTY25APR11500CE,378.15,8820.0,350.48,TRAILING,Monitoring
2025-03-28,04:10:00,HOLD,MIDCPNIFTY25APR11500CE,378.15,8820.0,350.48,TRAILING,Monitoring
2025-03-28,04:15:00,HOLD,MIDCPNIFTY25APR11500CE,378.15,8820.0,350.48,TRAILING,Monitoring
2025-03-28,04:20:00,HOLD,MIDCPNIFTY25APR11500CE,378.15,8820.0,350.48,TRAILING,Monitoring
2025-03-28,04:25:00,HOLD,MIDCPNIFTY25APR11500CE,378.15,8820.0,350.48,TRAILING,Monitoring
2025-03-28,04:30:00,HOLD,MIDCPNIFTY25APR11500CE,378.15,8820.0,350.48,TRAILING,Monitoring
2025-03-28,04:35:00,HOLD,MIDCPNIFTY25APR11500CE,378.15,8820.0,350.48,TRAILING,Monitoring
2025-03-28,04:40:00,HOLD,MIDCPNIFTY25APR11500CE,378.15,8820.0,350.48,TRAILING,Monitoring
2025-03-28,04:45:00,HOLD,MIDCPNIFTY25APR11500CE,378.15,8820.0,350.48,TRAILING,Monitoring
2025-03-28,04:50:00,HOLD,MIDCPNIFTY25APR11500CE,378.15,8820.0,350.48,TRAILING,Monitoring
2025-03-28,04:55:00,HOLD,MIDCPNIFTY25APR11500CE,378.15,8820.0,350.48,TRAILING,Monitoring
2025-03-28,05:00:00,HOLD,MIDCPNIFTY25APR11500CE,378.15,8820.0,350.48,TRAILING,Monitoring
2025-03-28,05:05:00,HOLD,MIDCPNIFTY25APR11500CE,378.15,8820.0,350.48,TRAILING,Monitoring
2025-03-28,05:10:00,HOLD,MIDCPNIFTY25APR11500CE,378.15,8820.0,350.48,TRAILING,Monitoring
2025-03-28,05:15:00,HOLD,MIDCPNIFTY25APR11500CE,378.15,8820.0,350.48,TRAILING,Monitoring
2025-03-28,05:20:00,HOLD,MIDCPNIFTY25APR11500CE,378.15,8820.0,350.48,TRAILING,Monitoring
2025-03-28,05:25:00,HOLD,MIDCPNIFTY25APR11500CE,378.15,8820.0,350.48,TRAILING,Monitoring
2025-03-28,05:30:00,HOLD,MIDCPNIFTY25APR11500CE,378.15,8820.0,350.48,TRAILING,Monitoring
2025-03-28,05:35:00,HOLD,MIDCPNIFTY25APR11500CE,378.15,8820.0,350.48,TRAILING,Monitoring
2025-03-28,05:40:00,HOLD,MIDCPNIFTY25APR11500CE,378.15,8820.0,350.48,TRAILING,Monitoring
2025-03-28,05:45:00,HOLD,MIDCPNIFTY25APR11500CE,378.15,8820.0,350.48,TRAILING,Monitoring
2025-03-28,05:50:00,HOLD,MIDCPNIFTY25APR11500CE,378.15,8820.0,350.48,TRAILING,Monitoring
2025-03-28,05:55:00,HOLD,MIDCPNIFTY25APR11500CE,378.15,8820.0,350.48,TRAILING,Monitoring
2025-03-28,06:00:00,HOLD,MIDCPNIFTY25APR11500CE,378.15,8820.0,350.48,TRAILING,Monitoring
2025-03-28,06:05:00,HOLD,MIDCPNIFTY25APR11500CE,378.15,8820.0,350.48,TRAILING,Monitoring
2025-03-28,06:10:00,HOLD,MIDCPNIFTY25APR11500CE,378.15,8820.0,350.48,TRAILING,Monitoring
2025-03-28,06:15:00,HOLD,MIDCPNIFTY25APR11500CE,378.15,8820.0,350.48,TRAILING,Monitoring
2025-03-28,06:20:00,HOLD,MIDCPNIFTY25APR11500CE,378.15,8820.0,350.48,TRAILING,Monitoring
2025-03-28,06:25:00,HOLD,MIDCPNIFTY25APR11500CE,378.15,8820.0,350.48,TRAILING,Monitoring
2025-03-28,06:30:00,HOLD,MIDCPNIFTY25APR11500CE,378.15,8820.0,350.48,TRAILING,Monitoring
2025-03-28,06:35:00,HOLD,MIDCPNIFTY25APR11500CE,378.15,8820.0,350.48,TRAILING,Monitoring
2025-03-28,06:40:00,HOLD,MIDCPNIFTY25APR11500CE,378.15,8820.0,350.48,TRAILING,Monitoring
2025-03-28,06:45:00,HOLD,MIDCPNIFTY25APR11500CE,378.15,8820.0,350.48,TRAILING,Monitoring
2025-03-28,06:50:00,HOLD,MIDCPNIFTY25APR11500CE,378.15,8820.0,350.48,TRAILING,Monitoring
2025-03-28,06:50:00,EXIT,MIDCPNIFTY25APR11500CE,378.15,8820.0,350.48,TRAILING,EMA_REVERSAL
