Date,Time,Event,Ticker,Price,PnL_INR,SL_Price,SL_Mode,Info
2024-08-22,09:40:00,ENTRY,MIDCPNIFTY24AUG13000CE,98.05,0.0,0,NONE,Signal CE
2024-08-22,09:45:00,HOLD,MIDCPNIFTY24AUG13000CE,88.3,-1170.0,0,NONE,Monitoring
2024-08-22,09:50:00,HOLD,MIDCPNIFTY24AUG13000CE,90.75,-876.0,0,NONE,Monitoring
2024-08-22,09:55:00,HOLD,MIDCPNIFTY24AUG13000CE,90.35,-924.0,0,NONE,Monitoring
2024-08-23,03:45:00,HOLD,MIDCPNIFTY24AUG13000CE,118.0,2394.0,0,NONE,Monitoring
2024-08-23,03:50:00,HOLD,MIDCPNIFTY24AUG13000CE,118.0,2394.0,0,NONE,Monitoring
2024-08-23,03:55:00,HOLD,MIDCPNIFTY24AUG13000CE,118.0,2394.0,0,NONE,Monitoring
2024-08-23,04:00:00,HOLD,MIDCPNIFTY24AUG13000CE,118.0,2394.0,0,NONE,Monitoring
2024-08-23,04:00:00,EXIT,MIDCPNIFTY24AUG13000CE,118.0,2394.0,0,NONE,EMA_REVERSAL
