Date,Time,Event,Ticker,Price,PnL_INR,SL_Price,SL_Mode,Info
2024-10-03,09:40:00,ENTRY,MIDCPNIFTY24OCT13200CE,365.8,0.0,0,NONE,Signal CE
2024-10-03,09:45:00,HOLD,MIDCPNIFTY24OCT13200CE,365.8,0.0,0,NONE,Monitoring
2024-10-03,09:50:00,HOLD,MIDCPNIFTY24OCT13200CE,365.8,0.0,0,NONE,Monitoring
2024-10-03,09:55:00,HOLD,MIDCPNIFTY24OCT13200CE,365.8,0.0,0,NONE,Monitoring
2024-10-04,03:45:00,HOLD,MIDCPNIFTY24OCT13200CE,194.85,-20514.0,0,NONE,Monitoring
2024-10-04,03:50:00,HOLD,MIDCPNIFTY24OCT13200CE,194.85,-20514.0,0,NONE,Monitoring
2024-10-04,03:50:00,EXIT,MIDCPNIFTY24OCT13200CE,194.85,-20514.0,0,NONE,EMA_REVERSAL
