Date,Time,Event,Ticker,Price,PnL_INR,SL_Price,SL_Mode,Info
2024-08-19,09:45:00,ENTRY,MIDCPNIFTY24AUG12800CE,125.15,0.0,0,NONE,Signal CE
2024-08-19,09:50:00,HOLD,MIDCPNIFTY24AUG12800CE,112.8,-1482.0,0,NONE,Monitoring
2024-08-19,09:55:00,HOLD,MIDCPNIFTY24AUG12800CE,116.95,-984.0,0,NONE,Monitoring
2024-08-20,03:45:00,HOLD,MIDCPNIFTY24AUG12800CE,105.05,-2412.0,0,NONE,Monitoring
2024-08-20,03:50:00,HOLD,MIDCPNIFTY24AUG12800CE,105.05,-2412.0,0,NONE,Monitoring
2024-08-20,03:55:00,HOLD,MIDCPNIFTY24AUG12800CE,105.05,-2412.0,0,NONE,Monitoring
2024-08-20,04:00:00,HOLD,MIDCPNIFTY24AUG12800CE,105.05,-2412.0,0,NONE,Monitoring
2024-08-20,04:05:00,HOLD,MIDCPNIFTY24AUG12800CE,105.05,-2412.0,0,NONE,Monitoring
2024-08-20,04:10:00,HOLD,MIDCPNIFTY24AUG12800CE,105.05,-2412.0,0,NONE,Monitoring
2024-08-20,04:15:00,HOLD,MIDCPNIFTY24AUG12800CE,105.05,-2412.0,0,NONE,Monitoring
2024-08-20,04:20:00,HOLD,MIDCPNIFTY24AUG12800CE,105.05,-2412.0,0,NONE,Monitoring
2024-08-20,04:25:00,HOLD,MIDCPNIFTY24AUG12800CE,105.05,-2412.0,0,NONE,Monitoring
2024-08-20,04:30:00,HOLD,MIDCPNIFTY24AUG12800CE,105.05,-2412.0,0,NONE,Monitoring
2024-08-20,04:35:00,HOLD,MIDCPNIFTY24AUG12800CE,105.05,-2412.0,0,NONE,Monitoring
2024-08-20,04:40:00,HOLD,MIDCPNIFTY24AUG12800CE,105.05,-2412.0,0,NONE,Monitoring
2024-08-20,04:45:00,HOLD,MIDCPNIFTY24AUG12800CE,105.05,-2412.0,0,NONE,Monitoring
2024-08-20,04:50:00,HOLD,MIDCPNIFTY24AUG12800CE,105.05,-2412.0,0,NONE,Monitoring
2024-08-20,04:55:00,HOLD,MIDCPNIFTY24AUG12800CE,105.05,-2412.0,0,NONE,Monitoring
2024-08-20,05:00:00,HOLD,MIDCPNIFTY24AUG12800CE,105.05,-2412.0,0,NONE,Monitoring
2024-08-20,05:05:00,HOLD,MIDCPNIFTY24AUG12800CE,105.05,-2412.0,0,NONE,Monitoring
2024-08-20,05:10:00,HOLD,MIDCPNIFTY24AUG12800CE,105.05,-2412.0,0,NONE,Monitoring
2024-08-20,05:15:00,HOLD,MIDCPNIFTY24AUG12800CE,105.05,-2412.0,0,NONE,Monitoring
2024-08-20,05:20:00,HOLD,MIDCPNIFTY24AUG12800CE,105.05,-2412.0,0,NONE,Monitoring
2024-08-20,05:25:00,HOLD,MIDCPNIFTY24AUG12800CE,105.05,-2412.0,0,NONE,Monitoring
2024-08-20,05:30:00,HOLD,MIDCPNIFTY24AUG12800CE,105.05,-2412.0,0,NONE,Monitoring
2024-08-20,05:35:00,HOLD,MIDCPNIFTY24AUG12800CE,105.05,-2412.0,0,NONE,Monitoring
2024-08-20,05:40:00,HOLD,MIDCPNIFTY24AUG12800CE,105.05,-2412.0,0,NONE,Monitoring
2024-08-20,05:45:00,HOLD,MIDCPNIFTY24AUG12800CE,105.05,-2412.0,0,NONE,Monitoring
2024-08-20,05:50:00,HOLD,MIDCPNIFTY24AUG12800CE,105.05,-2412.0,0,NONE,Monitoring
2024-08-20,05:55:00,HOLD,MIDCPNIFTY24AUG12800CE,105.05,-2412.0,0,NONE,Monitoring
2024-08-20,06:00:00,HOLD,MIDCPNIFTY24AUG12800CE,105.05,-2412.0,0,NONE,Monitoring
2024-08-20,06:05:00,HOLD,MIDCPNIFTY24AUG12800CE,105.05,-2412.0,0,NONE,Monitoring
2024-08-20,06:10:00,HOLD,MIDCPNIFTY24AUG12800CE,105.05,-2412.0,0,NONE,Monitoring
2024-08-20,06:15:00,HOLD,MIDCPNIFTY24AUG12800CE,105.05,-2412.0,0,NONE,Monitoring
2024-08-20,06:20:00,HOLD,MIDCPNIFTY24AUG12800CE,105.05,-2412.0,0,NONE,Monitoring
2024-08-20,06:25:00,HOLD,MIDCPNIFTY24AUG12800CE,105.05,-2412.0,0,NONE,Monitoring
2024-08-20,06:30:00,HOLD,MIDCPNIFTY24AUG12800CE,105.05,-2412.0,0,NONE,Monitoring
2024-08-20,06:35:00,HOLD,MIDCPNIFTY24AUG12800CE,105.05,-2412.0,0,NONE,Monitoring
2024-08-20,06:40:00,HOLD,MIDCPNIFTY24AUG12800CE,105.05,-2412.0,0,NONE,Monitoring
2024-08-20,06:45:00,HOLD,MIDCPNIFTY24AUG12800CE,105.05,-2412.0,0,NONE,Monitoring
2024-08-20,06:50:00,HOLD,MIDCPNIFTY24AUG12800CE,105.05,-2412.0,0,NONE,Monitoring
2024-08-20,06:55:00,HOLD,MIDCPNIFTY24AUG12800CE,105.05,-2412.0,0,NONE,Monitoring
2024-08-20,07:00:00,HOLD,MIDCPNIFTY24AUG12800CE,105.05,-2412.0,0,NONE,Monitoring
2024-08-20,07:05:00,HOLD,MIDCPNIFTY24AUG12800CE,105.05,-2412.0,0,NONE,Monitoring
2024-08-20,07:10:00,HOLD,MIDCPNIFTY24AUG12800CE,105.05,-2412.0,0,NONE,Monitoring
2024-08-20,07:15:00,HOLD,MIDCPNIFTY24AUG12800CE,105.05,-2412.0,0,NONE,Monitoring
2024-08-20,07:20:00,HOLD,MIDCPNIFTY24AUG12800CE,105.05,-2412.0,0,NONE,Monitoring
2024-08-20,07:25:00,HOLD,MIDCPNIFTY24AUG12800CE,105.05,-2412.0,0,NONE,Monitoring
2024-08-20,07:30:00,HOLD,MIDCPNIFTY24AUG12800CE,105.05,-2412.0,0,NONE,Monitoring
2024-08-20,07:35:00,HOLD,MIDCPNIFTY24AUG12800CE,105.05,-2412.0,0,NONE,Monitoring
2024-08-20,07:40:00,HOLD,MIDCPNIFTY24AUG12800CE,105.05,-2412.0,0,NONE,Monitoring
2024-08-20,07:45:00,HOLD,MIDCPNIFTY24AUG12800CE,105.05,-2412.0,0,NONE,Monitoring
2024-08-20,07:50:00,HOLD,MIDCPNIFTY24AUG12800CE,105.05,-2412.0,0,NONE,Monitoring
2024-08-20,07:55:00,HOLD,MIDCPNIFTY24AUG12800CE,105.05,-2412.0,0,NONE,Monitoring
2024-08-20,08:00:00,HOLD,MIDCPNIFTY24AUG12800CE,105.05,-2412.0,0,NONE,Monitoring
2024-08-20,08:05:00,HOLD,MIDCPNIFTY24AUG12800CE,105.05,-2412.0,0,NONE,Monitoring
2024-08-20,08:10:00,HOLD,MIDCPNIFTY24AUG12800CE,105.05,-2412.0,0,NONE,Monitoring
2024-08-20,08:15:00,HOLD,MIDCPNIFTY24AUG12800CE,105.05,-2412.0,0,NONE,Monitoring
2024-08-20,08:20:00,HOLD,MIDCPNIFTY24AUG12800CE,105.05,-2412.0,0,NONE,Monitoring
2024-08-20,08:25:00,HOLD,MIDCPNIFTY24AUG12800CE,105.05,-2412.0,0,NONE,Monitoring
2024-08-20,08:30:00,HOLD,MIDCPNIFTY24AUG12800CE,105.05,-2412.0,0,NONE,Monitoring
2024-08-20,08:35:00,HOLD,MIDCPNIFTY24AUG12800CE,105.05,-2412.0,0,NONE,Monitoring
2024-08-20,08:40:00,HOLD,MIDCPNIFTY24AUG12800CE,105.05,-2412.0,0,NONE,Monitoring
2024-08-20,08:45:00,HOLD,MIDCPNIFTY24AUG12800CE,105.05,-2412.0,0,NONE,Monitoring
2024-08-20,08:50:00,HOLD,MIDCPNIFTY24AUG12800CE,105.05,-2412.0,0,NONE,Monitoring
2024-08-20,08:55:00,HOLD,MIDCPNIFTY24AUG12800CE,105.05,-2412.0,0,NONE,Monitoring
2024-08-20,09:00:00,HOLD,MIDCPNIFTY24AUG12800CE,105.05,-2412.0,0,NONE,Monitoring
2024-08-20,09:05:00,HOLD,MIDCPNIFTY24AUG12800CE,105.05,-2412.0,0,NONE,Monitoring
2024-08-20,09:10:00,HOLD,MIDCPNIFTY24AUG12800CE,105.05,-2412.0,0,NONE,Monitoring
2024-08-20,09:15:00,HOLD,MIDCPNIFTY24AUG12800CE,116.05,-1092.0,0,NONE,Monitoring
2024-08-20,09:20:00,HOLD,MIDCPNIFTY24AUG12800CE,122.85,-276.0,0,NONE,Monitoring
2024-08-20,09:25:00,HOLD,MIDCPNIFTY24AUG12800CE,122.85,-276.0,0,NONE,Monitoring
2024-08-20,09:30:00,HOLD,MIDCPNIFTY24AUG12800CE,121.7,-414.0,0,NONE,Monitoring
2024-08-20,09:35:00,HOLD,MIDCPNIFTY24AUG12800CE,117.5,-918.0,0,NONE,Monitoring
2024-08-20,09:40:00,HOLD,MIDCPNIFTY24AUG12800CE,121.25,-468.0,0,NONE,Monitoring
2024-08-20,09:45:00,HOLD,MIDCPNIFTY24AUG12800CE,120.05,-612.0,0,NONE,Monitoring
2024-08-20,09:50:00,HOLD,MIDCPNIFTY24AUG12800CE,115.75,-1128.0,0,NONE,Monitoring
2024-08-20,09:55:00,HOLD,MIDCPNIFTY24AUG12800CE,114.7,-1254.0,0,NONE,Monitoring
2024-08-21,03:45:00,HOLD,MIDCPNIFTY24AUG12800CE,147.25,2652.0,0,NONE,Monitoring
2024-08-21,03:50:00,HOLD,MIDCPNIFTY24AUG12800CE,147.25,2652.0,0,NONE,Monitoring
2024-08-21,03:55:00,HOLD,MIDCPNIFTY24AUG12800CE,147.25,2652.0,0,NONE,Monitoring
2024-08-21,04:00:00,HOLD,MIDCPNIFTY24AUG12800CE,147.25,2652.0,0,NONE,Monitoring
2024-08-21,04:05:00,HOLD,MIDCPNIFTY24AUG12800CE,147.25,2652.0,0,NONE,Monitoring
2024-08-21,04:10:00,HOLD,MIDCPNIFTY24AUG12800CE,147.25,2652.0,0,NONE,Monitoring
2024-08-21,04:15:00,HOLD,MIDCPNIFTY24AUG12800CE,147.25,2652.0,0,NONE,Monitoring
2024-08-21,04:20:00,HOLD,MIDCPNIFTY24AUG12800CE,147.25,2652.0,0,NONE,Monitoring
2024-08-21,04:25:00,HOLD,MIDCPNIFTY24AUG12800CE,147.25,2652.0,0,NONE,Monitoring
2024-08-21,04:30:00,HOLD,MIDCPNIFTY24AUG12800CE,147.25,2652.0,0,NONE,Monitoring
2024-08-21,04:35:00,HOLD,MIDCPNIFTY24AUG12800CE,147.25,2652.0,0,NONE,Monitoring
2024-08-21,04:40:00,HOLD,MIDCPNIFTY24AUG12800CE,147.25,2652.0,0,NONE,Monitoring
2024-08-21,04:45:00,HOLD,MIDCPNIFTY24AUG12800CE,147.25,2652.0,0,NONE,Monitoring
2024-08-21,04:50:00,HOLD,MIDCPNIFTY24AUG12800CE,147.25,2652.0,0,NONE,Monitoring
2024-08-21,04:55:00,HOLD,MIDCPNIFTY24AUG12800CE,147.25,2652.0,0,NONE,Monitoring
2024-08-21,05:00:00,HOLD,MIDCPNIFTY24AUG12800CE,147.25,2652.0,0,NONE,Monitoring
2024-08-21,05:05:00,HOLD,MIDCPNIFTY24AUG12800CE,147.25,2652.0,0,NONE,Monitoring
2024-08-21,05:10:00,HOLD,MIDCPNIFTY24AUG12800CE,147.25,2652.0,0,NONE,Monitoring
2024-08-21,05:15:00,HOLD,MIDCPNIFTY24AUG12800CE,147.25,2652.0,0,NONE,Monitoring
2024-08-21,05:20:00,HOLD,MIDCPNIFTY24AUG12800CE,147.25,2652.0,0,NONE,Monitoring
2024-08-21,05:25:00,HOLD,MIDCPNIFTY24AUG12800CE,147.25,2652.0,0,NONE,Monitoring
2024-08-21,05:30:00,HOLD,MIDCPNIFTY24AUG12800CE,147.25,2652.0,0,NONE,Monitoring
2024-08-21,05:35:00,HOLD,MIDCPNIFTY24AUG12800CE,147.25,2652.0,0,NONE,Monitoring
2024-08-21,05:40:00,HOLD,MIDCPNIFTY24AUG12800CE,147.25,2652.0,0,NONE,Monitoring
2024-08-21,05:45:00,HOLD,MIDCPNIFTY24AUG12800CE,147.25,2652.0,0,NONE,Monitoring
2024-08-21,05:50:00,HOLD,MIDCPNIFTY24AUG12800CE,147.25,2652.0,0,NONE,Monitoring
2024-08-21,05:55:00,HOLD,MIDCPNIFTY24AUG12800CE,147.25,2652.0,0,NONE,Monitoring
2024-08-21,06:00:00,HOLD,MIDCPNIFTY24AUG12800CE,147.25,2652.0,0,NONE,Monitoring
2024-08-21,06:05:00,HOLD,MIDCPNIFTY24AUG12800CE,147.25,2652.0,0,NONE,Monitoring
2024-08-21,06:10:00,HOLD,MIDCPNIFTY24AUG12800CE,147.25,2652.0,0,NONE,Monitoring
2024-08-21,06:15:00,HOLD,MIDCPNIFTY24AUG12800CE,147.25,2652.0,0,NONE,Monitoring
2024-08-21,06:20:00,HOLD,MIDCPNIFTY24AUG12800CE,147.25,2652.0,0,NONE,Monitoring
2024-08-21,06:25:00,HOLD,MIDCPNIFTY24AUG12800CE,147.25,2652.0,0,NONE,Monitoring
2024-08-21,06:30:00,HOLD,MIDCPNIFTY24AUG12800CE,147.25,2652.0,0,NONE,Monitoring
2024-08-21,06:35:00,HOLD,MIDCPNIFTY24AUG12800CE,147.25,2652.0,0,NONE,Monitoring
2024-08-21,06:40:00,HOLD,MIDCPNIFTY24AUG12800CE,147.25,2652.0,0,NONE,Monitoring
2024-08-21,06:45:00,HOLD,MIDCPNIFTY24AUG12800CE,147.25,2652.0,0,NONE,Monitoring
2024-08-21,06:50:00,HOLD,MIDCPNIFTY24AUG12800CE,147.25,2652.0,0,NONE,Monitoring
2024-08-21,06:55:00,HOLD,MIDCPNIFTY24AUG12800CE,147.25,2652.0,0,NONE,Monitoring
2024-08-21,07:00:00,HOLD,MIDCPNIFTY24AUG12800CE,147.25,2652.0,0,NONE,Monitoring
2024-08-21,07:05:00,HOLD,MIDCPNIFTY24AUG12800CE,147.25,2652.0,0,NONE,Monitoring
2024-08-21,07:10:00,HOLD,MIDCPNIFTY24AUG12800CE,147.25,2652.0,0,NONE,Monitoring
2024-08-21,07:15:00,HOLD,MIDCPNIFTY24AUG12800CE,147.25,2652.0,0,NONE,Monitoring
2024-08-21,07:20:00,HOLD,MIDCPNIFTY24AUG12800CE,147.25,2652.0,0,NONE,Monitoring
2024-08-21,07:25:00,HOLD,MIDCPNIFTY24AUG12800CE,147.25,2652.0,0,NONE,Monitoring
2024-08-21,07:30:00,HOLD,MIDCPNIFTY24AUG12800CE,147.25,2652.0,0,NONE,Monitoring
2024-08-21,07:35:00,HOLD,MIDCPNIFTY24AUG12800CE,147.25,2652.0,0,NONE,Monitoring
2024-08-21,07:40:00,HOLD,MIDCPNIFTY24AUG12800CE,147.25,2652.0,0,NONE,Monitoring
2024-08-21,07:45:00,HOLD,MIDCPNIFTY24AUG12800CE,147.25,2652.0,0,NONE,Monitoring
2024-08-21,07:45:00,EXIT,MIDCPNIFTY24AUG12800CE,147.25,2652.0,0,NONE,EMA_REVERSAL
