Date,Time,Event,Ticker,Price,PnL_INR,SL_Price,SL_Mode,Info
2023-08-08,09:25:00,ENTRY,MIDCPNIFTY23AUG8600CE,223.7,0.0,0,NONE,Signal CE
2023-08-08,09:30:00,HOLD,MIDCPNIFTY23AUG8600CE,223.7,0.0,0,NONE,Monitoring
2023-08-08,09:35:00,HOLD,MIDCPNIFTY23AUG8600CE,223.7,0.0,0,NONE,Monitoring
2023-08-08,09:40:00,HOLD,MIDCPNIFTY23AUG8600CE,223.7,0.0,0,NONE,Monitoring
2023-08-08,09:45:00,HOLD,MIDCPNIFTY23AUG8600CE,223.7,0.0,0,NONE,Monitoring
2023-08-08,09:50:00,HOLD,MIDCPNIFTY23AUG8600CE,223.7,0.0,0,NONE,Monitoring
2023-08-08,09:55:00,HOLD,MIDCPNIFTY23AUG8600CE,223.7,0.0,0,NONE,Monitoring
2023-08-09,03:45:00,HOLD,MIDCPNIFTY23AUG8600CE,223.7,0.0,0,NONE,Monitoring
2023-08-09,03:50:00,HOLD,MIDCPNIFTY23AUG8600CE,223.7,0.0,0,NONE,Monitoring
2023-08-09,03:55:00,HOLD,MIDCPNIFTY23AUG8600CE,223.7,0.0,0,NONE,Monitoring
2023-08-09,04:00:00,HOLD,MIDCPNIFTY23AUG8600CE,223.7,0.0,0,NONE,Monitoring
2023-08-09,04:00:00,EXIT,MIDCPNIFTY23AUG8600CE,223.7,0.0,0,NONE,EMA_REVERSAL
