Date,Time,Event,Ticker,Price,PnL_INR,SL_Price,SL_Mode,Info
2024-11-25,09:30:00,ENTRY,MIDCPNIFTY24DEC12500CE,308.0,0.0,0.0,NONE,Signal CE
2024-11-25,09:35:00,HOLD,MIDCPNIFTY24DEC12500CE,310.1,252.0,0.0,NONE,Monitoring
2024-11-25,09:40:00,HOLD,MIDCPNIFTY24DEC12500CE,310.85,342.0,0.0,NONE,Monitoring
2024-11-25,09:45:00,HOLD,MIDCPNIFTY24DEC12500CE,307.95,-6.0,0.0,NONE,Monitoring
2024-11-25,09:50:00,HOLD,MIDCPNIFTY24DEC12500CE,304.95,-366.0,0.0,NONE,Monitoring
2024-11-25,09:55:00,HOLD,MIDCPNIFTY24DEC12500CE,302.0,-720.0,0.0,NONE,Monitoring
2024-11-26,03:45:00,HOLD,MIDCPNIFTY24DEC12500CE,378.75,8490.0,0.0,NONE,Monitoring
2024-11-26,03:45:00,TSL_UPDATE,MIDCPNIFTY24DEC12500CE,378.75,8490.0,308.0,COST,Moved to Cost
2024-11-26,03:45:00,TSL_UPDATE,MIDCPNIFTY24DEC12500CE,378.75,8490.0,349.67,TRAILING,Stepped Up
2024-11-26,03:50:00,HOLD,MIDCPNIFTY24DEC12500CE,378.75,8490.0,349.67,TRAILING,Monitoring
2024-11-26,03:55:00,HOLD,MIDCPNIFTY24DEC12500CE,378.75,8490.0,349.67,TRAILING,Monitoring
2024-11-26,04:00:00,HOLD,MIDCPNIFTY24DEC12500CE,378.75,8490.0,349.67,TRAILING,Monitoring
2024-11-26,04:05:00,HOLD,MIDCPNIFTY24DEC12500CE,378.75,8490.0,349.67,TRAILING,Monitoring
2024-11-26,04:10:00,HOLD,MIDCPNIFTY24DEC12500CE,378.75,8490.0,349.67,TRAILING,Monitoring
2024-11-26,04:15:00,HOLD,MIDCPNIFTY24DEC12500CE,378.75,8490.0,349.67,TRAILING,Monitoring
2024-11-26,04:20:00,HOLD,MIDCPNIFTY24DEC12500CE,378.75,8490.0,349.67,TRAILING,Monitoring
2024-11-26,04:25:00,HOLD,MIDCPNIFTY24DEC12500CE,378.75,8490.0,349.67,TRAILING,Monitoring
2024-11-26,04:30:00,HOLD,MIDCPNIFTY24DEC12500CE,378.75,8490.0,349.67,TRAILING,Monitoring
2024-11-26,04:35:00,HOLD,MIDCPNIFTY24DEC12500CE,378.75,8490.0,349.67,TRAILING,Monitoring
2024-11-26,04:40:00,HOLD,MIDCPNIFTY24DEC12500CE,378.75,8490.0,349.67,TRAILING,Monitoring
2024-11-26,04:45:00,HOLD,MIDCPNIFTY24DEC12500CE,378.75,8490.0,349.67,TRAILING,Monitoring
2024-11-26,04:50:00,HOLD,MIDCPNIFTY24DEC12500CE,378.75,8490.0,349.67,TRAILING,Monitoring
2024-11-26,04:55:00,HOLD,MIDCPNIFTY24DEC12500CE,378.75,8490.0,349.67,TRAILING,Monitoring
2024-11-26,05:00:00,HOLD,MIDCPNIFTY24DEC12500CE,378.75,8490.0,349.67,TRAILING,Monitoring
2024-11-26,05:05:00,HOLD,MIDCPNIFTY24DEC12500CE,378.75,8490.0,349.67,TRAILING,Monitoring
2024-11-26,05:10:00,HOLD,MIDCPNIFTY24DEC12500CE,378.75,8490.0,349.67,TRAILING,Monitoring
2024-11-26,05:15:00,HOLD,MIDCPNIFTY24DEC12500CE,378.75,8490.0,349.67,TRAILING,Monitoring
2024-11-26,05:20:00,HOLD,MIDCPNIFTY24DEC12500CE,378.75,8490.0,349.67,TRAILING,Monitoring
2024-11-26,05:25:00,HOLD,MIDCPNIFTY24DEC12500CE,378.75,8490.0,349.67,TRAILING,Monitoring
2024-11-26,05:30:00,HOLD,MIDCPNIFTY24DEC12500CE,378.75,8490.0,349.67,TRAILING,Monitoring
2024-11-26,05:35:00,HOLD,MIDCPNIFTY24DEC12500CE,378.75,8490.0,349.67,TRAILING,Monitoring
2024-11-26,05:40:00,HOLD,MIDCPNIFTY24DEC12500CE,378.75,8490.0,349.67,TRAILING,Monitoring
2024-11-26,05:45:00,HOLD,MIDCPNIFTY24DEC12500CE,378.75,8490.0,349.67,TRAILING,Monitoring
2024-11-26,05:50:00,HOLD,MIDCPNIFTY24DEC12500CE,378.75,8490.0,349.67,TRAILING,Monitoring
2024-11-26,05:55:00,HOLD,MIDCPNIFTY24DEC12500CE,378.75,8490.0,349.67,TRAILING,Monitoring
2024-11-26,06:00:00,HOLD,MIDCPNIFTY24DEC12500CE,378.75,8490.0,349.67,TRAILING,Monitoring
2024-11-26,06:05:00,HOLD,MIDCPNIFTY24DEC12500CE,378.75,8490.0,349.67,TRAILING,Monitoring
2024-11-26,06:10:00,HOLD,MIDCPNIFTY24DEC12500CE,378.75,8490.0,349.67,TRAILING,Monitoring
2024-11-26,06:15:00,HOLD,MIDCPNIFTY24DEC12500CE,378.75,8490.0,349.67,TRAILING,Monitoring
2024-11-26,06:20:00,HOLD,MIDCPNIFTY24DEC12500CE,378.75,8490.0,349.67,TRAILING,Monitoring
2024-11-26,06:25:00,HOLD,MIDCPNIFTY24DEC12500CE,378.75,8490.0,349.67,TRAILING,Monitoring
2024-11-26,06:30:00,HOLD,MIDCPNIFTY24DEC12500CE,378.75,8490.0,349.67,TRAILING,Monitoring
2024-11-26,06:35:00,HOLD,MIDCPNIFTY24DEC12500CE,378.75,8490.0,349.67,TRAILING,Monitoring
2024-11-26,06:40:00,HOLD,MIDCPNIFTY24DEC12500CE,378.75,8490.0,349.67,TRAILING,Monitoring
2024-11-26,06:45:00,HOLD,MIDCPNIFTY24DEC12500CE,378.75,8490.0,349.67,TRAILING,Monitoring
2024-11-26,06:50:00,HOLD,MIDCPNIFTY24DEC12500CE,378.75,8490.0,349.67,TRAILING,Monitoring
2024-11-26,06:50:00,EXIT,MIDCPNIFTY24DEC12500CE,378.75,8490.0,349.67,TRAILING,EMA_REVERSAL
