Date,Time,Event,Ticker,Price,PnL_INR,SL_Price,SL_Mode,Info
2025-06-30,09:50:00,ENTRY,MIDCPNIFTY25JUL13500CE,232.85,0.0,0.0,NONE,Signal CE
2025-06-30,09:55:00,HOLD,MIDCPNIFTY25JUL13500CE,232.05,-96.0,0.0,NONE,Monitoring
2025-07-01,09:15:00,HOLD,MIDCPNIFTY25JUL13500CE,274.75,5028.0,0.0,NONE,Monitoring
2025-07-01,09:15:00,TSL_UPDATE,MIDCPNIFTY25JUL13500CE,274.75,5028.0,232.85,COST,Moved to Cost
2025-07-01,09:15:00,TSL_UPDATE,MIDCPNIFTY25JUL13500CE,274.75,5028.0,249.52,TRAILING,Stepped Up
2025-07-01,09:20:00,HOLD,MIDCPNIFTY25JUL13500CE,280.35,5700.0,249.52,TRAILING,Monitoring
2025-07-01,09:20:00,TSL_UPDATE,MIDCPNIFTY25JUL13500CE,280.35,5700.0,253.68,TRAILING,Stepped Up
2025-07-01,09:25:00,HOLD,MIDCPNIFTY25JUL13500CE,279.85,5640.0,253.68,TRAILING,Monitoring
2025-07-01,09:30:00,HOLD,MIDCPNIFTY25JUL13500CE,277.0,5298.0,253.68,TRAILING,Monitoring
2025-07-01,09:35:00,HOLD,MIDCPNIFTY25JUL13500CE,271.95,4692.0,253.68,TRAILING,Monitoring
2025-07-01,09:40:00,HOLD,MIDCPNIFTY25JUL13500CE,270.0,4458.0,253.68,TRAILING,Monitoring
2025-07-01,09:45:00,HOLD,MIDCPNIFTY25JUL13500CE,270.25,4488.0,253.68,TRAILING,Monitoring
2025-07-01,09:50:00,HOLD,MIDCPNIFTY25JUL13500CE,260.85,3360.0,253.68,TRAILING,Monitoring
2025-07-01,09:55:00,HOLD,MIDCPNIFTY25JUL13500CE,272.6,4770.0,253.68,TRAILING,Monitoring
2025-07-02,09:15:00,HOLD,MIDCPNIFTY25JUL13500CE,267.2,4122.0,253.68,TRAILING,Monitoring
2025-07-02,09:20:00,HOLD,MIDCPNIFTY25JUL13500CE,271.35,4620.0,253.68,TRAILING,Monitoring
2025-07-02,09:25:00,HOLD,MIDCPNIFTY25JUL13500CE,274.95,5052.0,253.68,TRAILING,Monitoring
2025-07-02,09:30:00,HOLD,MIDCPNIFTY25JUL13500CE,267.7,4182.0,253.68,TRAILING,Monitoring
2025-07-02,09:35:00,HOLD,MIDCPNIFTY25JUL13500CE,269.0,4338.0,253.68,TRAILING,Monitoring
2025-07-02,09:40:00,HOLD,MIDCPNIFTY25JUL13500CE,258.95,3132.0,253.68,TRAILING,Monitoring
2025-07-02,09:45:00,HOLD,MIDCPNIFTY25JUL13500CE,261.75,3468.0,253.68,TRAILING,Monitoring
2025-07-02,09:50:00,HOLD,MIDCPNIFTY25JUL13500CE,258.7,3102.0,253.68,TRAILING,Monitoring
2025-07-02,09:55:00,HOLD,MIDCPNIFTY25JUL13500CE,258.0,3018.0,253.68,TRAILING,Monitoring
2025-07-03,09:15:00,HOLD,MIDCPNIFTY25JUL13500CE,269.4,4386.0,253.68,TRAILING,Monitoring
2025-07-03,09:15:00,EXIT,MIDCPNIFTY25JUL13500CE,269.4,4386.0,253.68,TRAILING,EMA_REVERSAL
