Date,Time,Event,Ticker,Price,PnL_INR,SL_Price,SL_Mode,Info
2024-04-15,09:50:00,ENTRY,MIDCPNIFTY24APR10800PE,176.9,0.0,0,NONE,Signal PE
2024-04-15,09:55:00,HOLD,MIDCPNIFTY24APR10800PE,176.2,-84.0,0,NONE,Monitoring
2024-04-16,03:45:00,HOLD,MIDCPNIFTY24APR10800PE,174.0,-348.0,0,NONE,Monitoring
2024-04-16,03:50:00,HOLD,MIDCPNIFTY24APR10800PE,174.0,-348.0,0,NONE,Monitoring
2024-04-16,03:55:00,HOLD,MIDCPNIFTY24APR10800PE,174.0,-348.0,0,NONE,Monitoring
2024-04-16,04:00:00,HOLD,MIDCPNIFTY24APR10800PE,174.0,-348.0,0,NONE,Monitoring
2024-04-16,04:05:00,HOLD,MIDCPNIFTY24APR10800PE,174.0,-348.0,0,NONE,Monitoring
2024-04-16,04:10:00,HOLD,MIDCPNIFTY24APR10800PE,174.0,-348.0,0,NONE,Monitoring
2024-04-16,04:15:00,HOLD,MIDCPNIFTY24APR10800PE,174.0,-348.0,0,NONE,Monitoring
2024-04-16,04:20:00,HOLD,MIDCPNIFTY24APR10800PE,174.0,-348.0,0,NONE,Monitoring
2024-04-16,04:25:00,HOLD,MIDCPNIFTY24APR10800PE,174.0,-348.0,0,NONE,Monitoring
2024-04-16,04:25:00,EXIT,MIDCPNIFTY24APR10800PE,174.0,-348.0,0,NONE,EMA_REVERSAL
