Date,Time,Event,Ticker,Price,PnL_INR,SL_Price,SL_Mode,Info
2023-12-28,09:20:00,ENTRY,MIDCPNIFTY24JAN10400CE,180.0,0.0,0,NONE,Signal CE
2023-12-28,09:25:00,HOLD,MIDCPNIFTY24JAN10400CE,180.0,0.0,0,NONE,Monitoring
2023-12-28,09:30:00,HOLD,MIDCPNIFTY24JAN10400CE,180.0,0.0,0,NONE,Monitoring
2023-12-28,09:35:00,HOLD,MIDCPNIFTY24JAN10400CE,180.0,0.0,0,NONE,Monitoring
2023-12-28,09:40:00,HOLD,MIDCPNIFTY24JAN10400CE,180.0,0.0,0,NONE,Monitoring
2023-12-28,09:45:00,HOLD,MIDCPNIFTY24JAN10400CE,180.0,0.0,0,NONE,Monitoring
2023-12-28,09:50:00,HOLD,MIDCPNIFTY24JAN10400CE,180.0,0.0,0,NONE,Monitoring
2023-12-28,09:55:00,HOLD,MIDCPNIFTY24JAN10400CE,180.0,0.0,0,NONE,Monitoring
2023-12-29,03:45:00,HOLD,MIDCPNIFTY24JAN10400CE,180.0,0.0,0,NONE,Monitoring
2023-12-29,03:50:00,HOLD,MIDCPNIFTY24JAN10400CE,180.0,0.0,0,NONE,Monitoring
2023-12-29,03:55:00,HOLD,MIDCPNIFTY24JAN10400CE,180.0,0.0,0,NONE,Monitoring
2023-12-29,04:00:00,HOLD,MIDCPNIFTY24JAN10400CE,180.0,0.0,0,NONE,Monitoring
2023-12-29,04:05:00,HOLD,MIDCPNIFTY24JAN10400CE,180.0,0.0,0,NONE,Monitoring
2023-12-29,04:10:00,HOLD,MIDCPNIFTY24JAN10400CE,180.0,0.0,0,NONE,Monitoring
2023-12-29,04:15:00,HOLD,MIDCPNIFTY24JAN10400CE,180.0,0.0,0,NONE,Monitoring
2023-12-29,04:20:00,HOLD,MIDCPNIFTY24JAN10400CE,180.0,0.0,0,NONE,Monitoring
2023-12-29,04:25:00,HOLD,MIDCPNIFTY24JAN10400CE,180.0,0.0,0,NONE,Monitoring
2023-12-29,04:30:00,HOLD,MIDCPNIFTY24JAN10400CE,180.0,0.0,0,NONE,Monitoring
2023-12-29,04:35:00,HOLD,MIDCPNIFTY24JAN10400CE,180.0,0.0,0,NONE,Monitoring
2023-12-29,04:40:00,HOLD,MIDCPNIFTY24JAN10400CE,180.0,0.0,0,NONE,Monitoring
2023-12-29,04:40:00,EXIT,MIDCPNIFTY24JAN10400CE,180.0,0.0,0,NONE,EMA_REVERSAL
