Date,Time,Event,Ticker,Price,PnL_INR,SL_Price,SL_Mode,Info
2025-05-14,09:20:00,ENTRY,MIDCPNIFTY25MAY12600CE,294.3,0.0,0,NONE,Signal CE
2025-05-14,09:25:00,HOLD,MIDCPNIFTY25MAY12600CE,291.0,-396.0,0,NONE,Monitoring
2025-05-14,09:30:00,HOLD,MIDCPNIFTY25MAY12600CE,273.55,-2490.0,0,NONE,Monitoring
2025-05-14,09:35:00,HOLD,MIDCPNIFTY25MAY12600CE,265.2,-3492.0,0,NONE,Monitoring
2025-05-14,09:40:00,HOLD,MIDCPNIFTY25MAY12600CE,281.7,-1512.0,0,NONE,Monitoring
2025-05-14,09:45:00,HOLD,MIDCPNIFTY25MAY12600CE,274.05,-2430.0,0,NONE,Monitoring
2025-05-14,09:50:00,HOLD,MIDCPNIFTY25MAY12600CE,270.0,-2916.0,0,NONE,Monitoring
2025-05-14,09:55:00,HOLD,MIDCPNIFTY25MAY12600CE,276.1,-2184.0,0,NONE,Monitoring
2025-05-15,03:45:00,HOLD,MIDCPNIFTY25MAY12600CE,299.0,564.0,0,NONE,Monitoring
2025-05-15,03:50:00,HOLD,MIDCPNIFTY25MAY12600CE,299.0,564.0,0,NONE,Monitoring
2025-05-15,03:55:00,HOLD,MIDCPNIFTY25MAY12600CE,299.0,564.0,0,NONE,Monitoring
2025-05-15,04:00:00,HOLD,MIDCPNIFTY25MAY12600CE,299.0,564.0,0,NONE,Monitoring
2025-05-15,04:05:00,HOLD,MIDCPNIFTY25MAY12600CE,299.0,564.0,0,NONE,Monitoring
2025-05-15,04:10:00,HOLD,MIDCPNIFTY25MAY12600CE,299.0,564.0,0,NONE,Monitoring
2025-05-15,04:15:00,HOLD,MIDCPNIFTY25MAY12600CE,299.0,564.0,0,NONE,Monitoring
2025-05-15,04:20:00,HOLD,MIDCPNIFTY25MAY12600CE,299.0,564.0,0,NONE,Monitoring
2025-05-15,04:25:00,HOLD,MIDCPNIFTY25MAY12600CE,299.0,564.0,0,NONE,Monitoring
2025-05-15,04:30:00,HOLD,MIDCPNIFTY25MAY12600CE,299.0,564.0,0,NONE,Monitoring
2025-05-15,04:35:00,HOLD,MIDCPNIFTY25MAY12600CE,299.0,564.0,0,NONE,Monitoring
2025-05-15,04:40:00,HOLD,MIDCPNIFTY25MAY12600CE,299.0,564.0,0,NONE,Monitoring
2025-05-15,04:45:00,HOLD,MIDCPNIFTY25MAY12600CE,299.0,564.0,0,NONE,Monitoring
2025-05-15,04:50:00,HOLD,MIDCPNIFTY25MAY12600CE,299.0,564.0,0,NONE,Monitoring
2025-05-15,04:55:00,HOLD,MIDCPNIFTY25MAY12600CE,299.0,564.0,0,NONE,Monitoring
2025-05-15,05:00:00,HOLD,MIDCPNIFTY25MAY12600CE,299.0,564.0,0,NONE,Monitoring
2025-05-15,05:05:00,HOLD,MIDCPNIFTY25MAY12600CE,299.0,564.0,0,NONE,Monitoring
2025-05-15,05:10:00,HOLD,MIDCPNIFTY25MAY12600CE,299.0,564.0,0,NONE,Monitoring
2025-05-15,05:15:00,HOLD,MIDCPNIFTY25MAY12600CE,299.0,564.0,0,NONE,Monitoring
2025-05-15,05:20:00,HOLD,MIDCPNIFTY25MAY12600CE,299.0,564.0,0,NONE,Monitoring
2025-05-15,05:25:00,HOLD,MIDCPNIFTY25MAY12600CE,299.0,564.0,0,NONE,Monitoring
2025-05-15,05:30:00,HOLD,MIDCPNIFTY25MAY12600CE,299.0,564.0,0,NONE,Monitoring
2025-05-15,05:35:00,HOLD,MIDCPNIFTY25MAY12600CE,299.0,564.0,0,NONE,Monitoring
2025-05-15,05:40:00,HOLD,MIDCPNIFTY25MAY12600CE,299.0,564.0,0,NONE,Monitoring
2025-05-15,05:45:00,HOLD,MIDCPNIFTY25MAY12600CE,299.0,564.0,0,NONE,Monitoring
2025-05-15,05:50:00,HOLD,MIDCPNIFTY25MAY12600CE,299.0,564.0,0,NONE,Monitoring
2025-05-15,05:55:00,HOLD,MIDCPNIFTY25MAY12600CE,299.0,564.0,0,NONE,Monitoring
2025-05-15,06:00:00,HOLD,MIDCPNIFTY25MAY12600CE,299.0,564.0,0,NONE,Monitoring
2025-05-15,06:05:00,HOLD,MIDCPNIFTY25MAY12600CE,299.0,564.0,0,NONE,Monitoring
2025-05-15,06:05:00,EXIT,MIDCPNIFTY25MAY12600CE,299.0,564.0,0,NONE,EMA_REVERSAL
