Date,Time,Event,Ticker,Price,PnL_INR,SL_Price,SL_Mode,Info
2025-03-17,09:30:00,ENTRY,MIDCPNIFTY25MAR10900CE,210.95,0.0,0,NONE,Signal CE
2025-03-17,09:35:00,HOLD,MIDCPNIFTY25MAR10900CE,196.4,-1746.0,0,NONE,Monitoring
2025-03-17,09:40:00,HOLD,MIDCPNIFTY25MAR10900CE,192.95,-2160.0,0,NONE,Monitoring
2025-03-17,09:45:00,HOLD,MIDCPNIFTY25MAR10900CE,193.0,-2154.0,0,NONE,Monitoring
2025-03-17,09:50:00,HOLD,MIDCPNIFTY25MAR10900CE,182.45,-3420.0,0,NONE,Monitoring
2025-03-17,09:55:00,HOLD,MIDCPNIFTY25MAR10900CE,186.4,-2946.0,0,NONE,Monitoring
2025-03-18,03:45:00,HOLD,MIDCPNIFTY25MAR10900CE,176.0,-4194.0,0,NONE,Monitoring
2025-03-18,03:50:00,HOLD,MIDCPNIFTY25MAR10900CE,176.0,-4194.0,0,NONE,Monitoring
2025-03-18,03:55:00,HOLD,MIDCPNIFTY25MAR10900CE,176.0,-4194.0,0,NONE,Monitoring
2025-03-18,04:00:00,HOLD,MIDCPNIFTY25MAR10900CE,176.0,-4194.0,0,NONE,Monitoring
2025-03-18,04:05:00,HOLD,MIDCPNIFTY25MAR10900CE,176.0,-4194.0,0,NONE,Monitoring
2025-03-18,04:10:00,HOLD,MIDCPNIFTY25MAR10900CE,176.0,-4194.0,0,NONE,Monitoring
2025-03-18,04:15:00,HOLD,MIDCPNIFTY25MAR10900CE,176.0,-4194.0,0,NONE,Monitoring
2025-03-18,04:20:00,HOLD,MIDCPNIFTY25MAR10900CE,176.0,-4194.0,0,NONE,Monitoring
2025-03-18,04:25:00,HOLD,MIDCPNIFTY25MAR10900CE,176.0,-4194.0,0,NONE,Monitoring
2025-03-18,04:30:00,HOLD,MIDCPNIFTY25MAR10900CE,176.0,-4194.0,0,NONE,Monitoring
2025-03-18,04:35:00,HOLD,MIDCPNIFTY25MAR10900CE,176.0,-4194.0,0,NONE,Monitoring
2025-03-18,04:40:00,HOLD,MIDCPNIFTY25MAR10900CE,176.0,-4194.0,0,NONE,Monitoring
2025-03-18,04:45:00,HOLD,MIDCPNIFTY25MAR10900CE,176.0,-4194.0,0,NONE,Monitoring
2025-03-18,04:50:00,HOLD,MIDCPNIFTY25MAR10900CE,176.0,-4194.0,0,NONE,Monitoring
2025-03-18,04:55:00,HOLD,MIDCPNIFTY25MAR10900CE,176.0,-4194.0,0,NONE,Monitoring
2025-03-18,05:00:00,HOLD,MIDCPNIFTY25MAR10900CE,176.0,-4194.0,0,NONE,Monitoring
2025-03-18,05:05:00,HOLD,MIDCPNIFTY25MAR10900CE,176.0,-4194.0,0,NONE,Monitoring
2025-03-18,05:10:00,HOLD,MIDCPNIFTY25MAR10900CE,176.0,-4194.0,0,NONE,Monitoring
2025-03-18,05:15:00,HOLD,MIDCPNIFTY25MAR10900CE,176.0,-4194.0,0,NONE,Monitoring
2025-03-18,05:20:00,HOLD,MIDCPNIFTY25MAR10900CE,176.0,-4194.0,0,NONE,Monitoring
2025-03-18,05:25:00,HOLD,MIDCPNIFTY25MAR10900CE,176.0,-4194.0,0,NONE,Monitoring
2025-03-18,05:30:00,HOLD,MIDCPNIFTY25MAR10900CE,176.0,-4194.0,0,NONE,Monitoring
2025-03-18,05:35:00,HOLD,MIDCPNIFTY25MAR10900CE,176.0,-4194.0,0,NONE,Monitoring
2025-03-18,05:40:00,HOLD,MIDCPNIFTY25MAR10900CE,176.0,-4194.0,0,NONE,Monitoring
2025-03-18,05:45:00,HOLD,MIDCPNIFTY25MAR10900CE,176.0,-4194.0,0,NONE,Monitoring
2025-03-18,05:50:00,HOLD,MIDCPNIFTY25MAR10900CE,176.0,-4194.0,0,NONE,Monitoring
2025-03-18,05:55:00,HOLD,MIDCPNIFTY25MAR10900CE,176.0,-4194.0,0,NONE,Monitoring
2025-03-18,06:00:00,HOLD,MIDCPNIFTY25MAR10900CE,176.0,-4194.0,0,NONE,Monitoring
2025-03-18,06:05:00,HOLD,MIDCPNIFTY25MAR10900CE,176.0,-4194.0,0,NONE,Monitoring
2025-03-18,06:10:00,HOLD,MIDCPNIFTY25MAR10900CE,176.0,-4194.0,0,NONE,Monitoring
2025-03-18,06:15:00,HOLD,MIDCPNIFTY25MAR10900CE,176.0,-4194.0,0,NONE,Monitoring
2025-03-18,06:20:00,HOLD,MIDCPNIFTY25MAR10900CE,176.0,-4194.0,0,NONE,Monitoring
2025-03-18,06:25:00,HOLD,MIDCPNIFTY25MAR10900CE,176.0,-4194.0,0,NONE,Monitoring
2025-03-18,06:30:00,HOLD,MIDCPNIFTY25MAR10900CE,176.0,-4194.0,0,NONE,Monitoring
2025-03-18,06:35:00,HOLD,MIDCPNIFTY25MAR10900CE,176.0,-4194.0,0,NONE,Monitoring
2025-03-18,06:40:00,HOLD,MIDCPNIFTY25MAR10900CE,176.0,-4194.0,0,NONE,Monitoring
2025-03-18,06:45:00,HOLD,MIDCPNIFTY25MAR10900CE,176.0,-4194.0,0,NONE,Monitoring
2025-03-18,06:50:00,HOLD,MIDCPNIFTY25MAR10900CE,176.0,-4194.0,0,NONE,Monitoring
2025-03-18,06:55:00,HOLD,MIDCPNIFTY25MAR10900CE,176.0,-4194.0,0,NONE,Monitoring
2025-03-18,07:00:00,HOLD,MIDCPNIFTY25MAR10900CE,176.0,-4194.0,0,NONE,Monitoring
2025-03-18,07:05:00,HOLD,MIDCPNIFTY25MAR10900CE,176.0,-4194.0,0,NONE,Monitoring
2025-03-18,07:10:00,HOLD,MIDCPNIFTY25MAR10900CE,176.0,-4194.0,0,NONE,Monitoring
2025-03-18,07:10:00,EXIT,MIDCPNIFTY25MAR10900CE,176.0,-4194.0,0,NONE,EMA_REVERSAL
