Date,Time,Event,Ticker,Price,PnL_INR,SL_Price,SL_Mode,Info
2024-07-30,09:35:00,ENTRY,MIDCPNIFTY24AUG12800PE,270.05,0.0,0,NONE,Signal PE
2024-07-30,09:40:00,HOLD,MIDCPNIFTY24AUG12800PE,270.05,0.0,0,NONE,Monitoring
2024-07-30,09:45:00,HOLD,MIDCPNIFTY24AUG12800PE,270.05,0.0,0,NONE,Monitoring
2024-07-30,09:50:00,HOLD,MIDCPNIFTY24AUG12800PE,270.05,0.0,0,NONE,Monitoring
2024-07-30,09:55:00,HOLD,MIDCPNIFTY24AUG12800PE,270.05,0.0,0,NONE,Monitoring
2024-07-31,03:45:00,HOLD,MIDCPNIFTY24AUG12800PE,248.0,-2646.0,0,NONE,Monitoring
2024-07-31,03:50:00,HOLD,MIDCPNIFTY24AUG12800PE,248.0,-2646.0,0,NONE,Monitoring
2024-07-31,03:55:00,HOLD,MIDCPNIFTY24AUG12800PE,248.0,-2646.0,0,NONE,Monitoring
2024-07-31,04:00:00,HOLD,MIDCPNIFTY24AUG12800PE,248.0,-2646.0,0,NONE,Monitoring
2024-07-31,04:05:00,HOLD,MIDCPNIFTY24AUG12800PE,248.0,-2646.0,0,NONE,Monitoring
2024-07-31,04:05:00,EXIT,MIDCPNIFTY24AUG12800PE,248.0,-2646.0,0,NONE,EMA_REVERSAL
