Date,Time,Event,Ticker,Price,PnL_INR,SL_Price,SL_Mode,Info
2025-01-30,09:50:00,ENTRY,MIDCPNIFTY25FEB11800PE,339.0,0.0,0.0,NONE,Signal PE
2025-01-30,09:55:00,HOLD,MIDCPNIFTY25FEB11800PE,336.0,-360.0,0.0,NONE,Monitoring
2025-01-31,03:45:00,HOLD,MIDCPNIFTY25FEB11800PE,390.35,6162.0,0.0,NONE,Monitoring
2025-01-31,03:45:00,TSL_UPDATE,MIDCPNIFTY25FEB11800PE,390.35,6162.0,339.0,COST,Moved to Cost
2025-01-31,03:45:00,TSL_UPDATE,MIDCPNIFTY25FEB11800PE,390.35,6162.0,364.0,TRAILING,Stepped Up
2025-01-31,03:50:00,HOLD,MIDCPNIFTY25FEB11800PE,390.35,6162.0,364.0,TRAILING,Monitoring
2025-01-31,03:50:00,EXIT,MIDCPNIFTY25FEB11800PE,390.35,6162.0,364.0,TRAILING,EMA_REVERSAL
