Date,Time,Event,Ticker,Price,PnL_INR,SL_Price,SL_Mode,Info
2025-01-14,09:35:00,ENTRY,MIDCPNIFTY25JAN11900CE,262.6,0.0,0.0,NONE,Signal CE
2025-01-14,09:40:00,HOLD,MIDCPNIFTY25JAN11900CE,264.5,228.0,0.0,NONE,Monitoring
2025-01-14,09:45:00,HOLD,MIDCPNIFTY25JAN11900CE,271.5,1068.0,0.0,NONE,Monitoring
2025-01-14,09:50:00,HOLD,MIDCPNIFTY25JAN11900CE,252.55,-1206.0,0.0,NONE,Monitoring
2025-01-14,09:55:00,HOLD,MIDCPNIFTY25JAN11900CE,268.05,654.0,0.0,NONE,Monitoring
2025-01-15,03:45:00,HOLD,MIDCPNIFTY25JAN11900CE,325.25,7518.0,0.0,NONE,Monitoring
2025-01-15,03:45:00,TSL_UPDATE,MIDCPNIFTY25JAN11900CE,325.25,7518.0,262.6,COST,Moved to Cost
2025-01-15,03:45:00,TSL_UPDATE,MIDCPNIFTY25JAN11900CE,325.25,7518.0,300.1,TRAILING,Stepped Up
2025-01-15,03:50:00,HOLD,MIDCPNIFTY25JAN11900CE,325.25,7518.0,300.1,TRAILING,Monitoring
2025-01-15,03:55:00,HOLD,MIDCPNIFTY25JAN11900CE,325.25,7518.0,300.1,TRAILING,Monitoring
2025-01-15,04:00:00,HOLD,MIDCPNIFTY25JAN11900CE,325.25,7518.0,300.1,TRAILING,Monitoring
2025-01-15,04:05:00,HOLD,MIDCPNIFTY25JAN11900CE,325.25,7518.0,300.1,TRAILING,Monitoring
2025-01-15,04:10:00,HOLD,MIDCPNIFTY25JAN11900CE,325.25,7518.0,300.1,TRAILING,Monitoring
2025-01-15,04:15:00,HOLD,MIDCPNIFTY25JAN11900CE,325.25,7518.0,300.1,TRAILING,Monitoring
2025-01-15,04:20:00,HOLD,MIDCPNIFTY25JAN11900CE,325.25,7518.0,300.1,TRAILING,Monitoring
2025-01-15,04:25:00,HOLD,MIDCPNIFTY25JAN11900CE,325.25,7518.0,300.1,TRAILING,Monitoring
2025-01-15,04:30:00,HOLD,MIDCPNIFTY25JAN11900CE,325.25,7518.0,300.1,TRAILING,Monitoring
2025-01-15,04:35:00,HOLD,MIDCPNIFTY25JAN11900CE,325.25,7518.0,300.1,TRAILING,Monitoring
2025-01-15,04:40:00,HOLD,MIDCPNIFTY25JAN11900CE,325.25,7518.0,300.1,TRAILING,Monitoring
2025-01-15,04:45:00,HOLD,MIDCPNIFTY25JAN11900CE,325.25,7518.0,300.1,TRAILING,Monitoring
2025-01-15,04:50:00,HOLD,MIDCPNIFTY25JAN11900CE,325.25,7518.0,300.1,TRAILING,Monitoring
2025-01-15,04:55:00,HOLD,MIDCPNIFTY25JAN11900CE,325.25,7518.0,300.1,TRAILING,Monitoring
2025-01-15,05:00:00,HOLD,MIDCPNIFTY25JAN11900CE,325.25,7518.0,300.1,TRAILING,Monitoring
2025-01-15,05:05:00,HOLD,MIDCPNIFTY25JAN11900CE,325.25,7518.0,300.1,TRAILING,Monitoring
2025-01-15,05:10:00,HOLD,MIDCPNIFTY25JAN11900CE,325.25,7518.0,300.1,TRAILING,Monitoring
2025-01-15,05:15:00,HOLD,MIDCPNIFTY25JAN11900CE,325.25,7518.0,300.1,TRAILING,Monitoring
2025-01-15,05:20:00,HOLD,MIDCPNIFTY25JAN11900CE,325.25,7518.0,300.1,TRAILING,Monitoring
2025-01-15,05:25:00,HOLD,MIDCPNIFTY25JAN11900CE,325.25,7518.0,300.1,TRAILING,Monitoring
2025-01-15,05:30:00,HOLD,MIDCPNIFTY25JAN11900CE,325.25,7518.0,300.1,TRAILING,Monitoring
2025-01-15,05:35:00,HOLD,MIDCPNIFTY25JAN11900CE,325.25,7518.0,300.1,TRAILING,Monitoring
2025-01-15,05:40:00,HOLD,MIDCPNIFTY25JAN11900CE,325.25,7518.0,300.1,TRAILING,Monitoring
2025-01-15,05:45:00,HOLD,MIDCPNIFTY25JAN11900CE,325.25,7518.0,300.1,TRAILING,Monitoring
2025-01-15,05:50:00,HOLD,MIDCPNIFTY25JAN11900CE,325.25,7518.0,300.1,TRAILING,Monitoring
2025-01-15,05:55:00,HOLD,MIDCPNIFTY25JAN11900CE,325.25,7518.0,300.1,TRAILING,Monitoring
2025-01-15,06:00:00,HOLD,MIDCPNIFTY25JAN11900CE,325.25,7518.0,300.1,TRAILING,Monitoring
2025-01-15,06:05:00,HOLD,MIDCPNIFTY25JAN11900CE,325.25,7518.0,300.1,TRAILING,Monitoring
2025-01-15,06:10:00,HOLD,MIDCPNIFTY25JAN11900CE,325.25,7518.0,300.1,TRAILING,Monitoring
2025-01-15,06:15:00,HOLD,MIDCPNIFTY25JAN11900CE,325.25,7518.0,300.1,TRAILING,Monitoring
2025-01-15,06:20:00,HOLD,MIDCPNIFTY25JAN11900CE,325.25,7518.0,300.1,TRAILING,Monitoring
2025-01-15,06:25:00,HOLD,MIDCPNIFTY25JAN11900CE,325.25,7518.0,300.1,TRAILING,Monitoring
2025-01-15,06:30:00,HOLD,MIDCPNIFTY25JAN11900CE,325.25,7518.0,300.1,TRAILING,Monitoring
2025-01-15,06:35:00,HOLD,MIDCPNIFTY25JAN11900CE,325.25,7518.0,300.1,TRAILING,Monitoring
2025-01-15,06:40:00,HOLD,MIDCPNIFTY25JAN11900CE,325.25,7518.0,300.1,TRAILING,Monitoring
2025-01-15,06:45:00,HOLD,MIDCPNIFTY25JAN11900CE,325.25,7518.0,300.1,TRAILING,Monitoring
2025-01-15,06:50:00,HOLD,MIDCPNIFTY25JAN11900CE,325.25,7518.0,300.1,TRAILING,Monitoring
2025-01-15,06:55:00,HOLD,MIDCPNIFTY25JAN11900CE,325.25,7518.0,300.1,TRAILING,Monitoring
2025-01-15,07:00:00,HOLD,MIDCPNIFTY25JAN11900CE,325.25,7518.0,300.1,TRAILING,Monitoring
2025-01-15,07:05:00,HOLD,MIDCPNIFTY25JAN11900CE,325.25,7518.0,300.1,TRAILING,Monitoring
2025-01-15,07:10:00,HOLD,MIDCPNIFTY25JAN11900CE,325.25,7518.0,300.1,TRAILING,Monitoring
2025-01-15,07:15:00,HOLD,MIDCPNIFTY25JAN11900CE,325.25,7518.0,300.1,TRAILING,Monitoring
2025-01-15,07:20:00,HOLD,MIDCPNIFTY25JAN11900CE,325.25,7518.0,300.1,TRAILING,Monitoring
2025-01-15,07:25:00,HOLD,MIDCPNIFTY25JAN11900CE,325.25,7518.0,300.1,TRAILING,Monitoring
2025-01-15,07:30:00,HOLD,MIDCPNIFTY25JAN11900CE,325.25,7518.0,300.1,TRAILING,Monitoring
2025-01-15,07:35:00,HOLD,MIDCPNIFTY25JAN11900CE,325.25,7518.0,300.1,TRAILING,Monitoring
2025-01-15,07:40:00,HOLD,MIDCPNIFTY25JAN11900CE,325.25,7518.0,300.1,TRAILING,Monitoring
2025-01-15,07:45:00,HOLD,MIDCPNIFTY25JAN11900CE,325.25,7518.0,300.1,TRAILING,Monitoring
2025-01-15,07:45:00,EXIT,MIDCPNIFTY25JAN11900CE,325.25,7518.0,300.1,TRAILING,EMA_REVERSAL
