Date,Time,Event,Ticker,Price,PnL_INR,SL_Price,SL_Mode,Info
2025-03-24,09:30:00,ENTRY,MIDCPNIFTY25APR11500PE,225.0,0.0,0,NONE,Signal PE
2025-03-24,09:35:00,HOLD,MIDCPNIFTY25APR11500PE,240.0,1800.0,0,NONE,Monitoring
2025-03-24,09:40:00,HOLD,MIDCPNIFTY25APR11500PE,226.6,192.0,0,NONE,Monitoring
2025-03-24,09:45:00,HOLD,MIDCPNIFTY25APR11500PE,221.5,-420.0,0,NONE,Monitoring
2025-03-24,09:50:00,HOLD,MIDCPNIFTY25APR11500PE,213.0,-1440.0,0,NONE,Monitoring
2025-03-24,09:55:00,HOLD,MIDCPNIFTY25APR11500PE,205.55,-2334.0,0,NONE,Monitoring
2025-03-25,03:45:00,HOLD,MIDCPNIFTY25APR11500PE,176.5,-5820.0,0,NONE,Monitoring
2025-03-25,03:50:00,HOLD,MIDCPNIFTY25APR11500PE,176.5,-5820.0,0,NONE,Monitoring
2025-03-25,03:55:00,HOLD,MIDCPNIFTY25APR11500PE,176.5,-5820.0,0,NONE,Monitoring
2025-03-25,04:00:00,HOLD,MIDCPNIFTY25APR11500PE,176.5,-5820.0,0,NONE,Monitoring
2025-03-25,04:05:00,HOLD,MIDCPNIFTY25APR11500PE,176.5,-5820.0,0,NONE,Monitoring
2025-03-25,04:10:00,HOLD,MIDCPNIFTY25APR11500PE,176.5,-5820.0,0,NONE,Monitoring
2025-03-25,04:15:00,HOLD,MIDCPNIFTY25APR11500PE,176.5,-5820.0,0,NONE,Monitoring
2025-03-25,04:20:00,HOLD,MIDCPNIFTY25APR11500PE,176.5,-5820.0,0,NONE,Monitoring
2025-03-25,04:25:00,HOLD,MIDCPNIFTY25APR11500PE,176.5,-5820.0,0,NONE,Monitoring
2025-03-25,04:30:00,HOLD,MIDCPNIFTY25APR11500PE,176.5,-5820.0,0,NONE,Monitoring
2025-03-25,04:35:00,HOLD,MIDCPNIFTY25APR11500PE,176.5,-5820.0,0,NONE,Monitoring
2025-03-25,04:40:00,HOLD,MIDCPNIFTY25APR11500PE,176.5,-5820.0,0,NONE,Monitoring
2025-03-25,04:45:00,HOLD,MIDCPNIFTY25APR11500PE,176.5,-5820.0,0,NONE,Monitoring
2025-03-25,04:50:00,HOLD,MIDCPNIFTY25APR11500PE,176.5,-5820.0,0,NONE,Monitoring
2025-03-25,04:55:00,HOLD,MIDCPNIFTY25APR11500PE,176.5,-5820.0,0,NONE,Monitoring
2025-03-25,05:00:00,HOLD,MIDCPNIFTY25APR11500PE,176.5,-5820.0,0,NONE,Monitoring
2025-03-25,05:05:00,HOLD,MIDCPNIFTY25APR11500PE,176.5,-5820.0,0,NONE,Monitoring
2025-03-25,05:10:00,HOLD,MIDCPNIFTY25APR11500PE,176.5,-5820.0,0,NONE,Monitoring
2025-03-25,05:15:00,HOLD,MIDCPNIFTY25APR11500PE,176.5,-5820.0,0,NONE,Monitoring
2025-03-25,05:20:00,HOLD,MIDCPNIFTY25APR11500PE,176.5,-5820.0,0,NONE,Monitoring
2025-03-25,05:25:00,HOLD,MIDCPNIFTY25APR11500PE,176.5,-5820.0,0,NONE,Monitoring
2025-03-25,05:30:00,HOLD,MIDCPNIFTY25APR11500PE,176.5,-5820.0,0,NONE,Monitoring
2025-03-25,05:35:00,HOLD,MIDCPNIFTY25APR11500PE,176.5,-5820.0,0,NONE,Monitoring
2025-03-25,05:40:00,HOLD,MIDCPNIFTY25APR11500PE,176.5,-5820.0,0,NONE,Monitoring
2025-03-25,05:45:00,HOLD,MIDCPNIFTY25APR11500PE,176.5,-5820.0,0,NONE,Monitoring
2025-03-25,05:50:00,HOLD,MIDCPNIFTY25APR11500PE,176.5,-5820.0,0,NONE,Monitoring
2025-03-25,05:55:00,HOLD,MIDCPNIFTY25APR11500PE,176.5,-5820.0,0,NONE,Monitoring
2025-03-25,06:00:00,HOLD,MIDCPNIFTY25APR11500PE,176.5,-5820.0,0,NONE,Monitoring
2025-03-25,06:05:00,HOLD,MIDCPNIFTY25APR11500PE,176.5,-5820.0,0,NONE,Monitoring
2025-03-25,06:10:00,HOLD,MIDCPNIFTY25APR11500PE,176.5,-5820.0,0,NONE,Monitoring
2025-03-25,06:15:00,HOLD,MIDCPNIFTY25APR11500PE,176.5,-5820.0,0,NONE,Monitoring
2025-03-25,06:20:00,HOLD,MIDCPNIFTY25APR11500PE,176.5,-5820.0,0,NONE,Monitoring
2025-03-25,06:25:00,HOLD,MIDCPNIFTY25APR11500PE,176.5,-5820.0,0,NONE,Monitoring
2025-03-25,06:30:00,HOLD,MIDCPNIFTY25APR11500PE,176.5,-5820.0,0,NONE,Monitoring
2025-03-25,06:35:00,HOLD,MIDCPNIFTY25APR11500PE,176.5,-5820.0,0,NONE,Monitoring
2025-03-25,06:40:00,HOLD,MIDCPNIFTY25APR11500PE,176.5,-5820.0,0,NONE,Monitoring
2025-03-25,06:45:00,HOLD,MIDCPNIFTY25APR11500PE,176.5,-5820.0,0,NONE,Monitoring
2025-03-25,06:50:00,HOLD,MIDCPNIFTY25APR11500PE,176.5,-5820.0,0,NONE,Monitoring
2025-03-25,06:55:00,HOLD,MIDCPNIFTY25APR11500PE,176.5,-5820.0,0,NONE,Monitoring
2025-03-25,07:00:00,HOLD,MIDCPNIFTY25APR11500PE,176.5,-5820.0,0,NONE,Monitoring
2025-03-25,07:05:00,HOLD,MIDCPNIFTY25APR11500PE,176.5,-5820.0,0,NONE,Monitoring
2025-03-25,07:10:00,HOLD,MIDCPNIFTY25APR11500PE,176.5,-5820.0,0,NONE,Monitoring
2025-03-25,07:15:00,HOLD,MIDCPNIFTY25APR11500PE,176.5,-5820.0,0,NONE,Monitoring
2025-03-25,07:20:00,HOLD,MIDCPNIFTY25APR11500PE,176.5,-5820.0,0,NONE,Monitoring
2025-03-25,07:25:00,HOLD,MIDCPNIFTY25APR11500PE,176.5,-5820.0,0,NONE,Monitoring
2025-03-25,07:30:00,HOLD,MIDCPNIFTY25APR11500PE,176.5,-5820.0,0,NONE,Monitoring
2025-03-25,07:35:00,HOLD,MIDCPNIFTY25APR11500PE,176.5,-5820.0,0,NONE,Monitoring
2025-03-25,07:40:00,HOLD,MIDCPNIFTY25APR11500PE,176.5,-5820.0,0,NONE,Monitoring
2025-03-25,07:45:00,HOLD,MIDCPNIFTY25APR11500PE,176.5,-5820.0,0,NONE,Monitoring
2025-03-25,07:50:00,HOLD,MIDCPNIFTY25APR11500PE,176.5,-5820.0,0,NONE,Monitoring
2025-03-25,07:55:00,HOLD,MIDCPNIFTY25APR11500PE,176.5,-5820.0,0,NONE,Monitoring
2025-03-25,08:00:00,HOLD,MIDCPNIFTY25APR11500PE,176.5,-5820.0,0,NONE,Monitoring
2025-03-25,08:05:00,HOLD,MIDCPNIFTY25APR11500PE,176.5,-5820.0,0,NONE,Monitoring
2025-03-25,08:10:00,HOLD,MIDCPNIFTY25APR11500PE,176.5,-5820.0,0,NONE,Monitoring
2025-03-25,08:15:00,HOLD,MIDCPNIFTY25APR11500PE,176.5,-5820.0,0,NONE,Monitoring
2025-03-25,08:15:00,EXIT,MIDCPNIFTY25APR11500PE,176.5,-5820.0,0,NONE,EMA_REVERSAL
