Date,Time,Event,Ticker,Price,PnL_INR,SL_Price,SL_Mode,Info
2024-06-18,09:30:00,ENTRY,MIDCPNIFTY24JUN12100CE,76.7,0.0,0,NONE,Signal CE
2024-06-18,09:35:00,HOLD,MIDCPNIFTY24JUN12100CE,85.75,1086.0,0,NONE,Monitoring
2024-06-18,09:40:00,HOLD,MIDCPNIFTY24JUN12100CE,82.2,660.0,0,NONE,Monitoring
2024-06-18,09:45:00,HOLD,MIDCPNIFTY24JUN12100CE,84.2,900.0,0,NONE,Monitoring
2024-06-18,09:50:00,HOLD,MIDCPNIFTY24JUN12100CE,81.9,624.0,0,NONE,Monitoring
2024-06-18,09:55:00,HOLD,MIDCPNIFTY24JUN12100CE,81.5,576.0,0,NONE,Monitoring
2024-06-19,03:45:00,HOLD,MIDCPNIFTY24JUN12100CE,98.0,2556.0,0,NONE,Monitoring
2024-06-19,03:50:00,HOLD,MIDCPNIFTY24JUN12100CE,98.0,2556.0,0,NONE,Monitoring
2024-06-19,03:55:00,HOLD,MIDCPNIFTY24JUN12100CE,98.0,2556.0,0,NONE,Monitoring
2024-06-19,04:00:00,HOLD,MIDCPNIFTY24JUN12100CE,98.0,2556.0,0,NONE,Monitoring
2024-06-19,04:05:00,HOLD,MIDCPNIFTY24JUN12100CE,98.0,2556.0,0,NONE,Monitoring
2024-06-19,04:10:00,HOLD,MIDCPNIFTY24JUN12100CE,98.0,2556.0,0,NONE,Monitoring
2024-06-19,04:10:00,EXIT,MIDCPNIFTY24JUN12100CE,98.0,2556.0,0,NONE,EMA_REVERSAL
