Date,Time,Event,Ticker,Price,PnL_INR,SL_Price,SL_Mode,Info
2024-06-13,09:25:00,ENTRY,MIDCPNIFTY24JUN11900PE,124.15,0.0,0,NONE,Signal PE
2024-06-13,09:30:00,HOLD,MIDCPNIFTY24JUN11900PE,128.5,522.0,0,NONE,Monitoring
2024-06-13,09:35:00,HOLD,MIDCPNIFTY24JUN11900PE,124.95,96.0,0,NONE,Monitoring
2024-06-13,09:40:00,HOLD,MIDCPNIFTY24JUN11900PE,122.5,-198.0,0,NONE,Monitoring
2024-06-13,09:45:00,HOLD,MIDCPNIFTY24JUN11900PE,132.0,942.0,0,NONE,Monitoring
2024-06-13,09:50:00,HOLD,MIDCPNIFTY24JUN11900PE,130.0,702.0,0,NONE,Monitoring
2024-06-13,09:55:00,HOLD,MIDCPNIFTY24JUN11900PE,132.7,1026.0,0,NONE,Monitoring
2024-06-14,03:45:00,HOLD,MIDCPNIFTY24JUN11900PE,116.2,-954.0,0,NONE,Monitoring
2024-06-14,03:45:00,EXIT,MIDCPNIFTY24JUN11900PE,116.2,-954.0,0,NONE,EMA_REVERSAL
