Date,Time,Event,Ticker,Price,PnL_INR,SL_Price,SL_Mode,Info
2024-12-19,09:20:00,ENTRY,MIDCPNIFTY24DEC12900CE,151.05,0.0,0.0,NONE,Signal CE
2024-12-19,09:25:00,HOLD,MIDCPNIFTY24DEC12900CE,155.25,504.0,0.0,NONE,Monitoring
2024-12-19,09:30:00,HOLD,MIDCPNIFTY24DEC12900CE,165.3,1710.0,0.0,NONE,Monitoring
2024-12-19,09:35:00,HOLD,MIDCPNIFTY24DEC12900CE,169.3,2190.0,0.0,NONE,Monitoring
2024-12-19,09:40:00,HOLD,MIDCPNIFTY24DEC12900CE,187.8,4410.0,0.0,NONE,Monitoring
2024-12-19,09:40:00,TSL_UPDATE,MIDCPNIFTY24DEC12900CE,187.8,4410.0,151.05,COST,Moved to Cost
2024-12-19,09:40:00,TSL_UPDATE,MIDCPNIFTY24DEC12900CE,187.8,4410.0,159.38,TRAILING,Stepped Up
2024-12-19,09:45:00,HOLD,MIDCPNIFTY24DEC12900CE,181.9,3702.0,159.38,TRAILING,Monitoring
2024-12-19,09:50:00,HOLD,MIDCPNIFTY24DEC12900CE,196.2,5418.0,159.38,TRAILING,Monitoring
2024-12-19,09:50:00,TSL_UPDATE,MIDCPNIFTY24DEC12900CE,196.2,5418.0,167.72,TRAILING,Stepped Up
2024-12-19,09:55:00,HOLD,MIDCPNIFTY24DEC12900CE,187.65,4392.0,167.72,TRAILING,Monitoring
2024-12-20,03:45:00,HOLD,MIDCPNIFTY24DEC12900CE,250.0,11874.0,167.72,TRAILING,Monitoring
2024-12-20,03:45:00,TSL_UPDATE,MIDCPNIFTY24DEC12900CE,250.0,11874.0,221.88,TRAILING,Stepped Up
2024-12-20,03:50:00,HOLD,MIDCPNIFTY24DEC12900CE,250.0,11874.0,221.88,TRAILING,Monitoring
2024-12-20,03:55:00,HOLD,MIDCPNIFTY24DEC12900CE,250.0,11874.0,221.88,TRAILING,Monitoring
2024-12-20,04:00:00,HOLD,MIDCPNIFTY24DEC12900CE,250.0,11874.0,221.88,TRAILING,Monitoring
2024-12-20,04:05:00,HOLD,MIDCPNIFTY24DEC12900CE,250.0,11874.0,221.88,TRAILING,Monitoring
2024-12-20,04:10:00,HOLD,MIDCPNIFTY24DEC12900CE,250.0,11874.0,221.88,TRAILING,Monitoring
2024-12-20,04:15:00,HOLD,MIDCPNIFTY24DEC12900CE,250.0,11874.0,221.88,TRAILING,Monitoring
2024-12-20,04:20:00,HOLD,MIDCPNIFTY24DEC12900CE,250.0,11874.0,221.88,TRAILING,Monitoring
2024-12-20,04:25:00,HOLD,MIDCPNIFTY24DEC12900CE,250.0,11874.0,221.88,TRAILING,Monitoring
2024-12-20,04:30:00,HOLD,MIDCPNIFTY24DEC12900CE,250.0,11874.0,221.88,TRAILING,Monitoring
2024-12-20,04:30:00,EXIT,MIDCPNIFTY24DEC12900CE,250.0,11874.0,221.88,TRAILING,EMA_REVERSAL
