Date,Time,Event,Ticker,Price,PnL_INR,SL_Price,SL_Mode,Info
2024-05-24,09:25:00,ENTRY,MIDCPNIFTY24MAY11400PE,47.45,0.0,0,NONE,Signal PE
2024-05-24,09:30:00,HOLD,MIDCPNIFTY24MAY11400PE,50.75,396.0,0,NONE,Monitoring
2024-05-24,09:35:00,HOLD,MIDCPNIFTY24MAY11400PE,62.9,1854.0,0,NONE,Monitoring
2024-05-24,09:40:00,HOLD,MIDCPNIFTY24MAY11400PE,56.15,1044.0,0,NONE,Monitoring
2024-05-24,09:45:00,HOLD,MIDCPNIFTY24MAY11400PE,55.35,948.0,0,NONE,Monitoring
2024-05-24,09:50:00,HOLD,MIDCPNIFTY24MAY11400PE,59.7,1470.0,0,NONE,Monitoring
2024-05-24,09:55:00,HOLD,MIDCPNIFTY24MAY11400PE,56.75,1116.0,0,NONE,Monitoring
2024-05-27,03:45:00,HOLD,MIDCPNIFTY24MAY11400PE,22.35,-3012.0,0,NONE,Monitoring
2024-05-27,03:50:00,HOLD,MIDCPNIFTY24MAY11400PE,22.35,-3012.0,0,NONE,Monitoring
2024-05-27,03:50:00,EXIT,MIDCPNIFTY24MAY11400PE,22.35,-3012.0,0,NONE,EMA_REVERSAL
