Date,Time,Event,Ticker,Price,PnL_INR,SL_Price,SL_Mode,Info
2025-07-10,09:35:00,ENTRY,MIDCPNIFTY25JUL13400CE,185.65,0.0,0,NONE,Signal CE
2025-07-10,09:40:00,HOLD,MIDCPNIFTY25JUL13400CE,189.0,402.0,0,NONE,Monitoring
2025-07-10,09:45:00,HOLD,MIDCPNIFTY25JUL13400CE,193.45,936.0,0,NONE,Monitoring
2025-07-10,09:50:00,HOLD,MIDCPNIFTY25JUL13400CE,179.95,-684.0,0,NONE,Monitoring
2025-07-10,09:55:00,HOLD,MIDCPNIFTY25JUL13400CE,179.0,-798.0,0,NONE,Monitoring
2025-07-11,09:15:00,HOLD,MIDCPNIFTY25JUL13400CE,136.95,-5844.0,0,NONE,Monitoring
2025-07-11,09:20:00,HOLD,MIDCPNIFTY25JUL13400CE,138.45,-5664.0,0,NONE,Monitoring
2025-07-11,09:25:00,HOLD,MIDCPNIFTY25JUL13400CE,143.0,-5118.0,0,NONE,Monitoring
2025-07-11,09:30:00,HOLD,MIDCPNIFTY25JUL13400CE,133.0,-6318.0,0,NONE,Monitoring
2025-07-11,09:35:00,HOLD,MIDCPNIFTY25JUL13400CE,131.1,-6546.0,0,NONE,Monitoring
2025-07-11,09:40:00,HOLD,MIDCPNIFTY25JUL13400CE,140.0,-5478.0,0,NONE,Monitoring
2025-07-11,09:45:00,HOLD,MIDCPNIFTY25JUL13400CE,131.45,-6504.0,0,NONE,Monitoring
2025-07-11,09:45:00,EXIT,MIDCPNIFTY25JUL13400CE,131.45,-6504.0,0,NONE,EMA_REVERSAL
