Date,Time,Event,Ticker,Price,PnL_INR,SL_Price,SL_Mode,Info
2025-07-08,09:40:00,ENTRY,MIDCPNIFTY25JUL13500CE,185.0,0.0,0,NONE,Signal CE
2025-07-08,09:45:00,HOLD,MIDCPNIFTY25JUL13500CE,190.65,678.0,0,NONE,Monitoring
2025-07-08,09:50:00,HOLD,MIDCPNIFTY25JUL13500CE,183.3,-204.0,0,NONE,Monitoring
2025-07-08,09:55:00,HOLD,MIDCPNIFTY25JUL13500CE,170.1,-1788.0,0,NONE,Monitoring
2025-07-09,09:15:00,HOLD,MIDCPNIFTY25JUL13500CE,174.55,-1254.0,0,NONE,Monitoring
2025-07-09,09:15:00,EXIT,MIDCPNIFTY25JUL13500CE,174.55,-1254.0,0,NONE,EMA_REVERSAL
