Date,Time,Event,Ticker,Price,PnL_INR,SL_Price,SL_Mode,Info
2025-01-07,09:35:00,ENTRY,MIDCPNIFTY25JAN12700PE,167.4,0.0,0.0,NONE,Signal PE
2025-01-07,09:40:00,HOLD,MIDCPNIFTY25JAN12700PE,165.25,-258.0,0.0,NONE,Monitoring
2025-01-07,09:45:00,HOLD,MIDCPNIFTY25JAN12700PE,193.3,3108.0,0.0,NONE,Monitoring
2025-01-07,09:45:00,TSL_UPDATE,MIDCPNIFTY25JAN12700PE,193.3,3108.0,167.4,COST,Moved to Cost
2025-01-07,09:50:00,HOLD,MIDCPNIFTY25JAN12700PE,196.8,3528.0,167.4,COST,Monitoring
2025-01-07,09:50:00,TSL_UPDATE,MIDCPNIFTY25JAN12700PE,196.8,3528.0,171.57,TRAILING,Stepped Up
2025-01-07,09:55:00,HOLD,MIDCPNIFTY25JAN12700PE,217.2,5976.0,171.57,TRAILING,Monitoring
2025-01-07,09:55:00,TSL_UPDATE,MIDCPNIFTY25JAN12700PE,217.2,5976.0,188.23,TRAILING,Stepped Up
2025-01-08,03:45:00,HOLD,MIDCPNIFTY25JAN12700PE,222.0,6552.0,188.23,TRAILING,Monitoring
2025-01-08,03:45:00,TSL_UPDATE,MIDCPNIFTY25JAN12700PE,222.0,6552.0,196.57,TRAILING,Stepped Up
2025-01-08,03:50:00,HOLD,MIDCPNIFTY25JAN12700PE,222.0,6552.0,196.57,TRAILING,Monitoring
2025-01-08,03:55:00,HOLD,MIDCPNIFTY25JAN12700PE,222.0,6552.0,196.57,TRAILING,Monitoring
2025-01-08,04:00:00,HOLD,MIDCPNIFTY25JAN12700PE,222.0,6552.0,196.57,TRAILING,Monitoring
2025-01-08,04:05:00,HOLD,MIDCPNIFTY25JAN12700PE,222.0,6552.0,196.57,TRAILING,Monitoring
2025-01-08,04:10:00,HOLD,MIDCPNIFTY25JAN12700PE,222.0,6552.0,196.57,TRAILING,Monitoring
2025-01-08,04:15:00,HOLD,MIDCPNIFTY25JAN12700PE,222.0,6552.0,196.57,TRAILING,Monitoring
2025-01-08,04:20:00,HOLD,MIDCPNIFTY25JAN12700PE,222.0,6552.0,196.57,TRAILING,Monitoring
2025-01-08,04:25:00,HOLD,MIDCPNIFTY25JAN12700PE,222.0,6552.0,196.57,TRAILING,Monitoring
2025-01-08,04:30:00,HOLD,MIDCPNIFTY25JAN12700PE,222.0,6552.0,196.57,TRAILING,Monitoring
2025-01-08,04:35:00,HOLD,MIDCPNIFTY25JAN12700PE,222.0,6552.0,196.57,TRAILING,Monitoring
2025-01-08,04:40:00,HOLD,MIDCPNIFTY25JAN12700PE,222.0,6552.0,196.57,TRAILING,Monitoring
2025-01-08,04:45:00,HOLD,MIDCPNIFTY25JAN12700PE,222.0,6552.0,196.57,TRAILING,Monitoring
2025-01-08,04:50:00,HOLD,MIDCPNIFTY25JAN12700PE,222.0,6552.0,196.57,TRAILING,Monitoring
2025-01-08,04:55:00,HOLD,MIDCPNIFTY25JAN12700PE,222.0,6552.0,196.57,TRAILING,Monitoring
2025-01-08,05:00:00,HOLD,MIDCPNIFTY25JAN12700PE,222.0,6552.0,196.57,TRAILING,Monitoring
2025-01-08,05:05:00,HOLD,MIDCPNIFTY25JAN12700PE,222.0,6552.0,196.57,TRAILING,Monitoring
2025-01-08,05:10:00,HOLD,MIDCPNIFTY25JAN12700PE,222.0,6552.0,196.57,TRAILING,Monitoring
2025-01-08,05:15:00,HOLD,MIDCPNIFTY25JAN12700PE,222.0,6552.0,196.57,TRAILING,Monitoring
2025-01-08,05:20:00,HOLD,MIDCPNIFTY25JAN12700PE,222.0,6552.0,196.57,TRAILING,Monitoring
2025-01-08,05:25:00,HOLD,MIDCPNIFTY25JAN12700PE,222.0,6552.0,196.57,TRAILING,Monitoring
2025-01-08,05:30:00,HOLD,MIDCPNIFTY25JAN12700PE,222.0,6552.0,196.57,TRAILING,Monitoring
2025-01-08,05:35:00,HOLD,MIDCPNIFTY25JAN12700PE,222.0,6552.0,196.57,TRAILING,Monitoring
2025-01-08,05:40:00,HOLD,MIDCPNIFTY25JAN12700PE,222.0,6552.0,196.57,TRAILING,Monitoring
2025-01-08,05:45:00,HOLD,MIDCPNIFTY25JAN12700PE,222.0,6552.0,196.57,TRAILING,Monitoring
2025-01-08,05:50:00,HOLD,MIDCPNIFTY25JAN12700PE,222.0,6552.0,196.57,TRAILING,Monitoring
2025-01-08,05:55:00,HOLD,MIDCPNIFTY25JAN12700PE,222.0,6552.0,196.57,TRAILING,Monitoring
2025-01-08,06:00:00,HOLD,MIDCPNIFTY25JAN12700PE,222.0,6552.0,196.57,TRAILING,Monitoring
2025-01-08,06:05:00,HOLD,MIDCPNIFTY25JAN12700PE,222.0,6552.0,196.57,TRAILING,Monitoring
2025-01-08,06:10:00,HOLD,MIDCPNIFTY25JAN12700PE,222.0,6552.0,196.57,TRAILING,Monitoring
2025-01-08,06:15:00,HOLD,MIDCPNIFTY25JAN12700PE,222.0,6552.0,196.57,TRAILING,Monitoring
2025-01-08,06:20:00,HOLD,MIDCPNIFTY25JAN12700PE,222.0,6552.0,196.57,TRAILING,Monitoring
2025-01-08,06:25:00,HOLD,MIDCPNIFTY25JAN12700PE,222.0,6552.0,196.57,TRAILING,Monitoring
2025-01-08,06:30:00,HOLD,MIDCPNIFTY25JAN12700PE,222.0,6552.0,196.57,TRAILING,Monitoring
2025-01-08,06:35:00,HOLD,MIDCPNIFTY25JAN12700PE,222.0,6552.0,196.57,TRAILING,Monitoring
2025-01-08,06:40:00,HOLD,MIDCPNIFTY25JAN12700PE,222.0,6552.0,196.57,TRAILING,Monitoring
2025-01-08,06:45:00,HOLD,MIDCPNIFTY25JAN12700PE,222.0,6552.0,196.57,TRAILING,Monitoring
2025-01-08,06:50:00,HOLD,MIDCPNIFTY25JAN12700PE,222.0,6552.0,196.57,TRAILING,Monitoring
2025-01-08,06:55:00,HOLD,MIDCPNIFTY25JAN12700PE,222.0,6552.0,196.57,TRAILING,Monitoring
2025-01-08,07:00:00,HOLD,MIDCPNIFTY25JAN12700PE,222.0,6552.0,196.57,TRAILING,Monitoring
2025-01-08,07:05:00,HOLD,MIDCPNIFTY25JAN12700PE,222.0,6552.0,196.57,TRAILING,Monitoring
2025-01-08,07:10:00,HOLD,MIDCPNIFTY25JAN12700PE,222.0,6552.0,196.57,TRAILING,Monitoring
2025-01-08,07:15:00,HOLD,MIDCPNIFTY25JAN12700PE,222.0,6552.0,196.57,TRAILING,Monitoring
2025-01-08,07:20:00,HOLD,MIDCPNIFTY25JAN12700PE,222.0,6552.0,196.57,TRAILING,Monitoring
2025-01-08,07:25:00,HOLD,MIDCPNIFTY25JAN12700PE,222.0,6552.0,196.57,TRAILING,Monitoring
2025-01-08,07:30:00,HOLD,MIDCPNIFTY25JAN12700PE,222.0,6552.0,196.57,TRAILING,Monitoring
2025-01-08,07:35:00,HOLD,MIDCPNIFTY25JAN12700PE,222.0,6552.0,196.57,TRAILING,Monitoring
2025-01-08,07:40:00,HOLD,MIDCPNIFTY25JAN12700PE,222.0,6552.0,196.57,TRAILING,Monitoring
2025-01-08,07:45:00,HOLD,MIDCPNIFTY25JAN12700PE,222.0,6552.0,196.57,TRAILING,Monitoring
2025-01-08,07:50:00,HOLD,MIDCPNIFTY25JAN12700PE,222.0,6552.0,196.57,TRAILING,Monitoring
2025-01-08,07:55:00,HOLD,MIDCPNIFTY25JAN12700PE,222.0,6552.0,196.57,TRAILING,Monitoring
2025-01-08,08:00:00,HOLD,MIDCPNIFTY25JAN12700PE,222.0,6552.0,196.57,TRAILING,Monitoring
2025-01-08,08:05:00,HOLD,MIDCPNIFTY25JAN12700PE,222.0,6552.0,196.57,TRAILING,Monitoring
2025-01-08,08:10:00,HOLD,MIDCPNIFTY25JAN12700PE,222.0,6552.0,196.57,TRAILING,Monitoring
2025-01-08,08:15:00,HOLD,MIDCPNIFTY25JAN12700PE,222.0,6552.0,196.57,TRAILING,Monitoring
2025-01-08,08:20:00,HOLD,MIDCPNIFTY25JAN12700PE,222.0,6552.0,196.57,TRAILING,Monitoring
2025-01-08,08:20:00,EXIT,MIDCPNIFTY25JAN12700PE,222.0,6552.0,196.57,TRAILING,EMA_REVERSAL
