Date,Time,Event,Ticker,Price,PnL_INR,SL_Price,SL_Mode,Info
2025-06-10,09:55:00,ENTRY,MIDCPNIFTY25JUN13300PE,197.0,0.0,0.0,NONE,Signal PE
2025-06-11,09:15:00,HOLD,MIDCPNIFTY25JUN13300PE,188.15,-1062.0,0.0,NONE,Monitoring
2025-06-11,09:20:00,HOLD,MIDCPNIFTY25JUN13300PE,188.4,-1032.0,0.0,NONE,Monitoring
2025-06-11,09:25:00,HOLD,MIDCPNIFTY25JUN13300PE,184.8,-1464.0,0.0,NONE,Monitoring
2025-06-11,09:30:00,HOLD,MIDCPNIFTY25JUN13300PE,183.2,-1656.0,0.0,NONE,Monitoring
2025-06-11,09:35:00,HOLD,MIDCPNIFTY25JUN13300PE,181.25,-1890.0,0.0,NONE,Monitoring
2025-06-11,09:40:00,HOLD,MIDCPNIFTY25JUN13300PE,191.7,-636.0,0.0,NONE,Monitoring
2025-06-11,09:45:00,HOLD,MIDCPNIFTY25JUN13300PE,195.0,-240.0,0.0,NONE,Monitoring
2025-06-11,09:50:00,HOLD,MIDCPNIFTY25JUN13300PE,186.4,-1272.0,0.0,NONE,Monitoring
2025-06-11,09:55:00,HOLD,MIDCPNIFTY25JUN13300PE,187.0,-1200.0,0.0,NONE,Monitoring
2025-06-12,09:15:00,HOLD,MIDCPNIFTY25JUN13300PE,224.2,3264.0,0.0,NONE,Monitoring
2025-06-12,09:15:00,TSL_UPDATE,MIDCPNIFTY25JUN13300PE,224.2,3264.0,197.0,COST,Moved to Cost
2025-06-12,09:20:00,HOLD,MIDCPNIFTY25JUN13300PE,224.95,3354.0,197.0,COST,Monitoring
2025-06-12,09:25:00,HOLD,MIDCPNIFTY25JUN13300PE,223.0,3120.0,197.0,COST,Monitoring
2025-06-12,09:30:00,HOLD,MIDCPNIFTY25JUN13300PE,204.25,870.0,197.0,COST,Monitoring
2025-06-12,09:35:00,HOLD,MIDCPNIFTY25JUN13300PE,211.0,1680.0,197.0,COST,Monitoring
2025-06-12,09:40:00,HOLD,MIDCPNIFTY25JUN13300PE,239.4,5088.0,197.0,COST,Monitoring
2025-06-12,09:40:00,TSL_UPDATE,MIDCPNIFTY25JUN13300PE,239.4,5088.0,213.67,TRAILING,Stepped Up
2025-06-12,09:45:00,HOLD,MIDCPNIFTY25JUN13300PE,242.4,5448.0,213.67,TRAILING,Monitoring
2025-06-12,09:50:00,HOLD,MIDCPNIFTY25JUN13300PE,234.65,4518.0,213.67,TRAILING,Monitoring
2025-06-12,09:55:00,HOLD,MIDCPNIFTY25JUN13300PE,247.65,6078.0,213.67,TRAILING,Monitoring
2025-06-12,09:55:00,TSL_UPDATE,MIDCPNIFTY25JUN13300PE,247.65,6078.0,222.0,TRAILING,Stepped Up
2025-06-13,09:15:00,HOLD,MIDCPNIFTY25JUN13300PE,462.8,31896.0,222.0,TRAILING,Monitoring
2025-06-13,09:15:00,TSL_UPDATE,MIDCPNIFTY25JUN13300PE,462.8,31896.0,434.5,TRAILING,Stepped Up
2025-06-13,09:20:00,HOLD,MIDCPNIFTY25JUN13300PE,443.85,29622.0,434.5,TRAILING,Monitoring
2025-06-13,09:25:00,HOLD,MIDCPNIFTY25JUN13300PE,435.45,28614.0,434.5,TRAILING,Monitoring
2025-06-13,09:30:00,HOLD,MIDCPNIFTY25JUN13300PE,455.0,30960.0,434.5,TRAILING,Monitoring
2025-06-13,09:35:00,HOLD,MIDCPNIFTY25JUN13300PE,440.5,29220.0,434.5,TRAILING,Monitoring
2025-06-13,09:40:00,HOLD,MIDCPNIFTY25JUN13300PE,428.05,27726.0,434.5,TRAILING,Monitoring
2025-06-13,09:40:00,EXIT,MIDCPNIFTY25JUN13300PE,434.5,28500.0,434.5,TRAILING,TSL_HIT
