Date,Time,Event,Ticker,Price,PnL_INR,SL_Price,SL_Mode,Info
2025-10-23,09:30:00,ENTRY,MIDCPNIFTY25OCT13300PE,65.1,0.0,0.0,NONE,Signal PE
2025-10-23,09:35:00,HOLD,MIDCPNIFTY25OCT13300PE,72.0,828.0,0.0,NONE,Monitoring
2025-10-23,09:40:00,HOLD,MIDCPNIFTY25OCT13300PE,69.7,552.0,0.0,NONE,Monitoring
2025-10-23,09:45:00,HOLD,MIDCPNIFTY25OCT13300PE,66.65,186.0,0.0,NONE,Monitoring
2025-10-23,09:50:00,HOLD,MIDCPNIFTY25OCT13300PE,73.5,1008.0,0.0,NONE,Monitoring
2025-10-23,09:55:00,HOLD,MIDCPNIFTY25OCT13300PE,69.1,480.0,0.0,NONE,Monitoring
2025-10-24,03:45:00,HOLD,MIDCPNIFTY25OCT13300PE,136.1,8520.0,0.0,NONE,Monitoring
2025-10-24,03:45:00,TSL_UPDATE,MIDCPNIFTY25OCT13300PE,136.1,8520.0,65.1,COST,Moved to Cost
2025-10-24,03:45:00,TSL_UPDATE,MIDCPNIFTY25OCT13300PE,136.1,8520.0,110.93,TRAILING,Stepped Up
2025-10-24,03:50:00,HOLD,MIDCPNIFTY25OCT13300PE,136.1,8520.0,110.93,TRAILING,Monitoring
2025-10-24,03:55:00,HOLD,MIDCPNIFTY25OCT13300PE,136.1,8520.0,110.93,TRAILING,Monitoring
2025-10-24,04:00:00,HOLD,MIDCPNIFTY25OCT13300PE,136.1,8520.0,110.93,TRAILING,Monitoring
2025-10-24,04:05:00,HOLD,MIDCPNIFTY25OCT13300PE,136.1,8520.0,110.93,TRAILING,Monitoring
2025-10-24,04:10:00,HOLD,MIDCPNIFTY25OCT13300PE,136.1,8520.0,110.93,TRAILING,Monitoring
2025-10-24,04:15:00,HOLD,MIDCPNIFTY25OCT13300PE,136.1,8520.0,110.93,TRAILING,Monitoring
2025-10-24,04:20:00,HOLD,MIDCPNIFTY25OCT13300PE,136.1,8520.0,110.93,TRAILING,Monitoring
2025-10-24,04:25:00,HOLD,MIDCPNIFTY25OCT13300PE,136.1,8520.0,110.93,TRAILING,Monitoring
2025-10-24,04:25:00,EXIT,MIDCPNIFTY25OCT13300PE,136.1,8520.0,110.93,TRAILING,EMA_REVERSAL
