Date,Time,Event,Ticker,Price,PnL_INR,SL_Price,SL_Mode,Info
2024-12-11,09:40:00,ENTRY,MIDCPNIFTY24DEC13100CE,202.5,0.0,0,NONE,Signal CE
2024-12-11,09:45:00,HOLD,MIDCPNIFTY24DEC13100CE,197.75,-570.0,0,NONE,Monitoring
2024-12-11,09:50:00,HOLD,MIDCPNIFTY24DEC13100CE,196.8,-684.0,0,NONE,Monitoring
2024-12-11,09:55:00,HOLD,MIDCPNIFTY24DEC13100CE,203.1,72.0,0,NONE,Monitoring
2024-12-12,03:45:00,HOLD,MIDCPNIFTY24DEC13100CE,221.2,2244.0,0,NONE,Monitoring
2024-12-12,03:50:00,HOLD,MIDCPNIFTY24DEC13100CE,221.2,2244.0,0,NONE,Monitoring
2024-12-12,03:55:00,HOLD,MIDCPNIFTY24DEC13100CE,221.2,2244.0,0,NONE,Monitoring
2024-12-12,04:00:00,HOLD,MIDCPNIFTY24DEC13100CE,221.2,2244.0,0,NONE,Monitoring
2024-12-12,04:05:00,HOLD,MIDCPNIFTY24DEC13100CE,221.2,2244.0,0,NONE,Monitoring
2024-12-12,04:10:00,HOLD,MIDCPNIFTY24DEC13100CE,221.2,2244.0,0,NONE,Monitoring
2024-12-12,04:15:00,HOLD,MIDCPNIFTY24DEC13100CE,221.2,2244.0,0,NONE,Monitoring
2024-12-12,04:20:00,HOLD,MIDCPNIFTY24DEC13100CE,221.2,2244.0,0,NONE,Monitoring
2024-12-12,04:25:00,HOLD,MIDCPNIFTY24DEC13100CE,221.2,2244.0,0,NONE,Monitoring
2024-12-12,04:30:00,HOLD,MIDCPNIFTY24DEC13100CE,221.2,2244.0,0,NONE,Monitoring
2024-12-12,04:35:00,HOLD,MIDCPNIFTY24DEC13100CE,221.2,2244.0,0,NONE,Monitoring
2024-12-12,04:40:00,HOLD,MIDCPNIFTY24DEC13100CE,221.2,2244.0,0,NONE,Monitoring
2024-12-12,04:45:00,HOLD,MIDCPNIFTY24DEC13100CE,221.2,2244.0,0,NONE,Monitoring
2024-12-12,04:50:00,HOLD,MIDCPNIFTY24DEC13100CE,221.2,2244.0,0,NONE,Monitoring
2024-12-12,04:55:00,HOLD,MIDCPNIFTY24DEC13100CE,221.2,2244.0,0,NONE,Monitoring
2024-12-12,05:00:00,HOLD,MIDCPNIFTY24DEC13100CE,221.2,2244.0,0,NONE,Monitoring
2024-12-12,05:05:00,HOLD,MIDCPNIFTY24DEC13100CE,221.2,2244.0,0,NONE,Monitoring
2024-12-12,05:10:00,HOLD,MIDCPNIFTY24DEC13100CE,221.2,2244.0,0,NONE,Monitoring
2024-12-12,05:15:00,HOLD,MIDCPNIFTY24DEC13100CE,221.2,2244.0,0,NONE,Monitoring
2024-12-12,05:20:00,HOLD,MIDCPNIFTY24DEC13100CE,221.2,2244.0,0,NONE,Monitoring
2024-12-12,05:20:00,EXIT,MIDCPNIFTY24DEC13100CE,221.2,2244.0,0,NONE,EMA_REVERSAL
