Date,Time,Event,Ticker,Price,PnL_INR,SL_Price,SL_Mode,Info
2024-11-26,09:30:00,ENTRY,MIDCPNIFTY24DEC12600PE,196.0,0.0,0.0,NONE,Signal PE
2024-11-26,09:35:00,HOLD,MIDCPNIFTY24DEC12600PE,197.05,126.0,0.0,NONE,Monitoring
2024-11-26,09:40:00,HOLD,MIDCPNIFTY24DEC12600PE,209.0,1560.0,0.0,NONE,Monitoring
2024-11-26,09:45:00,HOLD,MIDCPNIFTY24DEC12600PE,225.1,3492.0,0.0,NONE,Monitoring
2024-11-26,09:45:00,TSL_UPDATE,MIDCPNIFTY24DEC12600PE,225.1,3492.0,196.0,COST,Moved to Cost
2024-11-26,09:50:00,HOLD,MIDCPNIFTY24DEC12600PE,216.7,2484.0,196.0,COST,Monitoring
2024-11-26,09:55:00,HOLD,MIDCPNIFTY24DEC12600PE,230.35,4122.0,196.0,COST,Monitoring
2024-11-26,09:55:00,TSL_UPDATE,MIDCPNIFTY24DEC12600PE,230.35,4122.0,204.33,TRAILING,Stepped Up
2024-11-27,03:45:00,HOLD,MIDCPNIFTY24DEC12600PE,244.55,5826.0,204.33,TRAILING,Monitoring
2024-11-27,03:45:00,TSL_UPDATE,MIDCPNIFTY24DEC12600PE,244.55,5826.0,216.83,TRAILING,Stepped Up
2024-11-27,03:50:00,HOLD,MIDCPNIFTY24DEC12600PE,244.55,5826.0,216.83,TRAILING,Monitoring
2024-11-27,03:55:00,HOLD,MIDCPNIFTY24DEC12600PE,244.55,5826.0,216.83,TRAILING,Monitoring
2024-11-27,04:00:00,HOLD,MIDCPNIFTY24DEC12600PE,244.55,5826.0,216.83,TRAILING,Monitoring
2024-11-27,04:05:00,HOLD,MIDCPNIFTY24DEC12600PE,244.55,5826.0,216.83,TRAILING,Monitoring
2024-11-27,04:10:00,HOLD,MIDCPNIFTY24DEC12600PE,244.55,5826.0,216.83,TRAILING,Monitoring
2024-11-27,04:15:00,HOLD,MIDCPNIFTY24DEC12600PE,244.55,5826.0,216.83,TRAILING,Monitoring
2024-11-27,04:20:00,HOLD,MIDCPNIFTY24DEC12600PE,244.55,5826.0,216.83,TRAILING,Monitoring
2024-11-27,04:25:00,HOLD,MIDCPNIFTY24DEC12600PE,244.55,5826.0,216.83,TRAILING,Monitoring
2024-11-27,04:30:00,HOLD,MIDCPNIFTY24DEC12600PE,244.55,5826.0,216.83,TRAILING,Monitoring
2024-11-27,04:35:00,HOLD,MIDCPNIFTY24DEC12600PE,244.55,5826.0,216.83,TRAILING,Monitoring
2024-11-27,04:40:00,HOLD,MIDCPNIFTY24DEC12600PE,244.55,5826.0,216.83,TRAILING,Monitoring
2024-11-27,04:45:00,HOLD,MIDCPNIFTY24DEC12600PE,244.55,5826.0,216.83,TRAILING,Monitoring
2024-11-27,04:50:00,HOLD,MIDCPNIFTY24DEC12600PE,244.55,5826.0,216.83,TRAILING,Monitoring
2024-11-27,04:55:00,HOLD,MIDCPNIFTY24DEC12600PE,244.55,5826.0,216.83,TRAILING,Monitoring
2024-11-27,05:00:00,HOLD,MIDCPNIFTY24DEC12600PE,244.55,5826.0,216.83,TRAILING,Monitoring
2024-11-27,05:05:00,HOLD,MIDCPNIFTY24DEC12600PE,244.55,5826.0,216.83,TRAILING,Monitoring
2024-11-27,05:10:00,HOLD,MIDCPNIFTY24DEC12600PE,244.55,5826.0,216.83,TRAILING,Monitoring
2024-11-27,05:15:00,HOLD,MIDCPNIFTY24DEC12600PE,244.55,5826.0,216.83,TRAILING,Monitoring
2024-11-27,05:20:00,HOLD,MIDCPNIFTY24DEC12600PE,244.55,5826.0,216.83,TRAILING,Monitoring
2024-11-27,05:25:00,HOLD,MIDCPNIFTY24DEC12600PE,244.55,5826.0,216.83,TRAILING,Monitoring
2024-11-27,05:30:00,HOLD,MIDCPNIFTY24DEC12600PE,244.55,5826.0,216.83,TRAILING,Monitoring
2024-11-27,05:35:00,HOLD,MIDCPNIFTY24DEC12600PE,244.55,5826.0,216.83,TRAILING,Monitoring
2024-11-27,05:40:00,HOLD,MIDCPNIFTY24DEC12600PE,244.55,5826.0,216.83,TRAILING,Monitoring
2024-11-27,05:45:00,HOLD,MIDCPNIFTY24DEC12600PE,244.55,5826.0,216.83,TRAILING,Monitoring
2024-11-27,05:50:00,HOLD,MIDCPNIFTY24DEC12600PE,244.55,5826.0,216.83,TRAILING,Monitoring
2024-11-27,05:55:00,HOLD,MIDCPNIFTY24DEC12600PE,244.55,5826.0,216.83,TRAILING,Monitoring
2024-11-27,06:00:00,HOLD,MIDCPNIFTY24DEC12600PE,244.55,5826.0,216.83,TRAILING,Monitoring
2024-11-27,06:05:00,HOLD,MIDCPNIFTY24DEC12600PE,244.55,5826.0,216.83,TRAILING,Monitoring
2024-11-27,06:10:00,HOLD,MIDCPNIFTY24DEC12600PE,244.55,5826.0,216.83,TRAILING,Monitoring
2024-11-27,06:15:00,HOLD,MIDCPNIFTY24DEC12600PE,244.55,5826.0,216.83,TRAILING,Monitoring
2024-11-27,06:20:00,HOLD,MIDCPNIFTY24DEC12600PE,244.55,5826.0,216.83,TRAILING,Monitoring
2024-11-27,06:25:00,HOLD,MIDCPNIFTY24DEC12600PE,244.55,5826.0,216.83,TRAILING,Monitoring
2024-11-27,06:30:00,HOLD,MIDCPNIFTY24DEC12600PE,244.55,5826.0,216.83,TRAILING,Monitoring
2024-11-27,06:35:00,HOLD,MIDCPNIFTY24DEC12600PE,244.55,5826.0,216.83,TRAILING,Monitoring
2024-11-27,06:40:00,HOLD,MIDCPNIFTY24DEC12600PE,244.55,5826.0,216.83,TRAILING,Monitoring
2024-11-27,06:45:00,HOLD,MIDCPNIFTY24DEC12600PE,244.55,5826.0,216.83,TRAILING,Monitoring
2024-11-27,06:45:00,EXIT,MIDCPNIFTY24DEC12600PE,244.55,5826.0,216.83,TRAILING,EMA_REVERSAL
