Date,Time,Event,Ticker,Price,PnL_INR,SL_Price,SL_Mode,Info
2024-12-05,09:25:00,ENTRY,MIDCPNIFTY24DEC13000PE,232.5,0.0,0.0,NONE,Signal PE
2024-12-05,09:30:00,HOLD,MIDCPNIFTY24DEC13000PE,238.15,678.0,0.0,NONE,Monitoring
2024-12-05,09:35:00,HOLD,MIDCPNIFTY24DEC13000PE,245.0,1500.0,0.0,NONE,Monitoring
2024-12-05,09:40:00,HOLD,MIDCPNIFTY24DEC13000PE,247.3,1776.0,0.0,NONE,Monitoring
2024-12-05,09:45:00,HOLD,MIDCPNIFTY24DEC13000PE,252.5,2400.0,0.0,NONE,Monitoring
2024-12-05,09:50:00,HOLD,MIDCPNIFTY24DEC13000PE,260.0,3300.0,0.0,NONE,Monitoring
2024-12-05,09:50:00,TSL_UPDATE,MIDCPNIFTY24DEC13000PE,260.0,3300.0,232.5,COST,Moved to Cost
2024-12-05,09:50:00,EXIT,MIDCPNIFTY24DEC13000PE,260.0,3300.0,232.5,COST,EMA_REVERSAL
