Date,Time,Event,Ticker,Price,PnL_INR,SL_Price,SL_Mode,Info
2024-09-09,09:25:00,ENTRY,MIDCPNIFTY24SEP13000PE,244.0,0.0,0,NONE,Signal PE
2024-09-09,09:30:00,HOLD,MIDCPNIFTY24SEP13000PE,244.0,0.0,0,NONE,Monitoring
2024-09-09,09:35:00,HOLD,MIDCPNIFTY24SEP13000PE,244.0,0.0,0,NONE,Monitoring
2024-09-09,09:40:00,HOLD,MIDCPNIFTY24SEP13000PE,211.05,-3954.0,0,NONE,Monitoring
2024-09-09,09:45:00,HOLD,MIDCPNIFTY24SEP13000PE,211.05,-3954.0,0,NONE,Monitoring
2024-09-09,09:50:00,HOLD,MIDCPNIFTY24SEP13000PE,211.05,-3954.0,0,NONE,Monitoring
2024-09-09,09:55:00,HOLD,MIDCPNIFTY24SEP13000PE,211.05,-3954.0,0,NONE,Monitoring
2024-09-09,09:55:00,EXIT,MIDCPNIFTY24SEP13000PE,211.05,-3954.0,0,NONE,EMA_REVERSAL
