Date,Time,Event,Ticker,Price,PnL_INR,SL_Price,SL_Mode,Info
2024-10-09,09:30:00,ENTRY,MIDCPNIFTY24OCT12900PE,243.0,0.0,0,NONE,Signal PE
2024-10-09,09:35:00,HOLD,MIDCPNIFTY24OCT12900PE,243.0,0.0,0,NONE,Monitoring
2024-10-09,09:40:00,HOLD,MIDCPNIFTY24OCT12900PE,243.0,0.0,0,NONE,Monitoring
2024-10-09,09:45:00,HOLD,MIDCPNIFTY24OCT12900PE,243.0,0.0,0,NONE,Monitoring
2024-10-09,09:50:00,HOLD,MIDCPNIFTY24OCT12900PE,243.0,0.0,0,NONE,Monitoring
2024-10-09,09:55:00,HOLD,MIDCPNIFTY24OCT12900PE,243.0,0.0,0,NONE,Monitoring
2024-10-10,03:45:00,HOLD,MIDCPNIFTY24OCT12900PE,170.0,-8760.0,0,NONE,Monitoring
2024-10-10,03:50:00,HOLD,MIDCPNIFTY24OCT12900PE,170.0,-8760.0,0,NONE,Monitoring
2024-10-10,03:50:00,EXIT,MIDCPNIFTY24OCT12900PE,170.0,-8760.0,0,NONE,EMA_REVERSAL
