Date,Time,Event,Ticker,Price,PnL_INR,SL_Price,SL_Mode,Info
2024-07-12,09:35:00,ENTRY,MIDCPNIFTY24JUL12400PE,234.0,0.0,0,NONE,Signal PE
2024-07-12,09:40:00,HOLD,MIDCPNIFTY24JUL12400PE,234.0,0.0,0,NONE,Monitoring
2024-07-12,09:45:00,HOLD,MIDCPNIFTY24JUL12400PE,234.0,0.0,0,NONE,Monitoring
2024-07-12,09:50:00,HOLD,MIDCPNIFTY24JUL12400PE,234.0,0.0,0,NONE,Monitoring
2024-07-12,09:55:00,HOLD,MIDCPNIFTY24JUL12400PE,234.0,0.0,0,NONE,Monitoring
2024-07-15,03:45:00,HOLD,MIDCPNIFTY24JUL12400PE,234.0,0.0,0,NONE,Monitoring
2024-07-15,03:50:00,HOLD,MIDCPNIFTY24JUL12400PE,234.0,0.0,0,NONE,Monitoring
2024-07-15,03:55:00,HOLD,MIDCPNIFTY24JUL12400PE,234.0,0.0,0,NONE,Monitoring
2024-07-15,04:00:00,HOLD,MIDCPNIFTY24JUL12400PE,234.0,0.0,0,NONE,Monitoring
2024-07-15,04:05:00,HOLD,MIDCPNIFTY24JUL12400PE,234.0,0.0,0,NONE,Monitoring
2024-07-15,04:10:00,HOLD,MIDCPNIFTY24JUL12400PE,234.0,0.0,0,NONE,Monitoring
2024-07-15,04:15:00,HOLD,MIDCPNIFTY24JUL12400PE,234.0,0.0,0,NONE,Monitoring
2024-07-15,04:20:00,HOLD,MIDCPNIFTY24JUL12400PE,234.0,0.0,0,NONE,Monitoring
2024-07-15,04:25:00,HOLD,MIDCPNIFTY24JUL12400PE,234.0,0.0,0,NONE,Monitoring
2024-07-15,04:30:00,HOLD,MIDCPNIFTY24JUL12400PE,234.0,0.0,0,NONE,Monitoring
2024-07-15,04:35:00,HOLD,MIDCPNIFTY24JUL12400PE,234.0,0.0,0,NONE,Monitoring
2024-07-15,04:40:00,HOLD,MIDCPNIFTY24JUL12400PE,234.0,0.0,0,NONE,Monitoring
2024-07-15,04:45:00,HOLD,MIDCPNIFTY24JUL12400PE,234.0,0.0,0,NONE,Monitoring
2024-07-15,04:50:00,HOLD,MIDCPNIFTY24JUL12400PE,234.0,0.0,0,NONE,Monitoring
2024-07-15,04:55:00,HOLD,MIDCPNIFTY24JUL12400PE,234.0,0.0,0,NONE,Monitoring
2024-07-15,05:00:00,HOLD,MIDCPNIFTY24JUL12400PE,234.0,0.0,0,NONE,Monitoring
2024-07-15,05:05:00,HOLD,MIDCPNIFTY24JUL12400PE,234.0,0.0,0,NONE,Monitoring
2024-07-15,05:10:00,HOLD,MIDCPNIFTY24JUL12400PE,234.0,0.0,0,NONE,Monitoring
2024-07-15,05:15:00,HOLD,MIDCPNIFTY24JUL12400PE,234.0,0.0,0,NONE,Monitoring
2024-07-15,05:15:00,EXIT,MIDCPNIFTY24JUL12400PE,234.0,0.0,0,NONE,EMA_REVERSAL
