Date,Time,Event,Ticker,Price,PnL_INR,SL_Price,SL_Mode,Info
2025-09-16,09:30:00,ENTRY,MIDCPNIFTY25SEP13200CE,123.45,0.0,0,NONE,Signal CE
2025-09-16,09:35:00,HOLD,MIDCPNIFTY25SEP13200CE,127.2,450.0,0,NONE,Monitoring
2025-09-16,09:40:00,HOLD,MIDCPNIFTY25SEP13200CE,125.85,288.0,0,NONE,Monitoring
2025-09-16,09:45:00,HOLD,MIDCPNIFTY25SEP13200CE,126.75,396.0,0,NONE,Monitoring
2025-09-16,09:50:00,HOLD,MIDCPNIFTY25SEP13200CE,127.6,498.0,0,NONE,Monitoring
2025-09-16,09:55:00,HOLD,MIDCPNIFTY25SEP13200CE,130.5,846.0,0,NONE,Monitoring
2025-09-17,03:45:00,HOLD,MIDCPNIFTY25SEP13200CE,145.45,2640.0,0,NONE,Monitoring
2025-09-17,03:50:00,HOLD,MIDCPNIFTY25SEP13200CE,145.45,2640.0,0,NONE,Monitoring
2025-09-17,03:55:00,HOLD,MIDCPNIFTY25SEP13200CE,145.45,2640.0,0,NONE,Monitoring
2025-09-17,04:00:00,HOLD,MIDCPNIFTY25SEP13200CE,145.45,2640.0,0,NONE,Monitoring
2025-09-17,04:05:00,HOLD,MIDCPNIFTY25SEP13200CE,145.45,2640.0,0,NONE,Monitoring
2025-09-17,04:10:00,HOLD,MIDCPNIFTY25SEP13200CE,145.45,2640.0,0,NONE,Monitoring
2025-09-17,04:15:00,HOLD,MIDCPNIFTY25SEP13200CE,145.45,2640.0,0,NONE,Monitoring
2025-09-17,04:20:00,HOLD,MIDCPNIFTY25SEP13200CE,145.45,2640.0,0,NONE,Monitoring
2025-09-17,04:25:00,HOLD,MIDCPNIFTY25SEP13200CE,145.45,2640.0,0,NONE,Monitoring
2025-09-17,04:30:00,HOLD,MIDCPNIFTY25SEP13200CE,145.45,2640.0,0,NONE,Monitoring
2025-09-17,04:35:00,HOLD,MIDCPNIFTY25SEP13200CE,145.45,2640.0,0,NONE,Monitoring
2025-09-17,04:40:00,HOLD,MIDCPNIFTY25SEP13200CE,145.45,2640.0,0,NONE,Monitoring
2025-09-17,04:45:00,HOLD,MIDCPNIFTY25SEP13200CE,145.45,2640.0,0,NONE,Monitoring
2025-09-17,04:50:00,HOLD,MIDCPNIFTY25SEP13200CE,145.45,2640.0,0,NONE,Monitoring
2025-09-17,04:55:00,HOLD,MIDCPNIFTY25SEP13200CE,145.45,2640.0,0,NONE,Monitoring
2025-09-17,05:00:00,HOLD,MIDCPNIFTY25SEP13200CE,145.45,2640.0,0,NONE,Monitoring
2025-09-17,05:05:00,HOLD,MIDCPNIFTY25SEP13200CE,145.45,2640.0,0,NONE,Monitoring
2025-09-17,05:10:00,HOLD,MIDCPNIFTY25SEP13200CE,145.45,2640.0,0,NONE,Monitoring
2025-09-17,05:15:00,HOLD,MIDCPNIFTY25SEP13200CE,145.45,2640.0,0,NONE,Monitoring
2025-09-17,05:20:00,HOLD,MIDCPNIFTY25SEP13200CE,145.45,2640.0,0,NONE,Monitoring
2025-09-17,05:25:00,HOLD,MIDCPNIFTY25SEP13200CE,145.45,2640.0,0,NONE,Monitoring
2025-09-17,05:30:00,HOLD,MIDCPNIFTY25SEP13200CE,145.45,2640.0,0,NONE,Monitoring
2025-09-17,05:35:00,HOLD,MIDCPNIFTY25SEP13200CE,145.45,2640.0,0,NONE,Monitoring
2025-09-17,05:40:00,HOLD,MIDCPNIFTY25SEP13200CE,145.45,2640.0,0,NONE,Monitoring
2025-09-17,05:45:00,HOLD,MIDCPNIFTY25SEP13200CE,145.45,2640.0,0,NONE,Monitoring
2025-09-17,05:50:00,HOLD,MIDCPNIFTY25SEP13200CE,145.45,2640.0,0,NONE,Monitoring
2025-09-17,05:55:00,HOLD,MIDCPNIFTY25SEP13200CE,145.45,2640.0,0,NONE,Monitoring
2025-09-17,06:00:00,HOLD,MIDCPNIFTY25SEP13200CE,145.45,2640.0,0,NONE,Monitoring
2025-09-17,06:05:00,HOLD,MIDCPNIFTY25SEP13200CE,145.45,2640.0,0,NONE,Monitoring
2025-09-17,06:10:00,HOLD,MIDCPNIFTY25SEP13200CE,145.45,2640.0,0,NONE,Monitoring
2025-09-17,06:15:00,HOLD,MIDCPNIFTY25SEP13200CE,145.45,2640.0,0,NONE,Monitoring
2025-09-17,06:20:00,HOLD,MIDCPNIFTY25SEP13200CE,145.45,2640.0,0,NONE,Monitoring
2025-09-17,06:25:00,HOLD,MIDCPNIFTY25SEP13200CE,145.45,2640.0,0,NONE,Monitoring
2025-09-17,06:30:00,HOLD,MIDCPNIFTY25SEP13200CE,145.45,2640.0,0,NONE,Monitoring
2025-09-17,06:35:00,HOLD,MIDCPNIFTY25SEP13200CE,145.45,2640.0,0,NONE,Monitoring
2025-09-17,06:40:00,HOLD,MIDCPNIFTY25SEP13200CE,145.45,2640.0,0,NONE,Monitoring
2025-09-17,06:45:00,HOLD,MIDCPNIFTY25SEP13200CE,145.45,2640.0,0,NONE,Monitoring
2025-09-17,06:50:00,HOLD,MIDCPNIFTY25SEP13200CE,145.45,2640.0,0,NONE,Monitoring
2025-09-17,06:55:00,HOLD,MIDCPNIFTY25SEP13200CE,145.45,2640.0,0,NONE,Monitoring
2025-09-17,07:00:00,HOLD,MIDCPNIFTY25SEP13200CE,145.45,2640.0,0,NONE,Monitoring
2025-09-17,07:05:00,HOLD,MIDCPNIFTY25SEP13200CE,145.45,2640.0,0,NONE,Monitoring
2025-09-17,07:10:00,HOLD,MIDCPNIFTY25SEP13200CE,145.45,2640.0,0,NONE,Monitoring
2025-09-17,07:15:00,HOLD,MIDCPNIFTY25SEP13200CE,145.45,2640.0,0,NONE,Monitoring
2025-09-17,07:20:00,HOLD,MIDCPNIFTY25SEP13200CE,145.45,2640.0,0,NONE,Monitoring
2025-09-17,07:25:00,HOLD,MIDCPNIFTY25SEP13200CE,145.45,2640.0,0,NONE,Monitoring
2025-09-17,07:30:00,HOLD,MIDCPNIFTY25SEP13200CE,145.45,2640.0,0,NONE,Monitoring
2025-09-17,07:35:00,HOLD,MIDCPNIFTY25SEP13200CE,145.45,2640.0,0,NONE,Monitoring
2025-09-17,07:40:00,HOLD,MIDCPNIFTY25SEP13200CE,145.45,2640.0,0,NONE,Monitoring
2025-09-17,07:45:00,HOLD,MIDCPNIFTY25SEP13200CE,145.45,2640.0,0,NONE,Monitoring
2025-09-17,07:50:00,HOLD,MIDCPNIFTY25SEP13200CE,145.45,2640.0,0,NONE,Monitoring
2025-09-17,07:55:00,HOLD,MIDCPNIFTY25SEP13200CE,145.45,2640.0,0,NONE,Monitoring
2025-09-17,08:00:00,HOLD,MIDCPNIFTY25SEP13200CE,145.45,2640.0,0,NONE,Monitoring
2025-09-17,08:05:00,HOLD,MIDCPNIFTY25SEP13200CE,145.45,2640.0,0,NONE,Monitoring
2025-09-17,08:10:00,HOLD,MIDCPNIFTY25SEP13200CE,145.45,2640.0,0,NONE,Monitoring
2025-09-17,08:15:00,HOLD,MIDCPNIFTY25SEP13200CE,145.45,2640.0,0,NONE,Monitoring
2025-09-17,08:20:00,HOLD,MIDCPNIFTY25SEP13200CE,145.45,2640.0,0,NONE,Monitoring
2025-09-17,08:20:00,EXIT,MIDCPNIFTY25SEP13200CE,145.45,2640.0,0,NONE,EMA_REVERSAL
