Date,Time,Event,Ticker,Price,PnL_INR,SL_Price,SL_Mode,Info
2025-07-30,09:50:00,ENTRY,MIDCPNIFTY25AUG13000PE,244.6,0.0,0,NONE,Signal PE
2025-07-30,09:55:00,HOLD,MIDCPNIFTY25AUG13000PE,239.35,-630.0,0,NONE,Monitoring
2025-07-31,03:45:00,HOLD,MIDCPNIFTY25AUG13000PE,228.8,-1896.0,0,NONE,Monitoring
2025-07-31,03:50:00,HOLD,MIDCPNIFTY25AUG13000PE,228.8,-1896.0,0,NONE,Monitoring
2025-07-31,03:55:00,HOLD,MIDCPNIFTY25AUG13000PE,228.8,-1896.0,0,NONE,Monitoring
2025-07-31,04:00:00,HOLD,MIDCPNIFTY25AUG13000PE,228.8,-1896.0,0,NONE,Monitoring
2025-07-31,04:05:00,HOLD,MIDCPNIFTY25AUG13000PE,228.8,-1896.0,0,NONE,Monitoring
2025-07-31,04:10:00,HOLD,MIDCPNIFTY25AUG13000PE,228.8,-1896.0,0,NONE,Monitoring
2025-07-31,04:15:00,HOLD,MIDCPNIFTY25AUG13000PE,228.8,-1896.0,0,NONE,Monitoring
2025-07-31,04:20:00,HOLD,MIDCPNIFTY25AUG13000PE,228.8,-1896.0,0,NONE,Monitoring
2025-07-31,04:25:00,HOLD,MIDCPNIFTY25AUG13000PE,228.8,-1896.0,0,NONE,Monitoring
2025-07-31,04:30:00,HOLD,MIDCPNIFTY25AUG13000PE,228.8,-1896.0,0,NONE,Monitoring
2025-07-31,04:35:00,HOLD,MIDCPNIFTY25AUG13000PE,228.8,-1896.0,0,NONE,Monitoring
2025-07-31,04:40:00,HOLD,MIDCPNIFTY25AUG13000PE,228.8,-1896.0,0,NONE,Monitoring
2025-07-31,04:45:00,HOLD,MIDCPNIFTY25AUG13000PE,228.8,-1896.0,0,NONE,Monitoring
2025-07-31,04:50:00,HOLD,MIDCPNIFTY25AUG13000PE,228.8,-1896.0,0,NONE,Monitoring
2025-07-31,04:55:00,HOLD,MIDCPNIFTY25AUG13000PE,228.8,-1896.0,0,NONE,Monitoring
2025-07-31,05:00:00,HOLD,MIDCPNIFTY25AUG13000PE,228.8,-1896.0,0,NONE,Monitoring
2025-07-31,05:05:00,HOLD,MIDCPNIFTY25AUG13000PE,228.8,-1896.0,0,NONE,Monitoring
2025-07-31,05:10:00,HOLD,MIDCPNIFTY25AUG13000PE,228.8,-1896.0,0,NONE,Monitoring
2025-07-31,05:15:00,HOLD,MIDCPNIFTY25AUG13000PE,228.8,-1896.0,0,NONE,Monitoring
2025-07-31,05:20:00,HOLD,MIDCPNIFTY25AUG13000PE,228.8,-1896.0,0,NONE,Monitoring
2025-07-31,05:25:00,HOLD,MIDCPNIFTY25AUG13000PE,228.8,-1896.0,0,NONE,Monitoring
2025-07-31,05:30:00,HOLD,MIDCPNIFTY25AUG13000PE,228.8,-1896.0,0,NONE,Monitoring
2025-07-31,05:35:00,HOLD,MIDCPNIFTY25AUG13000PE,228.8,-1896.0,0,NONE,Monitoring
2025-07-31,05:40:00,HOLD,MIDCPNIFTY25AUG13000PE,228.8,-1896.0,0,NONE,Monitoring
2025-07-31,05:45:00,HOLD,MIDCPNIFTY25AUG13000PE,228.8,-1896.0,0,NONE,Monitoring
2025-07-31,05:50:00,HOLD,MIDCPNIFTY25AUG13000PE,228.8,-1896.0,0,NONE,Monitoring
2025-07-31,05:55:00,HOLD,MIDCPNIFTY25AUG13000PE,228.8,-1896.0,0,NONE,Monitoring
2025-07-31,06:00:00,HOLD,MIDCPNIFTY25AUG13000PE,228.8,-1896.0,0,NONE,Monitoring
2025-07-31,06:05:00,HOLD,MIDCPNIFTY25AUG13000PE,228.8,-1896.0,0,NONE,Monitoring
2025-07-31,06:05:00,EXIT,MIDCPNIFTY25AUG13000PE,228.8,-1896.0,0,NONE,EMA_REVERSAL
