Date,Time,Event,Ticker,Price,PnL_INR,SL_Price,SL_Mode,Info
2024-08-13,09:40:00,ENTRY,MIDCPNIFTY24AUG12600PE,148.0,0.0,0.0,NONE,Signal PE
2024-08-13,09:45:00,HOLD,MIDCPNIFTY24AUG12600PE,142.8,-624.0,0.0,NONE,Monitoring
2024-08-13,09:50:00,HOLD,MIDCPNIFTY24AUG12600PE,149.6,192.0,0.0,NONE,Monitoring
2024-08-13,09:55:00,HOLD,MIDCPNIFTY24AUG12600PE,150.5,300.0,0.0,NONE,Monitoring
2024-08-14,03:45:00,HOLD,MIDCPNIFTY24AUG12600PE,191.0,5160.0,0.0,NONE,Monitoring
2024-08-14,03:45:00,TSL_UPDATE,MIDCPNIFTY24AUG12600PE,191.0,5160.0,148.0,COST,Moved to Cost
2024-08-14,03:45:00,TSL_UPDATE,MIDCPNIFTY24AUG12600PE,191.0,5160.0,164.67,TRAILING,Stepped Up
2024-08-14,03:50:00,HOLD,MIDCPNIFTY24AUG12600PE,191.0,5160.0,164.67,TRAILING,Monitoring
2024-08-14,03:55:00,HOLD,MIDCPNIFTY24AUG12600PE,191.0,5160.0,164.67,TRAILING,Monitoring
2024-08-14,04:00:00,HOLD,MIDCPNIFTY24AUG12600PE,191.0,5160.0,164.67,TRAILING,Monitoring
2024-08-14,04:05:00,HOLD,MIDCPNIFTY24AUG12600PE,191.0,5160.0,164.67,TRAILING,Monitoring
2024-08-14,04:10:00,HOLD,MIDCPNIFTY24AUG12600PE,191.0,5160.0,164.67,TRAILING,Monitoring
2024-08-14,04:15:00,HOLD,MIDCPNIFTY24AUG12600PE,191.0,5160.0,164.67,TRAILING,Monitoring
2024-08-14,04:20:00,HOLD,MIDCPNIFTY24AUG12600PE,191.0,5160.0,164.67,TRAILING,Monitoring
2024-08-14,04:25:00,HOLD,MIDCPNIFTY24AUG12600PE,191.0,5160.0,164.67,TRAILING,Monitoring
2024-08-14,04:30:00,HOLD,MIDCPNIFTY24AUG12600PE,191.0,5160.0,164.67,TRAILING,Monitoring
2024-08-14,04:35:00,HOLD,MIDCPNIFTY24AUG12600PE,191.0,5160.0,164.67,TRAILING,Monitoring
2024-08-14,04:40:00,HOLD,MIDCPNIFTY24AUG12600PE,191.0,5160.0,164.67,TRAILING,Monitoring
2024-08-14,04:45:00,HOLD,MIDCPNIFTY24AUG12600PE,191.0,5160.0,164.67,TRAILING,Monitoring
2024-08-14,04:50:00,HOLD,MIDCPNIFTY24AUG12600PE,191.0,5160.0,164.67,TRAILING,Monitoring
2024-08-14,04:55:00,HOLD,MIDCPNIFTY24AUG12600PE,191.0,5160.0,164.67,TRAILING,Monitoring
2024-08-14,05:00:00,HOLD,MIDCPNIFTY24AUG12600PE,191.0,5160.0,164.67,TRAILING,Monitoring
2024-08-14,05:05:00,HOLD,MIDCPNIFTY24AUG12600PE,191.0,5160.0,164.67,TRAILING,Monitoring
2024-08-14,05:10:00,HOLD,MIDCPNIFTY24AUG12600PE,191.0,5160.0,164.67,TRAILING,Monitoring
2024-08-14,05:15:00,HOLD,MIDCPNIFTY24AUG12600PE,191.0,5160.0,164.67,TRAILING,Monitoring
2024-08-14,05:20:00,HOLD,MIDCPNIFTY24AUG12600PE,191.0,5160.0,164.67,TRAILING,Monitoring
2024-08-14,05:25:00,HOLD,MIDCPNIFTY24AUG12600PE,191.0,5160.0,164.67,TRAILING,Monitoring
2024-08-14,05:30:00,HOLD,MIDCPNIFTY24AUG12600PE,191.0,5160.0,164.67,TRAILING,Monitoring
2024-08-14,05:35:00,HOLD,MIDCPNIFTY24AUG12600PE,191.0,5160.0,164.67,TRAILING,Monitoring
2024-08-14,05:40:00,HOLD,MIDCPNIFTY24AUG12600PE,191.0,5160.0,164.67,TRAILING,Monitoring
2024-08-14,05:45:00,HOLD,MIDCPNIFTY24AUG12600PE,191.0,5160.0,164.67,TRAILING,Monitoring
2024-08-14,05:50:00,HOLD,MIDCPNIFTY24AUG12600PE,191.0,5160.0,164.67,TRAILING,Monitoring
2024-08-14,05:55:00,HOLD,MIDCPNIFTY24AUG12600PE,191.0,5160.0,164.67,TRAILING,Monitoring
2024-08-14,06:00:00,HOLD,MIDCPNIFTY24AUG12600PE,191.0,5160.0,164.67,TRAILING,Monitoring
2024-08-14,06:05:00,HOLD,MIDCPNIFTY24AUG12600PE,191.0,5160.0,164.67,TRAILING,Monitoring
2024-08-14,06:10:00,HOLD,MIDCPNIFTY24AUG12600PE,191.0,5160.0,164.67,TRAILING,Monitoring
2024-08-14,06:15:00,HOLD,MIDCPNIFTY24AUG12600PE,191.0,5160.0,164.67,TRAILING,Monitoring
2024-08-14,06:20:00,HOLD,MIDCPNIFTY24AUG12600PE,191.0,5160.0,164.67,TRAILING,Monitoring
2024-08-14,06:25:00,HOLD,MIDCPNIFTY24AUG12600PE,191.0,5160.0,164.67,TRAILING,Monitoring
2024-08-14,06:30:00,HOLD,MIDCPNIFTY24AUG12600PE,191.0,5160.0,164.67,TRAILING,Monitoring
2024-08-14,06:35:00,HOLD,MIDCPNIFTY24AUG12600PE,191.0,5160.0,164.67,TRAILING,Monitoring
2024-08-14,06:40:00,HOLD,MIDCPNIFTY24AUG12600PE,191.0,5160.0,164.67,TRAILING,Monitoring
2024-08-14,06:45:00,HOLD,MIDCPNIFTY24AUG12600PE,191.0,5160.0,164.67,TRAILING,Monitoring
2024-08-14,06:50:00,HOLD,MIDCPNIFTY24AUG12600PE,191.0,5160.0,164.67,TRAILING,Monitoring
2024-08-14,06:55:00,HOLD,MIDCPNIFTY24AUG12600PE,191.0,5160.0,164.67,TRAILING,Monitoring
2024-08-14,06:55:00,EXIT,MIDCPNIFTY24AUG12600PE,191.0,5160.0,164.67,TRAILING,EMA_REVERSAL
