Date,Time,Event,Ticker,Price,PnL_INR,SL_Price,SL_Mode,Info
2025-09-19,09:35:00,ENTRY,MIDCPNIFTY25SEP13200PE,97.05,0.0,0,NONE,Signal PE
2025-09-19,09:40:00,HOLD,MIDCPNIFTY25SEP13200PE,92.5,-546.0,0,NONE,Monitoring
2025-09-19,09:45:00,HOLD,MIDCPNIFTY25SEP13200PE,94.1,-354.0,0,NONE,Monitoring
2025-09-19,09:50:00,HOLD,MIDCPNIFTY25SEP13200PE,91.3,-690.0,0,NONE,Monitoring
2025-09-19,09:55:00,HOLD,MIDCPNIFTY25SEP13200PE,98.3,150.0,0,NONE,Monitoring
2025-09-22,03:45:00,HOLD,MIDCPNIFTY25SEP13200PE,81.95,-1812.0,0,NONE,Monitoring
2025-09-22,03:50:00,HOLD,MIDCPNIFTY25SEP13200PE,81.95,-1812.0,0,NONE,Monitoring
2025-09-22,03:55:00,HOLD,MIDCPNIFTY25SEP13200PE,81.95,-1812.0,0,NONE,Monitoring
2025-09-22,04:00:00,HOLD,MIDCPNIFTY25SEP13200PE,81.95,-1812.0,0,NONE,Monitoring
2025-09-22,04:05:00,HOLD,MIDCPNIFTY25SEP13200PE,81.95,-1812.0,0,NONE,Monitoring
2025-09-22,04:10:00,HOLD,MIDCPNIFTY25SEP13200PE,81.95,-1812.0,0,NONE,Monitoring
2025-09-22,04:15:00,HOLD,MIDCPNIFTY25SEP13200PE,81.95,-1812.0,0,NONE,Monitoring
2025-09-22,04:20:00,HOLD,MIDCPNIFTY25SEP13200PE,81.95,-1812.0,0,NONE,Monitoring
2025-09-22,04:25:00,HOLD,MIDCPNIFTY25SEP13200PE,81.95,-1812.0,0,NONE,Monitoring
2025-09-22,04:30:00,HOLD,MIDCPNIFTY25SEP13200PE,81.95,-1812.0,0,NONE,Monitoring
2025-09-22,04:35:00,HOLD,MIDCPNIFTY25SEP13200PE,81.95,-1812.0,0,NONE,Monitoring
2025-09-22,04:40:00,HOLD,MIDCPNIFTY25SEP13200PE,81.95,-1812.0,0,NONE,Monitoring
2025-09-22,04:45:00,HOLD,MIDCPNIFTY25SEP13200PE,81.95,-1812.0,0,NONE,Monitoring
2025-09-22,04:50:00,HOLD,MIDCPNIFTY25SEP13200PE,81.95,-1812.0,0,NONE,Monitoring
2025-09-22,04:55:00,HOLD,MIDCPNIFTY25SEP13200PE,81.95,-1812.0,0,NONE,Monitoring
2025-09-22,05:00:00,HOLD,MIDCPNIFTY25SEP13200PE,81.95,-1812.0,0,NONE,Monitoring
2025-09-22,05:05:00,HOLD,MIDCPNIFTY25SEP13200PE,81.95,-1812.0,0,NONE,Monitoring
2025-09-22,05:10:00,HOLD,MIDCPNIFTY25SEP13200PE,81.95,-1812.0,0,NONE,Monitoring
2025-09-22,05:15:00,HOLD,MIDCPNIFTY25SEP13200PE,81.95,-1812.0,0,NONE,Monitoring
2025-09-22,05:20:00,HOLD,MIDCPNIFTY25SEP13200PE,81.95,-1812.0,0,NONE,Monitoring
2025-09-22,05:25:00,HOLD,MIDCPNIFTY25SEP13200PE,81.95,-1812.0,0,NONE,Monitoring
2025-09-22,05:30:00,HOLD,MIDCPNIFTY25SEP13200PE,81.95,-1812.0,0,NONE,Monitoring
2025-09-22,05:35:00,HOLD,MIDCPNIFTY25SEP13200PE,81.95,-1812.0,0,NONE,Monitoring
2025-09-22,05:40:00,HOLD,MIDCPNIFTY25SEP13200PE,81.95,-1812.0,0,NONE,Monitoring
2025-09-22,05:45:00,HOLD,MIDCPNIFTY25SEP13200PE,81.95,-1812.0,0,NONE,Monitoring
2025-09-22,05:50:00,HOLD,MIDCPNIFTY25SEP13200PE,81.95,-1812.0,0,NONE,Monitoring
2025-09-22,05:55:00,HOLD,MIDCPNIFTY25SEP13200PE,81.95,-1812.0,0,NONE,Monitoring
2025-09-22,06:00:00,HOLD,MIDCPNIFTY25SEP13200PE,81.95,-1812.0,0,NONE,Monitoring
2025-09-22,06:05:00,HOLD,MIDCPNIFTY25SEP13200PE,81.95,-1812.0,0,NONE,Monitoring
2025-09-22,06:10:00,HOLD,MIDCPNIFTY25SEP13200PE,81.95,-1812.0,0,NONE,Monitoring
2025-09-22,06:15:00,HOLD,MIDCPNIFTY25SEP13200PE,81.95,-1812.0,0,NONE,Monitoring
2025-09-22,06:20:00,HOLD,MIDCPNIFTY25SEP13200PE,81.95,-1812.0,0,NONE,Monitoring
2025-09-22,06:25:00,HOLD,MIDCPNIFTY25SEP13200PE,81.95,-1812.0,0,NONE,Monitoring
2025-09-22,06:30:00,HOLD,MIDCPNIFTY25SEP13200PE,81.95,-1812.0,0,NONE,Monitoring
2025-09-22,06:35:00,HOLD,MIDCPNIFTY25SEP13200PE,81.95,-1812.0,0,NONE,Monitoring
2025-09-22,06:40:00,HOLD,MIDCPNIFTY25SEP13200PE,81.95,-1812.0,0,NONE,Monitoring
2025-09-22,06:45:00,HOLD,MIDCPNIFTY25SEP13200PE,81.95,-1812.0,0,NONE,Monitoring
2025-09-22,06:50:00,HOLD,MIDCPNIFTY25SEP13200PE,81.95,-1812.0,0,NONE,Monitoring
2025-09-22,06:55:00,HOLD,MIDCPNIFTY25SEP13200PE,81.95,-1812.0,0,NONE,Monitoring
2025-09-22,07:00:00,HOLD,MIDCPNIFTY25SEP13200PE,81.95,-1812.0,0,NONE,Monitoring
2025-09-22,07:05:00,HOLD,MIDCPNIFTY25SEP13200PE,81.95,-1812.0,0,NONE,Monitoring
2025-09-22,07:10:00,HOLD,MIDCPNIFTY25SEP13200PE,81.95,-1812.0,0,NONE,Monitoring
2025-09-22,07:10:00,EXIT,MIDCPNIFTY25SEP13200PE,81.95,-1812.0,0,NONE,EMA_REVERSAL
