Date,Time,Event,Ticker,Price,PnL_INR,SL_Price,SL_Mode,Info
2024-07-16,09:45:00,ENTRY,MIDCPNIFTY24JUL12500PE,150.45,0.0,0.0,NONE,Signal PE
2024-07-16,09:50:00,HOLD,MIDCPNIFTY24JUL12500PE,155.65,624.0,0.0,NONE,Monitoring
2024-07-16,09:55:00,HOLD,MIDCPNIFTY24JUL12500PE,150.0,-54.0,0.0,NONE,Monitoring
2024-07-18,03:45:00,HOLD,MIDCPNIFTY24JUL12500PE,178.7,3390.0,0.0,NONE,Monitoring
2024-07-18,03:45:00,TSL_UPDATE,MIDCPNIFTY24JUL12500PE,178.7,3390.0,150.45,COST,Moved to Cost
2024-07-18,03:50:00,HOLD,MIDCPNIFTY24JUL12500PE,178.7,3390.0,150.45,COST,Monitoring
2024-07-18,03:55:00,HOLD,MIDCPNIFTY24JUL12500PE,178.7,3390.0,150.45,COST,Monitoring
2024-07-18,04:00:00,HOLD,MIDCPNIFTY24JUL12500PE,178.7,3390.0,150.45,COST,Monitoring
2024-07-18,04:05:00,HOLD,MIDCPNIFTY24JUL12500PE,178.7,3390.0,150.45,COST,Monitoring
2024-07-18,04:10:00,HOLD,MIDCPNIFTY24JUL12500PE,178.7,3390.0,150.45,COST,Monitoring
2024-07-18,04:15:00,HOLD,MIDCPNIFTY24JUL12500PE,178.7,3390.0,150.45,COST,Monitoring
2024-07-18,04:20:00,HOLD,MIDCPNIFTY24JUL12500PE,178.7,3390.0,150.45,COST,Monitoring
2024-07-18,04:25:00,HOLD,MIDCPNIFTY24JUL12500PE,178.7,3390.0,150.45,COST,Monitoring
2024-07-18,04:30:00,HOLD,MIDCPNIFTY24JUL12500PE,178.7,3390.0,150.45,COST,Monitoring
2024-07-18,04:35:00,HOLD,MIDCPNIFTY24JUL12500PE,178.7,3390.0,150.45,COST,Monitoring
2024-07-18,04:40:00,HOLD,MIDCPNIFTY24JUL12500PE,178.7,3390.0,150.45,COST,Monitoring
2024-07-18,04:45:00,HOLD,MIDCPNIFTY24JUL12500PE,178.7,3390.0,150.45,COST,Monitoring
2024-07-18,04:50:00,HOLD,MIDCPNIFTY24JUL12500PE,178.7,3390.0,150.45,COST,Monitoring
2024-07-18,04:55:00,HOLD,MIDCPNIFTY24JUL12500PE,178.7,3390.0,150.45,COST,Monitoring
2024-07-18,05:00:00,HOLD,MIDCPNIFTY24JUL12500PE,178.7,3390.0,150.45,COST,Monitoring
2024-07-18,05:05:00,HOLD,MIDCPNIFTY24JUL12500PE,178.7,3390.0,150.45,COST,Monitoring
2024-07-18,05:10:00,HOLD,MIDCPNIFTY24JUL12500PE,178.7,3390.0,150.45,COST,Monitoring
2024-07-18,05:15:00,HOLD,MIDCPNIFTY24JUL12500PE,178.7,3390.0,150.45,COST,Monitoring
2024-07-18,05:20:00,HOLD,MIDCPNIFTY24JUL12500PE,178.7,3390.0,150.45,COST,Monitoring
2024-07-18,05:25:00,HOLD,MIDCPNIFTY24JUL12500PE,178.7,3390.0,150.45,COST,Monitoring
2024-07-18,05:30:00,HOLD,MIDCPNIFTY24JUL12500PE,178.7,3390.0,150.45,COST,Monitoring
2024-07-18,05:35:00,HOLD,MIDCPNIFTY24JUL12500PE,178.7,3390.0,150.45,COST,Monitoring
2024-07-18,05:40:00,HOLD,MIDCPNIFTY24JUL12500PE,178.7,3390.0,150.45,COST,Monitoring
2024-07-18,05:45:00,HOLD,MIDCPNIFTY24JUL12500PE,178.7,3390.0,150.45,COST,Monitoring
2024-07-18,05:50:00,HOLD,MIDCPNIFTY24JUL12500PE,178.7,3390.0,150.45,COST,Monitoring
2024-07-18,05:55:00,HOLD,MIDCPNIFTY24JUL12500PE,178.7,3390.0,150.45,COST,Monitoring
2024-07-18,06:00:00,HOLD,MIDCPNIFTY24JUL12500PE,178.7,3390.0,150.45,COST,Monitoring
2024-07-18,06:05:00,HOLD,MIDCPNIFTY24JUL12500PE,178.7,3390.0,150.45,COST,Monitoring
2024-07-18,06:10:00,HOLD,MIDCPNIFTY24JUL12500PE,178.7,3390.0,150.45,COST,Monitoring
2024-07-18,06:15:00,HOLD,MIDCPNIFTY24JUL12500PE,178.7,3390.0,150.45,COST,Monitoring
2024-07-18,06:20:00,HOLD,MIDCPNIFTY24JUL12500PE,178.7,3390.0,150.45,COST,Monitoring
2024-07-18,06:25:00,HOLD,MIDCPNIFTY24JUL12500PE,178.7,3390.0,150.45,COST,Monitoring
2024-07-18,06:30:00,HOLD,MIDCPNIFTY24JUL12500PE,178.7,3390.0,150.45,COST,Monitoring
2024-07-18,06:35:00,HOLD,MIDCPNIFTY24JUL12500PE,178.7,3390.0,150.45,COST,Monitoring
2024-07-18,06:40:00,HOLD,MIDCPNIFTY24JUL12500PE,178.7,3390.0,150.45,COST,Monitoring
2024-07-18,06:45:00,HOLD,MIDCPNIFTY24JUL12500PE,178.7,3390.0,150.45,COST,Monitoring
2024-07-18,06:50:00,HOLD,MIDCPNIFTY24JUL12500PE,178.7,3390.0,150.45,COST,Monitoring
2024-07-18,06:55:00,HOLD,MIDCPNIFTY24JUL12500PE,178.7,3390.0,150.45,COST,Monitoring
2024-07-18,07:00:00,HOLD,MIDCPNIFTY24JUL12500PE,178.7,3390.0,150.45,COST,Monitoring
2024-07-18,07:05:00,HOLD,MIDCPNIFTY24JUL12500PE,178.7,3390.0,150.45,COST,Monitoring
2024-07-18,07:10:00,HOLD,MIDCPNIFTY24JUL12500PE,178.7,3390.0,150.45,COST,Monitoring
2024-07-18,07:10:00,EXIT,MIDCPNIFTY24JUL12500PE,178.7,3390.0,150.45,COST,EMA_REVERSAL
