Date,Time,Event,Ticker,Price,PnL_INR,SL_Price,SL_Mode,Info
2025-09-10,09:40:00,ENTRY,MIDCPNIFTY25SEP13000CE,215.45,0.0,0,NONE,Signal CE
2025-09-10,09:45:00,HOLD,MIDCPNIFTY25SEP13000CE,215.5,6.0,0,NONE,Monitoring
2025-09-10,09:50:00,HOLD,MIDCPNIFTY25SEP13000CE,211.3,-498.0,0,NONE,Monitoring
2025-09-10,09:55:00,HOLD,MIDCPNIFTY25SEP13000CE,222.65,864.0,0,NONE,Monitoring
2025-09-11,03:45:00,HOLD,MIDCPNIFTY25SEP13000CE,226.5,1326.0,0,NONE,Monitoring
2025-09-11,03:50:00,HOLD,MIDCPNIFTY25SEP13000CE,226.5,1326.0,0,NONE,Monitoring
2025-09-11,03:55:00,HOLD,MIDCPNIFTY25SEP13000CE,226.5,1326.0,0,NONE,Monitoring
2025-09-11,04:00:00,HOLD,MIDCPNIFTY25SEP13000CE,226.5,1326.0,0,NONE,Monitoring
2025-09-11,04:05:00,HOLD,MIDCPNIFTY25SEP13000CE,226.5,1326.0,0,NONE,Monitoring
2025-09-11,04:10:00,HOLD,MIDCPNIFTY25SEP13000CE,226.5,1326.0,0,NONE,Monitoring
2025-09-11,04:15:00,HOLD,MIDCPNIFTY25SEP13000CE,226.5,1326.0,0,NONE,Monitoring
2025-09-11,04:20:00,HOLD,MIDCPNIFTY25SEP13000CE,226.5,1326.0,0,NONE,Monitoring
2025-09-11,04:25:00,HOLD,MIDCPNIFTY25SEP13000CE,226.5,1326.0,0,NONE,Monitoring
2025-09-11,04:30:00,HOLD,MIDCPNIFTY25SEP13000CE,226.5,1326.0,0,NONE,Monitoring
2025-09-11,04:35:00,HOLD,MIDCPNIFTY25SEP13000CE,226.5,1326.0,0,NONE,Monitoring
2025-09-11,04:40:00,HOLD,MIDCPNIFTY25SEP13000CE,226.5,1326.0,0,NONE,Monitoring
2025-09-11,04:45:00,HOLD,MIDCPNIFTY25SEP13000CE,226.5,1326.0,0,NONE,Monitoring
2025-09-11,04:50:00,HOLD,MIDCPNIFTY25SEP13000CE,226.5,1326.0,0,NONE,Monitoring
2025-09-11,04:55:00,HOLD,MIDCPNIFTY25SEP13000CE,226.5,1326.0,0,NONE,Monitoring
2025-09-11,05:00:00,HOLD,MIDCPNIFTY25SEP13000CE,226.5,1326.0,0,NONE,Monitoring
2025-09-11,05:05:00,HOLD,MIDCPNIFTY25SEP13000CE,226.5,1326.0,0,NONE,Monitoring
2025-09-11,05:10:00,HOLD,MIDCPNIFTY25SEP13000CE,226.5,1326.0,0,NONE,Monitoring
2025-09-11,05:15:00,HOLD,MIDCPNIFTY25SEP13000CE,226.5,1326.0,0,NONE,Monitoring
2025-09-11,05:20:00,HOLD,MIDCPNIFTY25SEP13000CE,226.5,1326.0,0,NONE,Monitoring
2025-09-11,05:25:00,HOLD,MIDCPNIFTY25SEP13000CE,226.5,1326.0,0,NONE,Monitoring
2025-09-11,05:30:00,HOLD,MIDCPNIFTY25SEP13000CE,226.5,1326.0,0,NONE,Monitoring
2025-09-11,05:35:00,HOLD,MIDCPNIFTY25SEP13000CE,226.5,1326.0,0,NONE,Monitoring
2025-09-11,05:40:00,HOLD,MIDCPNIFTY25SEP13000CE,226.5,1326.0,0,NONE,Monitoring
2025-09-11,05:45:00,HOLD,MIDCPNIFTY25SEP13000CE,226.5,1326.0,0,NONE,Monitoring
2025-09-11,05:50:00,HOLD,MIDCPNIFTY25SEP13000CE,226.5,1326.0,0,NONE,Monitoring
2025-09-11,05:55:00,HOLD,MIDCPNIFTY25SEP13000CE,226.5,1326.0,0,NONE,Monitoring
2025-09-11,06:00:00,HOLD,MIDCPNIFTY25SEP13000CE,226.5,1326.0,0,NONE,Monitoring
2025-09-11,06:05:00,HOLD,MIDCPNIFTY25SEP13000CE,226.5,1326.0,0,NONE,Monitoring
2025-09-11,06:05:00,EXIT,MIDCPNIFTY25SEP13000CE,226.5,1326.0,0,NONE,EMA_REVERSAL
