Date,Time,Event,Ticker,Price,PnL_INR,SL_Price,SL_Mode,Info
2024-11-06,09:30:00,ENTRY,MIDCPNIFTY24NOV12500CE,240.0,0.0,0.0,NONE,Signal CE
2024-11-06,09:35:00,HOLD,MIDCPNIFTY24NOV12500CE,240.0,0.0,0.0,NONE,Monitoring
2024-11-06,09:40:00,HOLD,MIDCPNIFTY24NOV12500CE,240.0,0.0,0.0,NONE,Monitoring
2024-11-06,09:45:00,HOLD,MIDCPNIFTY24NOV12500CE,240.0,0.0,0.0,NONE,Monitoring
2024-11-06,09:50:00,HOLD,MIDCPNIFTY24NOV12500CE,240.0,0.0,0.0,NONE,Monitoring
2024-11-06,09:55:00,HOLD,MIDCPNIFTY24NOV12500CE,250.0,1200.0,0.0,NONE,Monitoring
2024-11-07,03:45:00,HOLD,MIDCPNIFTY24NOV12500CE,315.0,9000.0,0.0,NONE,Monitoring
2024-11-07,03:45:00,TSL_UPDATE,MIDCPNIFTY24NOV12500CE,315.0,9000.0,240.0,COST,Moved to Cost
2024-11-07,03:45:00,TSL_UPDATE,MIDCPNIFTY24NOV12500CE,315.0,9000.0,290.0,TRAILING,Stepped Up
2024-11-07,03:50:00,HOLD,MIDCPNIFTY24NOV12500CE,315.0,9000.0,290.0,TRAILING,Monitoring
2024-11-07,03:55:00,HOLD,MIDCPNIFTY24NOV12500CE,315.0,9000.0,290.0,TRAILING,Monitoring
2024-11-07,04:00:00,HOLD,MIDCPNIFTY24NOV12500CE,315.0,9000.0,290.0,TRAILING,Monitoring
2024-11-07,04:05:00,HOLD,MIDCPNIFTY24NOV12500CE,315.0,9000.0,290.0,TRAILING,Monitoring
2024-11-07,04:10:00,HOLD,MIDCPNIFTY24NOV12500CE,315.0,9000.0,290.0,TRAILING,Monitoring
2024-11-07,04:15:00,HOLD,MIDCPNIFTY24NOV12500CE,315.0,9000.0,290.0,TRAILING,Monitoring
2024-11-07,04:20:00,HOLD,MIDCPNIFTY24NOV12500CE,315.0,9000.0,290.0,TRAILING,Monitoring
2024-11-07,04:25:00,HOLD,MIDCPNIFTY24NOV12500CE,315.0,9000.0,290.0,TRAILING,Monitoring
2024-11-07,04:30:00,HOLD,MIDCPNIFTY24NOV12500CE,315.0,9000.0,290.0,TRAILING,Monitoring
2024-11-07,04:30:00,EXIT,MIDCPNIFTY24NOV12500CE,315.0,9000.0,290.0,TRAILING,EMA_REVERSAL
