Date,Time,Event,Ticker,Price,PnL_INR,SL_Price,SL_Mode,Info
2023-10-19,09:20:00,ENTRY,MIDCPNIFTY23OCT9100CE,67.95,0.0,0,NONE,Signal CE
2023-10-19,09:25:00,HOLD,MIDCPNIFTY23OCT9100CE,66.6,-162.0,0,NONE,Monitoring
2023-10-19,09:30:00,HOLD,MIDCPNIFTY23OCT9100CE,65.6,-282.0,0,NONE,Monitoring
2023-10-19,09:35:00,HOLD,MIDCPNIFTY23OCT9100CE,61.4,-786.0,0,NONE,Monitoring
2023-10-19,09:40:00,HOLD,MIDCPNIFTY23OCT9100CE,63.25,-564.0,0,NONE,Monitoring
2023-10-19,09:45:00,HOLD,MIDCPNIFTY23OCT9100CE,61.45,-780.0,0,NONE,Monitoring
2023-10-19,09:50:00,HOLD,MIDCPNIFTY23OCT9100CE,64.6,-402.0,0,NONE,Monitoring
2023-10-19,09:55:00,HOLD,MIDCPNIFTY23OCT9100CE,67.0,-114.0,0,NONE,Monitoring
2023-10-19,09:55:00,EXIT,MIDCPNIFTY23OCT9100CE,67.0,-114.0,0,NONE,EMA_REVERSAL
