Date,Time,Event,Ticker,Price,PnL_INR,SL_Price,SL_Mode,Info
2025-09-11,09:45:00,ENTRY,MIDCPNIFTY25SEP13100CE,177.05,0.0,0,NONE,Signal CE
2025-09-11,09:50:00,HOLD,MIDCPNIFTY25SEP13100CE,178.05,120.0,0,NONE,Monitoring
2025-09-11,09:55:00,HOLD,MIDCPNIFTY25SEP13100CE,174.15,-348.0,0,NONE,Monitoring
2025-09-12,03:45:00,HOLD,MIDCPNIFTY25SEP13100CE,160.0,-2046.0,0,NONE,Monitoring
2025-09-12,03:50:00,HOLD,MIDCPNIFTY25SEP13100CE,160.0,-2046.0,0,NONE,Monitoring
2025-09-12,03:55:00,HOLD,MIDCPNIFTY25SEP13100CE,160.0,-2046.0,0,NONE,Monitoring
2025-09-12,04:00:00,HOLD,MIDCPNIFTY25SEP13100CE,160.0,-2046.0,0,NONE,Monitoring
2025-09-12,04:05:00,HOLD,MIDCPNIFTY25SEP13100CE,160.0,-2046.0,0,NONE,Monitoring
2025-09-12,04:10:00,HOLD,MIDCPNIFTY25SEP13100CE,160.0,-2046.0,0,NONE,Monitoring
2025-09-12,04:15:00,HOLD,MIDCPNIFTY25SEP13100CE,160.0,-2046.0,0,NONE,Monitoring
2025-09-12,04:20:00,HOLD,MIDCPNIFTY25SEP13100CE,160.0,-2046.0,0,NONE,Monitoring
2025-09-12,04:25:00,HOLD,MIDCPNIFTY25SEP13100CE,160.0,-2046.0,0,NONE,Monitoring
2025-09-12,04:30:00,HOLD,MIDCPNIFTY25SEP13100CE,160.0,-2046.0,0,NONE,Monitoring
2025-09-12,04:35:00,HOLD,MIDCPNIFTY25SEP13100CE,160.0,-2046.0,0,NONE,Monitoring
2025-09-12,04:40:00,HOLD,MIDCPNIFTY25SEP13100CE,160.0,-2046.0,0,NONE,Monitoring
2025-09-12,04:45:00,HOLD,MIDCPNIFTY25SEP13100CE,160.0,-2046.0,0,NONE,Monitoring
2025-09-12,04:50:00,HOLD,MIDCPNIFTY25SEP13100CE,160.0,-2046.0,0,NONE,Monitoring
2025-09-12,04:55:00,HOLD,MIDCPNIFTY25SEP13100CE,160.0,-2046.0,0,NONE,Monitoring
2025-09-12,05:00:00,HOLD,MIDCPNIFTY25SEP13100CE,160.0,-2046.0,0,NONE,Monitoring
2025-09-12,05:05:00,HOLD,MIDCPNIFTY25SEP13100CE,160.0,-2046.0,0,NONE,Monitoring
2025-09-12,05:10:00,HOLD,MIDCPNIFTY25SEP13100CE,160.0,-2046.0,0,NONE,Monitoring
2025-09-12,05:15:00,HOLD,MIDCPNIFTY25SEP13100CE,160.0,-2046.0,0,NONE,Monitoring
2025-09-12,05:20:00,HOLD,MIDCPNIFTY25SEP13100CE,160.0,-2046.0,0,NONE,Monitoring
2025-09-12,05:25:00,HOLD,MIDCPNIFTY25SEP13100CE,160.0,-2046.0,0,NONE,Monitoring
2025-09-12,05:30:00,HOLD,MIDCPNIFTY25SEP13100CE,160.0,-2046.0,0,NONE,Monitoring
2025-09-12,05:35:00,HOLD,MIDCPNIFTY25SEP13100CE,160.0,-2046.0,0,NONE,Monitoring
2025-09-12,05:40:00,HOLD,MIDCPNIFTY25SEP13100CE,160.0,-2046.0,0,NONE,Monitoring
2025-09-12,05:45:00,HOLD,MIDCPNIFTY25SEP13100CE,160.0,-2046.0,0,NONE,Monitoring
2025-09-12,05:50:00,HOLD,MIDCPNIFTY25SEP13100CE,160.0,-2046.0,0,NONE,Monitoring
2025-09-12,05:55:00,HOLD,MIDCPNIFTY25SEP13100CE,160.0,-2046.0,0,NONE,Monitoring
2025-09-12,06:00:00,HOLD,MIDCPNIFTY25SEP13100CE,160.0,-2046.0,0,NONE,Monitoring
2025-09-12,06:05:00,HOLD,MIDCPNIFTY25SEP13100CE,160.0,-2046.0,0,NONE,Monitoring
2025-09-12,06:10:00,HOLD,MIDCPNIFTY25SEP13100CE,160.0,-2046.0,0,NONE,Monitoring
2025-09-12,06:15:00,HOLD,MIDCPNIFTY25SEP13100CE,160.0,-2046.0,0,NONE,Monitoring
2025-09-12,06:20:00,HOLD,MIDCPNIFTY25SEP13100CE,160.0,-2046.0,0,NONE,Monitoring
2025-09-12,06:25:00,HOLD,MIDCPNIFTY25SEP13100CE,160.0,-2046.0,0,NONE,Monitoring
2025-09-12,06:30:00,HOLD,MIDCPNIFTY25SEP13100CE,160.0,-2046.0,0,NONE,Monitoring
2025-09-12,06:35:00,HOLD,MIDCPNIFTY25SEP13100CE,160.0,-2046.0,0,NONE,Monitoring
2025-09-12,06:40:00,HOLD,MIDCPNIFTY25SEP13100CE,160.0,-2046.0,0,NONE,Monitoring
2025-09-12,06:40:00,EXIT,MIDCPNIFTY25SEP13100CE,160.0,-2046.0,0,NONE,EMA_REVERSAL
