Date,Time,Event,Ticker,Price,PnL_INR,SL_Price,SL_Mode,Info
2025-11-26,09:30:00,ENTRY,MIDCPNIFTY25DEC13900CE,310.55,0.0,0.0,NONE,Signal CE
2025-11-26,09:35:00,HOLD,MIDCPNIFTY25DEC13900CE,308.5,-246.0,0.0,NONE,Monitoring
2025-11-26,09:40:00,HOLD,MIDCPNIFTY25DEC13900CE,313.0,294.0,0.0,NONE,Monitoring
2025-11-26,09:45:00,HOLD,MIDCPNIFTY25DEC13900CE,323.05,1500.0,0.0,NONE,Monitoring
2025-11-26,09:50:00,HOLD,MIDCPNIFTY25DEC13900CE,325.9,1842.0,0.0,NONE,Monitoring
2025-11-26,09:55:00,HOLD,MIDCPNIFTY25DEC13900CE,316.4,702.0,0.0,NONE,Monitoring
2025-11-27,03:45:00,HOLD,MIDCPNIFTY25DEC13900CE,377.35,8016.0,0.0,NONE,Monitoring
2025-11-27,03:45:00,TSL_UPDATE,MIDCPNIFTY25DEC13900CE,377.35,8016.0,310.55,COST,Moved to Cost
2025-11-27,03:45:00,TSL_UPDATE,MIDCPNIFTY25DEC13900CE,377.35,8016.0,352.22,TRAILING,Stepped Up
2025-11-27,03:50:00,HOLD,MIDCPNIFTY25DEC13900CE,377.35,8016.0,352.22,TRAILING,Monitoring
2025-11-27,03:55:00,HOLD,MIDCPNIFTY25DEC13900CE,377.35,8016.0,352.22,TRAILING,Monitoring
2025-11-27,04:00:00,HOLD,MIDCPNIFTY25DEC13900CE,377.35,8016.0,352.22,TRAILING,Monitoring
2025-11-27,04:05:00,HOLD,MIDCPNIFTY25DEC13900CE,377.35,8016.0,352.22,TRAILING,Monitoring
2025-11-27,04:10:00,HOLD,MIDCPNIFTY25DEC13900CE,377.35,8016.0,352.22,TRAILING,Monitoring
2025-11-27,04:15:00,HOLD,MIDCPNIFTY25DEC13900CE,377.35,8016.0,352.22,TRAILING,Monitoring
2025-11-27,04:20:00,HOLD,MIDCPNIFTY25DEC13900CE,377.35,8016.0,352.22,TRAILING,Monitoring
2025-11-27,04:25:00,HOLD,MIDCPNIFTY25DEC13900CE,377.35,8016.0,352.22,TRAILING,Monitoring
2025-11-27,04:30:00,HOLD,MIDCPNIFTY25DEC13900CE,377.35,8016.0,352.22,TRAILING,Monitoring
2025-11-27,04:35:00,HOLD,MIDCPNIFTY25DEC13900CE,377.35,8016.0,352.22,TRAILING,Monitoring
2025-11-27,04:40:00,HOLD,MIDCPNIFTY25DEC13900CE,377.35,8016.0,352.22,TRAILING,Monitoring
2025-11-27,04:45:00,HOLD,MIDCPNIFTY25DEC13900CE,377.35,8016.0,352.22,TRAILING,Monitoring
2025-11-27,04:50:00,HOLD,MIDCPNIFTY25DEC13900CE,377.35,8016.0,352.22,TRAILING,Monitoring
2025-11-27,04:55:00,HOLD,MIDCPNIFTY25DEC13900CE,377.35,8016.0,352.22,TRAILING,Monitoring
2025-11-27,05:00:00,HOLD,MIDCPNIFTY25DEC13900CE,377.35,8016.0,352.22,TRAILING,Monitoring
2025-11-27,05:05:00,HOLD,MIDCPNIFTY25DEC13900CE,377.35,8016.0,352.22,TRAILING,Monitoring
2025-11-27,05:10:00,HOLD,MIDCPNIFTY25DEC13900CE,377.35,8016.0,352.22,TRAILING,Monitoring
2025-11-27,05:15:00,HOLD,MIDCPNIFTY25DEC13900CE,377.35,8016.0,352.22,TRAILING,Monitoring
2025-11-27,05:20:00,HOLD,MIDCPNIFTY25DEC13900CE,377.35,8016.0,352.22,TRAILING,Monitoring
2025-11-27,05:25:00,HOLD,MIDCPNIFTY25DEC13900CE,377.35,8016.0,352.22,TRAILING,Monitoring
2025-11-27,05:30:00,HOLD,MIDCPNIFTY25DEC13900CE,377.35,8016.0,352.22,TRAILING,Monitoring
2025-11-27,05:35:00,HOLD,MIDCPNIFTY25DEC13900CE,377.35,8016.0,352.22,TRAILING,Monitoring
2025-11-27,05:40:00,HOLD,MIDCPNIFTY25DEC13900CE,377.35,8016.0,352.22,TRAILING,Monitoring
2025-11-27,05:45:00,HOLD,MIDCPNIFTY25DEC13900CE,377.35,8016.0,352.22,TRAILING,Monitoring
2025-11-27,05:50:00,HOLD,MIDCPNIFTY25DEC13900CE,377.35,8016.0,352.22,TRAILING,Monitoring
2025-11-27,05:55:00,HOLD,MIDCPNIFTY25DEC13900CE,377.35,8016.0,352.22,TRAILING,Monitoring
2025-11-27,06:00:00,HOLD,MIDCPNIFTY25DEC13900CE,377.35,8016.0,352.22,TRAILING,Monitoring
2025-11-27,06:00:00,EXIT,MIDCPNIFTY25DEC13900CE,377.35,8016.0,352.22,TRAILING,EMA_REVERSAL
