Date,Time,Event,Ticker,Price,PnL_INR,SL_Price,SL_Mode,Info
2025-11-10,09:50:00,ENTRY,MIDCPNIFTY25NOV13400PE,134.95,0.0,0,NONE,Signal PE
2025-11-10,09:55:00,HOLD,MIDCPNIFTY25NOV13400PE,137.8,342.0,0,NONE,Monitoring
2025-11-11,03:45:00,HOLD,MIDCPNIFTY25NOV13400PE,107.55,-3288.0,0,NONE,Monitoring
2025-11-11,03:50:00,HOLD,MIDCPNIFTY25NOV13400PE,107.55,-3288.0,0,NONE,Monitoring
2025-11-11,03:55:00,HOLD,MIDCPNIFTY25NOV13400PE,107.55,-3288.0,0,NONE,Monitoring
2025-11-11,04:00:00,HOLD,MIDCPNIFTY25NOV13400PE,107.55,-3288.0,0,NONE,Monitoring
2025-11-11,04:05:00,HOLD,MIDCPNIFTY25NOV13400PE,107.55,-3288.0,0,NONE,Monitoring
2025-11-11,04:10:00,HOLD,MIDCPNIFTY25NOV13400PE,107.55,-3288.0,0,NONE,Monitoring
2025-11-11,04:15:00,HOLD,MIDCPNIFTY25NOV13400PE,107.55,-3288.0,0,NONE,Monitoring
2025-11-11,04:20:00,HOLD,MIDCPNIFTY25NOV13400PE,107.55,-3288.0,0,NONE,Monitoring
2025-11-11,04:25:00,HOLD,MIDCPNIFTY25NOV13400PE,107.55,-3288.0,0,NONE,Monitoring
2025-11-11,04:30:00,HOLD,MIDCPNIFTY25NOV13400PE,107.55,-3288.0,0,NONE,Monitoring
2025-11-11,04:35:00,HOLD,MIDCPNIFTY25NOV13400PE,107.55,-3288.0,0,NONE,Monitoring
2025-11-11,04:40:00,HOLD,MIDCPNIFTY25NOV13400PE,107.55,-3288.0,0,NONE,Monitoring
2025-11-11,04:45:00,HOLD,MIDCPNIFTY25NOV13400PE,107.55,-3288.0,0,NONE,Monitoring
2025-11-11,04:50:00,HOLD,MIDCPNIFTY25NOV13400PE,107.55,-3288.0,0,NONE,Monitoring
2025-11-11,04:55:00,HOLD,MIDCPNIFTY25NOV13400PE,107.55,-3288.0,0,NONE,Monitoring
2025-11-11,05:00:00,HOLD,MIDCPNIFTY25NOV13400PE,107.55,-3288.0,0,NONE,Monitoring
2025-11-11,05:05:00,HOLD,MIDCPNIFTY25NOV13400PE,107.55,-3288.0,0,NONE,Monitoring
2025-11-11,05:10:00,HOLD,MIDCPNIFTY25NOV13400PE,107.55,-3288.0,0,NONE,Monitoring
2025-11-11,05:15:00,HOLD,MIDCPNIFTY25NOV13400PE,107.55,-3288.0,0,NONE,Monitoring
2025-11-11,05:20:00,HOLD,MIDCPNIFTY25NOV13400PE,107.55,-3288.0,0,NONE,Monitoring
2025-11-11,05:25:00,HOLD,MIDCPNIFTY25NOV13400PE,107.55,-3288.0,0,NONE,Monitoring
2025-11-11,05:30:00,HOLD,MIDCPNIFTY25NOV13400PE,107.55,-3288.0,0,NONE,Monitoring
2025-11-11,05:35:00,HOLD,MIDCPNIFTY25NOV13400PE,107.55,-3288.0,0,NONE,Monitoring
2025-11-11,05:40:00,HOLD,MIDCPNIFTY25NOV13400PE,107.55,-3288.0,0,NONE,Monitoring
2025-11-11,05:45:00,HOLD,MIDCPNIFTY25NOV13400PE,107.55,-3288.0,0,NONE,Monitoring
2025-11-11,05:50:00,HOLD,MIDCPNIFTY25NOV13400PE,107.55,-3288.0,0,NONE,Monitoring
2025-11-11,05:55:00,HOLD,MIDCPNIFTY25NOV13400PE,107.55,-3288.0,0,NONE,Monitoring
2025-11-11,06:00:00,HOLD,MIDCPNIFTY25NOV13400PE,107.55,-3288.0,0,NONE,Monitoring
2025-11-11,06:05:00,HOLD,MIDCPNIFTY25NOV13400PE,107.55,-3288.0,0,NONE,Monitoring
2025-11-11,06:10:00,HOLD,MIDCPNIFTY25NOV13400PE,107.55,-3288.0,0,NONE,Monitoring
2025-11-11,06:15:00,HOLD,MIDCPNIFTY25NOV13400PE,107.55,-3288.0,0,NONE,Monitoring
2025-11-11,06:20:00,HOLD,MIDCPNIFTY25NOV13400PE,107.55,-3288.0,0,NONE,Monitoring
2025-11-11,06:20:00,EXIT,MIDCPNIFTY25NOV13400PE,107.55,-3288.0,0,NONE,EMA_REVERSAL
