Date,Time,Event,Ticker,Price,PnL_INR,SL_Price,SL_Mode,Info
2024-11-12,09:25:00,ENTRY,MIDCPNIFTY24NOV12500PE,140.0,0.0,0.0,NONE,Signal PE
2024-11-12,09:30:00,HOLD,MIDCPNIFTY24NOV12500PE,137.45,-306.0,0.0,NONE,Monitoring
2024-11-12,09:35:00,HOLD,MIDCPNIFTY24NOV12500PE,150.0,1200.0,0.0,NONE,Monitoring
2024-11-12,09:40:00,HOLD,MIDCPNIFTY24NOV12500PE,149.5,1140.0,0.0,NONE,Monitoring
2024-11-12,09:45:00,HOLD,MIDCPNIFTY24NOV12500PE,148.05,966.0,0.0,NONE,Monitoring
2024-11-12,09:50:00,HOLD,MIDCPNIFTY24NOV12500PE,159.0,2280.0,0.0,NONE,Monitoring
2024-11-12,09:55:00,HOLD,MIDCPNIFTY24NOV12500PE,141.0,120.0,0.0,NONE,Monitoring
2024-11-13,03:45:00,HOLD,MIDCPNIFTY24NOV12500PE,260.55,14466.0,0.0,NONE,Monitoring
2024-11-13,03:45:00,TSL_UPDATE,MIDCPNIFTY24NOV12500PE,260.55,14466.0,140.0,COST,Moved to Cost
2024-11-13,03:45:00,TSL_UPDATE,MIDCPNIFTY24NOV12500PE,260.55,14466.0,231.67,TRAILING,Stepped Up
2024-11-13,03:50:00,HOLD,MIDCPNIFTY24NOV12500PE,260.55,14466.0,231.67,TRAILING,Monitoring
2024-11-13,03:55:00,HOLD,MIDCPNIFTY24NOV12500PE,260.55,14466.0,231.67,TRAILING,Monitoring
2024-11-13,04:00:00,HOLD,MIDCPNIFTY24NOV12500PE,260.55,14466.0,231.67,TRAILING,Monitoring
2024-11-13,04:05:00,HOLD,MIDCPNIFTY24NOV12500PE,260.55,14466.0,231.67,TRAILING,Monitoring
2024-11-13,04:10:00,HOLD,MIDCPNIFTY24NOV12500PE,260.55,14466.0,231.67,TRAILING,Monitoring
2024-11-13,04:15:00,HOLD,MIDCPNIFTY24NOV12500PE,260.55,14466.0,231.67,TRAILING,Monitoring
2024-11-13,04:20:00,HOLD,MIDCPNIFTY24NOV12500PE,260.55,14466.0,231.67,TRAILING,Monitoring
2024-11-13,04:25:00,HOLD,MIDCPNIFTY24NOV12500PE,260.55,14466.0,231.67,TRAILING,Monitoring
2024-11-13,04:30:00,HOLD,MIDCPNIFTY24NOV12500PE,260.55,14466.0,231.67,TRAILING,Monitoring
2024-11-13,04:35:00,HOLD,MIDCPNIFTY24NOV12500PE,260.55,14466.0,231.67,TRAILING,Monitoring
2024-11-13,04:40:00,HOLD,MIDCPNIFTY24NOV12500PE,260.55,14466.0,231.67,TRAILING,Monitoring
2024-11-13,04:45:00,HOLD,MIDCPNIFTY24NOV12500PE,260.55,14466.0,231.67,TRAILING,Monitoring
2024-11-13,04:50:00,HOLD,MIDCPNIFTY24NOV12500PE,260.55,14466.0,231.67,TRAILING,Monitoring
2024-11-13,04:55:00,HOLD,MIDCPNIFTY24NOV12500PE,260.55,14466.0,231.67,TRAILING,Monitoring
2024-11-13,05:00:00,HOLD,MIDCPNIFTY24NOV12500PE,260.55,14466.0,231.67,TRAILING,Monitoring
2024-11-13,05:05:00,HOLD,MIDCPNIFTY24NOV12500PE,260.55,14466.0,231.67,TRAILING,Monitoring
2024-11-13,05:10:00,HOLD,MIDCPNIFTY24NOV12500PE,260.55,14466.0,231.67,TRAILING,Monitoring
2024-11-13,05:15:00,HOLD,MIDCPNIFTY24NOV12500PE,260.55,14466.0,231.67,TRAILING,Monitoring
2024-11-13,05:20:00,HOLD,MIDCPNIFTY24NOV12500PE,260.55,14466.0,231.67,TRAILING,Monitoring
2024-11-13,05:25:00,HOLD,MIDCPNIFTY24NOV12500PE,260.55,14466.0,231.67,TRAILING,Monitoring
2024-11-13,05:30:00,HOLD,MIDCPNIFTY24NOV12500PE,260.55,14466.0,231.67,TRAILING,Monitoring
2024-11-13,05:35:00,HOLD,MIDCPNIFTY24NOV12500PE,260.55,14466.0,231.67,TRAILING,Monitoring
2024-11-13,05:40:00,HOLD,MIDCPNIFTY24NOV12500PE,260.55,14466.0,231.67,TRAILING,Monitoring
2024-11-13,05:45:00,HOLD,MIDCPNIFTY24NOV12500PE,260.55,14466.0,231.67,TRAILING,Monitoring
2024-11-13,05:50:00,HOLD,MIDCPNIFTY24NOV12500PE,260.55,14466.0,231.67,TRAILING,Monitoring
2024-11-13,05:55:00,HOLD,MIDCPNIFTY24NOV12500PE,260.55,14466.0,231.67,TRAILING,Monitoring
2024-11-13,06:00:00,HOLD,MIDCPNIFTY24NOV12500PE,260.55,14466.0,231.67,TRAILING,Monitoring
2024-11-13,06:05:00,HOLD,MIDCPNIFTY24NOV12500PE,260.55,14466.0,231.67,TRAILING,Monitoring
2024-11-13,06:10:00,HOLD,MIDCPNIFTY24NOV12500PE,260.55,14466.0,231.67,TRAILING,Monitoring
2024-11-13,06:15:00,HOLD,MIDCPNIFTY24NOV12500PE,260.55,14466.0,231.67,TRAILING,Monitoring
2024-11-13,06:20:00,HOLD,MIDCPNIFTY24NOV12500PE,260.55,14466.0,231.67,TRAILING,Monitoring
2024-11-13,06:25:00,HOLD,MIDCPNIFTY24NOV12500PE,260.55,14466.0,231.67,TRAILING,Monitoring
2024-11-13,06:30:00,HOLD,MIDCPNIFTY24NOV12500PE,260.55,14466.0,231.67,TRAILING,Monitoring
2024-11-13,06:35:00,HOLD,MIDCPNIFTY24NOV12500PE,260.55,14466.0,231.67,TRAILING,Monitoring
2024-11-13,06:40:00,HOLD,MIDCPNIFTY24NOV12500PE,260.55,14466.0,231.67,TRAILING,Monitoring
2024-11-13,06:45:00,HOLD,MIDCPNIFTY24NOV12500PE,260.55,14466.0,231.67,TRAILING,Monitoring
2024-11-13,06:50:00,HOLD,MIDCPNIFTY24NOV12500PE,260.55,14466.0,231.67,TRAILING,Monitoring
2024-11-13,06:55:00,HOLD,MIDCPNIFTY24NOV12500PE,260.55,14466.0,231.67,TRAILING,Monitoring
2024-11-13,07:00:00,HOLD,MIDCPNIFTY24NOV12500PE,260.55,14466.0,231.67,TRAILING,Monitoring
2024-11-13,07:05:00,HOLD,MIDCPNIFTY24NOV12500PE,260.55,14466.0,231.67,TRAILING,Monitoring
2024-11-13,07:10:00,HOLD,MIDCPNIFTY24NOV12500PE,260.55,14466.0,231.67,TRAILING,Monitoring
2024-11-13,07:15:00,HOLD,MIDCPNIFTY24NOV12500PE,260.55,14466.0,231.67,TRAILING,Monitoring
2024-11-13,07:20:00,HOLD,MIDCPNIFTY24NOV12500PE,260.55,14466.0,231.67,TRAILING,Monitoring
2024-11-13,07:25:00,HOLD,MIDCPNIFTY24NOV12500PE,260.55,14466.0,231.67,TRAILING,Monitoring
2024-11-13,07:30:00,HOLD,MIDCPNIFTY24NOV12500PE,260.55,14466.0,231.67,TRAILING,Monitoring
2024-11-13,07:35:00,HOLD,MIDCPNIFTY24NOV12500PE,260.55,14466.0,231.67,TRAILING,Monitoring
2024-11-13,07:40:00,HOLD,MIDCPNIFTY24NOV12500PE,260.55,14466.0,231.67,TRAILING,Monitoring
2024-11-13,07:45:00,HOLD,MIDCPNIFTY24NOV12500PE,260.55,14466.0,231.67,TRAILING,Monitoring
2024-11-13,07:50:00,HOLD,MIDCPNIFTY24NOV12500PE,260.55,14466.0,231.67,TRAILING,Monitoring
2024-11-13,07:55:00,HOLD,MIDCPNIFTY24NOV12500PE,260.55,14466.0,231.67,TRAILING,Monitoring
2024-11-13,08:00:00,HOLD,MIDCPNIFTY24NOV12500PE,260.55,14466.0,231.67,TRAILING,Monitoring
2024-11-13,08:05:00,HOLD,MIDCPNIFTY24NOV12500PE,260.55,14466.0,231.67,TRAILING,Monitoring
2024-11-13,08:10:00,HOLD,MIDCPNIFTY24NOV12500PE,260.55,14466.0,231.67,TRAILING,Monitoring
2024-11-13,08:15:00,HOLD,MIDCPNIFTY24NOV12500PE,260.55,14466.0,231.67,TRAILING,Monitoring
2024-11-13,08:20:00,HOLD,MIDCPNIFTY24NOV12500PE,260.55,14466.0,231.67,TRAILING,Monitoring
2024-11-13,08:20:00,EXIT,MIDCPNIFTY24NOV12500PE,260.55,14466.0,231.67,TRAILING,EMA_REVERSAL
