Date,Time,Event,Ticker,Price,PnL_INR,SL_Price,SL_Mode,Info
2024-06-21,09:40:00,ENTRY,MIDCPNIFTY24JUN12200PE,53.65,0.0,0.0,NONE,Signal PE
2024-06-21,09:45:00,HOLD,MIDCPNIFTY24JUN12200PE,51.0,-318.0,0.0,NONE,Monitoring
2024-06-21,09:50:00,HOLD,MIDCPNIFTY24JUN12200PE,45.9,-930.0,0.0,NONE,Monitoring
2024-06-21,09:55:00,HOLD,MIDCPNIFTY24JUN12200PE,46.15,-900.0,0.0,NONE,Monitoring
2024-06-24,03:45:00,HOLD,MIDCPNIFTY24JUN12200PE,79.55,3108.0,0.0,NONE,Monitoring
2024-06-24,03:45:00,TSL_UPDATE,MIDCPNIFTY24JUN12200PE,79.55,3108.0,53.65,COST,Moved to Cost
2024-06-24,03:50:00,HOLD,MIDCPNIFTY24JUN12200PE,79.55,3108.0,53.65,COST,Monitoring
2024-06-24,03:55:00,HOLD,MIDCPNIFTY24JUN12200PE,79.55,3108.0,53.65,COST,Monitoring
2024-06-24,04:00:00,HOLD,MIDCPNIFTY24JUN12200PE,79.55,3108.0,53.65,COST,Monitoring
2024-06-24,04:05:00,HOLD,MIDCPNIFTY24JUN12200PE,79.55,3108.0,53.65,COST,Monitoring
2024-06-24,04:10:00,HOLD,MIDCPNIFTY24JUN12200PE,79.55,3108.0,53.65,COST,Monitoring
2024-06-24,04:15:00,HOLD,MIDCPNIFTY24JUN12200PE,79.55,3108.0,53.65,COST,Monitoring
2024-06-24,04:20:00,HOLD,MIDCPNIFTY24JUN12200PE,79.55,3108.0,53.65,COST,Monitoring
2024-06-24,04:25:00,HOLD,MIDCPNIFTY24JUN12200PE,79.55,3108.0,53.65,COST,Monitoring
2024-06-24,04:30:00,HOLD,MIDCPNIFTY24JUN12200PE,79.55,3108.0,53.65,COST,Monitoring
2024-06-24,04:35:00,HOLD,MIDCPNIFTY24JUN12200PE,79.55,3108.0,53.65,COST,Monitoring
2024-06-24,04:40:00,HOLD,MIDCPNIFTY24JUN12200PE,79.55,3108.0,53.65,COST,Monitoring
2024-06-24,04:45:00,HOLD,MIDCPNIFTY24JUN12200PE,79.55,3108.0,53.65,COST,Monitoring
2024-06-24,04:50:00,HOLD,MIDCPNIFTY24JUN12200PE,79.55,3108.0,53.65,COST,Monitoring
2024-06-24,04:55:00,HOLD,MIDCPNIFTY24JUN12200PE,79.55,3108.0,53.65,COST,Monitoring
2024-06-24,05:00:00,HOLD,MIDCPNIFTY24JUN12200PE,79.55,3108.0,53.65,COST,Monitoring
2024-06-24,05:00:00,EXIT,MIDCPNIFTY24JUN12200PE,79.55,3108.0,53.65,COST,EMA_REVERSAL
