Date,Time,Event,Ticker,Price,PnL_INR,SL_Price,SL_Mode,Info
2023-09-26,09:20:00,ENTRY,MIDCPNIFTY23OCT9100PE,199.0,0.0,0,NONE,Signal PE
2023-09-26,09:25:00,HOLD,MIDCPNIFTY23OCT9100PE,199.0,0.0,0,NONE,Monitoring
2023-09-26,09:30:00,HOLD,MIDCPNIFTY23OCT9100PE,199.0,0.0,0,NONE,Monitoring
2023-09-26,09:35:00,HOLD,MIDCPNIFTY23OCT9100PE,199.0,0.0,0,NONE,Monitoring
2023-09-26,09:40:00,HOLD,MIDCPNIFTY23OCT9100PE,199.0,0.0,0,NONE,Monitoring
2023-09-26,09:45:00,HOLD,MIDCPNIFTY23OCT9100PE,199.0,0.0,0,NONE,Monitoring
2023-09-26,09:50:00,HOLD,MIDCPNIFTY23OCT9100PE,199.0,0.0,0,NONE,Monitoring
2023-09-26,09:55:00,HOLD,MIDCPNIFTY23OCT9100PE,199.0,0.0,0,NONE,Monitoring
2023-09-27,03:45:00,HOLD,MIDCPNIFTY23OCT9100PE,199.0,0.0,0,NONE,Monitoring
2023-09-27,03:50:00,HOLD,MIDCPNIFTY23OCT9100PE,199.0,0.0,0,NONE,Monitoring
2023-09-27,03:55:00,HOLD,MIDCPNIFTY23OCT9100PE,199.0,0.0,0,NONE,Monitoring
2023-09-27,04:00:00,HOLD,MIDCPNIFTY23OCT9100PE,199.0,0.0,0,NONE,Monitoring
2023-09-27,04:05:00,HOLD,MIDCPNIFTY23OCT9100PE,199.0,0.0,0,NONE,Monitoring
2023-09-27,04:10:00,HOLD,MIDCPNIFTY23OCT9100PE,199.0,0.0,0,NONE,Monitoring
2023-09-27,04:15:00,HOLD,MIDCPNIFTY23OCT9100PE,199.0,0.0,0,NONE,Monitoring
2023-09-27,04:20:00,HOLD,MIDCPNIFTY23OCT9100PE,199.0,0.0,0,NONE,Monitoring
2023-09-27,04:25:00,HOLD,MIDCPNIFTY23OCT9100PE,199.0,0.0,0,NONE,Monitoring
2023-09-27,04:30:00,HOLD,MIDCPNIFTY23OCT9100PE,199.0,0.0,0,NONE,Monitoring
2023-09-27,04:35:00,HOLD,MIDCPNIFTY23OCT9100PE,199.0,0.0,0,NONE,Monitoring
2023-09-27,04:40:00,HOLD,MIDCPNIFTY23OCT9100PE,199.0,0.0,0,NONE,Monitoring
2023-09-27,04:45:00,HOLD,MIDCPNIFTY23OCT9100PE,199.0,0.0,0,NONE,Monitoring
2023-09-27,04:50:00,HOLD,MIDCPNIFTY23OCT9100PE,199.0,0.0,0,NONE,Monitoring
2023-09-27,04:55:00,HOLD,MIDCPNIFTY23OCT9100PE,199.0,0.0,0,NONE,Monitoring
2023-09-27,05:00:00,HOLD,MIDCPNIFTY23OCT9100PE,199.0,0.0,0,NONE,Monitoring
2023-09-27,05:05:00,HOLD,MIDCPNIFTY23OCT9100PE,199.0,0.0,0,NONE,Monitoring
2023-09-27,05:10:00,HOLD,MIDCPNIFTY23OCT9100PE,199.0,0.0,0,NONE,Monitoring
2023-09-27,05:15:00,HOLD,MIDCPNIFTY23OCT9100PE,199.0,0.0,0,NONE,Monitoring
2023-09-27,05:20:00,HOLD,MIDCPNIFTY23OCT9100PE,199.0,0.0,0,NONE,Monitoring
2023-09-27,05:25:00,HOLD,MIDCPNIFTY23OCT9100PE,199.0,0.0,0,NONE,Monitoring
2023-09-27,05:30:00,HOLD,MIDCPNIFTY23OCT9100PE,199.0,0.0,0,NONE,Monitoring
2023-09-27,05:35:00,HOLD,MIDCPNIFTY23OCT9100PE,199.0,0.0,0,NONE,Monitoring
2023-09-27,05:35:00,EXIT,MIDCPNIFTY23OCT9100PE,199.0,0.0,0,NONE,EMA_REVERSAL
