Date,Time,Event,Ticker,Price,PnL_INR,SL_Price,SL_Mode,Info
2025-09-02,09:55:00,ENTRY,MIDCPNIFTY25SEP12700PE,172.5,0.0,0,NONE,Signal PE
2025-09-03,03:45:00,HOLD,MIDCPNIFTY25SEP12700PE,193.3,2496.0,0,NONE,Monitoring
2025-09-03,03:50:00,HOLD,MIDCPNIFTY25SEP12700PE,193.3,2496.0,0,NONE,Monitoring
2025-09-03,03:55:00,HOLD,MIDCPNIFTY25SEP12700PE,193.3,2496.0,0,NONE,Monitoring
2025-09-03,04:00:00,HOLD,MIDCPNIFTY25SEP12700PE,193.3,2496.0,0,NONE,Monitoring
2025-09-03,04:05:00,HOLD,MIDCPNIFTY25SEP12700PE,193.3,2496.0,0,NONE,Monitoring
2025-09-03,04:10:00,HOLD,MIDCPNIFTY25SEP12700PE,193.3,2496.0,0,NONE,Monitoring
2025-09-03,04:15:00,HOLD,MIDCPNIFTY25SEP12700PE,193.3,2496.0,0,NONE,Monitoring
2025-09-03,04:20:00,HOLD,MIDCPNIFTY25SEP12700PE,193.3,2496.0,0,NONE,Monitoring
2025-09-03,04:25:00,HOLD,MIDCPNIFTY25SEP12700PE,193.3,2496.0,0,NONE,Monitoring
2025-09-03,04:30:00,HOLD,MIDCPNIFTY25SEP12700PE,193.3,2496.0,0,NONE,Monitoring
2025-09-03,04:35:00,HOLD,MIDCPNIFTY25SEP12700PE,193.3,2496.0,0,NONE,Monitoring
2025-09-03,04:40:00,HOLD,MIDCPNIFTY25SEP12700PE,193.3,2496.0,0,NONE,Monitoring
2025-09-03,04:40:00,EXIT,MIDCPNIFTY25SEP12700PE,193.3,2496.0,0,NONE,EMA_REVERSAL
