Date,Time,Event,Ticker,Price,PnL_INR,SL_Price,SL_Mode,Info
2025-06-18,09:20:00,ENTRY,MIDCPNIFTY25JUN13000CE,188.0,0.0,0,NONE,Signal CE
2025-06-18,09:25:00,HOLD,MIDCPNIFTY25JUN13000CE,196.85,1062.0,0,NONE,Monitoring
2025-06-18,09:30:00,HOLD,MIDCPNIFTY25JUN13000CE,192.9,588.0,0,NONE,Monitoring
2025-06-18,09:35:00,HOLD,MIDCPNIFTY25JUN13000CE,209.0,2520.0,0,NONE,Monitoring
2025-06-18,09:40:00,HOLD,MIDCPNIFTY25JUN13000CE,196.7,1044.0,0,NONE,Monitoring
2025-06-18,09:45:00,HOLD,MIDCPNIFTY25JUN13000CE,209.25,2550.0,0,NONE,Monitoring
2025-06-18,09:50:00,HOLD,MIDCPNIFTY25JUN13000CE,209.25,2550.0,0,NONE,Monitoring
2025-06-18,09:55:00,HOLD,MIDCPNIFTY25JUN13000CE,202.0,1680.0,0,NONE,Monitoring
2025-06-19,09:15:00,HOLD,MIDCPNIFTY25JUN13000CE,123.8,-7704.0,0,NONE,Monitoring
2025-06-19,09:15:00,EXIT,MIDCPNIFTY25JUN13000CE,123.8,-7704.0,0,NONE,EMA_REVERSAL
