Date,Time,Event,Ticker,Price,PnL_INR,SL_Price,SL_Mode,Info
2025-07-28,09:20:00,ENTRY,MIDCPNIFTY25AUG13000CE,294.3,0.0,0.0,NONE,Signal CE
2025-07-28,09:25:00,HOLD,MIDCPNIFTY25AUG13000CE,322.25,3354.0,0.0,NONE,Monitoring
2025-07-28,09:25:00,TSL_UPDATE,MIDCPNIFTY25AUG13000CE,322.25,3354.0,294.3,COST,Moved to Cost
2025-07-28,09:30:00,HOLD,MIDCPNIFTY25AUG13000CE,348.4,6492.0,294.3,COST,Monitoring
2025-07-28,09:30:00,TSL_UPDATE,MIDCPNIFTY25AUG13000CE,348.4,6492.0,319.3,TRAILING,Stepped Up
2025-07-28,09:35:00,HOLD,MIDCPNIFTY25AUG13000CE,341.0,5604.0,319.3,TRAILING,Monitoring
2025-07-28,09:40:00,HOLD,MIDCPNIFTY25AUG13000CE,338.0,5244.0,319.3,TRAILING,Monitoring
2025-07-28,09:45:00,HOLD,MIDCPNIFTY25AUG13000CE,353.5,7104.0,319.3,TRAILING,Monitoring
2025-07-28,09:45:00,TSL_UPDATE,MIDCPNIFTY25AUG13000CE,353.5,7104.0,327.63,TRAILING,Stepped Up
2025-07-28,09:50:00,HOLD,MIDCPNIFTY25AUG13000CE,364.6,8436.0,327.63,TRAILING,Monitoring
2025-07-28,09:50:00,TSL_UPDATE,MIDCPNIFTY25AUG13000CE,364.6,8436.0,335.97,TRAILING,Stepped Up
2025-07-28,09:55:00,HOLD,MIDCPNIFTY25AUG13000CE,363.35,8286.0,335.97,TRAILING,Monitoring
2025-07-29,03:45:00,HOLD,MIDCPNIFTY25AUG13000CE,240.0,-6516.0,335.97,TRAILING,Monitoring
2025-07-29,03:45:00,EXIT,MIDCPNIFTY25AUG13000CE,335.97,5000.0,335.97,TRAILING,TSL_HIT
