Date,Time,Event,Ticker,Price,PnL_INR,SL_Price,SL_Mode,Info
2025-08-20,09:55:00,ENTRY,MIDCPNIFTY25AUG12900PE,100.6,0.0,0,NONE,Signal PE
2025-08-21,03:45:00,HOLD,MIDCPNIFTY25AUG12900PE,67.0,-4032.0,0,NONE,Monitoring
2025-08-21,03:50:00,HOLD,MIDCPNIFTY25AUG12900PE,67.0,-4032.0,0,NONE,Monitoring
2025-08-21,03:55:00,HOLD,MIDCPNIFTY25AUG12900PE,67.0,-4032.0,0,NONE,Monitoring
2025-08-21,04:00:00,HOLD,MIDCPNIFTY25AUG12900PE,67.0,-4032.0,0,NONE,Monitoring
2025-08-21,04:05:00,HOLD,MIDCPNIFTY25AUG12900PE,67.0,-4032.0,0,NONE,Monitoring
2025-08-21,04:10:00,HOLD,MIDCPNIFTY25AUG12900PE,67.0,-4032.0,0,NONE,Monitoring
2025-08-21,04:15:00,HOLD,MIDCPNIFTY25AUG12900PE,67.0,-4032.0,0,NONE,Monitoring
2025-08-21,04:20:00,HOLD,MIDCPNIFTY25AUG12900PE,67.0,-4032.0,0,NONE,Monitoring
2025-08-21,04:25:00,HOLD,MIDCPNIFTY25AUG12900PE,67.0,-4032.0,0,NONE,Monitoring
2025-08-21,04:30:00,HOLD,MIDCPNIFTY25AUG12900PE,67.0,-4032.0,0,NONE,Monitoring
2025-08-21,04:30:00,EXIT,MIDCPNIFTY25AUG12900PE,67.0,-4032.0,0,NONE,EMA_REVERSAL
