Date,Time,Event,Ticker,Price,PnL_INR,SL_Price,SL_Mode,Info
2024-02-23,09:40:00,ENTRY,MIDCPNIFTY24FEB11000PE,35.05,0.0,0,NONE,Signal PE
2024-02-23,09:45:00,HOLD,MIDCPNIFTY24FEB11000PE,37.05,240.0,0,NONE,Monitoring
2024-02-23,09:50:00,HOLD,MIDCPNIFTY24FEB11000PE,35.4,42.0,0,NONE,Monitoring
2024-02-23,09:55:00,HOLD,MIDCPNIFTY24FEB11000PE,32.7,-282.0,0,NONE,Monitoring
2024-02-26,03:45:00,HOLD,MIDCPNIFTY24FEB11000PE,19.25,-1896.0,0,NONE,Monitoring
2024-02-26,03:50:00,HOLD,MIDCPNIFTY24FEB11000PE,19.25,-1896.0,0,NONE,Monitoring
2024-02-26,03:55:00,HOLD,MIDCPNIFTY24FEB11000PE,19.25,-1896.0,0,NONE,Monitoring
2024-02-26,04:00:00,HOLD,MIDCPNIFTY24FEB11000PE,19.25,-1896.0,0,NONE,Monitoring
2024-02-26,04:05:00,HOLD,MIDCPNIFTY24FEB11000PE,19.25,-1896.0,0,NONE,Monitoring
2024-02-26,04:10:00,HOLD,MIDCPNIFTY24FEB11000PE,19.25,-1896.0,0,NONE,Monitoring
2024-02-26,04:15:00,HOLD,MIDCPNIFTY24FEB11000PE,19.25,-1896.0,0,NONE,Monitoring
2024-02-26,04:20:00,HOLD,MIDCPNIFTY24FEB11000PE,19.25,-1896.0,0,NONE,Monitoring
2024-02-26,04:25:00,HOLD,MIDCPNIFTY24FEB11000PE,19.25,-1896.0,0,NONE,Monitoring
2024-02-26,04:30:00,HOLD,MIDCPNIFTY24FEB11000PE,19.25,-1896.0,0,NONE,Monitoring
2024-02-26,04:35:00,HOLD,MIDCPNIFTY24FEB11000PE,19.25,-1896.0,0,NONE,Monitoring
2024-02-26,04:40:00,HOLD,MIDCPNIFTY24FEB11000PE,19.25,-1896.0,0,NONE,Monitoring
2024-02-26,04:45:00,HOLD,MIDCPNIFTY24FEB11000PE,19.25,-1896.0,0,NONE,Monitoring
2024-02-26,04:50:00,HOLD,MIDCPNIFTY24FEB11000PE,19.25,-1896.0,0,NONE,Monitoring
2024-02-26,04:55:00,HOLD,MIDCPNIFTY24FEB11000PE,19.25,-1896.0,0,NONE,Monitoring
2024-02-26,05:00:00,HOLD,MIDCPNIFTY24FEB11000PE,19.25,-1896.0,0,NONE,Monitoring
2024-02-26,05:05:00,HOLD,MIDCPNIFTY24FEB11000PE,19.25,-1896.0,0,NONE,Monitoring
2024-02-26,05:10:00,HOLD,MIDCPNIFTY24FEB11000PE,19.25,-1896.0,0,NONE,Monitoring
2024-02-26,05:15:00,HOLD,MIDCPNIFTY24FEB11000PE,19.25,-1896.0,0,NONE,Monitoring
2024-02-26,05:20:00,HOLD,MIDCPNIFTY24FEB11000PE,19.25,-1896.0,0,NONE,Monitoring
2024-02-26,05:25:00,HOLD,MIDCPNIFTY24FEB11000PE,19.25,-1896.0,0,NONE,Monitoring
2024-02-26,05:30:00,HOLD,MIDCPNIFTY24FEB11000PE,19.25,-1896.0,0,NONE,Monitoring
2024-02-26,05:35:00,HOLD,MIDCPNIFTY24FEB11000PE,19.25,-1896.0,0,NONE,Monitoring
2024-02-26,05:40:00,HOLD,MIDCPNIFTY24FEB11000PE,19.25,-1896.0,0,NONE,Monitoring
2024-02-26,05:45:00,HOLD,MIDCPNIFTY24FEB11000PE,19.25,-1896.0,0,NONE,Monitoring
2024-02-26,05:50:00,HOLD,MIDCPNIFTY24FEB11000PE,19.25,-1896.0,0,NONE,Monitoring
2024-02-26,05:55:00,HOLD,MIDCPNIFTY24FEB11000PE,19.25,-1896.0,0,NONE,Monitoring
2024-02-26,06:00:00,HOLD,MIDCPNIFTY24FEB11000PE,19.25,-1896.0,0,NONE,Monitoring
2024-02-26,06:05:00,HOLD,MIDCPNIFTY24FEB11000PE,19.25,-1896.0,0,NONE,Monitoring
2024-02-26,06:10:00,HOLD,MIDCPNIFTY24FEB11000PE,19.25,-1896.0,0,NONE,Monitoring
2024-02-26,06:15:00,HOLD,MIDCPNIFTY24FEB11000PE,19.25,-1896.0,0,NONE,Monitoring
2024-02-26,06:20:00,HOLD,MIDCPNIFTY24FEB11000PE,19.25,-1896.0,0,NONE,Monitoring
2024-02-26,06:25:00,HOLD,MIDCPNIFTY24FEB11000PE,19.25,-1896.0,0,NONE,Monitoring
2024-02-26,06:30:00,HOLD,MIDCPNIFTY24FEB11000PE,19.25,-1896.0,0,NONE,Monitoring
2024-02-26,06:35:00,HOLD,MIDCPNIFTY24FEB11000PE,19.25,-1896.0,0,NONE,Monitoring
2024-02-26,06:40:00,HOLD,MIDCPNIFTY24FEB11000PE,19.25,-1896.0,0,NONE,Monitoring
2024-02-26,06:45:00,HOLD,MIDCPNIFTY24FEB11000PE,19.25,-1896.0,0,NONE,Monitoring
2024-02-26,06:50:00,HOLD,MIDCPNIFTY24FEB11000PE,19.25,-1896.0,0,NONE,Monitoring
2024-02-26,06:55:00,HOLD,MIDCPNIFTY24FEB11000PE,19.25,-1896.0,0,NONE,Monitoring
2024-02-26,07:00:00,HOLD,MIDCPNIFTY24FEB11000PE,19.25,-1896.0,0,NONE,Monitoring
2024-02-26,07:05:00,HOLD,MIDCPNIFTY24FEB11000PE,19.25,-1896.0,0,NONE,Monitoring
2024-02-26,07:10:00,HOLD,MIDCPNIFTY24FEB11000PE,19.25,-1896.0,0,NONE,Monitoring
2024-02-26,07:15:00,HOLD,MIDCPNIFTY24FEB11000PE,19.25,-1896.0,0,NONE,Monitoring
2024-02-26,07:20:00,HOLD,MIDCPNIFTY24FEB11000PE,19.25,-1896.0,0,NONE,Monitoring
2024-02-26,07:25:00,HOLD,MIDCPNIFTY24FEB11000PE,19.25,-1896.0,0,NONE,Monitoring
2024-02-26,07:30:00,HOLD,MIDCPNIFTY24FEB11000PE,19.25,-1896.0,0,NONE,Monitoring
2024-02-26,07:35:00,HOLD,MIDCPNIFTY24FEB11000PE,19.25,-1896.0,0,NONE,Monitoring
2024-02-26,07:35:00,EXIT,MIDCPNIFTY24FEB11000PE,19.25,-1896.0,0,NONE,EMA_REVERSAL
