Date,Time,Event,Ticker,Price,PnL_INR,SL_Price,SL_Mode,Info
2023-12-26,09:50:00,ENTRY,MIDCPNIFTY24JAN10300CE,200.0,0.0,0,NONE,Signal CE
2023-12-26,09:55:00,HOLD,MIDCPNIFTY24JAN10300CE,200.0,0.0,0,NONE,Monitoring
2023-12-27,03:45:00,HOLD,MIDCPNIFTY24JAN10300CE,200.0,0.0,0,NONE,Monitoring
2023-12-27,03:50:00,HOLD,MIDCPNIFTY24JAN10300CE,200.0,0.0,0,NONE,Monitoring
2023-12-27,03:55:00,HOLD,MIDCPNIFTY24JAN10300CE,200.0,0.0,0,NONE,Monitoring
2023-12-27,04:00:00,HOLD,MIDCPNIFTY24JAN10300CE,200.0,0.0,0,NONE,Monitoring
2023-12-27,04:05:00,HOLD,MIDCPNIFTY24JAN10300CE,200.0,0.0,0,NONE,Monitoring
2023-12-27,04:10:00,HOLD,MIDCPNIFTY24JAN10300CE,200.0,0.0,0,NONE,Monitoring
2023-12-27,04:15:00,HOLD,MIDCPNIFTY24JAN10300CE,200.0,0.0,0,NONE,Monitoring
2023-12-27,04:20:00,HOLD,MIDCPNIFTY24JAN10300CE,200.0,0.0,0,NONE,Monitoring
2023-12-27,04:25:00,HOLD,MIDCPNIFTY24JAN10300CE,200.0,0.0,0,NONE,Monitoring
2023-12-27,04:30:00,HOLD,MIDCPNIFTY24JAN10300CE,200.0,0.0,0,NONE,Monitoring
2023-12-27,04:35:00,HOLD,MIDCPNIFTY24JAN10300CE,200.0,0.0,0,NONE,Monitoring
2023-12-27,04:40:00,HOLD,MIDCPNIFTY24JAN10300CE,200.0,0.0,0,NONE,Monitoring
2023-12-27,04:45:00,HOLD,MIDCPNIFTY24JAN10300CE,200.0,0.0,0,NONE,Monitoring
2023-12-27,04:50:00,HOLD,MIDCPNIFTY24JAN10300CE,200.0,0.0,0,NONE,Monitoring
2023-12-27,04:55:00,HOLD,MIDCPNIFTY24JAN10300CE,200.0,0.0,0,NONE,Monitoring
2023-12-27,05:00:00,HOLD,MIDCPNIFTY24JAN10300CE,200.0,0.0,0,NONE,Monitoring
2023-12-27,05:05:00,HOLD,MIDCPNIFTY24JAN10300CE,200.0,0.0,0,NONE,Monitoring
2023-12-27,05:10:00,HOLD,MIDCPNIFTY24JAN10300CE,200.0,0.0,0,NONE,Monitoring
2023-12-27,05:15:00,HOLD,MIDCPNIFTY24JAN10300CE,200.0,0.0,0,NONE,Monitoring
2023-12-27,05:20:00,HOLD,MIDCPNIFTY24JAN10300CE,200.0,0.0,0,NONE,Monitoring
2023-12-27,05:25:00,HOLD,MIDCPNIFTY24JAN10300CE,200.0,0.0,0,NONE,Monitoring
2023-12-27,05:30:00,HOLD,MIDCPNIFTY24JAN10300CE,200.0,0.0,0,NONE,Monitoring
2023-12-27,05:35:00,HOLD,MIDCPNIFTY24JAN10300CE,200.0,0.0,0,NONE,Monitoring
2023-12-27,05:40:00,HOLD,MIDCPNIFTY24JAN10300CE,200.0,0.0,0,NONE,Monitoring
2023-12-27,05:45:00,HOLD,MIDCPNIFTY24JAN10300CE,200.0,0.0,0,NONE,Monitoring
2023-12-27,05:50:00,HOLD,MIDCPNIFTY24JAN10300CE,200.0,0.0,0,NONE,Monitoring
2023-12-27,05:55:00,HOLD,MIDCPNIFTY24JAN10300CE,200.0,0.0,0,NONE,Monitoring
2023-12-27,06:00:00,HOLD,MIDCPNIFTY24JAN10300CE,200.0,0.0,0,NONE,Monitoring
2023-12-27,06:05:00,HOLD,MIDCPNIFTY24JAN10300CE,200.0,0.0,0,NONE,Monitoring
2023-12-27,06:10:00,HOLD,MIDCPNIFTY24JAN10300CE,200.0,0.0,0,NONE,Monitoring
2023-12-27,06:15:00,HOLD,MIDCPNIFTY24JAN10300CE,200.0,0.0,0,NONE,Monitoring
2023-12-27,06:20:00,HOLD,MIDCPNIFTY24JAN10300CE,200.0,0.0,0,NONE,Monitoring
2023-12-27,06:25:00,HOLD,MIDCPNIFTY24JAN10300CE,200.0,0.0,0,NONE,Monitoring
2023-12-27,06:30:00,HOLD,MIDCPNIFTY24JAN10300CE,200.0,0.0,0,NONE,Monitoring
2023-12-27,06:35:00,HOLD,MIDCPNIFTY24JAN10300CE,200.0,0.0,0,NONE,Monitoring
2023-12-27,06:40:00,HOLD,MIDCPNIFTY24JAN10300CE,200.0,0.0,0,NONE,Monitoring
2023-12-27,06:40:00,EXIT,MIDCPNIFTY24JAN10300CE,200.0,0.0,0,NONE,EMA_REVERSAL
