Date,Time,Event,Ticker,Price,PnL_INR,SL_Price,SL_Mode,Info
2025-02-24,09:20:00,ENTRY,MIDCPNIFTY25MAR11100CE,335.0,0.0,0.0,NONE,Signal CE
2025-02-24,09:25:00,HOLD,MIDCPNIFTY25MAR11100CE,340.0,600.0,0.0,NONE,Monitoring
2025-02-24,09:30:00,HOLD,MIDCPNIFTY25MAR11100CE,340.0,600.0,0.0,NONE,Monitoring
2025-02-24,09:35:00,HOLD,MIDCPNIFTY25MAR11100CE,340.0,600.0,0.0,NONE,Monitoring
2025-02-24,09:40:00,HOLD,MIDCPNIFTY25MAR11100CE,340.35,642.0,0.0,NONE,Monitoring
2025-02-24,09:45:00,HOLD,MIDCPNIFTY25MAR11100CE,340.35,642.0,0.0,NONE,Monitoring
2025-02-24,09:50:00,HOLD,MIDCPNIFTY25MAR11100CE,340.35,642.0,0.0,NONE,Monitoring
2025-02-24,09:55:00,HOLD,MIDCPNIFTY25MAR11100CE,359.0,2880.0,0.0,NONE,Monitoring
2025-02-25,03:45:00,HOLD,MIDCPNIFTY25MAR11100CE,366.0,3720.0,0.0,NONE,Monitoring
2025-02-25,03:45:00,TSL_UPDATE,MIDCPNIFTY25MAR11100CE,366.0,3720.0,335.0,COST,Moved to Cost
2025-02-25,03:45:00,TSL_UPDATE,MIDCPNIFTY25MAR11100CE,366.0,3720.0,339.17,TRAILING,Stepped Up
2025-02-25,03:50:00,HOLD,MIDCPNIFTY25MAR11100CE,366.0,3720.0,339.17,TRAILING,Monitoring
2025-02-25,03:50:00,EXIT,MIDCPNIFTY25MAR11100CE,366.0,3720.0,339.17,TRAILING,EMA_REVERSAL
