Date,Time,Event,Ticker,Price,PnL_INR,SL_Price,SL_Mode,Info
2024-01-11,09:25:00,ENTRY,MIDCPNIFTY24JAN10500CE,185.0,0.0,0.0,NONE,Signal CE
2024-01-11,09:30:00,HOLD,MIDCPNIFTY24JAN10500CE,172.0,-1560.0,0.0,NONE,Monitoring
2024-01-11,09:35:00,HOLD,MIDCPNIFTY24JAN10500CE,172.0,-1560.0,0.0,NONE,Monitoring
2024-01-11,09:40:00,HOLD,MIDCPNIFTY24JAN10500CE,172.0,-1560.0,0.0,NONE,Monitoring
2024-01-11,09:45:00,HOLD,MIDCPNIFTY24JAN10500CE,172.0,-1560.0,0.0,NONE,Monitoring
2024-01-11,09:50:00,HOLD,MIDCPNIFTY24JAN10500CE,180.65,-522.0,0.0,NONE,Monitoring
2024-01-11,09:55:00,HOLD,MIDCPNIFTY24JAN10500CE,135.0,-6000.0,0.0,NONE,Monitoring
2024-01-12,03:45:00,HOLD,MIDCPNIFTY24JAN10500CE,146.0,-4680.0,0.0,NONE,Monitoring
2024-01-12,03:50:00,HOLD,MIDCPNIFTY24JAN10500CE,146.0,-4680.0,0.0,NONE,Monitoring
2024-01-12,03:55:00,HOLD,MIDCPNIFTY24JAN10500CE,146.0,-4680.0,0.0,NONE,Monitoring
2024-01-12,04:00:00,HOLD,MIDCPNIFTY24JAN10500CE,146.0,-4680.0,0.0,NONE,Monitoring
2024-01-12,04:05:00,HOLD,MIDCPNIFTY24JAN10500CE,146.0,-4680.0,0.0,NONE,Monitoring
2024-01-12,04:10:00,HOLD,MIDCPNIFTY24JAN10500CE,146.0,-4680.0,0.0,NONE,Monitoring
2024-01-12,04:15:00,HOLD,MIDCPNIFTY24JAN10500CE,146.0,-4680.0,0.0,NONE,Monitoring
2024-01-12,04:20:00,HOLD,MIDCPNIFTY24JAN10500CE,146.0,-4680.0,0.0,NONE,Monitoring
2024-01-12,04:25:00,HOLD,MIDCPNIFTY24JAN10500CE,146.0,-4680.0,0.0,NONE,Monitoring
2024-01-12,04:30:00,HOLD,MIDCPNIFTY24JAN10500CE,146.0,-4680.0,0.0,NONE,Monitoring
2024-01-12,04:35:00,HOLD,MIDCPNIFTY24JAN10500CE,146.0,-4680.0,0.0,NONE,Monitoring
2024-01-12,04:40:00,HOLD,MIDCPNIFTY24JAN10500CE,146.0,-4680.0,0.0,NONE,Monitoring
2024-01-12,04:45:00,HOLD,MIDCPNIFTY24JAN10500CE,146.0,-4680.0,0.0,NONE,Monitoring
2024-01-12,04:50:00,HOLD,MIDCPNIFTY24JAN10500CE,146.0,-4680.0,0.0,NONE,Monitoring
2024-01-12,04:55:00,HOLD,MIDCPNIFTY24JAN10500CE,146.0,-4680.0,0.0,NONE,Monitoring
2024-01-12,05:00:00,HOLD,MIDCPNIFTY24JAN10500CE,146.0,-4680.0,0.0,NONE,Monitoring
2024-01-12,05:05:00,HOLD,MIDCPNIFTY24JAN10500CE,146.0,-4680.0,0.0,NONE,Monitoring
2024-01-12,05:10:00,HOLD,MIDCPNIFTY24JAN10500CE,146.0,-4680.0,0.0,NONE,Monitoring
2024-01-12,05:15:00,HOLD,MIDCPNIFTY24JAN10500CE,146.0,-4680.0,0.0,NONE,Monitoring
2024-01-12,05:20:00,HOLD,MIDCPNIFTY24JAN10500CE,146.0,-4680.0,0.0,NONE,Monitoring
2024-01-12,05:25:00,HOLD,MIDCPNIFTY24JAN10500CE,146.0,-4680.0,0.0,NONE,Monitoring
2024-01-12,05:30:00,HOLD,MIDCPNIFTY24JAN10500CE,146.0,-4680.0,0.0,NONE,Monitoring
2024-01-12,05:35:00,HOLD,MIDCPNIFTY24JAN10500CE,146.0,-4680.0,0.0,NONE,Monitoring
2024-01-12,05:40:00,HOLD,MIDCPNIFTY24JAN10500CE,146.0,-4680.0,0.0,NONE,Monitoring
2024-01-12,05:45:00,HOLD,MIDCPNIFTY24JAN10500CE,146.0,-4680.0,0.0,NONE,Monitoring
2024-01-12,05:50:00,HOLD,MIDCPNIFTY24JAN10500CE,146.0,-4680.0,0.0,NONE,Monitoring
2024-01-12,05:55:00,HOLD,MIDCPNIFTY24JAN10500CE,146.0,-4680.0,0.0,NONE,Monitoring
2024-01-12,06:00:00,HOLD,MIDCPNIFTY24JAN10500CE,146.0,-4680.0,0.0,NONE,Monitoring
2024-01-12,06:05:00,HOLD,MIDCPNIFTY24JAN10500CE,146.0,-4680.0,0.0,NONE,Monitoring
2024-01-12,06:10:00,HOLD,MIDCPNIFTY24JAN10500CE,146.0,-4680.0,0.0,NONE,Monitoring
2024-01-12,06:15:00,HOLD,MIDCPNIFTY24JAN10500CE,146.0,-4680.0,0.0,NONE,Monitoring
2024-01-12,06:20:00,HOLD,MIDCPNIFTY24JAN10500CE,146.0,-4680.0,0.0,NONE,Monitoring
2024-01-12,06:25:00,HOLD,MIDCPNIFTY24JAN10500CE,146.0,-4680.0,0.0,NONE,Monitoring
2024-01-12,06:30:00,HOLD,MIDCPNIFTY24JAN10500CE,146.0,-4680.0,0.0,NONE,Monitoring
2024-01-12,06:35:00,HOLD,MIDCPNIFTY24JAN10500CE,146.0,-4680.0,0.0,NONE,Monitoring
2024-01-12,06:40:00,HOLD,MIDCPNIFTY24JAN10500CE,146.0,-4680.0,0.0,NONE,Monitoring
2024-01-12,06:45:00,HOLD,MIDCPNIFTY24JAN10500CE,146.0,-4680.0,0.0,NONE,Monitoring
2024-01-12,06:50:00,HOLD,MIDCPNIFTY24JAN10500CE,146.0,-4680.0,0.0,NONE,Monitoring
2024-01-12,06:55:00,HOLD,MIDCPNIFTY24JAN10500CE,146.0,-4680.0,0.0,NONE,Monitoring
2024-01-12,07:00:00,HOLD,MIDCPNIFTY24JAN10500CE,146.0,-4680.0,0.0,NONE,Monitoring
2024-01-12,07:05:00,HOLD,MIDCPNIFTY24JAN10500CE,146.0,-4680.0,0.0,NONE,Monitoring
2024-01-12,07:10:00,HOLD,MIDCPNIFTY24JAN10500CE,146.0,-4680.0,0.0,NONE,Monitoring
2024-01-12,07:15:00,HOLD,MIDCPNIFTY24JAN10500CE,146.0,-4680.0,0.0,NONE,Monitoring
2024-01-12,07:20:00,HOLD,MIDCPNIFTY24JAN10500CE,146.0,-4680.0,0.0,NONE,Monitoring
2024-01-12,07:25:00,HOLD,MIDCPNIFTY24JAN10500CE,146.0,-4680.0,0.0,NONE,Monitoring
2024-01-12,07:30:00,HOLD,MIDCPNIFTY24JAN10500CE,146.0,-4680.0,0.0,NONE,Monitoring
2024-01-12,07:35:00,HOLD,MIDCPNIFTY24JAN10500CE,146.0,-4680.0,0.0,NONE,Monitoring
2024-01-12,07:40:00,HOLD,MIDCPNIFTY24JAN10500CE,146.0,-4680.0,0.0,NONE,Monitoring
2024-01-12,07:45:00,HOLD,MIDCPNIFTY24JAN10500CE,146.0,-4680.0,0.0,NONE,Monitoring
2024-01-12,07:50:00,HOLD,MIDCPNIFTY24JAN10500CE,146.0,-4680.0,0.0,NONE,Monitoring
2024-01-12,07:55:00,HOLD,MIDCPNIFTY24JAN10500CE,146.0,-4680.0,0.0,NONE,Monitoring
2024-01-12,08:00:00,HOLD,MIDCPNIFTY24JAN10500CE,146.0,-4680.0,0.0,NONE,Monitoring
2024-01-12,08:05:00,HOLD,MIDCPNIFTY24JAN10500CE,146.0,-4680.0,0.0,NONE,Monitoring
2024-01-12,08:10:00,HOLD,MIDCPNIFTY24JAN10500CE,146.0,-4680.0,0.0,NONE,Monitoring
2024-01-12,08:15:00,HOLD,MIDCPNIFTY24JAN10500CE,146.0,-4680.0,0.0,NONE,Monitoring
2024-01-12,08:20:00,HOLD,MIDCPNIFTY24JAN10500CE,146.0,-4680.0,0.0,NONE,Monitoring
2024-01-12,08:25:00,HOLD,MIDCPNIFTY24JAN10500CE,146.0,-4680.0,0.0,NONE,Monitoring
2024-01-12,08:30:00,HOLD,MIDCPNIFTY24JAN10500CE,146.0,-4680.0,0.0,NONE,Monitoring
2024-01-12,08:35:00,HOLD,MIDCPNIFTY24JAN10500CE,146.0,-4680.0,0.0,NONE,Monitoring
2024-01-12,08:40:00,HOLD,MIDCPNIFTY24JAN10500CE,146.0,-4680.0,0.0,NONE,Monitoring
2024-01-12,08:45:00,HOLD,MIDCPNIFTY24JAN10500CE,146.0,-4680.0,0.0,NONE,Monitoring
2024-01-12,08:50:00,HOLD,MIDCPNIFTY24JAN10500CE,146.0,-4680.0,0.0,NONE,Monitoring
2024-01-12,08:55:00,HOLD,MIDCPNIFTY24JAN10500CE,146.0,-4680.0,0.0,NONE,Monitoring
2024-01-12,09:00:00,HOLD,MIDCPNIFTY24JAN10500CE,146.0,-4680.0,0.0,NONE,Monitoring
2024-01-12,09:05:00,HOLD,MIDCPNIFTY24JAN10500CE,146.0,-4680.0,0.0,NONE,Monitoring
2024-01-12,09:10:00,HOLD,MIDCPNIFTY24JAN10500CE,146.0,-4680.0,0.0,NONE,Monitoring
2024-01-12,09:15:00,HOLD,MIDCPNIFTY24JAN10500CE,146.0,-4680.0,0.0,NONE,Monitoring
2024-01-12,09:20:00,HOLD,MIDCPNIFTY24JAN10500CE,146.0,-4680.0,0.0,NONE,Monitoring
2024-01-12,09:25:00,HOLD,MIDCPNIFTY24JAN10500CE,146.0,-4680.0,0.0,NONE,Monitoring
2024-01-12,09:30:00,HOLD,MIDCPNIFTY24JAN10500CE,146.0,-4680.0,0.0,NONE,Monitoring
2024-01-12,09:35:00,HOLD,MIDCPNIFTY24JAN10500CE,146.0,-4680.0,0.0,NONE,Monitoring
2024-01-12,09:40:00,HOLD,MIDCPNIFTY24JAN10500CE,146.0,-4680.0,0.0,NONE,Monitoring
2024-01-12,09:45:00,HOLD,MIDCPNIFTY24JAN10500CE,146.0,-4680.0,0.0,NONE,Monitoring
2024-01-12,09:50:00,HOLD,MIDCPNIFTY24JAN10500CE,146.0,-4680.0,0.0,NONE,Monitoring
2024-01-12,09:55:00,HOLD,MIDCPNIFTY24JAN10500CE,169.7,-1836.0,0.0,NONE,Monitoring
2024-01-15,03:45:00,HOLD,MIDCPNIFTY24JAN10500CE,199.9,1788.0,0.0,NONE,Monitoring
2024-01-15,03:50:00,HOLD,MIDCPNIFTY24JAN10500CE,199.9,1788.0,0.0,NONE,Monitoring
2024-01-15,03:55:00,HOLD,MIDCPNIFTY24JAN10500CE,199.9,1788.0,0.0,NONE,Monitoring
2024-01-15,04:00:00,HOLD,MIDCPNIFTY24JAN10500CE,199.9,1788.0,0.0,NONE,Monitoring
2024-01-15,04:05:00,HOLD,MIDCPNIFTY24JAN10500CE,199.9,1788.0,0.0,NONE,Monitoring
2024-01-15,04:10:00,HOLD,MIDCPNIFTY24JAN10500CE,199.9,1788.0,0.0,NONE,Monitoring
2024-01-15,04:15:00,HOLD,MIDCPNIFTY24JAN10500CE,199.9,1788.0,0.0,NONE,Monitoring
2024-01-15,04:20:00,HOLD,MIDCPNIFTY24JAN10500CE,199.9,1788.0,0.0,NONE,Monitoring
2024-01-15,04:25:00,HOLD,MIDCPNIFTY24JAN10500CE,199.9,1788.0,0.0,NONE,Monitoring
2024-01-15,04:30:00,HOLD,MIDCPNIFTY24JAN10500CE,199.9,1788.0,0.0,NONE,Monitoring
2024-01-15,04:35:00,HOLD,MIDCPNIFTY24JAN10500CE,199.9,1788.0,0.0,NONE,Monitoring
2024-01-15,04:40:00,HOLD,MIDCPNIFTY24JAN10500CE,199.9,1788.0,0.0,NONE,Monitoring
2024-01-15,04:45:00,HOLD,MIDCPNIFTY24JAN10500CE,199.9,1788.0,0.0,NONE,Monitoring
2024-01-15,04:50:00,HOLD,MIDCPNIFTY24JAN10500CE,199.9,1788.0,0.0,NONE,Monitoring
2024-01-15,04:55:00,HOLD,MIDCPNIFTY24JAN10500CE,199.9,1788.0,0.0,NONE,Monitoring
2024-01-15,05:00:00,HOLD,MIDCPNIFTY24JAN10500CE,199.9,1788.0,0.0,NONE,Monitoring
2024-01-15,05:05:00,HOLD,MIDCPNIFTY24JAN10500CE,199.9,1788.0,0.0,NONE,Monitoring
2024-01-15,05:10:00,HOLD,MIDCPNIFTY24JAN10500CE,199.9,1788.0,0.0,NONE,Monitoring
2024-01-15,05:15:00,HOLD,MIDCPNIFTY24JAN10500CE,199.9,1788.0,0.0,NONE,Monitoring
2024-01-15,05:20:00,HOLD,MIDCPNIFTY24JAN10500CE,199.9,1788.0,0.0,NONE,Monitoring
2024-01-15,05:25:00,HOLD,MIDCPNIFTY24JAN10500CE,199.9,1788.0,0.0,NONE,Monitoring
2024-01-15,05:30:00,HOLD,MIDCPNIFTY24JAN10500CE,199.9,1788.0,0.0,NONE,Monitoring
2024-01-15,05:35:00,HOLD,MIDCPNIFTY24JAN10500CE,199.9,1788.0,0.0,NONE,Monitoring
2024-01-15,05:40:00,HOLD,MIDCPNIFTY24JAN10500CE,199.9,1788.0,0.0,NONE,Monitoring
2024-01-15,05:45:00,HOLD,MIDCPNIFTY24JAN10500CE,199.9,1788.0,0.0,NONE,Monitoring
2024-01-15,05:50:00,HOLD,MIDCPNIFTY24JAN10500CE,199.9,1788.0,0.0,NONE,Monitoring
2024-01-15,05:55:00,HOLD,MIDCPNIFTY24JAN10500CE,199.9,1788.0,0.0,NONE,Monitoring
2024-01-15,06:00:00,HOLD,MIDCPNIFTY24JAN10500CE,199.9,1788.0,0.0,NONE,Monitoring
2024-01-15,06:05:00,HOLD,MIDCPNIFTY24JAN10500CE,199.9,1788.0,0.0,NONE,Monitoring
2024-01-15,06:10:00,HOLD,MIDCPNIFTY24JAN10500CE,199.9,1788.0,0.0,NONE,Monitoring
2024-01-15,06:15:00,HOLD,MIDCPNIFTY24JAN10500CE,199.9,1788.0,0.0,NONE,Monitoring
2024-01-15,06:20:00,HOLD,MIDCPNIFTY24JAN10500CE,199.9,1788.0,0.0,NONE,Monitoring
2024-01-15,06:25:00,HOLD,MIDCPNIFTY24JAN10500CE,199.9,1788.0,0.0,NONE,Monitoring
2024-01-15,06:30:00,HOLD,MIDCPNIFTY24JAN10500CE,199.9,1788.0,0.0,NONE,Monitoring
2024-01-15,06:35:00,HOLD,MIDCPNIFTY24JAN10500CE,199.9,1788.0,0.0,NONE,Monitoring
2024-01-15,06:40:00,HOLD,MIDCPNIFTY24JAN10500CE,199.9,1788.0,0.0,NONE,Monitoring
2024-01-15,06:45:00,HOLD,MIDCPNIFTY24JAN10500CE,199.9,1788.0,0.0,NONE,Monitoring
2024-01-15,06:50:00,HOLD,MIDCPNIFTY24JAN10500CE,199.9,1788.0,0.0,NONE,Monitoring
2024-01-15,06:55:00,HOLD,MIDCPNIFTY24JAN10500CE,199.9,1788.0,0.0,NONE,Monitoring
2024-01-15,07:00:00,HOLD,MIDCPNIFTY24JAN10500CE,199.9,1788.0,0.0,NONE,Monitoring
2024-01-15,07:05:00,HOLD,MIDCPNIFTY24JAN10500CE,199.9,1788.0,0.0,NONE,Monitoring
2024-01-15,07:10:00,HOLD,MIDCPNIFTY24JAN10500CE,199.9,1788.0,0.0,NONE,Monitoring
2024-01-15,07:15:00,HOLD,MIDCPNIFTY24JAN10500CE,199.9,1788.0,0.0,NONE,Monitoring
2024-01-15,07:20:00,HOLD,MIDCPNIFTY24JAN10500CE,199.9,1788.0,0.0,NONE,Monitoring
2024-01-15,07:25:00,HOLD,MIDCPNIFTY24JAN10500CE,199.9,1788.0,0.0,NONE,Monitoring
2024-01-15,07:30:00,HOLD,MIDCPNIFTY24JAN10500CE,199.9,1788.0,0.0,NONE,Monitoring
2024-01-15,07:35:00,HOLD,MIDCPNIFTY24JAN10500CE,199.9,1788.0,0.0,NONE,Monitoring
2024-01-15,07:40:00,HOLD,MIDCPNIFTY24JAN10500CE,199.9,1788.0,0.0,NONE,Monitoring
2024-01-15,07:45:00,HOLD,MIDCPNIFTY24JAN10500CE,199.9,1788.0,0.0,NONE,Monitoring
2024-01-15,07:50:00,HOLD,MIDCPNIFTY24JAN10500CE,199.9,1788.0,0.0,NONE,Monitoring
2024-01-15,07:55:00,HOLD,MIDCPNIFTY24JAN10500CE,199.9,1788.0,0.0,NONE,Monitoring
2024-01-15,08:00:00,HOLD,MIDCPNIFTY24JAN10500CE,199.9,1788.0,0.0,NONE,Monitoring
2024-01-15,08:05:00,HOLD,MIDCPNIFTY24JAN10500CE,199.9,1788.0,0.0,NONE,Monitoring
2024-01-15,08:10:00,HOLD,MIDCPNIFTY24JAN10500CE,199.9,1788.0,0.0,NONE,Monitoring
2024-01-15,08:15:00,HOLD,MIDCPNIFTY24JAN10500CE,199.9,1788.0,0.0,NONE,Monitoring
2024-01-15,08:20:00,HOLD,MIDCPNIFTY24JAN10500CE,199.9,1788.0,0.0,NONE,Monitoring
2024-01-15,08:25:00,HOLD,MIDCPNIFTY24JAN10500CE,199.9,1788.0,0.0,NONE,Monitoring
2024-01-15,08:30:00,HOLD,MIDCPNIFTY24JAN10500CE,199.9,1788.0,0.0,NONE,Monitoring
2024-01-15,08:35:00,HOLD,MIDCPNIFTY24JAN10500CE,199.9,1788.0,0.0,NONE,Monitoring
2024-01-15,08:40:00,HOLD,MIDCPNIFTY24JAN10500CE,199.9,1788.0,0.0,NONE,Monitoring
2024-01-15,08:45:00,HOLD,MIDCPNIFTY24JAN10500CE,199.9,1788.0,0.0,NONE,Monitoring
2024-01-15,08:50:00,HOLD,MIDCPNIFTY24JAN10500CE,199.9,1788.0,0.0,NONE,Monitoring
2024-01-15,08:55:00,HOLD,MIDCPNIFTY24JAN10500CE,199.9,1788.0,0.0,NONE,Monitoring
2024-01-15,09:00:00,HOLD,MIDCPNIFTY24JAN10500CE,199.9,1788.0,0.0,NONE,Monitoring
2024-01-15,09:05:00,HOLD,MIDCPNIFTY24JAN10500CE,199.9,1788.0,0.0,NONE,Monitoring
2024-01-15,09:10:00,HOLD,MIDCPNIFTY24JAN10500CE,199.9,1788.0,0.0,NONE,Monitoring
2024-01-15,09:15:00,HOLD,MIDCPNIFTY24JAN10500CE,199.9,1788.0,0.0,NONE,Monitoring
2024-01-15,09:20:00,HOLD,MIDCPNIFTY24JAN10500CE,204.15,2298.0,0.0,NONE,Monitoring
2024-01-15,09:25:00,HOLD,MIDCPNIFTY24JAN10500CE,204.15,2298.0,0.0,NONE,Monitoring
2024-01-15,09:30:00,HOLD,MIDCPNIFTY24JAN10500CE,211.0,3120.0,0.0,NONE,Monitoring
2024-01-15,09:30:00,TSL_UPDATE,MIDCPNIFTY24JAN10500CE,211.0,3120.0,185.0,COST,Moved to Cost
2024-01-15,09:35:00,HOLD,MIDCPNIFTY24JAN10500CE,211.0,3120.0,185.0,COST,Monitoring
2024-01-15,09:40:00,HOLD,MIDCPNIFTY24JAN10500CE,211.0,3120.0,185.0,COST,Monitoring
2024-01-15,09:45:00,HOLD,MIDCPNIFTY24JAN10500CE,211.0,3120.0,185.0,COST,Monitoring
2024-01-15,09:50:00,HOLD,MIDCPNIFTY24JAN10500CE,211.0,3120.0,185.0,COST,Monitoring
2024-01-15,09:55:00,HOLD,MIDCPNIFTY24JAN10500CE,204.25,2310.0,185.0,COST,Monitoring
2024-01-16,03:45:00,HOLD,MIDCPNIFTY24JAN10500CE,245.1,7212.0,185.0,COST,Monitoring
2024-01-16,03:45:00,TSL_UPDATE,MIDCPNIFTY24JAN10500CE,245.1,7212.0,218.33,TRAILING,Stepped Up
2024-01-16,03:50:00,HOLD,MIDCPNIFTY24JAN10500CE,245.1,7212.0,218.33,TRAILING,Monitoring
2024-01-16,03:55:00,HOLD,MIDCPNIFTY24JAN10500CE,245.1,7212.0,218.33,TRAILING,Monitoring
2024-01-16,04:00:00,HOLD,MIDCPNIFTY24JAN10500CE,245.1,7212.0,218.33,TRAILING,Monitoring
2024-01-16,04:05:00,HOLD,MIDCPNIFTY24JAN10500CE,245.1,7212.0,218.33,TRAILING,Monitoring
2024-01-16,04:10:00,HOLD,MIDCPNIFTY24JAN10500CE,245.1,7212.0,218.33,TRAILING,Monitoring
2024-01-16,04:15:00,HOLD,MIDCPNIFTY24JAN10500CE,245.1,7212.0,218.33,TRAILING,Monitoring
2024-01-16,04:20:00,HOLD,MIDCPNIFTY24JAN10500CE,245.1,7212.0,218.33,TRAILING,Monitoring
2024-01-16,04:25:00,HOLD,MIDCPNIFTY24JAN10500CE,245.1,7212.0,218.33,TRAILING,Monitoring
2024-01-16,04:30:00,HOLD,MIDCPNIFTY24JAN10500CE,245.1,7212.0,218.33,TRAILING,Monitoring
2024-01-16,04:35:00,HOLD,MIDCPNIFTY24JAN10500CE,245.1,7212.0,218.33,TRAILING,Monitoring
2024-01-16,04:40:00,HOLD,MIDCPNIFTY24JAN10500CE,245.1,7212.0,218.33,TRAILING,Monitoring
2024-01-16,04:45:00,HOLD,MIDCPNIFTY24JAN10500CE,245.1,7212.0,218.33,TRAILING,Monitoring
2024-01-16,04:50:00,HOLD,MIDCPNIFTY24JAN10500CE,245.1,7212.0,218.33,TRAILING,Monitoring
2024-01-16,04:55:00,HOLD,MIDCPNIFTY24JAN10500CE,245.1,7212.0,218.33,TRAILING,Monitoring
2024-01-16,05:00:00,HOLD,MIDCPNIFTY24JAN10500CE,245.1,7212.0,218.33,TRAILING,Monitoring
2024-01-16,05:05:00,HOLD,MIDCPNIFTY24JAN10500CE,245.1,7212.0,218.33,TRAILING,Monitoring
2024-01-16,05:10:00,HOLD,MIDCPNIFTY24JAN10500CE,245.1,7212.0,218.33,TRAILING,Monitoring
2024-01-16,05:15:00,HOLD,MIDCPNIFTY24JAN10500CE,245.1,7212.0,218.33,TRAILING,Monitoring
2024-01-16,05:20:00,HOLD,MIDCPNIFTY24JAN10500CE,245.1,7212.0,218.33,TRAILING,Monitoring
2024-01-16,05:25:00,HOLD,MIDCPNIFTY24JAN10500CE,245.1,7212.0,218.33,TRAILING,Monitoring
2024-01-16,05:30:00,HOLD,MIDCPNIFTY24JAN10500CE,245.1,7212.0,218.33,TRAILING,Monitoring
2024-01-16,05:35:00,HOLD,MIDCPNIFTY24JAN10500CE,245.1,7212.0,218.33,TRAILING,Monitoring
2024-01-16,05:40:00,HOLD,MIDCPNIFTY24JAN10500CE,245.1,7212.0,218.33,TRAILING,Monitoring
2024-01-16,05:45:00,HOLD,MIDCPNIFTY24JAN10500CE,245.1,7212.0,218.33,TRAILING,Monitoring
2024-01-16,05:50:00,HOLD,MIDCPNIFTY24JAN10500CE,245.1,7212.0,218.33,TRAILING,Monitoring
2024-01-16,05:55:00,HOLD,MIDCPNIFTY24JAN10500CE,245.1,7212.0,218.33,TRAILING,Monitoring
2024-01-16,06:00:00,HOLD,MIDCPNIFTY24JAN10500CE,245.1,7212.0,218.33,TRAILING,Monitoring
2024-01-16,06:05:00,HOLD,MIDCPNIFTY24JAN10500CE,245.1,7212.0,218.33,TRAILING,Monitoring
2024-01-16,06:10:00,HOLD,MIDCPNIFTY24JAN10500CE,245.1,7212.0,218.33,TRAILING,Monitoring
2024-01-16,06:10:00,EXIT,MIDCPNIFTY24JAN10500CE,245.1,7212.0,218.33,TRAILING,EMA_REVERSAL
