Date,Time,Event,Ticker,Price,PnL_INR,SL_Price,SL_Mode,Info
2023-08-16,09:20:00,ENTRY,MIDCPNIFTY23AUG8500PE,60.0,0.0,0,NONE,Signal PE
2023-08-16,09:25:00,HOLD,MIDCPNIFTY23AUG8500PE,60.0,0.0,0,NONE,Monitoring
2023-08-16,09:30:00,HOLD,MIDCPNIFTY23AUG8500PE,70.0,1200.0,0,NONE,Monitoring
2023-08-16,09:35:00,HOLD,MIDCPNIFTY23AUG8500PE,70.0,1200.0,0,NONE,Monitoring
2023-08-16,09:40:00,HOLD,MIDCPNIFTY23AUG8500PE,70.0,1200.0,0,NONE,Monitoring
2023-08-16,09:45:00,HOLD,MIDCPNIFTY23AUG8500PE,70.0,1200.0,0,NONE,Monitoring
2023-08-16,09:50:00,HOLD,MIDCPNIFTY23AUG8500PE,70.0,1200.0,0,NONE,Monitoring
2023-08-16,09:55:00,HOLD,MIDCPNIFTY23AUG8500PE,70.0,1200.0,0,NONE,Monitoring
2023-08-17,03:45:00,HOLD,MIDCPNIFTY23AUG8500PE,50.0,-1200.0,0,NONE,Monitoring
2023-08-17,03:45:00,EXIT,MIDCPNIFTY23AUG8500PE,50.0,-1200.0,0,NONE,EMA_REVERSAL
