Date,Time,Event,Ticker,Price,PnL_INR,SL_Price,SL_Mode,Info
2025-04-01,09:20:00,ENTRY,MIDCPNIFTY25APR11500PE,252.75,0.0,0.0,NONE,Signal PE
2025-04-01,09:25:00,HOLD,MIDCPNIFTY25APR11500PE,238.15,-1752.0,0.0,NONE,Monitoring
2025-04-01,09:30:00,HOLD,MIDCPNIFTY25APR11500PE,215.0,-4530.0,0.0,NONE,Monitoring
2025-04-01,09:35:00,HOLD,MIDCPNIFTY25APR11500PE,205.45,-5676.0,0.0,NONE,Monitoring
2025-04-01,09:40:00,HOLD,MIDCPNIFTY25APR11500PE,201.9,-6102.0,0.0,NONE,Monitoring
2025-04-01,09:45:00,HOLD,MIDCPNIFTY25APR11500PE,208.0,-5370.0,0.0,NONE,Monitoring
2025-04-01,09:50:00,HOLD,MIDCPNIFTY25APR11500PE,217.6,-4218.0,0.0,NONE,Monitoring
2025-04-01,09:55:00,HOLD,MIDCPNIFTY25APR11500PE,221.8,-3714.0,0.0,NONE,Monitoring
2025-04-02,03:45:00,HOLD,MIDCPNIFTY25APR11500PE,301.25,5820.0,0.0,NONE,Monitoring
2025-04-02,03:45:00,TSL_UPDATE,MIDCPNIFTY25APR11500PE,301.25,5820.0,252.75,COST,Moved to Cost
2025-04-02,03:45:00,TSL_UPDATE,MIDCPNIFTY25APR11500PE,301.25,5820.0,273.58,TRAILING,Stepped Up
2025-04-02,03:50:00,HOLD,MIDCPNIFTY25APR11500PE,301.25,5820.0,273.58,TRAILING,Monitoring
2025-04-02,03:55:00,HOLD,MIDCPNIFTY25APR11500PE,301.25,5820.0,273.58,TRAILING,Monitoring
2025-04-02,04:00:00,HOLD,MIDCPNIFTY25APR11500PE,301.25,5820.0,273.58,TRAILING,Monitoring
2025-04-02,04:00:00,EXIT,MIDCPNIFTY25APR11500PE,301.25,5820.0,273.58,TRAILING,EMA_REVERSAL
