Date,Time,Event,Ticker,Price,PnL_INR,SL_Price,SL_Mode,Info
2024-05-31,09:50:00,ENTRY,MIDCPNIFTY24JUN11400CE,315.1,0.0,0.0,NONE,Signal CE
2024-05-31,09:55:00,HOLD,MIDCPNIFTY24JUN11400CE,315.1,0.0,0.0,NONE,Monitoring
2024-06-03,03:45:00,HOLD,MIDCPNIFTY24JUN11400CE,335.0,2388.0,0.0,NONE,Monitoring
2024-06-03,03:50:00,HOLD,MIDCPNIFTY24JUN11400CE,335.0,2388.0,0.0,NONE,Monitoring
2024-06-03,03:55:00,HOLD,MIDCPNIFTY24JUN11400CE,335.0,2388.0,0.0,NONE,Monitoring
2024-06-03,04:00:00,HOLD,MIDCPNIFTY24JUN11400CE,335.0,2388.0,0.0,NONE,Monitoring
2024-06-03,04:05:00,HOLD,MIDCPNIFTY24JUN11400CE,335.0,2388.0,0.0,NONE,Monitoring
2024-06-03,04:10:00,HOLD,MIDCPNIFTY24JUN11400CE,335.0,2388.0,0.0,NONE,Monitoring
2024-06-03,04:15:00,HOLD,MIDCPNIFTY24JUN11400CE,335.0,2388.0,0.0,NONE,Monitoring
2024-06-03,04:20:00,HOLD,MIDCPNIFTY24JUN11400CE,335.0,2388.0,0.0,NONE,Monitoring
2024-06-03,04:25:00,HOLD,MIDCPNIFTY24JUN11400CE,335.0,2388.0,0.0,NONE,Monitoring
2024-06-03,04:30:00,HOLD,MIDCPNIFTY24JUN11400CE,335.0,2388.0,0.0,NONE,Monitoring
2024-06-03,04:35:00,HOLD,MIDCPNIFTY24JUN11400CE,335.0,2388.0,0.0,NONE,Monitoring
2024-06-03,04:40:00,HOLD,MIDCPNIFTY24JUN11400CE,335.0,2388.0,0.0,NONE,Monitoring
2024-06-03,04:45:00,HOLD,MIDCPNIFTY24JUN11400CE,335.0,2388.0,0.0,NONE,Monitoring
2024-06-03,04:50:00,HOLD,MIDCPNIFTY24JUN11400CE,335.0,2388.0,0.0,NONE,Monitoring
2024-06-03,04:55:00,HOLD,MIDCPNIFTY24JUN11400CE,335.0,2388.0,0.0,NONE,Monitoring
2024-06-03,05:00:00,HOLD,MIDCPNIFTY24JUN11400CE,335.0,2388.0,0.0,NONE,Monitoring
2024-06-03,05:05:00,HOLD,MIDCPNIFTY24JUN11400CE,335.0,2388.0,0.0,NONE,Monitoring
2024-06-03,05:10:00,HOLD,MIDCPNIFTY24JUN11400CE,335.0,2388.0,0.0,NONE,Monitoring
2024-06-03,05:15:00,HOLD,MIDCPNIFTY24JUN11400CE,335.0,2388.0,0.0,NONE,Monitoring
2024-06-03,05:20:00,HOLD,MIDCPNIFTY24JUN11400CE,335.0,2388.0,0.0,NONE,Monitoring
2024-06-03,05:25:00,HOLD,MIDCPNIFTY24JUN11400CE,335.0,2388.0,0.0,NONE,Monitoring
2024-06-03,05:30:00,HOLD,MIDCPNIFTY24JUN11400CE,335.0,2388.0,0.0,NONE,Monitoring
2024-06-03,05:35:00,HOLD,MIDCPNIFTY24JUN11400CE,335.0,2388.0,0.0,NONE,Monitoring
2024-06-03,05:40:00,HOLD,MIDCPNIFTY24JUN11400CE,335.0,2388.0,0.0,NONE,Monitoring
2024-06-03,05:45:00,HOLD,MIDCPNIFTY24JUN11400CE,335.0,2388.0,0.0,NONE,Monitoring
2024-06-03,05:50:00,HOLD,MIDCPNIFTY24JUN11400CE,335.0,2388.0,0.0,NONE,Monitoring
2024-06-03,05:55:00,HOLD,MIDCPNIFTY24JUN11400CE,335.0,2388.0,0.0,NONE,Monitoring
2024-06-03,06:00:00,HOLD,MIDCPNIFTY24JUN11400CE,335.0,2388.0,0.0,NONE,Monitoring
2024-06-03,06:05:00,HOLD,MIDCPNIFTY24JUN11400CE,335.0,2388.0,0.0,NONE,Monitoring
2024-06-03,06:10:00,HOLD,MIDCPNIFTY24JUN11400CE,335.0,2388.0,0.0,NONE,Monitoring
2024-06-03,06:15:00,HOLD,MIDCPNIFTY24JUN11400CE,335.0,2388.0,0.0,NONE,Monitoring
2024-06-03,06:20:00,HOLD,MIDCPNIFTY24JUN11400CE,335.0,2388.0,0.0,NONE,Monitoring
2024-06-03,06:25:00,HOLD,MIDCPNIFTY24JUN11400CE,335.0,2388.0,0.0,NONE,Monitoring
2024-06-03,06:30:00,HOLD,MIDCPNIFTY24JUN11400CE,335.0,2388.0,0.0,NONE,Monitoring
2024-06-03,06:35:00,HOLD,MIDCPNIFTY24JUN11400CE,335.0,2388.0,0.0,NONE,Monitoring
2024-06-03,06:40:00,HOLD,MIDCPNIFTY24JUN11400CE,335.0,2388.0,0.0,NONE,Monitoring
2024-06-03,06:45:00,HOLD,MIDCPNIFTY24JUN11400CE,335.0,2388.0,0.0,NONE,Monitoring
2024-06-03,06:50:00,HOLD,MIDCPNIFTY24JUN11400CE,335.0,2388.0,0.0,NONE,Monitoring
2024-06-03,06:55:00,HOLD,MIDCPNIFTY24JUN11400CE,335.0,2388.0,0.0,NONE,Monitoring
2024-06-03,07:00:00,HOLD,MIDCPNIFTY24JUN11400CE,335.0,2388.0,0.0,NONE,Monitoring
2024-06-03,07:05:00,HOLD,MIDCPNIFTY24JUN11400CE,335.0,2388.0,0.0,NONE,Monitoring
2024-06-03,07:10:00,HOLD,MIDCPNIFTY24JUN11400CE,335.0,2388.0,0.0,NONE,Monitoring
2024-06-03,07:15:00,HOLD,MIDCPNIFTY24JUN11400CE,335.0,2388.0,0.0,NONE,Monitoring
2024-06-03,07:20:00,HOLD,MIDCPNIFTY24JUN11400CE,335.0,2388.0,0.0,NONE,Monitoring
2024-06-03,07:25:00,HOLD,MIDCPNIFTY24JUN11400CE,335.0,2388.0,0.0,NONE,Monitoring
2024-06-03,07:30:00,HOLD,MIDCPNIFTY24JUN11400CE,335.0,2388.0,0.0,NONE,Monitoring
2024-06-03,07:35:00,HOLD,MIDCPNIFTY24JUN11400CE,335.0,2388.0,0.0,NONE,Monitoring
2024-06-03,07:40:00,HOLD,MIDCPNIFTY24JUN11400CE,335.0,2388.0,0.0,NONE,Monitoring
2024-06-03,07:45:00,HOLD,MIDCPNIFTY24JUN11400CE,335.0,2388.0,0.0,NONE,Monitoring
2024-06-03,07:50:00,HOLD,MIDCPNIFTY24JUN11400CE,335.0,2388.0,0.0,NONE,Monitoring
2024-06-03,07:55:00,HOLD,MIDCPNIFTY24JUN11400CE,335.0,2388.0,0.0,NONE,Monitoring
2024-06-03,08:00:00,HOLD,MIDCPNIFTY24JUN11400CE,335.0,2388.0,0.0,NONE,Monitoring
2024-06-03,08:05:00,HOLD,MIDCPNIFTY24JUN11400CE,335.0,2388.0,0.0,NONE,Monitoring
2024-06-03,08:10:00,HOLD,MIDCPNIFTY24JUN11400CE,335.0,2388.0,0.0,NONE,Monitoring
2024-06-03,08:15:00,HOLD,MIDCPNIFTY24JUN11400CE,335.0,2388.0,0.0,NONE,Monitoring
2024-06-03,08:20:00,HOLD,MIDCPNIFTY24JUN11400CE,335.0,2388.0,0.0,NONE,Monitoring
2024-06-03,08:25:00,HOLD,MIDCPNIFTY24JUN11400CE,335.0,2388.0,0.0,NONE,Monitoring
2024-06-03,08:30:00,HOLD,MIDCPNIFTY24JUN11400CE,335.0,2388.0,0.0,NONE,Monitoring
2024-06-03,08:35:00,HOLD,MIDCPNIFTY24JUN11400CE,335.0,2388.0,0.0,NONE,Monitoring
2024-06-03,08:40:00,HOLD,MIDCPNIFTY24JUN11400CE,335.0,2388.0,0.0,NONE,Monitoring
2024-06-03,08:45:00,HOLD,MIDCPNIFTY24JUN11400CE,335.0,2388.0,0.0,NONE,Monitoring
2024-06-03,08:50:00,HOLD,MIDCPNIFTY24JUN11400CE,335.0,2388.0,0.0,NONE,Monitoring
2024-06-03,08:55:00,HOLD,MIDCPNIFTY24JUN11400CE,335.0,2388.0,0.0,NONE,Monitoring
2024-06-03,09:00:00,HOLD,MIDCPNIFTY24JUN11400CE,335.0,2388.0,0.0,NONE,Monitoring
2024-06-03,09:05:00,HOLD,MIDCPNIFTY24JUN11400CE,335.0,2388.0,0.0,NONE,Monitoring
2024-06-03,09:10:00,HOLD,MIDCPNIFTY24JUN11400CE,335.0,2388.0,0.0,NONE,Monitoring
2024-06-03,09:15:00,HOLD,MIDCPNIFTY24JUN11400CE,335.0,2388.0,0.0,NONE,Monitoring
2024-06-03,09:20:00,HOLD,MIDCPNIFTY24JUN11400CE,335.0,2388.0,0.0,NONE,Monitoring
2024-06-03,09:25:00,HOLD,MIDCPNIFTY24JUN11400CE,335.0,2388.0,0.0,NONE,Monitoring
2024-06-03,09:30:00,HOLD,MIDCPNIFTY24JUN11400CE,335.0,2388.0,0.0,NONE,Monitoring
2024-06-03,09:35:00,HOLD,MIDCPNIFTY24JUN11400CE,335.0,2388.0,0.0,NONE,Monitoring
2024-06-03,09:40:00,HOLD,MIDCPNIFTY24JUN11400CE,335.0,2388.0,0.0,NONE,Monitoring
2024-06-03,09:45:00,HOLD,MIDCPNIFTY24JUN11400CE,335.0,2388.0,0.0,NONE,Monitoring
2024-06-03,09:50:00,HOLD,MIDCPNIFTY24JUN11400CE,335.0,2388.0,0.0,NONE,Monitoring
2024-06-03,09:55:00,HOLD,MIDCPNIFTY24JUN11400CE,335.0,2388.0,0.0,NONE,Monitoring
2024-06-04,03:45:00,HOLD,MIDCPNIFTY24JUN11400CE,548.0,27948.0,0.0,NONE,Monitoring
2024-06-04,03:45:00,TSL_UPDATE,MIDCPNIFTY24JUN11400CE,548.0,27948.0,315.1,COST,Moved to Cost
2024-06-04,03:45:00,TSL_UPDATE,MIDCPNIFTY24JUN11400CE,548.0,27948.0,519.27,TRAILING,Stepped Up
2024-06-04,03:45:00,EXIT,MIDCPNIFTY24JUN11400CE,548.0,27948.0,519.27,TRAILING,EMA_REVERSAL
