Date,Time,Event,Ticker,Price,PnL_INR,SL_Price,SL_Mode,Info
2023-08-21,09:35:00,ENTRY,MIDCPNIFTY23AUG8500PE,31.65,0.0,0,NONE,Signal PE
2023-08-21,09:40:00,HOLD,MIDCPNIFTY23AUG8500PE,31.3,-42.0,0,NONE,Monitoring
2023-08-21,09:45:00,HOLD,MIDCPNIFTY23AUG8500PE,32.15,60.0,0,NONE,Monitoring
2023-08-21,09:50:00,HOLD,MIDCPNIFTY23AUG8500PE,33.0,162.0,0,NONE,Monitoring
2023-08-21,09:55:00,HOLD,MIDCPNIFTY23AUG8500PE,31.6,-6.0,0,NONE,Monitoring
2023-08-22,03:45:00,HOLD,MIDCPNIFTY23AUG8500PE,23.5,-978.0,0,NONE,Monitoring
2023-08-22,03:50:00,HOLD,MIDCPNIFTY23AUG8500PE,23.5,-978.0,0,NONE,Monitoring
2023-08-22,03:50:00,EXIT,MIDCPNIFTY23AUG8500PE,23.5,-978.0,0,NONE,EMA_REVERSAL
