Date,Time,Event,Ticker,Price,PnL_INR,SL_Price,SL_Mode,Info
2023-10-20,09:45:00,ENTRY,MIDCPNIFTY23OCT9000PE,77.1,0.0,0.0,NONE,Signal PE
2023-10-20,09:50:00,HOLD,MIDCPNIFTY23OCT9000PE,76.55,-66.0,0.0,NONE,Monitoring
2023-10-20,09:55:00,HOLD,MIDCPNIFTY23OCT9000PE,85.75,1038.0,0.0,NONE,Monitoring
2023-10-23,03:45:00,HOLD,MIDCPNIFTY23OCT9000PE,167.4,10836.0,0.0,NONE,Monitoring
2023-10-23,03:45:00,TSL_UPDATE,MIDCPNIFTY23OCT9000PE,167.4,10836.0,77.1,COST,Moved to Cost
2023-10-23,03:45:00,TSL_UPDATE,MIDCPNIFTY23OCT9000PE,167.4,10836.0,139.6,TRAILING,Stepped Up
2023-10-23,03:50:00,HOLD,MIDCPNIFTY23OCT9000PE,167.4,10836.0,139.6,TRAILING,Monitoring
2023-10-23,03:55:00,HOLD,MIDCPNIFTY23OCT9000PE,167.4,10836.0,139.6,TRAILING,Monitoring
2023-10-23,04:00:00,HOLD,MIDCPNIFTY23OCT9000PE,167.4,10836.0,139.6,TRAILING,Monitoring
2023-10-23,04:05:00,HOLD,MIDCPNIFTY23OCT9000PE,167.4,10836.0,139.6,TRAILING,Monitoring
2023-10-23,04:10:00,HOLD,MIDCPNIFTY23OCT9000PE,167.4,10836.0,139.6,TRAILING,Monitoring
2023-10-23,04:15:00,HOLD,MIDCPNIFTY23OCT9000PE,167.4,10836.0,139.6,TRAILING,Monitoring
2023-10-23,04:20:00,HOLD,MIDCPNIFTY23OCT9000PE,167.4,10836.0,139.6,TRAILING,Monitoring
2023-10-23,04:25:00,HOLD,MIDCPNIFTY23OCT9000PE,167.4,10836.0,139.6,TRAILING,Monitoring
2023-10-23,04:30:00,HOLD,MIDCPNIFTY23OCT9000PE,167.4,10836.0,139.6,TRAILING,Monitoring
2023-10-23,04:35:00,HOLD,MIDCPNIFTY23OCT9000PE,167.4,10836.0,139.6,TRAILING,Monitoring
2023-10-23,04:40:00,HOLD,MIDCPNIFTY23OCT9000PE,167.4,10836.0,139.6,TRAILING,Monitoring
2023-10-23,04:45:00,HOLD,MIDCPNIFTY23OCT9000PE,167.4,10836.0,139.6,TRAILING,Monitoring
2023-10-23,04:50:00,HOLD,MIDCPNIFTY23OCT9000PE,167.4,10836.0,139.6,TRAILING,Monitoring
2023-10-23,04:55:00,HOLD,MIDCPNIFTY23OCT9000PE,167.4,10836.0,139.6,TRAILING,Monitoring
2023-10-23,05:00:00,HOLD,MIDCPNIFTY23OCT9000PE,167.4,10836.0,139.6,TRAILING,Monitoring
2023-10-23,05:05:00,HOLD,MIDCPNIFTY23OCT9000PE,167.4,10836.0,139.6,TRAILING,Monitoring
2023-10-23,05:10:00,HOLD,MIDCPNIFTY23OCT9000PE,167.4,10836.0,139.6,TRAILING,Monitoring
2023-10-23,05:15:00,HOLD,MIDCPNIFTY23OCT9000PE,167.4,10836.0,139.6,TRAILING,Monitoring
2023-10-23,05:20:00,HOLD,MIDCPNIFTY23OCT9000PE,167.4,10836.0,139.6,TRAILING,Monitoring
2023-10-23,05:25:00,HOLD,MIDCPNIFTY23OCT9000PE,167.4,10836.0,139.6,TRAILING,Monitoring
2023-10-23,05:30:00,HOLD,MIDCPNIFTY23OCT9000PE,167.4,10836.0,139.6,TRAILING,Monitoring
2023-10-23,05:35:00,HOLD,MIDCPNIFTY23OCT9000PE,167.4,10836.0,139.6,TRAILING,Monitoring
2023-10-23,05:40:00,HOLD,MIDCPNIFTY23OCT9000PE,167.4,10836.0,139.6,TRAILING,Monitoring
2023-10-23,05:45:00,HOLD,MIDCPNIFTY23OCT9000PE,167.4,10836.0,139.6,TRAILING,Monitoring
2023-10-23,05:50:00,HOLD,MIDCPNIFTY23OCT9000PE,167.4,10836.0,139.6,TRAILING,Monitoring
2023-10-23,05:55:00,HOLD,MIDCPNIFTY23OCT9000PE,167.4,10836.0,139.6,TRAILING,Monitoring
2023-10-23,06:00:00,HOLD,MIDCPNIFTY23OCT9000PE,167.4,10836.0,139.6,TRAILING,Monitoring
2023-10-23,06:05:00,HOLD,MIDCPNIFTY23OCT9000PE,167.4,10836.0,139.6,TRAILING,Monitoring
2023-10-23,06:10:00,HOLD,MIDCPNIFTY23OCT9000PE,167.4,10836.0,139.6,TRAILING,Monitoring
2023-10-23,06:15:00,HOLD,MIDCPNIFTY23OCT9000PE,167.4,10836.0,139.6,TRAILING,Monitoring
2023-10-23,06:20:00,HOLD,MIDCPNIFTY23OCT9000PE,167.4,10836.0,139.6,TRAILING,Monitoring
2023-10-23,06:25:00,HOLD,MIDCPNIFTY23OCT9000PE,167.4,10836.0,139.6,TRAILING,Monitoring
2023-10-23,06:30:00,HOLD,MIDCPNIFTY23OCT9000PE,167.4,10836.0,139.6,TRAILING,Monitoring
2023-10-23,06:35:00,HOLD,MIDCPNIFTY23OCT9000PE,167.4,10836.0,139.6,TRAILING,Monitoring
2023-10-23,06:40:00,HOLD,MIDCPNIFTY23OCT9000PE,167.4,10836.0,139.6,TRAILING,Monitoring
2023-10-23,06:45:00,HOLD,MIDCPNIFTY23OCT9000PE,167.4,10836.0,139.6,TRAILING,Monitoring
2023-10-23,06:50:00,HOLD,MIDCPNIFTY23OCT9000PE,167.4,10836.0,139.6,TRAILING,Monitoring
2023-10-23,06:55:00,HOLD,MIDCPNIFTY23OCT9000PE,167.4,10836.0,139.6,TRAILING,Monitoring
2023-10-23,07:00:00,HOLD,MIDCPNIFTY23OCT9000PE,167.4,10836.0,139.6,TRAILING,Monitoring
2023-10-23,07:05:00,HOLD,MIDCPNIFTY23OCT9000PE,167.4,10836.0,139.6,TRAILING,Monitoring
2023-10-23,07:10:00,HOLD,MIDCPNIFTY23OCT9000PE,167.4,10836.0,139.6,TRAILING,Monitoring
2023-10-23,07:15:00,HOLD,MIDCPNIFTY23OCT9000PE,167.4,10836.0,139.6,TRAILING,Monitoring
2023-10-23,07:20:00,HOLD,MIDCPNIFTY23OCT9000PE,167.4,10836.0,139.6,TRAILING,Monitoring
2023-10-23,07:25:00,HOLD,MIDCPNIFTY23OCT9000PE,167.4,10836.0,139.6,TRAILING,Monitoring
2023-10-23,07:30:00,HOLD,MIDCPNIFTY23OCT9000PE,167.4,10836.0,139.6,TRAILING,Monitoring
2023-10-23,07:35:00,HOLD,MIDCPNIFTY23OCT9000PE,167.4,10836.0,139.6,TRAILING,Monitoring
2023-10-23,07:40:00,HOLD,MIDCPNIFTY23OCT9000PE,167.4,10836.0,139.6,TRAILING,Monitoring
2023-10-23,07:45:00,HOLD,MIDCPNIFTY23OCT9000PE,167.4,10836.0,139.6,TRAILING,Monitoring
2023-10-23,07:50:00,HOLD,MIDCPNIFTY23OCT9000PE,167.4,10836.0,139.6,TRAILING,Monitoring
2023-10-23,07:55:00,HOLD,MIDCPNIFTY23OCT9000PE,167.4,10836.0,139.6,TRAILING,Monitoring
2023-10-23,08:00:00,HOLD,MIDCPNIFTY23OCT9000PE,167.4,10836.0,139.6,TRAILING,Monitoring
2023-10-23,08:05:00,HOLD,MIDCPNIFTY23OCT9000PE,167.4,10836.0,139.6,TRAILING,Monitoring
2023-10-23,08:10:00,HOLD,MIDCPNIFTY23OCT9000PE,167.4,10836.0,139.6,TRAILING,Monitoring
2023-10-23,08:15:00,HOLD,MIDCPNIFTY23OCT9000PE,167.4,10836.0,139.6,TRAILING,Monitoring
2023-10-23,08:20:00,HOLD,MIDCPNIFTY23OCT9000PE,167.4,10836.0,139.6,TRAILING,Monitoring
2023-10-23,08:25:00,HOLD,MIDCPNIFTY23OCT9000PE,167.4,10836.0,139.6,TRAILING,Monitoring
2023-10-23,08:30:00,HOLD,MIDCPNIFTY23OCT9000PE,167.4,10836.0,139.6,TRAILING,Monitoring
2023-10-23,08:30:00,EXIT,MIDCPNIFTY23OCT9000PE,167.4,10836.0,139.6,TRAILING,EMA_REVERSAL
