Date,Time,Event,Ticker,Price,PnL_INR,SL_Price,SL_Mode,Info
2024-10-25,09:35:00,ENTRY,MIDCPNIFTY24OCT12700CE,21.1,0.0,0,NONE,Signal CE
2024-10-25,09:40:00,HOLD,MIDCPNIFTY24OCT12700CE,20.8,-36.0,0,NONE,Monitoring
2024-10-25,09:45:00,HOLD,MIDCPNIFTY24OCT12700CE,18.25,-342.0,0,NONE,Monitoring
2024-10-25,09:50:00,HOLD,MIDCPNIFTY24OCT12700CE,16.65,-534.0,0,NONE,Monitoring
2024-10-25,09:55:00,HOLD,MIDCPNIFTY24OCT12700CE,14.9,-744.0,0,NONE,Monitoring
2024-10-28,03:45:00,HOLD,MIDCPNIFTY24OCT12700CE,2.95,-2178.0,0,NONE,Monitoring
2024-10-28,03:50:00,HOLD,MIDCPNIFTY24OCT12700CE,2.95,-2178.0,0,NONE,Monitoring
2024-10-28,03:55:00,HOLD,MIDCPNIFTY24OCT12700CE,2.95,-2178.0,0,NONE,Monitoring
2024-10-28,04:00:00,HOLD,MIDCPNIFTY24OCT12700CE,2.95,-2178.0,0,NONE,Monitoring
2024-10-28,04:05:00,HOLD,MIDCPNIFTY24OCT12700CE,2.95,-2178.0,0,NONE,Monitoring
2024-10-28,04:10:00,HOLD,MIDCPNIFTY24OCT12700CE,2.95,-2178.0,0,NONE,Monitoring
2024-10-28,04:15:00,HOLD,MIDCPNIFTY24OCT12700CE,2.95,-2178.0,0,NONE,Monitoring
2024-10-28,04:20:00,HOLD,MIDCPNIFTY24OCT12700CE,2.95,-2178.0,0,NONE,Monitoring
2024-10-28,04:25:00,HOLD,MIDCPNIFTY24OCT12700CE,2.95,-2178.0,0,NONE,Monitoring
2024-10-28,04:30:00,HOLD,MIDCPNIFTY24OCT12700CE,2.95,-2178.0,0,NONE,Monitoring
2024-10-28,04:35:00,HOLD,MIDCPNIFTY24OCT12700CE,2.95,-2178.0,0,NONE,Monitoring
2024-10-28,04:40:00,HOLD,MIDCPNIFTY24OCT12700CE,2.95,-2178.0,0,NONE,Monitoring
2024-10-28,04:45:00,HOLD,MIDCPNIFTY24OCT12700CE,2.95,-2178.0,0,NONE,Monitoring
2024-10-28,04:50:00,HOLD,MIDCPNIFTY24OCT12700CE,2.95,-2178.0,0,NONE,Monitoring
2024-10-28,04:55:00,HOLD,MIDCPNIFTY24OCT12700CE,2.95,-2178.0,0,NONE,Monitoring
2024-10-28,05:00:00,HOLD,MIDCPNIFTY24OCT12700CE,2.95,-2178.0,0,NONE,Monitoring
2024-10-28,05:05:00,HOLD,MIDCPNIFTY24OCT12700CE,2.95,-2178.0,0,NONE,Monitoring
2024-10-28,05:10:00,HOLD,MIDCPNIFTY24OCT12700CE,2.95,-2178.0,0,NONE,Monitoring
2024-10-28,05:15:00,HOLD,MIDCPNIFTY24OCT12700CE,2.95,-2178.0,0,NONE,Monitoring
2024-10-28,05:20:00,HOLD,MIDCPNIFTY24OCT12700CE,2.95,-2178.0,0,NONE,Monitoring
2024-10-28,05:25:00,HOLD,MIDCPNIFTY24OCT12700CE,2.95,-2178.0,0,NONE,Monitoring
2024-10-28,05:30:00,HOLD,MIDCPNIFTY24OCT12700CE,2.95,-2178.0,0,NONE,Monitoring
2024-10-28,05:35:00,HOLD,MIDCPNIFTY24OCT12700CE,2.95,-2178.0,0,NONE,Monitoring
2024-10-28,05:40:00,HOLD,MIDCPNIFTY24OCT12700CE,2.95,-2178.0,0,NONE,Monitoring
2024-10-28,05:45:00,HOLD,MIDCPNIFTY24OCT12700CE,2.95,-2178.0,0,NONE,Monitoring
2024-10-28,05:50:00,HOLD,MIDCPNIFTY24OCT12700CE,2.95,-2178.0,0,NONE,Monitoring
2024-10-28,05:55:00,HOLD,MIDCPNIFTY24OCT12700CE,2.95,-2178.0,0,NONE,Monitoring
2024-10-28,06:00:00,HOLD,MIDCPNIFTY24OCT12700CE,2.95,-2178.0,0,NONE,Monitoring
2024-10-28,06:05:00,HOLD,MIDCPNIFTY24OCT12700CE,2.95,-2178.0,0,NONE,Monitoring
2024-10-28,06:10:00,HOLD,MIDCPNIFTY24OCT12700CE,2.95,-2178.0,0,NONE,Monitoring
2024-10-28,06:15:00,HOLD,MIDCPNIFTY24OCT12700CE,2.95,-2178.0,0,NONE,Monitoring
2024-10-28,06:20:00,HOLD,MIDCPNIFTY24OCT12700CE,2.95,-2178.0,0,NONE,Monitoring
2024-10-28,06:25:00,HOLD,MIDCPNIFTY24OCT12700CE,2.95,-2178.0,0,NONE,Monitoring
2024-10-28,06:30:00,HOLD,MIDCPNIFTY24OCT12700CE,2.95,-2178.0,0,NONE,Monitoring
2024-10-28,06:35:00,HOLD,MIDCPNIFTY24OCT12700CE,2.95,-2178.0,0,NONE,Monitoring
2024-10-28,06:40:00,HOLD,MIDCPNIFTY24OCT12700CE,2.95,-2178.0,0,NONE,Monitoring
2024-10-28,06:45:00,HOLD,MIDCPNIFTY24OCT12700CE,2.95,-2178.0,0,NONE,Monitoring
2024-10-28,06:50:00,HOLD,MIDCPNIFTY24OCT12700CE,2.95,-2178.0,0,NONE,Monitoring
2024-10-28,06:55:00,HOLD,MIDCPNIFTY24OCT12700CE,2.95,-2178.0,0,NONE,Monitoring
2024-10-28,07:00:00,HOLD,MIDCPNIFTY24OCT12700CE,2.95,-2178.0,0,NONE,Monitoring
2024-10-28,07:05:00,HOLD,MIDCPNIFTY24OCT12700CE,2.95,-2178.0,0,NONE,Monitoring
2024-10-28,07:10:00,HOLD,MIDCPNIFTY24OCT12700CE,2.95,-2178.0,0,NONE,Monitoring
2024-10-28,07:15:00,HOLD,MIDCPNIFTY24OCT12700CE,2.95,-2178.0,0,NONE,Monitoring
2024-10-28,07:20:00,HOLD,MIDCPNIFTY24OCT12700CE,2.95,-2178.0,0,NONE,Monitoring
2024-10-28,07:25:00,HOLD,MIDCPNIFTY24OCT12700CE,2.95,-2178.0,0,NONE,Monitoring
2024-10-28,07:30:00,HOLD,MIDCPNIFTY24OCT12700CE,2.95,-2178.0,0,NONE,Monitoring
2024-10-28,07:35:00,HOLD,MIDCPNIFTY24OCT12700CE,2.95,-2178.0,0,NONE,Monitoring
2024-10-28,07:40:00,HOLD,MIDCPNIFTY24OCT12700CE,2.95,-2178.0,0,NONE,Monitoring
2024-10-28,07:45:00,HOLD,MIDCPNIFTY24OCT12700CE,2.95,-2178.0,0,NONE,Monitoring
2024-10-28,07:50:00,HOLD,MIDCPNIFTY24OCT12700CE,2.95,-2178.0,0,NONE,Monitoring
2024-10-28,07:55:00,HOLD,MIDCPNIFTY24OCT12700CE,2.95,-2178.0,0,NONE,Monitoring
2024-10-28,08:00:00,HOLD,MIDCPNIFTY24OCT12700CE,2.95,-2178.0,0,NONE,Monitoring
2024-10-28,08:05:00,HOLD,MIDCPNIFTY24OCT12700CE,2.95,-2178.0,0,NONE,Monitoring
2024-10-28,08:10:00,HOLD,MIDCPNIFTY24OCT12700CE,2.95,-2178.0,0,NONE,Monitoring
2024-10-28,08:15:00,HOLD,MIDCPNIFTY24OCT12700CE,2.95,-2178.0,0,NONE,Monitoring
2024-10-28,08:20:00,HOLD,MIDCPNIFTY24OCT12700CE,2.95,-2178.0,0,NONE,Monitoring
2024-10-28,08:25:00,HOLD,MIDCPNIFTY24OCT12700CE,2.95,-2178.0,0,NONE,Monitoring
2024-10-28,08:30:00,HOLD,MIDCPNIFTY24OCT12700CE,2.95,-2178.0,0,NONE,Monitoring
2024-10-28,08:35:00,HOLD,MIDCPNIFTY24OCT12700CE,2.95,-2178.0,0,NONE,Monitoring
2024-10-28,08:40:00,HOLD,MIDCPNIFTY24OCT12700CE,2.95,-2178.0,0,NONE,Monitoring
2024-10-28,08:45:00,HOLD,MIDCPNIFTY24OCT12700CE,2.95,-2178.0,0,NONE,Monitoring
2024-10-28,08:50:00,HOLD,MIDCPNIFTY24OCT12700CE,2.95,-2178.0,0,NONE,Monitoring
2024-10-28,08:55:00,HOLD,MIDCPNIFTY24OCT12700CE,2.95,-2178.0,0,NONE,Monitoring
2024-10-28,09:00:00,HOLD,MIDCPNIFTY24OCT12700CE,2.95,-2178.0,0,NONE,Monitoring
2024-10-28,09:05:00,HOLD,MIDCPNIFTY24OCT12700CE,2.95,-2178.0,0,NONE,Monitoring
2024-10-28,09:10:00,HOLD,MIDCPNIFTY24OCT12700CE,2.95,-2178.0,0,NONE,Monitoring
2024-10-28,09:15:00,HOLD,MIDCPNIFTY24OCT12700CE,1.85,-2310.0,0,NONE,Monitoring
2024-10-28,09:20:00,HOLD,MIDCPNIFTY24OCT12700CE,2.2,-2268.0,0,NONE,Monitoring
2024-10-28,09:25:00,HOLD,MIDCPNIFTY24OCT12700CE,1.4,-2364.0,0,NONE,Monitoring
2024-10-28,09:30:00,HOLD,MIDCPNIFTY24OCT12700CE,1.15,-2394.0,0,NONE,Monitoring
2024-10-28,09:30:00,EXIT,MIDCPNIFTY24OCT12700CE,1.15,-2394.0,0,NONE,EMA_REVERSAL
