Date,Time,Event,Ticker,Price,PnL_INR,SL_Price,SL_Mode,Info
2024-11-07,09:55:00,ENTRY,MIDCPNIFTY24NOV12700PE,305.95,0.0,0,NONE,Signal PE
2024-11-08,03:45:00,HOLD,MIDCPNIFTY24NOV12700PE,305.95,0.0,0,NONE,Monitoring
2024-11-08,03:50:00,HOLD,MIDCPNIFTY24NOV12700PE,305.95,0.0,0,NONE,Monitoring
2024-11-08,03:55:00,HOLD,MIDCPNIFTY24NOV12700PE,305.95,0.0,0,NONE,Monitoring
2024-11-08,04:00:00,HOLD,MIDCPNIFTY24NOV12700PE,305.95,0.0,0,NONE,Monitoring
2024-11-08,04:05:00,HOLD,MIDCPNIFTY24NOV12700PE,305.95,0.0,0,NONE,Monitoring
2024-11-08,04:10:00,HOLD,MIDCPNIFTY24NOV12700PE,305.95,0.0,0,NONE,Monitoring
2024-11-08,04:15:00,HOLD,MIDCPNIFTY24NOV12700PE,305.95,0.0,0,NONE,Monitoring
2024-11-08,04:20:00,HOLD,MIDCPNIFTY24NOV12700PE,305.95,0.0,0,NONE,Monitoring
2024-11-08,04:25:00,HOLD,MIDCPNIFTY24NOV12700PE,305.95,0.0,0,NONE,Monitoring
2024-11-08,04:25:00,EXIT,MIDCPNIFTY24NOV12700PE,305.95,0.0,0,NONE,EMA_REVERSAL
