Date,Time,Event,Ticker,Price,PnL_INR,SL_Price,SL_Mode,Info
2023-10-13,09:20:00,ENTRY,MIDCPNIFTY23OCT9100PE,245.05,0.0,0,NONE,Signal PE
2023-10-13,09:25:00,HOLD,MIDCPNIFTY23OCT9100PE,245.05,0.0,0,NONE,Monitoring
2023-10-13,09:30:00,HOLD,MIDCPNIFTY23OCT9100PE,245.05,0.0,0,NONE,Monitoring
2023-10-13,09:35:00,HOLD,MIDCPNIFTY23OCT9100PE,245.05,0.0,0,NONE,Monitoring
2023-10-13,09:40:00,HOLD,MIDCPNIFTY23OCT9100PE,245.05,0.0,0,NONE,Monitoring
2023-10-13,09:45:00,HOLD,MIDCPNIFTY23OCT9100PE,245.05,0.0,0,NONE,Monitoring
2023-10-13,09:50:00,HOLD,MIDCPNIFTY23OCT9100PE,245.05,0.0,0,NONE,Monitoring
2023-10-13,09:55:00,HOLD,MIDCPNIFTY23OCT9100PE,245.05,0.0,0,NONE,Monitoring
2023-10-16,03:45:00,HOLD,MIDCPNIFTY23OCT9100PE,245.05,0.0,0,NONE,Monitoring
2023-10-16,03:50:00,HOLD,MIDCPNIFTY23OCT9100PE,245.05,0.0,0,NONE,Monitoring
2023-10-16,03:55:00,HOLD,MIDCPNIFTY23OCT9100PE,245.05,0.0,0,NONE,Monitoring
2023-10-16,04:00:00,HOLD,MIDCPNIFTY23OCT9100PE,245.05,0.0,0,NONE,Monitoring
2023-10-16,04:05:00,HOLD,MIDCPNIFTY23OCT9100PE,245.05,0.0,0,NONE,Monitoring
2023-10-16,04:10:00,HOLD,MIDCPNIFTY23OCT9100PE,245.05,0.0,0,NONE,Monitoring
2023-10-16,04:15:00,HOLD,MIDCPNIFTY23OCT9100PE,245.05,0.0,0,NONE,Monitoring
2023-10-16,04:20:00,HOLD,MIDCPNIFTY23OCT9100PE,245.05,0.0,0,NONE,Monitoring
2023-10-16,04:25:00,HOLD,MIDCPNIFTY23OCT9100PE,245.05,0.0,0,NONE,Monitoring
2023-10-16,04:30:00,HOLD,MIDCPNIFTY23OCT9100PE,245.05,0.0,0,NONE,Monitoring
2023-10-16,04:35:00,HOLD,MIDCPNIFTY23OCT9100PE,245.05,0.0,0,NONE,Monitoring
2023-10-16,04:35:00,EXIT,MIDCPNIFTY23OCT9100PE,245.05,0.0,0,NONE,EMA_REVERSAL
