Date,Time,Event,Ticker,Price,PnL_INR,SL_Price,SL_Mode,Info
2025-01-06,09:45:00,ENTRY,MIDCPNIFTY25JAN13000PE,252.05,0.0,0.0,NONE,Signal PE
2025-01-06,09:50:00,HOLD,MIDCPNIFTY25JAN13000PE,254.1,246.0,0.0,NONE,Monitoring
2025-01-06,09:55:00,HOLD,MIDCPNIFTY25JAN13000PE,256.95,588.0,0.0,NONE,Monitoring
2025-01-07,03:45:00,HOLD,MIDCPNIFTY25JAN13000PE,414.0,19434.0,0.0,NONE,Monitoring
2025-01-07,03:45:00,TSL_UPDATE,MIDCPNIFTY25JAN13000PE,414.0,19434.0,252.05,COST,Moved to Cost
2025-01-07,03:45:00,TSL_UPDATE,MIDCPNIFTY25JAN13000PE,414.0,19434.0,385.38,TRAILING,Stepped Up
2025-01-07,03:45:00,EXIT,MIDCPNIFTY25JAN13000PE,414.0,19434.0,385.38,TRAILING,EMA_REVERSAL
