Date,Time,Event,Ticker,Price,PnL_INR,SL_Price,SL_Mode,Info
2024-05-22,09:25:00,ENTRY,MIDCPNIFTY24MAY11300PE,62.45,0.0,0.0,NONE,Signal PE
2024-05-22,09:30:00,HOLD,MIDCPNIFTY24MAY11300PE,62.5,6.0,0.0,NONE,Monitoring
2024-05-22,09:35:00,HOLD,MIDCPNIFTY24MAY11300PE,75.3,1542.0,0.0,NONE,Monitoring
2024-05-22,09:40:00,HOLD,MIDCPNIFTY24MAY11300PE,97.45,4200.0,0.0,NONE,Monitoring
2024-05-22,09:40:00,TSL_UPDATE,MIDCPNIFTY24MAY11300PE,97.45,4200.0,62.45,COST,Moved to Cost
2024-05-22,09:40:00,TSL_UPDATE,MIDCPNIFTY24MAY11300PE,97.45,4200.0,70.78,TRAILING,Stepped Up
2024-05-22,09:45:00,HOLD,MIDCPNIFTY24MAY11300PE,95.75,3996.0,70.78,TRAILING,Monitoring
2024-05-22,09:45:00,EXIT,MIDCPNIFTY24MAY11300PE,95.75,3996.0,70.78,TRAILING,EMA_REVERSAL
