Date,Time,Event,Ticker,Price,PnL_INR,SL_Price,SL_Mode,Info
2024-01-20,09:30:00,ENTRY,MIDCPNIFTY24JAN10600PE,121.5,0.0,0,NONE,Signal PE
2024-01-20,09:35:00,HOLD,MIDCPNIFTY24JAN10600PE,120.95,-66.0,0,NONE,Monitoring
2024-01-20,09:40:00,HOLD,MIDCPNIFTY24JAN10600PE,127.2,684.0,0,NONE,Monitoring
2024-01-20,09:45:00,HOLD,MIDCPNIFTY24JAN10600PE,133.15,1398.0,0,NONE,Monitoring
2024-01-20,09:50:00,HOLD,MIDCPNIFTY24JAN10600PE,132.0,1260.0,0,NONE,Monitoring
2024-01-20,09:55:00,HOLD,MIDCPNIFTY24JAN10600PE,132.0,1260.0,0,NONE,Monitoring
2024-01-23,03:45:00,HOLD,MIDCPNIFTY24JAN10600PE,115.0,-780.0,0,NONE,Monitoring
2024-01-23,03:50:00,HOLD,MIDCPNIFTY24JAN10600PE,115.0,-780.0,0,NONE,Monitoring
2024-01-23,03:55:00,HOLD,MIDCPNIFTY24JAN10600PE,115.0,-780.0,0,NONE,Monitoring
2024-01-23,04:00:00,HOLD,MIDCPNIFTY24JAN10600PE,115.0,-780.0,0,NONE,Monitoring
2024-01-23,04:00:00,EXIT,MIDCPNIFTY24JAN10600PE,115.0,-780.0,0,NONE,EMA_REVERSAL
