Date,Time,Event,Ticker,Price,PnL_INR,SL_Price,SL_Mode,Info
2025-05-22,09:35:00,ENTRY,MIDCPNIFTY25MAY12600CE,139.4,0.0,0,NONE,Signal CE
2025-05-22,09:40:00,HOLD,MIDCPNIFTY25MAY12600CE,146.4,840.0,0,NONE,Monitoring
2025-05-22,09:45:00,HOLD,MIDCPNIFTY25MAY12600CE,140.05,78.0,0,NONE,Monitoring
2025-05-22,09:50:00,HOLD,MIDCPNIFTY25MAY12600CE,142.4,360.0,0,NONE,Monitoring
2025-05-22,09:55:00,HOLD,MIDCPNIFTY25MAY12600CE,151.95,1506.0,0,NONE,Monitoring
2025-05-23,03:45:00,HOLD,MIDCPNIFTY25MAY12600CE,124.0,-1848.0,0,NONE,Monitoring
2025-05-23,03:50:00,HOLD,MIDCPNIFTY25MAY12600CE,124.0,-1848.0,0,NONE,Monitoring
2025-05-23,03:55:00,HOLD,MIDCPNIFTY25MAY12600CE,124.0,-1848.0,0,NONE,Monitoring
2025-05-23,04:00:00,HOLD,MIDCPNIFTY25MAY12600CE,124.0,-1848.0,0,NONE,Monitoring
2025-05-23,04:05:00,HOLD,MIDCPNIFTY25MAY12600CE,124.0,-1848.0,0,NONE,Monitoring
2025-05-23,04:10:00,HOLD,MIDCPNIFTY25MAY12600CE,124.0,-1848.0,0,NONE,Monitoring
2025-05-23,04:15:00,HOLD,MIDCPNIFTY25MAY12600CE,124.0,-1848.0,0,NONE,Monitoring
2025-05-23,04:20:00,HOLD,MIDCPNIFTY25MAY12600CE,124.0,-1848.0,0,NONE,Monitoring
2025-05-23,04:25:00,HOLD,MIDCPNIFTY25MAY12600CE,124.0,-1848.0,0,NONE,Monitoring
2025-05-23,04:30:00,HOLD,MIDCPNIFTY25MAY12600CE,124.0,-1848.0,0,NONE,Monitoring
2025-05-23,04:35:00,HOLD,MIDCPNIFTY25MAY12600CE,124.0,-1848.0,0,NONE,Monitoring
2025-05-23,04:40:00,HOLD,MIDCPNIFTY25MAY12600CE,124.0,-1848.0,0,NONE,Monitoring
2025-05-23,04:45:00,HOLD,MIDCPNIFTY25MAY12600CE,124.0,-1848.0,0,NONE,Monitoring
2025-05-23,04:50:00,HOLD,MIDCPNIFTY25MAY12600CE,124.0,-1848.0,0,NONE,Monitoring
2025-05-23,04:55:00,HOLD,MIDCPNIFTY25MAY12600CE,124.0,-1848.0,0,NONE,Monitoring
2025-05-23,05:00:00,HOLD,MIDCPNIFTY25MAY12600CE,124.0,-1848.0,0,NONE,Monitoring
2025-05-23,05:05:00,HOLD,MIDCPNIFTY25MAY12600CE,124.0,-1848.0,0,NONE,Monitoring
2025-05-23,05:10:00,HOLD,MIDCPNIFTY25MAY12600CE,124.0,-1848.0,0,NONE,Monitoring
2025-05-23,05:15:00,HOLD,MIDCPNIFTY25MAY12600CE,124.0,-1848.0,0,NONE,Monitoring
2025-05-23,05:20:00,HOLD,MIDCPNIFTY25MAY12600CE,124.0,-1848.0,0,NONE,Monitoring
2025-05-23,05:25:00,HOLD,MIDCPNIFTY25MAY12600CE,124.0,-1848.0,0,NONE,Monitoring
2025-05-23,05:30:00,HOLD,MIDCPNIFTY25MAY12600CE,124.0,-1848.0,0,NONE,Monitoring
2025-05-23,05:35:00,HOLD,MIDCPNIFTY25MAY12600CE,124.0,-1848.0,0,NONE,Monitoring
2025-05-23,05:40:00,HOLD,MIDCPNIFTY25MAY12600CE,124.0,-1848.0,0,NONE,Monitoring
2025-05-23,05:45:00,HOLD,MIDCPNIFTY25MAY12600CE,124.0,-1848.0,0,NONE,Monitoring
2025-05-23,05:50:00,HOLD,MIDCPNIFTY25MAY12600CE,124.0,-1848.0,0,NONE,Monitoring
2025-05-23,05:55:00,HOLD,MIDCPNIFTY25MAY12600CE,124.0,-1848.0,0,NONE,Monitoring
2025-05-23,06:00:00,HOLD,MIDCPNIFTY25MAY12600CE,124.0,-1848.0,0,NONE,Monitoring
2025-05-23,06:05:00,HOLD,MIDCPNIFTY25MAY12600CE,124.0,-1848.0,0,NONE,Monitoring
2025-05-23,06:10:00,HOLD,MIDCPNIFTY25MAY12600CE,124.0,-1848.0,0,NONE,Monitoring
2025-05-23,06:15:00,HOLD,MIDCPNIFTY25MAY12600CE,124.0,-1848.0,0,NONE,Monitoring
2025-05-23,06:15:00,EXIT,MIDCPNIFTY25MAY12600CE,124.0,-1848.0,0,NONE,EMA_REVERSAL
