Date,Time,Event,Ticker,Price,PnL_INR,SL_Price,SL_Mode,Info
2025-04-22,09:25:00,ENTRY,MIDCPNIFTY25MAY11900PE,287.0,0.0,0,NONE,Signal PE
2025-04-22,09:30:00,HOLD,MIDCPNIFTY25MAY11900PE,287.0,0.0,0,NONE,Monitoring
2025-04-22,09:35:00,HOLD,MIDCPNIFTY25MAY11900PE,287.0,0.0,0,NONE,Monitoring
2025-04-22,09:40:00,HOLD,MIDCPNIFTY25MAY11900PE,287.0,0.0,0,NONE,Monitoring
2025-04-22,09:45:00,HOLD,MIDCPNIFTY25MAY11900PE,287.0,0.0,0,NONE,Monitoring
2025-04-22,09:50:00,HOLD,MIDCPNIFTY25MAY11900PE,287.0,0.0,0,NONE,Monitoring
2025-04-22,09:55:00,HOLD,MIDCPNIFTY25MAY11900PE,287.0,0.0,0,NONE,Monitoring
2025-04-23,03:45:00,HOLD,MIDCPNIFTY25MAY11900PE,287.0,0.0,0,NONE,Monitoring
2025-04-23,03:45:00,EXIT,MIDCPNIFTY25MAY11900PE,287.0,0.0,0,NONE,EMA_REVERSAL
