Date,Time,Event,Ticker,Price,PnL_INR,SL_Price,SL_Mode,Info
2024-05-23,09:45:00,ENTRY,MIDCPNIFTY24MAY11500CE,22.45,0.0,0,NONE,Signal CE
2024-05-23,09:50:00,HOLD,MIDCPNIFTY24MAY11500CE,22.0,-54.0,0,NONE,Monitoring
2024-05-23,09:55:00,HOLD,MIDCPNIFTY24MAY11500CE,22.0,-54.0,0,NONE,Monitoring
2024-05-24,03:45:00,HOLD,MIDCPNIFTY24MAY11500CE,28.75,756.0,0,NONE,Monitoring
2024-05-24,03:50:00,HOLD,MIDCPNIFTY24MAY11500CE,28.75,756.0,0,NONE,Monitoring
2024-05-24,03:55:00,HOLD,MIDCPNIFTY24MAY11500CE,28.75,756.0,0,NONE,Monitoring
2024-05-24,04:00:00,HOLD,MIDCPNIFTY24MAY11500CE,28.75,756.0,0,NONE,Monitoring
2024-05-24,04:05:00,HOLD,MIDCPNIFTY24MAY11500CE,28.75,756.0,0,NONE,Monitoring
2024-05-24,04:10:00,HOLD,MIDCPNIFTY24MAY11500CE,28.75,756.0,0,NONE,Monitoring
2024-05-24,04:15:00,HOLD,MIDCPNIFTY24MAY11500CE,28.75,756.0,0,NONE,Monitoring
2024-05-24,04:20:00,HOLD,MIDCPNIFTY24MAY11500CE,28.75,756.0,0,NONE,Monitoring
2024-05-24,04:25:00,HOLD,MIDCPNIFTY24MAY11500CE,28.75,756.0,0,NONE,Monitoring
2024-05-24,04:30:00,HOLD,MIDCPNIFTY24MAY11500CE,28.75,756.0,0,NONE,Monitoring
2024-05-24,04:30:00,EXIT,MIDCPNIFTY24MAY11500CE,28.75,756.0,0,NONE,EMA_REVERSAL
