Date,Time,Event,Ticker,Price,PnL_INR,SL_Price,SL_Mode,Info
2024-02-13,09:20:00,ENTRY,MIDCPNIFTY24FEB10800CE,128.55,0.0,0,NONE,Signal CE
2024-02-13,09:25:00,HOLD,MIDCPNIFTY24FEB10800CE,117.4,-1338.0,0,NONE,Monitoring
2024-02-13,09:30:00,HOLD,MIDCPNIFTY24FEB10800CE,90.0,-4626.0,0,NONE,Monitoring
2024-02-13,09:35:00,HOLD,MIDCPNIFTY24FEB10800CE,90.0,-4626.0,0,NONE,Monitoring
2024-02-13,09:40:00,HOLD,MIDCPNIFTY24FEB10800CE,94.15,-4128.0,0,NONE,Monitoring
2024-02-13,09:45:00,HOLD,MIDCPNIFTY24FEB10800CE,94.15,-4128.0,0,NONE,Monitoring
2024-02-13,09:50:00,HOLD,MIDCPNIFTY24FEB10800CE,98.9,-3558.0,0,NONE,Monitoring
2024-02-13,09:55:00,HOLD,MIDCPNIFTY24FEB10800CE,98.9,-3558.0,0,NONE,Monitoring
2024-02-14,03:45:00,HOLD,MIDCPNIFTY24FEB10800CE,112.5,-1926.0,0,NONE,Monitoring
2024-02-14,03:45:00,EXIT,MIDCPNIFTY24FEB10800CE,112.5,-1926.0,0,NONE,EMA_REVERSAL
