Date,Time,Event,Ticker,Price,PnL_INR,SL_Price,SL_Mode,Info
2025-03-25,09:40:00,ENTRY,MIDCPNIFTY25APR11700PE,255.0,0.0,0.0,NONE,Signal PE
2025-03-25,09:45:00,HOLD,MIDCPNIFTY25APR11700PE,253.3,-204.0,0.0,NONE,Monitoring
2025-03-25,09:50:00,HOLD,MIDCPNIFTY25APR11700PE,253.3,-204.0,0.0,NONE,Monitoring
2025-03-25,09:55:00,HOLD,MIDCPNIFTY25APR11700PE,253.3,-204.0,0.0,NONE,Monitoring
2025-03-26,03:45:00,HOLD,MIDCPNIFTY25APR11700PE,345.9,10908.0,0.0,NONE,Monitoring
2025-03-26,03:45:00,TSL_UPDATE,MIDCPNIFTY25APR11700PE,345.9,10908.0,255.0,COST,Moved to Cost
2025-03-26,03:45:00,TSL_UPDATE,MIDCPNIFTY25APR11700PE,345.9,10908.0,317.5,TRAILING,Stepped Up
2025-03-26,03:50:00,HOLD,MIDCPNIFTY25APR11700PE,345.9,10908.0,317.5,TRAILING,Monitoring
2025-03-26,03:55:00,HOLD,MIDCPNIFTY25APR11700PE,345.9,10908.0,317.5,TRAILING,Monitoring
2025-03-26,03:55:00,EXIT,MIDCPNIFTY25APR11700PE,345.9,10908.0,317.5,TRAILING,EMA_REVERSAL
