Date,Time,Event,Ticker,Price,PnL_INR,SL_Price,SL_Mode,Info
2025-10-24,09:45:00,ENTRY,MIDCPNIFTY25OCT13300CE,71.35,0.0,0.0,NONE,Signal CE
2025-10-24,09:50:00,HOLD,MIDCPNIFTY25OCT13300CE,66.95,-528.0,0.0,NONE,Monitoring
2025-10-24,09:55:00,HOLD,MIDCPNIFTY25OCT13300CE,77.9,786.0,0.0,NONE,Monitoring
2025-10-27,03:45:00,HOLD,MIDCPNIFTY25OCT13300CE,16.8,-6546.0,0.0,NONE,Monitoring
2025-10-27,03:50:00,HOLD,MIDCPNIFTY25OCT13300CE,16.8,-6546.0,0.0,NONE,Monitoring
2025-10-27,03:55:00,HOLD,MIDCPNIFTY25OCT13300CE,16.8,-6546.0,0.0,NONE,Monitoring
2025-10-27,04:00:00,HOLD,MIDCPNIFTY25OCT13300CE,16.8,-6546.0,0.0,NONE,Monitoring
2025-10-27,04:05:00,HOLD,MIDCPNIFTY25OCT13300CE,16.8,-6546.0,0.0,NONE,Monitoring
2025-10-27,04:10:00,HOLD,MIDCPNIFTY25OCT13300CE,16.8,-6546.0,0.0,NONE,Monitoring
2025-10-27,04:15:00,HOLD,MIDCPNIFTY25OCT13300CE,16.8,-6546.0,0.0,NONE,Monitoring
2025-10-27,04:20:00,HOLD,MIDCPNIFTY25OCT13300CE,16.8,-6546.0,0.0,NONE,Monitoring
2025-10-27,04:25:00,HOLD,MIDCPNIFTY25OCT13300CE,16.8,-6546.0,0.0,NONE,Monitoring
2025-10-27,04:30:00,HOLD,MIDCPNIFTY25OCT13300CE,16.8,-6546.0,0.0,NONE,Monitoring
2025-10-27,04:35:00,HOLD,MIDCPNIFTY25OCT13300CE,16.8,-6546.0,0.0,NONE,Monitoring
2025-10-27,04:40:00,HOLD,MIDCPNIFTY25OCT13300CE,16.8,-6546.0,0.0,NONE,Monitoring
2025-10-27,04:45:00,HOLD,MIDCPNIFTY25OCT13300CE,16.8,-6546.0,0.0,NONE,Monitoring
2025-10-27,04:50:00,HOLD,MIDCPNIFTY25OCT13300CE,16.8,-6546.0,0.0,NONE,Monitoring
2025-10-27,04:55:00,HOLD,MIDCPNIFTY25OCT13300CE,16.8,-6546.0,0.0,NONE,Monitoring
2025-10-27,05:00:00,HOLD,MIDCPNIFTY25OCT13300CE,16.8,-6546.0,0.0,NONE,Monitoring
2025-10-27,05:05:00,HOLD,MIDCPNIFTY25OCT13300CE,16.8,-6546.0,0.0,NONE,Monitoring
2025-10-27,05:10:00,HOLD,MIDCPNIFTY25OCT13300CE,16.8,-6546.0,0.0,NONE,Monitoring
2025-10-27,05:15:00,HOLD,MIDCPNIFTY25OCT13300CE,16.8,-6546.0,0.0,NONE,Monitoring
2025-10-27,05:20:00,HOLD,MIDCPNIFTY25OCT13300CE,16.8,-6546.0,0.0,NONE,Monitoring
2025-10-27,05:25:00,HOLD,MIDCPNIFTY25OCT13300CE,16.8,-6546.0,0.0,NONE,Monitoring
2025-10-27,05:30:00,HOLD,MIDCPNIFTY25OCT13300CE,16.8,-6546.0,0.0,NONE,Monitoring
2025-10-27,05:35:00,HOLD,MIDCPNIFTY25OCT13300CE,16.8,-6546.0,0.0,NONE,Monitoring
2025-10-27,05:40:00,HOLD,MIDCPNIFTY25OCT13300CE,16.8,-6546.0,0.0,NONE,Monitoring
2025-10-27,05:45:00,HOLD,MIDCPNIFTY25OCT13300CE,16.8,-6546.0,0.0,NONE,Monitoring
2025-10-27,05:50:00,HOLD,MIDCPNIFTY25OCT13300CE,16.8,-6546.0,0.0,NONE,Monitoring
2025-10-27,05:55:00,HOLD,MIDCPNIFTY25OCT13300CE,16.8,-6546.0,0.0,NONE,Monitoring
2025-10-27,06:00:00,HOLD,MIDCPNIFTY25OCT13300CE,16.8,-6546.0,0.0,NONE,Monitoring
2025-10-27,06:05:00,HOLD,MIDCPNIFTY25OCT13300CE,16.8,-6546.0,0.0,NONE,Monitoring
2025-10-27,06:10:00,HOLD,MIDCPNIFTY25OCT13300CE,16.8,-6546.0,0.0,NONE,Monitoring
2025-10-27,06:15:00,HOLD,MIDCPNIFTY25OCT13300CE,16.8,-6546.0,0.0,NONE,Monitoring
2025-10-27,06:20:00,HOLD,MIDCPNIFTY25OCT13300CE,16.8,-6546.0,0.0,NONE,Monitoring
2025-10-27,06:25:00,HOLD,MIDCPNIFTY25OCT13300CE,16.8,-6546.0,0.0,NONE,Monitoring
2025-10-27,06:30:00,HOLD,MIDCPNIFTY25OCT13300CE,16.8,-6546.0,0.0,NONE,Monitoring
2025-10-27,06:35:00,HOLD,MIDCPNIFTY25OCT13300CE,16.8,-6546.0,0.0,NONE,Monitoring
2025-10-27,06:40:00,HOLD,MIDCPNIFTY25OCT13300CE,16.8,-6546.0,0.0,NONE,Monitoring
2025-10-27,06:45:00,HOLD,MIDCPNIFTY25OCT13300CE,16.8,-6546.0,0.0,NONE,Monitoring
2025-10-27,06:50:00,HOLD,MIDCPNIFTY25OCT13300CE,16.8,-6546.0,0.0,NONE,Monitoring
2025-10-27,06:55:00,HOLD,MIDCPNIFTY25OCT13300CE,16.8,-6546.0,0.0,NONE,Monitoring
2025-10-27,07:00:00,HOLD,MIDCPNIFTY25OCT13300CE,16.8,-6546.0,0.0,NONE,Monitoring
2025-10-27,07:05:00,HOLD,MIDCPNIFTY25OCT13300CE,16.8,-6546.0,0.0,NONE,Monitoring
2025-10-27,07:10:00,HOLD,MIDCPNIFTY25OCT13300CE,16.8,-6546.0,0.0,NONE,Monitoring
2025-10-27,07:15:00,HOLD,MIDCPNIFTY25OCT13300CE,16.8,-6546.0,0.0,NONE,Monitoring
2025-10-27,07:20:00,HOLD,MIDCPNIFTY25OCT13300CE,16.8,-6546.0,0.0,NONE,Monitoring
2025-10-27,07:25:00,HOLD,MIDCPNIFTY25OCT13300CE,16.8,-6546.0,0.0,NONE,Monitoring
2025-10-27,07:30:00,HOLD,MIDCPNIFTY25OCT13300CE,16.8,-6546.0,0.0,NONE,Monitoring
2025-10-27,07:35:00,HOLD,MIDCPNIFTY25OCT13300CE,16.8,-6546.0,0.0,NONE,Monitoring
2025-10-27,07:40:00,HOLD,MIDCPNIFTY25OCT13300CE,16.8,-6546.0,0.0,NONE,Monitoring
2025-10-27,07:45:00,HOLD,MIDCPNIFTY25OCT13300CE,16.8,-6546.0,0.0,NONE,Monitoring
2025-10-27,07:50:00,HOLD,MIDCPNIFTY25OCT13300CE,16.8,-6546.0,0.0,NONE,Monitoring
2025-10-27,07:55:00,HOLD,MIDCPNIFTY25OCT13300CE,16.8,-6546.0,0.0,NONE,Monitoring
2025-10-27,08:00:00,HOLD,MIDCPNIFTY25OCT13300CE,16.8,-6546.0,0.0,NONE,Monitoring
2025-10-27,08:05:00,HOLD,MIDCPNIFTY25OCT13300CE,16.8,-6546.0,0.0,NONE,Monitoring
2025-10-27,08:10:00,HOLD,MIDCPNIFTY25OCT13300CE,16.8,-6546.0,0.0,NONE,Monitoring
2025-10-27,08:15:00,HOLD,MIDCPNIFTY25OCT13300CE,16.8,-6546.0,0.0,NONE,Monitoring
2025-10-27,08:20:00,HOLD,MIDCPNIFTY25OCT13300CE,16.8,-6546.0,0.0,NONE,Monitoring
2025-10-27,08:25:00,HOLD,MIDCPNIFTY25OCT13300CE,16.8,-6546.0,0.0,NONE,Monitoring
2025-10-27,08:30:00,HOLD,MIDCPNIFTY25OCT13300CE,16.8,-6546.0,0.0,NONE,Monitoring
2025-10-27,08:35:00,HOLD,MIDCPNIFTY25OCT13300CE,16.8,-6546.0,0.0,NONE,Monitoring
2025-10-27,08:40:00,HOLD,MIDCPNIFTY25OCT13300CE,16.8,-6546.0,0.0,NONE,Monitoring
2025-10-27,08:45:00,HOLD,MIDCPNIFTY25OCT13300CE,16.8,-6546.0,0.0,NONE,Monitoring
2025-10-27,08:50:00,HOLD,MIDCPNIFTY25OCT13300CE,16.8,-6546.0,0.0,NONE,Monitoring
2025-10-27,08:55:00,HOLD,MIDCPNIFTY25OCT13300CE,16.8,-6546.0,0.0,NONE,Monitoring
2025-10-27,09:00:00,HOLD,MIDCPNIFTY25OCT13300CE,16.8,-6546.0,0.0,NONE,Monitoring
2025-10-27,09:05:00,HOLD,MIDCPNIFTY25OCT13300CE,16.8,-6546.0,0.0,NONE,Monitoring
2025-10-27,09:10:00,HOLD,MIDCPNIFTY25OCT13300CE,16.8,-6546.0,0.0,NONE,Monitoring
2025-10-27,09:15:00,HOLD,MIDCPNIFTY25OCT13300CE,41.45,-3588.0,0.0,NONE,Monitoring
2025-10-27,09:20:00,HOLD,MIDCPNIFTY25OCT13300CE,46.2,-3018.0,0.0,NONE,Monitoring
2025-10-27,09:25:00,HOLD,MIDCPNIFTY25OCT13300CE,54.2,-2058.0,0.0,NONE,Monitoring
2025-10-27,09:30:00,HOLD,MIDCPNIFTY25OCT13300CE,56.8,-1746.0,0.0,NONE,Monitoring
2025-10-27,09:35:00,HOLD,MIDCPNIFTY25OCT13300CE,63.85,-900.0,0.0,NONE,Monitoring
2025-10-27,09:40:00,HOLD,MIDCPNIFTY25OCT13300CE,61.0,-1242.0,0.0,NONE,Monitoring
2025-10-27,09:45:00,HOLD,MIDCPNIFTY25OCT13300CE,59.5,-1422.0,0.0,NONE,Monitoring
2025-10-27,09:50:00,HOLD,MIDCPNIFTY25OCT13300CE,63.65,-924.0,0.0,NONE,Monitoring
2025-10-27,09:55:00,HOLD,MIDCPNIFTY25OCT13300CE,60.2,-1338.0,0.0,NONE,Monitoring
2025-10-28,03:45:00,HOLD,MIDCPNIFTY25OCT13300CE,102.5,3738.0,0.0,NONE,Monitoring
2025-10-28,03:45:00,TSL_UPDATE,MIDCPNIFTY25OCT13300CE,102.5,3738.0,71.35,COST,Moved to Cost
2025-10-28,03:45:00,TSL_UPDATE,MIDCPNIFTY25OCT13300CE,102.5,3738.0,75.52,TRAILING,Stepped Up
2025-10-28,03:50:00,HOLD,MIDCPNIFTY25OCT13300CE,102.5,3738.0,75.52,TRAILING,Monitoring
2025-10-28,03:55:00,HOLD,MIDCPNIFTY25OCT13300CE,102.5,3738.0,75.52,TRAILING,Monitoring
2025-10-28,04:00:00,HOLD,MIDCPNIFTY25OCT13300CE,102.5,3738.0,75.52,TRAILING,Monitoring
2025-10-28,04:05:00,HOLD,MIDCPNIFTY25OCT13300CE,102.5,3738.0,75.52,TRAILING,Monitoring
2025-10-28,04:10:00,HOLD,MIDCPNIFTY25OCT13300CE,102.5,3738.0,75.52,TRAILING,Monitoring
2025-10-28,04:15:00,HOLD,MIDCPNIFTY25OCT13300CE,102.5,3738.0,75.52,TRAILING,Monitoring
2025-10-28,04:20:00,HOLD,MIDCPNIFTY25OCT13300CE,102.5,3738.0,75.52,TRAILING,Monitoring
2025-10-28,04:25:00,HOLD,MIDCPNIFTY25OCT13300CE,102.5,3738.0,75.52,TRAILING,Monitoring
2025-10-28,04:30:00,HOLD,MIDCPNIFTY25OCT13300CE,102.5,3738.0,75.52,TRAILING,Monitoring
2025-10-28,04:35:00,HOLD,MIDCPNIFTY25OCT13300CE,102.5,3738.0,75.52,TRAILING,Monitoring
2025-10-28,04:40:00,HOLD,MIDCPNIFTY25OCT13300CE,102.5,3738.0,75.52,TRAILING,Monitoring
2025-10-28,04:45:00,HOLD,MIDCPNIFTY25OCT13300CE,102.5,3738.0,75.52,TRAILING,Monitoring
2025-10-28,04:50:00,HOLD,MIDCPNIFTY25OCT13300CE,102.5,3738.0,75.52,TRAILING,Monitoring
2025-10-28,04:55:00,HOLD,MIDCPNIFTY25OCT13300CE,102.5,3738.0,75.52,TRAILING,Monitoring
2025-10-28,05:00:00,HOLD,MIDCPNIFTY25OCT13300CE,102.5,3738.0,75.52,TRAILING,Monitoring
2025-10-28,05:05:00,HOLD,MIDCPNIFTY25OCT13300CE,102.5,3738.0,75.52,TRAILING,Monitoring
2025-10-28,05:05:00,EXIT,MIDCPNIFTY25OCT13300CE,102.5,3738.0,75.52,TRAILING,EMA_REVERSAL
