Date,Time,Event,Ticker,Price,PnL_INR,SL_Price,SL_Mode,Info
2024-07-05,09:35:00,ENTRY,MIDCPNIFTY24JUL12500CE,220.0,0.0,0.0,NONE,Signal CE
2024-07-05,09:40:00,HOLD,MIDCPNIFTY24JUL12500CE,220.0,0.0,0.0,NONE,Monitoring
2024-07-05,09:45:00,HOLD,MIDCPNIFTY24JUL12500CE,220.0,0.0,0.0,NONE,Monitoring
2024-07-05,09:50:00,HOLD,MIDCPNIFTY24JUL12500CE,220.0,0.0,0.0,NONE,Monitoring
2024-07-05,09:55:00,HOLD,MIDCPNIFTY24JUL12500CE,225.0,600.0,0.0,NONE,Monitoring
2024-07-08,03:45:00,HOLD,MIDCPNIFTY24JUL12500CE,268.8,5856.0,0.0,NONE,Monitoring
2024-07-08,03:45:00,TSL_UPDATE,MIDCPNIFTY24JUL12500CE,268.8,5856.0,220.0,COST,Moved to Cost
2024-07-08,03:45:00,TSL_UPDATE,MIDCPNIFTY24JUL12500CE,268.8,5856.0,240.83,TRAILING,Stepped Up
2024-07-08,03:50:00,HOLD,MIDCPNIFTY24JUL12500CE,268.8,5856.0,240.83,TRAILING,Monitoring
2024-07-08,03:55:00,HOLD,MIDCPNIFTY24JUL12500CE,268.8,5856.0,240.83,TRAILING,Monitoring
2024-07-08,04:00:00,HOLD,MIDCPNIFTY24JUL12500CE,268.8,5856.0,240.83,TRAILING,Monitoring
2024-07-08,04:05:00,HOLD,MIDCPNIFTY24JUL12500CE,268.8,5856.0,240.83,TRAILING,Monitoring
2024-07-08,04:10:00,HOLD,MIDCPNIFTY24JUL12500CE,268.8,5856.0,240.83,TRAILING,Monitoring
2024-07-08,04:10:00,EXIT,MIDCPNIFTY24JUL12500CE,268.8,5856.0,240.83,TRAILING,EMA_REVERSAL
