Date,Time,Event,Ticker,Price,PnL_INR,SL_Price,SL_Mode,Info
2024-06-10,09:30:00,ENTRY,MIDCPNIFTY24JUN11900CE,62.15,0.0,0.0,NONE,Signal CE
2024-06-10,09:35:00,HOLD,MIDCPNIFTY24JUN11900CE,62.15,0.0,0.0,NONE,Monitoring
2024-06-10,09:40:00,HOLD,MIDCPNIFTY24JUN11900CE,62.15,0.0,0.0,NONE,Monitoring
2024-06-10,09:45:00,HOLD,MIDCPNIFTY24JUN11900CE,62.15,0.0,0.0,NONE,Monitoring
2024-06-10,09:50:00,HOLD,MIDCPNIFTY24JUN11900CE,131.35,8304.0,0.0,NONE,Monitoring
2024-06-10,09:50:00,TSL_UPDATE,MIDCPNIFTY24JUN11900CE,131.35,8304.0,62.15,COST,Moved to Cost
2024-06-10,09:50:00,TSL_UPDATE,MIDCPNIFTY24JUN11900CE,131.35,8304.0,103.82,TRAILING,Stepped Up
2024-06-10,09:55:00,HOLD,MIDCPNIFTY24JUN11900CE,131.35,8304.0,103.82,TRAILING,Monitoring
2024-06-11,03:45:00,HOLD,MIDCPNIFTY24JUN11900CE,130.65,8220.0,103.82,TRAILING,Monitoring
2024-06-11,03:50:00,HOLD,MIDCPNIFTY24JUN11900CE,130.65,8220.0,103.82,TRAILING,Monitoring
2024-06-11,03:55:00,HOLD,MIDCPNIFTY24JUN11900CE,130.65,8220.0,103.82,TRAILING,Monitoring
2024-06-11,04:00:00,HOLD,MIDCPNIFTY24JUN11900CE,130.65,8220.0,103.82,TRAILING,Monitoring
2024-06-11,04:05:00,HOLD,MIDCPNIFTY24JUN11900CE,130.65,8220.0,103.82,TRAILING,Monitoring
2024-06-11,04:10:00,HOLD,MIDCPNIFTY24JUN11900CE,130.65,8220.0,103.82,TRAILING,Monitoring
2024-06-11,04:15:00,HOLD,MIDCPNIFTY24JUN11900CE,130.65,8220.0,103.82,TRAILING,Monitoring
2024-06-11,04:20:00,HOLD,MIDCPNIFTY24JUN11900CE,130.65,8220.0,103.82,TRAILING,Monitoring
2024-06-11,04:25:00,HOLD,MIDCPNIFTY24JUN11900CE,130.65,8220.0,103.82,TRAILING,Monitoring
2024-06-11,04:30:00,HOLD,MIDCPNIFTY24JUN11900CE,130.65,8220.0,103.82,TRAILING,Monitoring
2024-06-11,04:35:00,HOLD,MIDCPNIFTY24JUN11900CE,130.65,8220.0,103.82,TRAILING,Monitoring
2024-06-11,04:40:00,HOLD,MIDCPNIFTY24JUN11900CE,130.65,8220.0,103.82,TRAILING,Monitoring
2024-06-11,04:45:00,HOLD,MIDCPNIFTY24JUN11900CE,130.65,8220.0,103.82,TRAILING,Monitoring
2024-06-11,04:50:00,HOLD,MIDCPNIFTY24JUN11900CE,130.65,8220.0,103.82,TRAILING,Monitoring
2024-06-11,04:55:00,HOLD,MIDCPNIFTY24JUN11900CE,130.65,8220.0,103.82,TRAILING,Monitoring
2024-06-11,05:00:00,HOLD,MIDCPNIFTY24JUN11900CE,130.65,8220.0,103.82,TRAILING,Monitoring
2024-06-11,05:05:00,HOLD,MIDCPNIFTY24JUN11900CE,130.65,8220.0,103.82,TRAILING,Monitoring
2024-06-11,05:10:00,HOLD,MIDCPNIFTY24JUN11900CE,130.65,8220.0,103.82,TRAILING,Monitoring
2024-06-11,05:15:00,HOLD,MIDCPNIFTY24JUN11900CE,130.65,8220.0,103.82,TRAILING,Monitoring
2024-06-11,05:20:00,HOLD,MIDCPNIFTY24JUN11900CE,130.65,8220.0,103.82,TRAILING,Monitoring
2024-06-11,05:25:00,HOLD,MIDCPNIFTY24JUN11900CE,130.65,8220.0,103.82,TRAILING,Monitoring
2024-06-11,05:30:00,HOLD,MIDCPNIFTY24JUN11900CE,130.65,8220.0,103.82,TRAILING,Monitoring
2024-06-11,05:35:00,HOLD,MIDCPNIFTY24JUN11900CE,130.65,8220.0,103.82,TRAILING,Monitoring
2024-06-11,05:40:00,HOLD,MIDCPNIFTY24JUN11900CE,130.65,8220.0,103.82,TRAILING,Monitoring
2024-06-11,05:45:00,HOLD,MIDCPNIFTY24JUN11900CE,130.65,8220.0,103.82,TRAILING,Monitoring
2024-06-11,05:50:00,HOLD,MIDCPNIFTY24JUN11900CE,130.65,8220.0,103.82,TRAILING,Monitoring
2024-06-11,05:55:00,HOLD,MIDCPNIFTY24JUN11900CE,130.65,8220.0,103.82,TRAILING,Monitoring
2024-06-11,06:00:00,HOLD,MIDCPNIFTY24JUN11900CE,130.65,8220.0,103.82,TRAILING,Monitoring
2024-06-11,06:05:00,HOLD,MIDCPNIFTY24JUN11900CE,130.65,8220.0,103.82,TRAILING,Monitoring
2024-06-11,06:10:00,HOLD,MIDCPNIFTY24JUN11900CE,130.65,8220.0,103.82,TRAILING,Monitoring
2024-06-11,06:15:00,HOLD,MIDCPNIFTY24JUN11900CE,130.65,8220.0,103.82,TRAILING,Monitoring
2024-06-11,06:20:00,HOLD,MIDCPNIFTY24JUN11900CE,130.65,8220.0,103.82,TRAILING,Monitoring
2024-06-11,06:25:00,HOLD,MIDCPNIFTY24JUN11900CE,130.65,8220.0,103.82,TRAILING,Monitoring
2024-06-11,06:30:00,HOLD,MIDCPNIFTY24JUN11900CE,130.65,8220.0,103.82,TRAILING,Monitoring
2024-06-11,06:35:00,HOLD,MIDCPNIFTY24JUN11900CE,130.65,8220.0,103.82,TRAILING,Monitoring
2024-06-11,06:40:00,HOLD,MIDCPNIFTY24JUN11900CE,130.65,8220.0,103.82,TRAILING,Monitoring
2024-06-11,06:45:00,HOLD,MIDCPNIFTY24JUN11900CE,130.65,8220.0,103.82,TRAILING,Monitoring
2024-06-11,06:50:00,HOLD,MIDCPNIFTY24JUN11900CE,130.65,8220.0,103.82,TRAILING,Monitoring
2024-06-11,06:55:00,HOLD,MIDCPNIFTY24JUN11900CE,130.65,8220.0,103.82,TRAILING,Monitoring
2024-06-11,07:00:00,HOLD,MIDCPNIFTY24JUN11900CE,130.65,8220.0,103.82,TRAILING,Monitoring
2024-06-11,07:05:00,HOLD,MIDCPNIFTY24JUN11900CE,130.65,8220.0,103.82,TRAILING,Monitoring
2024-06-11,07:10:00,HOLD,MIDCPNIFTY24JUN11900CE,130.65,8220.0,103.82,TRAILING,Monitoring
2024-06-11,07:15:00,HOLD,MIDCPNIFTY24JUN11900CE,130.65,8220.0,103.82,TRAILING,Monitoring
2024-06-11,07:20:00,HOLD,MIDCPNIFTY24JUN11900CE,130.65,8220.0,103.82,TRAILING,Monitoring
2024-06-11,07:25:00,HOLD,MIDCPNIFTY24JUN11900CE,130.65,8220.0,103.82,TRAILING,Monitoring
2024-06-11,07:30:00,HOLD,MIDCPNIFTY24JUN11900CE,130.65,8220.0,103.82,TRAILING,Monitoring
2024-06-11,07:35:00,HOLD,MIDCPNIFTY24JUN11900CE,130.65,8220.0,103.82,TRAILING,Monitoring
2024-06-11,07:40:00,HOLD,MIDCPNIFTY24JUN11900CE,130.65,8220.0,103.82,TRAILING,Monitoring
2024-06-11,07:45:00,HOLD,MIDCPNIFTY24JUN11900CE,130.65,8220.0,103.82,TRAILING,Monitoring
2024-06-11,07:50:00,HOLD,MIDCPNIFTY24JUN11900CE,130.65,8220.0,103.82,TRAILING,Monitoring
2024-06-11,07:55:00,HOLD,MIDCPNIFTY24JUN11900CE,130.65,8220.0,103.82,TRAILING,Monitoring
2024-06-11,08:00:00,HOLD,MIDCPNIFTY24JUN11900CE,130.65,8220.0,103.82,TRAILING,Monitoring
2024-06-11,08:05:00,HOLD,MIDCPNIFTY24JUN11900CE,130.65,8220.0,103.82,TRAILING,Monitoring
2024-06-11,08:10:00,HOLD,MIDCPNIFTY24JUN11900CE,130.65,8220.0,103.82,TRAILING,Monitoring
2024-06-11,08:15:00,HOLD,MIDCPNIFTY24JUN11900CE,130.65,8220.0,103.82,TRAILING,Monitoring
2024-06-11,08:20:00,HOLD,MIDCPNIFTY24JUN11900CE,130.65,8220.0,103.82,TRAILING,Monitoring
2024-06-11,08:25:00,HOLD,MIDCPNIFTY24JUN11900CE,130.65,8220.0,103.82,TRAILING,Monitoring
2024-06-11,08:30:00,HOLD,MIDCPNIFTY24JUN11900CE,130.65,8220.0,103.82,TRAILING,Monitoring
2024-06-11,08:35:00,HOLD,MIDCPNIFTY24JUN11900CE,130.65,8220.0,103.82,TRAILING,Monitoring
2024-06-11,08:40:00,HOLD,MIDCPNIFTY24JUN11900CE,130.65,8220.0,103.82,TRAILING,Monitoring
2024-06-11,08:45:00,HOLD,MIDCPNIFTY24JUN11900CE,130.65,8220.0,103.82,TRAILING,Monitoring
2024-06-11,08:50:00,HOLD,MIDCPNIFTY24JUN11900CE,130.65,8220.0,103.82,TRAILING,Monitoring
2024-06-11,08:55:00,HOLD,MIDCPNIFTY24JUN11900CE,130.65,8220.0,103.82,TRAILING,Monitoring
2024-06-11,09:00:00,HOLD,MIDCPNIFTY24JUN11900CE,130.65,8220.0,103.82,TRAILING,Monitoring
2024-06-11,09:05:00,HOLD,MIDCPNIFTY24JUN11900CE,130.65,8220.0,103.82,TRAILING,Monitoring
2024-06-11,09:10:00,HOLD,MIDCPNIFTY24JUN11900CE,130.65,8220.0,103.82,TRAILING,Monitoring
2024-06-11,09:15:00,HOLD,MIDCPNIFTY24JUN11900CE,130.65,8220.0,103.82,TRAILING,Monitoring
2024-06-11,09:20:00,HOLD,MIDCPNIFTY24JUN11900CE,130.65,8220.0,103.82,TRAILING,Monitoring
2024-06-11,09:25:00,HOLD,MIDCPNIFTY24JUN11900CE,130.65,8220.0,103.82,TRAILING,Monitoring
2024-06-11,09:30:00,HOLD,MIDCPNIFTY24JUN11900CE,130.65,8220.0,103.82,TRAILING,Monitoring
2024-06-11,09:30:00,EXIT,MIDCPNIFTY24JUN11900CE,130.65,8220.0,103.82,TRAILING,EMA_REVERSAL
