Date,Time,Event,Ticker,Price,PnL_INR,SL_Price,SL_Mode,Info
2025-04-03,09:30:00,ENTRY,MIDCPNIFTY25APR11600CE,230.65,0.0,0,NONE,Signal CE
2025-04-03,09:35:00,HOLD,MIDCPNIFTY25APR11600CE,219.45,-1344.0,0,NONE,Monitoring
2025-04-03,09:40:00,HOLD,MIDCPNIFTY25APR11600CE,215.95,-1764.0,0,NONE,Monitoring
2025-04-03,09:45:00,HOLD,MIDCPNIFTY25APR11600CE,188.35,-5076.0,0,NONE,Monitoring
2025-04-03,09:50:00,HOLD,MIDCPNIFTY25APR11600CE,172.4,-6990.0,0,NONE,Monitoring
2025-04-03,09:55:00,HOLD,MIDCPNIFTY25APR11600CE,168.4,-7470.0,0,NONE,Monitoring
2025-04-04,03:45:00,HOLD,MIDCPNIFTY25APR11600CE,208.9,-2610.0,0,NONE,Monitoring
2025-04-04,03:45:00,EXIT,MIDCPNIFTY25APR11600CE,208.9,-2610.0,0,NONE,EMA_REVERSAL
