Date,Time,Event,Ticker,Price,PnL_INR,SL_Price,SL_Mode,Info
2025-04-25,09:25:00,ENTRY,MIDCPNIFTY25MAY12200PE,293.3,0.0,0.0,NONE,Signal PE
2025-04-25,09:30:00,HOLD,MIDCPNIFTY25MAY12200PE,322.75,3534.0,0.0,NONE,Monitoring
2025-04-25,09:30:00,TSL_UPDATE,MIDCPNIFTY25MAY12200PE,322.75,3534.0,293.3,COST,Moved to Cost
2025-04-25,09:30:00,TSL_UPDATE,MIDCPNIFTY25MAY12200PE,322.75,3534.0,297.47,TRAILING,Stepped Up
2025-04-25,09:35:00,HOLD,MIDCPNIFTY25MAY12200PE,363.4,8412.0,297.47,TRAILING,Monitoring
2025-04-25,09:35:00,TSL_UPDATE,MIDCPNIFTY25MAY12200PE,363.4,8412.0,334.97,TRAILING,Stepped Up
2025-04-25,09:40:00,HOLD,MIDCPNIFTY25MAY12200PE,383.3,10800.0,334.97,TRAILING,Monitoring
2025-04-25,09:40:00,TSL_UPDATE,MIDCPNIFTY25MAY12200PE,383.3,10800.0,355.8,TRAILING,Stepped Up
2025-04-25,09:45:00,HOLD,MIDCPNIFTY25MAY12200PE,387.4,11292.0,355.8,TRAILING,Monitoring
2025-04-25,09:45:00,TSL_UPDATE,MIDCPNIFTY25MAY12200PE,387.4,11292.0,359.97,TRAILING,Stepped Up
2025-04-25,09:50:00,HOLD,MIDCPNIFTY25MAY12200PE,398.0,12564.0,359.97,TRAILING,Monitoring
2025-04-25,09:50:00,TSL_UPDATE,MIDCPNIFTY25MAY12200PE,398.0,12564.0,372.47,TRAILING,Stepped Up
2025-04-25,09:55:00,HOLD,MIDCPNIFTY25MAY12200PE,407.1,13656.0,372.47,TRAILING,Monitoring
2025-04-25,09:55:00,TSL_UPDATE,MIDCPNIFTY25MAY12200PE,407.1,13656.0,380.8,TRAILING,Stepped Up
2025-04-28,03:45:00,HOLD,MIDCPNIFTY25MAY12200PE,472.6,21516.0,380.8,TRAILING,Monitoring
2025-04-28,03:45:00,TSL_UPDATE,MIDCPNIFTY25MAY12200PE,472.6,21516.0,447.47,TRAILING,Stepped Up
2025-04-28,03:50:00,HOLD,MIDCPNIFTY25MAY12200PE,472.6,21516.0,447.47,TRAILING,Monitoring
2025-04-28,03:55:00,HOLD,MIDCPNIFTY25MAY12200PE,472.6,21516.0,447.47,TRAILING,Monitoring
2025-04-28,04:00:00,HOLD,MIDCPNIFTY25MAY12200PE,472.6,21516.0,447.47,TRAILING,Monitoring
2025-04-28,04:00:00,EXIT,MIDCPNIFTY25MAY12200PE,472.6,21516.0,447.47,TRAILING,EMA_REVERSAL
