Date,Time,Event,Ticker,Price,PnL_INR,SL_Price,SL_Mode,Info
2025-05-30,09:40:00,ENTRY,MIDCPNIFTY25JUN12700PE,268.8,0.0,0.0,NONE,Signal PE
2025-05-30,09:45:00,HOLD,MIDCPNIFTY25JUN12700PE,273.15,522.0,0.0,NONE,Monitoring
2025-05-30,09:50:00,HOLD,MIDCPNIFTY25JUN12700PE,275.4,792.0,0.0,NONE,Monitoring
2025-05-30,09:55:00,HOLD,MIDCPNIFTY25JUN12700PE,276.4,912.0,0.0,NONE,Monitoring
2025-06-02,09:15:00,HOLD,MIDCPNIFTY25JUN12700PE,307.15,4602.0,0.0,NONE,Monitoring
2025-06-02,09:15:00,TSL_UPDATE,MIDCPNIFTY25JUN12700PE,307.15,4602.0,268.8,COST,Moved to Cost
2025-06-02,09:15:00,TSL_UPDATE,MIDCPNIFTY25JUN12700PE,307.15,4602.0,281.3,TRAILING,Stepped Up
2025-06-02,09:20:00,HOLD,MIDCPNIFTY25JUN12700PE,295.85,3246.0,281.3,TRAILING,Monitoring
2025-06-02,09:25:00,HOLD,MIDCPNIFTY25JUN12700PE,295.95,3258.0,281.3,TRAILING,Monitoring
2025-06-02,09:30:00,HOLD,MIDCPNIFTY25JUN12700PE,290.9,2652.0,281.3,TRAILING,Monitoring
2025-06-02,09:30:00,EXIT,MIDCPNIFTY25JUN12700PE,290.9,2652.0,281.3,TRAILING,EMA_REVERSAL
