Date,Time,Event,Ticker,Price,PnL_INR,SL_Price,SL_Mode,Info
2023-09-18,09:20:00,ENTRY,MIDCPNIFTY23SEP9100PE,73.35,0.0,0,NONE,Signal PE
2023-09-18,09:25:00,HOLD,MIDCPNIFTY23SEP9100PE,77.0,438.0,0,NONE,Monitoring
2023-09-18,09:30:00,HOLD,MIDCPNIFTY23SEP9100PE,75.3,234.0,0,NONE,Monitoring
2023-09-18,09:35:00,HOLD,MIDCPNIFTY23SEP9100PE,72.95,-48.0,0,NONE,Monitoring
2023-09-18,09:40:00,HOLD,MIDCPNIFTY23SEP9100PE,65.0,-1002.0,0,NONE,Monitoring
2023-09-18,09:45:00,HOLD,MIDCPNIFTY23SEP9100PE,59.35,-1680.0,0,NONE,Monitoring
2023-09-18,09:50:00,HOLD,MIDCPNIFTY23SEP9100PE,59.4,-1674.0,0,NONE,Monitoring
2023-09-18,09:55:00,HOLD,MIDCPNIFTY23SEP9100PE,58.0,-1842.0,0,NONE,Monitoring
2023-09-20,03:45:00,HOLD,MIDCPNIFTY23SEP9100PE,60.35,-1560.0,0,NONE,Monitoring
2023-09-20,03:50:00,HOLD,MIDCPNIFTY23SEP9100PE,60.35,-1560.0,0,NONE,Monitoring
2023-09-20,03:55:00,HOLD,MIDCPNIFTY23SEP9100PE,60.35,-1560.0,0,NONE,Monitoring
2023-09-20,04:00:00,HOLD,MIDCPNIFTY23SEP9100PE,60.35,-1560.0,0,NONE,Monitoring
2023-09-20,04:05:00,HOLD,MIDCPNIFTY23SEP9100PE,60.35,-1560.0,0,NONE,Monitoring
2023-09-20,04:10:00,HOLD,MIDCPNIFTY23SEP9100PE,60.35,-1560.0,0,NONE,Monitoring
2023-09-20,04:15:00,HOLD,MIDCPNIFTY23SEP9100PE,60.35,-1560.0,0,NONE,Monitoring
2023-09-20,04:20:00,HOLD,MIDCPNIFTY23SEP9100PE,60.35,-1560.0,0,NONE,Monitoring
2023-09-20,04:25:00,HOLD,MIDCPNIFTY23SEP9100PE,60.35,-1560.0,0,NONE,Monitoring
2023-09-20,04:30:00,HOLD,MIDCPNIFTY23SEP9100PE,60.35,-1560.0,0,NONE,Monitoring
2023-09-20,04:35:00,HOLD,MIDCPNIFTY23SEP9100PE,60.35,-1560.0,0,NONE,Monitoring
2023-09-20,04:40:00,HOLD,MIDCPNIFTY23SEP9100PE,60.35,-1560.0,0,NONE,Monitoring
2023-09-20,04:45:00,HOLD,MIDCPNIFTY23SEP9100PE,60.35,-1560.0,0,NONE,Monitoring
2023-09-20,04:50:00,HOLD,MIDCPNIFTY23SEP9100PE,60.35,-1560.0,0,NONE,Monitoring
2023-09-20,04:55:00,HOLD,MIDCPNIFTY23SEP9100PE,60.35,-1560.0,0,NONE,Monitoring
2023-09-20,05:00:00,HOLD,MIDCPNIFTY23SEP9100PE,60.35,-1560.0,0,NONE,Monitoring
2023-09-20,05:05:00,HOLD,MIDCPNIFTY23SEP9100PE,60.35,-1560.0,0,NONE,Monitoring
2023-09-20,05:10:00,HOLD,MIDCPNIFTY23SEP9100PE,60.35,-1560.0,0,NONE,Monitoring
2023-09-20,05:15:00,HOLD,MIDCPNIFTY23SEP9100PE,60.35,-1560.0,0,NONE,Monitoring
2023-09-20,05:20:00,HOLD,MIDCPNIFTY23SEP9100PE,60.35,-1560.0,0,NONE,Monitoring
2023-09-20,05:25:00,HOLD,MIDCPNIFTY23SEP9100PE,60.35,-1560.0,0,NONE,Monitoring
2023-09-20,05:30:00,HOLD,MIDCPNIFTY23SEP9100PE,60.35,-1560.0,0,NONE,Monitoring
2023-09-20,05:35:00,HOLD,MIDCPNIFTY23SEP9100PE,60.35,-1560.0,0,NONE,Monitoring
2023-09-20,05:40:00,HOLD,MIDCPNIFTY23SEP9100PE,60.35,-1560.0,0,NONE,Monitoring
2023-09-20,05:45:00,HOLD,MIDCPNIFTY23SEP9100PE,60.35,-1560.0,0,NONE,Monitoring
2023-09-20,05:50:00,HOLD,MIDCPNIFTY23SEP9100PE,60.35,-1560.0,0,NONE,Monitoring
2023-09-20,05:50:00,EXIT,MIDCPNIFTY23SEP9100PE,60.35,-1560.0,0,NONE,EMA_REVERSAL
