Date,Time,Event,Ticker,Price,PnL_INR,SL_Price,SL_Mode,Info
2025-02-19,09:25:00,ENTRY,MIDCPNIFTY25FEB11100CE,200.25,0.0,0.0,NONE,Signal CE
2025-02-19,09:30:00,HOLD,MIDCPNIFTY25FEB11100CE,221.95,2604.0,0.0,NONE,Monitoring
2025-02-19,09:35:00,HOLD,MIDCPNIFTY25FEB11100CE,228.1,3342.0,0.0,NONE,Monitoring
2025-02-19,09:35:00,TSL_UPDATE,MIDCPNIFTY25FEB11100CE,228.1,3342.0,200.25,COST,Moved to Cost
2025-02-19,09:40:00,HOLD,MIDCPNIFTY25FEB11100CE,236.3,4326.0,200.25,COST,Monitoring
2025-02-19,09:40:00,TSL_UPDATE,MIDCPNIFTY25FEB11100CE,236.3,4326.0,208.58,TRAILING,Stepped Up
2025-02-19,09:45:00,HOLD,MIDCPNIFTY25FEB11100CE,274.8,8946.0,208.58,TRAILING,Monitoring
2025-02-19,09:45:00,TSL_UPDATE,MIDCPNIFTY25FEB11100CE,274.8,8946.0,246.08,TRAILING,Stepped Up
2025-02-19,09:50:00,HOLD,MIDCPNIFTY25FEB11100CE,299.0,11850.0,246.08,TRAILING,Monitoring
2025-02-19,09:50:00,TSL_UPDATE,MIDCPNIFTY25FEB11100CE,299.0,11850.0,271.08,TRAILING,Stepped Up
2025-02-19,09:55:00,HOLD,MIDCPNIFTY25FEB11100CE,322.0,14610.0,271.08,TRAILING,Monitoring
2025-02-19,09:55:00,TSL_UPDATE,MIDCPNIFTY25FEB11100CE,322.0,14610.0,296.08,TRAILING,Stepped Up
2025-02-20,03:45:00,HOLD,MIDCPNIFTY25FEB11100CE,298.4,11778.0,296.08,TRAILING,Monitoring
2025-02-20,03:50:00,HOLD,MIDCPNIFTY25FEB11100CE,298.4,11778.0,296.08,TRAILING,Monitoring
2025-02-20,03:55:00,HOLD,MIDCPNIFTY25FEB11100CE,298.4,11778.0,296.08,TRAILING,Monitoring
2025-02-20,03:55:00,EXIT,MIDCPNIFTY25FEB11100CE,298.4,11778.0,296.08,TRAILING,EMA_REVERSAL
