Date,Time,Event,Ticker,Price,PnL_INR,SL_Price,SL_Mode,Info
2025-06-05,09:35:00,ENTRY,MIDCPNIFTY25JUN12900CE,239.05,0.0,0.0,NONE,Signal CE
2025-06-05,09:40:00,HOLD,MIDCPNIFTY25JUN12900CE,239.95,108.0,0.0,NONE,Monitoring
2025-06-05,09:45:00,HOLD,MIDCPNIFTY25JUN12900CE,238.85,-24.0,0.0,NONE,Monitoring
2025-06-05,09:50:00,HOLD,MIDCPNIFTY25JUN12900CE,242.4,402.0,0.0,NONE,Monitoring
2025-06-05,09:55:00,HOLD,MIDCPNIFTY25JUN12900CE,246.9,942.0,0.0,NONE,Monitoring
2025-06-06,09:15:00,HOLD,MIDCPNIFTY25JUN12900CE,298.5,7134.0,0.0,NONE,Monitoring
2025-06-06,09:15:00,TSL_UPDATE,MIDCPNIFTY25JUN12900CE,298.5,7134.0,239.05,COST,Moved to Cost
2025-06-06,09:15:00,TSL_UPDATE,MIDCPNIFTY25JUN12900CE,298.5,7134.0,272.38,TRAILING,Stepped Up
2025-06-06,09:20:00,HOLD,MIDCPNIFTY25JUN12900CE,305.0,7914.0,272.38,TRAILING,Monitoring
2025-06-06,09:20:00,TSL_UPDATE,MIDCPNIFTY25JUN12900CE,305.0,7914.0,276.55,TRAILING,Stepped Up
2025-06-06,09:25:00,HOLD,MIDCPNIFTY25JUN12900CE,296.3,6870.0,276.55,TRAILING,Monitoring
2025-06-06,09:30:00,HOLD,MIDCPNIFTY25JUN12900CE,289.85,6096.0,276.55,TRAILING,Monitoring
2025-06-06,09:35:00,HOLD,MIDCPNIFTY25JUN12900CE,296.65,6912.0,276.55,TRAILING,Monitoring
2025-06-06,09:40:00,HOLD,MIDCPNIFTY25JUN12900CE,293.0,6474.0,276.55,TRAILING,Monitoring
2025-06-06,09:45:00,HOLD,MIDCPNIFTY25JUN12900CE,303.9,7782.0,276.55,TRAILING,Monitoring
2025-06-06,09:50:00,HOLD,MIDCPNIFTY25JUN12900CE,310.15,8532.0,276.55,TRAILING,Monitoring
2025-06-06,09:50:00,TSL_UPDATE,MIDCPNIFTY25JUN12900CE,310.15,8532.0,284.88,TRAILING,Stepped Up
2025-06-06,09:55:00,HOLD,MIDCPNIFTY25JUN12900CE,314.15,9012.0,284.88,TRAILING,Monitoring
2025-06-06,09:55:00,TSL_UPDATE,MIDCPNIFTY25JUN12900CE,314.15,9012.0,289.05,TRAILING,Stepped Up
2025-06-09,09:15:00,HOLD,MIDCPNIFTY25JUN12900CE,446.6,24906.0,289.05,TRAILING,Monitoring
2025-06-09,09:15:00,TSL_UPDATE,MIDCPNIFTY25JUN12900CE,446.6,24906.0,418.22,TRAILING,Stepped Up
2025-06-09,09:20:00,HOLD,MIDCPNIFTY25JUN12900CE,456.0,26034.0,418.22,TRAILING,Monitoring
2025-06-09,09:20:00,TSL_UPDATE,MIDCPNIFTY25JUN12900CE,456.0,26034.0,430.72,TRAILING,Stepped Up
2025-06-09,09:25:00,HOLD,MIDCPNIFTY25JUN12900CE,476.45,28488.0,430.72,TRAILING,Monitoring
2025-06-09,09:25:00,TSL_UPDATE,MIDCPNIFTY25JUN12900CE,476.45,28488.0,447.38,TRAILING,Stepped Up
2025-06-09,09:30:00,HOLD,MIDCPNIFTY25JUN12900CE,490.0,30114.0,447.38,TRAILING,Monitoring
2025-06-09,09:30:00,TSL_UPDATE,MIDCPNIFTY25JUN12900CE,490.0,30114.0,464.05,TRAILING,Stepped Up
2025-06-09,09:35:00,HOLD,MIDCPNIFTY25JUN12900CE,488.65,29952.0,464.05,TRAILING,Monitoring
2025-06-09,09:40:00,HOLD,MIDCPNIFTY25JUN12900CE,490.0,30114.0,464.05,TRAILING,Monitoring
2025-06-09,09:45:00,HOLD,MIDCPNIFTY25JUN12900CE,496.0,30834.0,464.05,TRAILING,Monitoring
2025-06-09,09:45:00,TSL_UPDATE,MIDCPNIFTY25JUN12900CE,496.0,30834.0,468.22,TRAILING,Stepped Up
2025-06-09,09:50:00,HOLD,MIDCPNIFTY25JUN12900CE,490.55,30180.0,468.22,TRAILING,Monitoring
2025-06-09,09:55:00,HOLD,MIDCPNIFTY25JUN12900CE,493.4,30522.0,468.22,TRAILING,Monitoring
2025-06-10,09:15:00,HOLD,MIDCPNIFTY25JUN12900CE,542.05,36360.0,468.22,TRAILING,Monitoring
2025-06-10,09:15:00,TSL_UPDATE,MIDCPNIFTY25JUN12900CE,542.05,36360.0,514.05,TRAILING,Stepped Up
2025-06-10,09:15:00,EXIT,MIDCPNIFTY25JUN12900CE,542.05,36360.0,514.05,TRAILING,EMA_REVERSAL
