Date,Time,Event,Ticker,Price,PnL_INR,SL_Price,SL_Mode,Info
2023-12-29,09:25:00,ENTRY,MIDCPNIFTY24JAN10400CE,180.0,0.0,0,NONE,Signal CE
2023-12-29,09:30:00,HOLD,MIDCPNIFTY24JAN10400CE,180.0,0.0,0,NONE,Monitoring
2023-12-29,09:35:00,HOLD,MIDCPNIFTY24JAN10400CE,180.0,0.0,0,NONE,Monitoring
2023-12-29,09:40:00,HOLD,MIDCPNIFTY24JAN10400CE,180.0,0.0,0,NONE,Monitoring
2023-12-29,09:45:00,HOLD,MIDCPNIFTY24JAN10400CE,180.0,0.0,0,NONE,Monitoring
2023-12-29,09:50:00,HOLD,MIDCPNIFTY24JAN10400CE,180.0,0.0,0,NONE,Monitoring
2023-12-29,09:55:00,HOLD,MIDCPNIFTY24JAN10400CE,180.0,0.0,0,NONE,Monitoring
2024-01-01,03:45:00,HOLD,MIDCPNIFTY24JAN10400CE,180.0,0.0,0,NONE,Monitoring
2024-01-01,03:50:00,HOLD,MIDCPNIFTY24JAN10400CE,180.0,0.0,0,NONE,Monitoring
2024-01-01,03:55:00,HOLD,MIDCPNIFTY24JAN10400CE,180.0,0.0,0,NONE,Monitoring
2024-01-01,04:00:00,HOLD,MIDCPNIFTY24JAN10400CE,180.0,0.0,0,NONE,Monitoring
2024-01-01,04:05:00,HOLD,MIDCPNIFTY24JAN10400CE,180.0,0.0,0,NONE,Monitoring
2024-01-01,04:10:00,HOLD,MIDCPNIFTY24JAN10400CE,180.0,0.0,0,NONE,Monitoring
2024-01-01,04:15:00,HOLD,MIDCPNIFTY24JAN10400CE,180.0,0.0,0,NONE,Monitoring
2024-01-01,04:20:00,HOLD,MIDCPNIFTY24JAN10400CE,180.0,0.0,0,NONE,Monitoring
2024-01-01,04:25:00,HOLD,MIDCPNIFTY24JAN10400CE,180.0,0.0,0,NONE,Monitoring
2024-01-01,04:30:00,HOLD,MIDCPNIFTY24JAN10400CE,180.0,0.0,0,NONE,Monitoring
2024-01-01,04:35:00,HOLD,MIDCPNIFTY24JAN10400CE,180.0,0.0,0,NONE,Monitoring
2024-01-01,04:40:00,HOLD,MIDCPNIFTY24JAN10400CE,180.0,0.0,0,NONE,Monitoring
2024-01-01,04:45:00,HOLD,MIDCPNIFTY24JAN10400CE,180.0,0.0,0,NONE,Monitoring
2024-01-01,04:50:00,HOLD,MIDCPNIFTY24JAN10400CE,180.0,0.0,0,NONE,Monitoring
2024-01-01,04:55:00,HOLD,MIDCPNIFTY24JAN10400CE,180.0,0.0,0,NONE,Monitoring
2024-01-01,05:00:00,HOLD,MIDCPNIFTY24JAN10400CE,180.0,0.0,0,NONE,Monitoring
2024-01-01,05:05:00,HOLD,MIDCPNIFTY24JAN10400CE,180.0,0.0,0,NONE,Monitoring
2024-01-01,05:10:00,HOLD,MIDCPNIFTY24JAN10400CE,180.0,0.0,0,NONE,Monitoring
2024-01-01,05:15:00,HOLD,MIDCPNIFTY24JAN10400CE,180.0,0.0,0,NONE,Monitoring
2024-01-01,05:20:00,HOLD,MIDCPNIFTY24JAN10400CE,180.0,0.0,0,NONE,Monitoring
2024-01-01,05:25:00,HOLD,MIDCPNIFTY24JAN10400CE,180.0,0.0,0,NONE,Monitoring
2024-01-01,05:30:00,HOLD,MIDCPNIFTY24JAN10400CE,180.0,0.0,0,NONE,Monitoring
2024-01-01,05:35:00,HOLD,MIDCPNIFTY24JAN10400CE,180.0,0.0,0,NONE,Monitoring
2024-01-01,05:40:00,HOLD,MIDCPNIFTY24JAN10400CE,180.0,0.0,0,NONE,Monitoring
2024-01-01,05:45:00,HOLD,MIDCPNIFTY24JAN10400CE,180.0,0.0,0,NONE,Monitoring
2024-01-01,05:50:00,HOLD,MIDCPNIFTY24JAN10400CE,180.0,0.0,0,NONE,Monitoring
2024-01-01,05:55:00,HOLD,MIDCPNIFTY24JAN10400CE,180.0,0.0,0,NONE,Monitoring
2024-01-01,06:00:00,HOLD,MIDCPNIFTY24JAN10400CE,180.0,0.0,0,NONE,Monitoring
2024-01-01,06:05:00,HOLD,MIDCPNIFTY24JAN10400CE,180.0,0.0,0,NONE,Monitoring
2024-01-01,06:10:00,HOLD,MIDCPNIFTY24JAN10400CE,180.0,0.0,0,NONE,Monitoring
2024-01-01,06:15:00,HOLD,MIDCPNIFTY24JAN10400CE,180.0,0.0,0,NONE,Monitoring
2024-01-01,06:20:00,HOLD,MIDCPNIFTY24JAN10400CE,180.0,0.0,0,NONE,Monitoring
2024-01-01,06:25:00,HOLD,MIDCPNIFTY24JAN10400CE,180.0,0.0,0,NONE,Monitoring
2024-01-01,06:30:00,HOLD,MIDCPNIFTY24JAN10400CE,180.0,0.0,0,NONE,Monitoring
2024-01-01,06:35:00,HOLD,MIDCPNIFTY24JAN10400CE,180.0,0.0,0,NONE,Monitoring
2024-01-01,06:40:00,HOLD,MIDCPNIFTY24JAN10400CE,180.0,0.0,0,NONE,Monitoring
2024-01-01,06:45:00,HOLD,MIDCPNIFTY24JAN10400CE,180.0,0.0,0,NONE,Monitoring
2024-01-01,06:50:00,HOLD,MIDCPNIFTY24JAN10400CE,180.0,0.0,0,NONE,Monitoring
2024-01-01,06:55:00,HOLD,MIDCPNIFTY24JAN10400CE,180.0,0.0,0,NONE,Monitoring
2024-01-01,07:00:00,HOLD,MIDCPNIFTY24JAN10400CE,180.0,0.0,0,NONE,Monitoring
2024-01-01,07:05:00,HOLD,MIDCPNIFTY24JAN10400CE,180.0,0.0,0,NONE,Monitoring
2024-01-01,07:10:00,HOLD,MIDCPNIFTY24JAN10400CE,180.0,0.0,0,NONE,Monitoring
2024-01-01,07:15:00,HOLD,MIDCPNIFTY24JAN10400CE,180.0,0.0,0,NONE,Monitoring
2024-01-01,07:20:00,HOLD,MIDCPNIFTY24JAN10400CE,180.0,0.0,0,NONE,Monitoring
2024-01-01,07:25:00,HOLD,MIDCPNIFTY24JAN10400CE,180.0,0.0,0,NONE,Monitoring
2024-01-01,07:30:00,HOLD,MIDCPNIFTY24JAN10400CE,180.0,0.0,0,NONE,Monitoring
2024-01-01,07:35:00,HOLD,MIDCPNIFTY24JAN10400CE,180.0,0.0,0,NONE,Monitoring
2024-01-01,07:40:00,HOLD,MIDCPNIFTY24JAN10400CE,180.0,0.0,0,NONE,Monitoring
2024-01-01,07:45:00,HOLD,MIDCPNIFTY24JAN10400CE,180.0,0.0,0,NONE,Monitoring
2024-01-01,07:50:00,HOLD,MIDCPNIFTY24JAN10400CE,180.0,0.0,0,NONE,Monitoring
2024-01-01,07:55:00,HOLD,MIDCPNIFTY24JAN10400CE,180.0,0.0,0,NONE,Monitoring
2024-01-01,08:00:00,HOLD,MIDCPNIFTY24JAN10400CE,180.0,0.0,0,NONE,Monitoring
2024-01-01,08:05:00,HOLD,MIDCPNIFTY24JAN10400CE,180.0,0.0,0,NONE,Monitoring
2024-01-01,08:10:00,HOLD,MIDCPNIFTY24JAN10400CE,180.0,0.0,0,NONE,Monitoring
2024-01-01,08:15:00,HOLD,MIDCPNIFTY24JAN10400CE,180.0,0.0,0,NONE,Monitoring
2024-01-01,08:20:00,HOLD,MIDCPNIFTY24JAN10400CE,180.0,0.0,0,NONE,Monitoring
2024-01-01,08:25:00,HOLD,MIDCPNIFTY24JAN10400CE,180.0,0.0,0,NONE,Monitoring
2024-01-01,08:30:00,HOLD,MIDCPNIFTY24JAN10400CE,180.0,0.0,0,NONE,Monitoring
2024-01-01,08:35:00,HOLD,MIDCPNIFTY24JAN10400CE,180.0,0.0,0,NONE,Monitoring
2024-01-01,08:40:00,HOLD,MIDCPNIFTY24JAN10400CE,180.0,0.0,0,NONE,Monitoring
2024-01-01,08:45:00,HOLD,MIDCPNIFTY24JAN10400CE,180.0,0.0,0,NONE,Monitoring
2024-01-01,08:50:00,HOLD,MIDCPNIFTY24JAN10400CE,180.0,0.0,0,NONE,Monitoring
2024-01-01,08:55:00,HOLD,MIDCPNIFTY24JAN10400CE,180.0,0.0,0,NONE,Monitoring
2024-01-01,09:00:00,HOLD,MIDCPNIFTY24JAN10400CE,180.0,0.0,0,NONE,Monitoring
2024-01-01,09:05:00,HOLD,MIDCPNIFTY24JAN10400CE,180.0,0.0,0,NONE,Monitoring
2024-01-01,09:10:00,HOLD,MIDCPNIFTY24JAN10400CE,180.0,0.0,0,NONE,Monitoring
2024-01-01,09:15:00,HOLD,MIDCPNIFTY24JAN10400CE,180.0,0.0,0,NONE,Monitoring
2024-01-01,09:20:00,HOLD,MIDCPNIFTY24JAN10400CE,180.0,0.0,0,NONE,Monitoring
2024-01-01,09:25:00,HOLD,MIDCPNIFTY24JAN10400CE,180.0,0.0,0,NONE,Monitoring
2024-01-01,09:30:00,HOLD,MIDCPNIFTY24JAN10400CE,180.0,0.0,0,NONE,Monitoring
2024-01-01,09:35:00,HOLD,MIDCPNIFTY24JAN10400CE,180.0,0.0,0,NONE,Monitoring
2024-01-01,09:40:00,HOLD,MIDCPNIFTY24JAN10400CE,180.0,0.0,0,NONE,Monitoring
2024-01-01,09:40:00,EXIT,MIDCPNIFTY24JAN10400CE,180.0,0.0,0,NONE,EMA_REVERSAL
