Date,Time,Event,Ticker,Price,PnL_INR,SL_Price,SL_Mode,Info
2025-09-17,09:40:00,ENTRY,MIDCPNIFTY25SEP13200CE,150.55,0.0,0,NONE,Signal CE
2025-09-17,09:45:00,HOLD,MIDCPNIFTY25SEP13200CE,140.0,-1266.0,0,NONE,Monitoring
2025-09-17,09:50:00,HOLD,MIDCPNIFTY25SEP13200CE,143.1,-894.0,0,NONE,Monitoring
2025-09-17,09:55:00,HOLD,MIDCPNIFTY25SEP13200CE,145.5,-606.0,0,NONE,Monitoring
2025-09-18,03:45:00,HOLD,MIDCPNIFTY25SEP13200CE,134.35,-1944.0,0,NONE,Monitoring
2025-09-18,03:50:00,HOLD,MIDCPNIFTY25SEP13200CE,134.35,-1944.0,0,NONE,Monitoring
2025-09-18,03:55:00,HOLD,MIDCPNIFTY25SEP13200CE,134.35,-1944.0,0,NONE,Monitoring
2025-09-18,04:00:00,HOLD,MIDCPNIFTY25SEP13200CE,134.35,-1944.0,0,NONE,Monitoring
2025-09-18,04:05:00,HOLD,MIDCPNIFTY25SEP13200CE,134.35,-1944.0,0,NONE,Monitoring
2025-09-18,04:10:00,HOLD,MIDCPNIFTY25SEP13200CE,134.35,-1944.0,0,NONE,Monitoring
2025-09-18,04:15:00,HOLD,MIDCPNIFTY25SEP13200CE,134.35,-1944.0,0,NONE,Monitoring
2025-09-18,04:20:00,HOLD,MIDCPNIFTY25SEP13200CE,134.35,-1944.0,0,NONE,Monitoring
2025-09-18,04:25:00,HOLD,MIDCPNIFTY25SEP13200CE,134.35,-1944.0,0,NONE,Monitoring
2025-09-18,04:30:00,HOLD,MIDCPNIFTY25SEP13200CE,134.35,-1944.0,0,NONE,Monitoring
2025-09-18,04:35:00,HOLD,MIDCPNIFTY25SEP13200CE,134.35,-1944.0,0,NONE,Monitoring
2025-09-18,04:40:00,HOLD,MIDCPNIFTY25SEP13200CE,134.35,-1944.0,0,NONE,Monitoring
2025-09-18,04:45:00,HOLD,MIDCPNIFTY25SEP13200CE,134.35,-1944.0,0,NONE,Monitoring
2025-09-18,04:50:00,HOLD,MIDCPNIFTY25SEP13200CE,134.35,-1944.0,0,NONE,Monitoring
2025-09-18,04:55:00,HOLD,MIDCPNIFTY25SEP13200CE,134.35,-1944.0,0,NONE,Monitoring
2025-09-18,05:00:00,HOLD,MIDCPNIFTY25SEP13200CE,134.35,-1944.0,0,NONE,Monitoring
2025-09-18,05:05:00,HOLD,MIDCPNIFTY25SEP13200CE,134.35,-1944.0,0,NONE,Monitoring
2025-09-18,05:10:00,HOLD,MIDCPNIFTY25SEP13200CE,134.35,-1944.0,0,NONE,Monitoring
2025-09-18,05:15:00,HOLD,MIDCPNIFTY25SEP13200CE,134.35,-1944.0,0,NONE,Monitoring
2025-09-18,05:20:00,HOLD,MIDCPNIFTY25SEP13200CE,134.35,-1944.0,0,NONE,Monitoring
2025-09-18,05:25:00,HOLD,MIDCPNIFTY25SEP13200CE,134.35,-1944.0,0,NONE,Monitoring
2025-09-18,05:30:00,HOLD,MIDCPNIFTY25SEP13200CE,134.35,-1944.0,0,NONE,Monitoring
2025-09-18,05:35:00,HOLD,MIDCPNIFTY25SEP13200CE,134.35,-1944.0,0,NONE,Monitoring
2025-09-18,05:40:00,HOLD,MIDCPNIFTY25SEP13200CE,134.35,-1944.0,0,NONE,Monitoring
2025-09-18,05:45:00,HOLD,MIDCPNIFTY25SEP13200CE,134.35,-1944.0,0,NONE,Monitoring
2025-09-18,05:50:00,HOLD,MIDCPNIFTY25SEP13200CE,134.35,-1944.0,0,NONE,Monitoring
2025-09-18,05:55:00,HOLD,MIDCPNIFTY25SEP13200CE,134.35,-1944.0,0,NONE,Monitoring
2025-09-18,06:00:00,HOLD,MIDCPNIFTY25SEP13200CE,134.35,-1944.0,0,NONE,Monitoring
2025-09-18,06:05:00,HOLD,MIDCPNIFTY25SEP13200CE,134.35,-1944.0,0,NONE,Monitoring
2025-09-18,06:10:00,HOLD,MIDCPNIFTY25SEP13200CE,134.35,-1944.0,0,NONE,Monitoring
2025-09-18,06:10:00,EXIT,MIDCPNIFTY25SEP13200CE,134.35,-1944.0,0,NONE,EMA_REVERSAL
