Date,Time,Event,Ticker,Price,PnL_INR,SL_Price,SL_Mode,Info
2025-10-30,09:35:00,ENTRY,MIDCPNIFTY25NOV13500CE,226.1,0.0,0,NONE,Signal CE
2025-10-30,09:40:00,HOLD,MIDCPNIFTY25NOV13500CE,222.25,-462.0,0,NONE,Monitoring
2025-10-30,09:45:00,HOLD,MIDCPNIFTY25NOV13500CE,224.05,-246.0,0,NONE,Monitoring
2025-10-30,09:50:00,HOLD,MIDCPNIFTY25NOV13500CE,216.0,-1212.0,0,NONE,Monitoring
2025-10-30,09:55:00,HOLD,MIDCPNIFTY25NOV13500CE,206.8,-2316.0,0,NONE,Monitoring
2025-10-31,03:45:00,HOLD,MIDCPNIFTY25NOV13500CE,248.0,2628.0,0,NONE,Monitoring
2025-10-31,03:50:00,HOLD,MIDCPNIFTY25NOV13500CE,248.0,2628.0,0,NONE,Monitoring
2025-10-31,03:55:00,HOLD,MIDCPNIFTY25NOV13500CE,248.0,2628.0,0,NONE,Monitoring
2025-10-31,04:00:00,HOLD,MIDCPNIFTY25NOV13500CE,248.0,2628.0,0,NONE,Monitoring
2025-10-31,04:05:00,HOLD,MIDCPNIFTY25NOV13500CE,248.0,2628.0,0,NONE,Monitoring
2025-10-31,04:10:00,HOLD,MIDCPNIFTY25NOV13500CE,248.0,2628.0,0,NONE,Monitoring
2025-10-31,04:15:00,HOLD,MIDCPNIFTY25NOV13500CE,248.0,2628.0,0,NONE,Monitoring
2025-10-31,04:20:00,HOLD,MIDCPNIFTY25NOV13500CE,248.0,2628.0,0,NONE,Monitoring
2025-10-31,04:25:00,HOLD,MIDCPNIFTY25NOV13500CE,248.0,2628.0,0,NONE,Monitoring
2025-10-31,04:30:00,HOLD,MIDCPNIFTY25NOV13500CE,248.0,2628.0,0,NONE,Monitoring
2025-10-31,04:35:00,HOLD,MIDCPNIFTY25NOV13500CE,248.0,2628.0,0,NONE,Monitoring
2025-10-31,04:40:00,HOLD,MIDCPNIFTY25NOV13500CE,248.0,2628.0,0,NONE,Monitoring
2025-10-31,04:45:00,HOLD,MIDCPNIFTY25NOV13500CE,248.0,2628.0,0,NONE,Monitoring
2025-10-31,04:50:00,HOLD,MIDCPNIFTY25NOV13500CE,248.0,2628.0,0,NONE,Monitoring
2025-10-31,04:55:00,HOLD,MIDCPNIFTY25NOV13500CE,248.0,2628.0,0,NONE,Monitoring
2025-10-31,05:00:00,HOLD,MIDCPNIFTY25NOV13500CE,248.0,2628.0,0,NONE,Monitoring
2025-10-31,05:05:00,HOLD,MIDCPNIFTY25NOV13500CE,248.0,2628.0,0,NONE,Monitoring
2025-10-31,05:10:00,HOLD,MIDCPNIFTY25NOV13500CE,248.0,2628.0,0,NONE,Monitoring
2025-10-31,05:15:00,HOLD,MIDCPNIFTY25NOV13500CE,248.0,2628.0,0,NONE,Monitoring
2025-10-31,05:20:00,HOLD,MIDCPNIFTY25NOV13500CE,248.0,2628.0,0,NONE,Monitoring
2025-10-31,05:25:00,HOLD,MIDCPNIFTY25NOV13500CE,248.0,2628.0,0,NONE,Monitoring
2025-10-31,05:30:00,HOLD,MIDCPNIFTY25NOV13500CE,248.0,2628.0,0,NONE,Monitoring
2025-10-31,05:35:00,HOLD,MIDCPNIFTY25NOV13500CE,248.0,2628.0,0,NONE,Monitoring
2025-10-31,05:35:00,EXIT,MIDCPNIFTY25NOV13500CE,248.0,2628.0,0,NONE,EMA_REVERSAL
