Date,Time,Event,Ticker,Price,PnL_INR,SL_Price,SL_Mode,Info
2023-08-31,09:40:00,ENTRY,MIDCPNIFTY23SEP9000CE,124.25,0.0,0,NONE,Signal CE
2023-08-31,09:45:00,HOLD,MIDCPNIFTY23SEP9000CE,124.25,0.0,0,NONE,Monitoring
2023-08-31,09:50:00,HOLD,MIDCPNIFTY23SEP9000CE,124.25,0.0,0,NONE,Monitoring
2023-08-31,09:55:00,HOLD,MIDCPNIFTY23SEP9000CE,124.25,0.0,0,NONE,Monitoring
2023-09-01,03:45:00,HOLD,MIDCPNIFTY23SEP9000CE,124.25,0.0,0,NONE,Monitoring
2023-09-01,03:50:00,HOLD,MIDCPNIFTY23SEP9000CE,124.25,0.0,0,NONE,Monitoring
2023-09-01,03:55:00,HOLD,MIDCPNIFTY23SEP9000CE,124.25,0.0,0,NONE,Monitoring
2023-09-01,04:00:00,HOLD,MIDCPNIFTY23SEP9000CE,124.25,0.0,0,NONE,Monitoring
2023-09-01,04:05:00,HOLD,MIDCPNIFTY23SEP9000CE,124.25,0.0,0,NONE,Monitoring
2023-09-01,04:10:00,HOLD,MIDCPNIFTY23SEP9000CE,124.25,0.0,0,NONE,Monitoring
2023-09-01,04:15:00,HOLD,MIDCPNIFTY23SEP9000CE,124.25,0.0,0,NONE,Monitoring
2023-09-01,04:20:00,HOLD,MIDCPNIFTY23SEP9000CE,124.25,0.0,0,NONE,Monitoring
2023-09-01,04:25:00,HOLD,MIDCPNIFTY23SEP9000CE,124.25,0.0,0,NONE,Monitoring
2023-09-01,04:30:00,HOLD,MIDCPNIFTY23SEP9000CE,124.25,0.0,0,NONE,Monitoring
2023-09-01,04:30:00,EXIT,MIDCPNIFTY23SEP9000CE,124.25,0.0,0,NONE,EMA_REVERSAL
