Date,Time,Event,Ticker,Price,PnL_INR,SL_Price,SL_Mode,Info
2024-01-16,09:35:00,ENTRY,MIDCPNIFTY24JAN10700CE,130.0,0.0,0,NONE,Signal CE
2024-01-16,09:40:00,HOLD,MIDCPNIFTY24JAN10700CE,130.0,0.0,0,NONE,Monitoring
2024-01-16,09:45:00,HOLD,MIDCPNIFTY24JAN10700CE,131.9,228.0,0,NONE,Monitoring
2024-01-16,09:50:00,HOLD,MIDCPNIFTY24JAN10700CE,131.9,228.0,0,NONE,Monitoring
2024-01-16,09:55:00,HOLD,MIDCPNIFTY24JAN10700CE,131.9,228.0,0,NONE,Monitoring
2024-01-17,03:45:00,HOLD,MIDCPNIFTY24JAN10700CE,80.5,-5940.0,0,NONE,Monitoring
2024-01-17,03:50:00,HOLD,MIDCPNIFTY24JAN10700CE,80.5,-5940.0,0,NONE,Monitoring
2024-01-17,03:55:00,HOLD,MIDCPNIFTY24JAN10700CE,80.5,-5940.0,0,NONE,Monitoring
2024-01-17,03:55:00,EXIT,MIDCPNIFTY24JAN10700CE,80.5,-5940.0,0,NONE,EMA_REVERSAL
