Date,Time,Event,Ticker,Price,PnL_INR,SL_Price,SL_Mode,Info
2025-05-07,09:35:00,ENTRY,MIDCPNIFTY25MAY11900CE,507.0,0.0,0.0,NONE,Signal CE
2025-05-07,09:40:00,HOLD,MIDCPNIFTY25MAY11900CE,507.0,0.0,0.0,NONE,Monitoring
2025-05-07,09:45:00,HOLD,MIDCPNIFTY25MAY11900CE,414.4,-11112.0,0.0,NONE,Monitoring
2025-05-07,09:50:00,HOLD,MIDCPNIFTY25MAY11900CE,399.3,-12924.0,0.0,NONE,Monitoring
2025-05-07,09:55:00,HOLD,MIDCPNIFTY25MAY11900CE,441.55,-7854.0,0.0,NONE,Monitoring
2025-05-08,03:45:00,HOLD,MIDCPNIFTY25MAY11900CE,541.85,4182.0,0.0,NONE,Monitoring
2025-05-08,03:45:00,TSL_UPDATE,MIDCPNIFTY25MAY11900CE,541.85,4182.0,507.0,COST,Moved to Cost
2025-05-08,03:45:00,TSL_UPDATE,MIDCPNIFTY25MAY11900CE,541.85,4182.0,515.33,TRAILING,Stepped Up
2025-05-08,03:50:00,HOLD,MIDCPNIFTY25MAY11900CE,541.85,4182.0,515.33,TRAILING,Monitoring
2025-05-08,03:55:00,HOLD,MIDCPNIFTY25MAY11900CE,541.85,4182.0,515.33,TRAILING,Monitoring
2025-05-08,04:00:00,HOLD,MIDCPNIFTY25MAY11900CE,541.85,4182.0,515.33,TRAILING,Monitoring
2025-05-08,04:05:00,HOLD,MIDCPNIFTY25MAY11900CE,541.85,4182.0,515.33,TRAILING,Monitoring
2025-05-08,04:10:00,HOLD,MIDCPNIFTY25MAY11900CE,541.85,4182.0,515.33,TRAILING,Monitoring
2025-05-08,04:15:00,HOLD,MIDCPNIFTY25MAY11900CE,541.85,4182.0,515.33,TRAILING,Monitoring
2025-05-08,04:20:00,HOLD,MIDCPNIFTY25MAY11900CE,541.85,4182.0,515.33,TRAILING,Monitoring
2025-05-08,04:25:00,HOLD,MIDCPNIFTY25MAY11900CE,541.85,4182.0,515.33,TRAILING,Monitoring
2025-05-08,04:30:00,HOLD,MIDCPNIFTY25MAY11900CE,541.85,4182.0,515.33,TRAILING,Monitoring
2025-05-08,04:35:00,HOLD,MIDCPNIFTY25MAY11900CE,541.85,4182.0,515.33,TRAILING,Monitoring
2025-05-08,04:40:00,HOLD,MIDCPNIFTY25MAY11900CE,541.85,4182.0,515.33,TRAILING,Monitoring
2025-05-08,04:45:00,HOLD,MIDCPNIFTY25MAY11900CE,541.85,4182.0,515.33,TRAILING,Monitoring
2025-05-08,04:50:00,HOLD,MIDCPNIFTY25MAY11900CE,541.85,4182.0,515.33,TRAILING,Monitoring
2025-05-08,04:55:00,HOLD,MIDCPNIFTY25MAY11900CE,541.85,4182.0,515.33,TRAILING,Monitoring
2025-05-08,05:00:00,HOLD,MIDCPNIFTY25MAY11900CE,541.85,4182.0,515.33,TRAILING,Monitoring
2025-05-08,05:05:00,HOLD,MIDCPNIFTY25MAY11900CE,541.85,4182.0,515.33,TRAILING,Monitoring
2025-05-08,05:10:00,HOLD,MIDCPNIFTY25MAY11900CE,541.85,4182.0,515.33,TRAILING,Monitoring
2025-05-08,05:15:00,HOLD,MIDCPNIFTY25MAY11900CE,541.85,4182.0,515.33,TRAILING,Monitoring
2025-05-08,05:20:00,HOLD,MIDCPNIFTY25MAY11900CE,541.85,4182.0,515.33,TRAILING,Monitoring
2025-05-08,05:25:00,HOLD,MIDCPNIFTY25MAY11900CE,541.85,4182.0,515.33,TRAILING,Monitoring
2025-05-08,05:30:00,HOLD,MIDCPNIFTY25MAY11900CE,541.85,4182.0,515.33,TRAILING,Monitoring
2025-05-08,05:35:00,HOLD,MIDCPNIFTY25MAY11900CE,541.85,4182.0,515.33,TRAILING,Monitoring
2025-05-08,05:40:00,HOLD,MIDCPNIFTY25MAY11900CE,541.85,4182.0,515.33,TRAILING,Monitoring
2025-05-08,05:45:00,HOLD,MIDCPNIFTY25MAY11900CE,541.85,4182.0,515.33,TRAILING,Monitoring
2025-05-08,05:50:00,HOLD,MIDCPNIFTY25MAY11900CE,541.85,4182.0,515.33,TRAILING,Monitoring
2025-05-08,05:55:00,HOLD,MIDCPNIFTY25MAY11900CE,541.85,4182.0,515.33,TRAILING,Monitoring
2025-05-08,06:00:00,HOLD,MIDCPNIFTY25MAY11900CE,541.85,4182.0,515.33,TRAILING,Monitoring
2025-05-08,06:05:00,HOLD,MIDCPNIFTY25MAY11900CE,541.85,4182.0,515.33,TRAILING,Monitoring
2025-05-08,06:10:00,HOLD,MIDCPNIFTY25MAY11900CE,541.85,4182.0,515.33,TRAILING,Monitoring
2025-05-08,06:15:00,HOLD,MIDCPNIFTY25MAY11900CE,541.85,4182.0,515.33,TRAILING,Monitoring
2025-05-08,06:20:00,HOLD,MIDCPNIFTY25MAY11900CE,541.85,4182.0,515.33,TRAILING,Monitoring
2025-05-08,06:25:00,HOLD,MIDCPNIFTY25MAY11900CE,541.85,4182.0,515.33,TRAILING,Monitoring
2025-05-08,06:30:00,HOLD,MIDCPNIFTY25MAY11900CE,541.85,4182.0,515.33,TRAILING,Monitoring
2025-05-08,06:35:00,HOLD,MIDCPNIFTY25MAY11900CE,541.85,4182.0,515.33,TRAILING,Monitoring
2025-05-08,06:40:00,HOLD,MIDCPNIFTY25MAY11900CE,541.85,4182.0,515.33,TRAILING,Monitoring
2025-05-08,06:45:00,HOLD,MIDCPNIFTY25MAY11900CE,541.85,4182.0,515.33,TRAILING,Monitoring
2025-05-08,06:50:00,HOLD,MIDCPNIFTY25MAY11900CE,541.85,4182.0,515.33,TRAILING,Monitoring
2025-05-08,06:55:00,HOLD,MIDCPNIFTY25MAY11900CE,541.85,4182.0,515.33,TRAILING,Monitoring
2025-05-08,06:55:00,EXIT,MIDCPNIFTY25MAY11900CE,541.85,4182.0,515.33,TRAILING,EMA_REVERSAL
