Date,Time,Event,Ticker,Price,PnL_INR,SL_Price,SL_Mode,Info
2025-01-28,09:25:00,ENTRY,MIDCPNIFTY25FEB11700PE,360.6,0.0,0.0,NONE,Signal PE
2025-01-28,09:30:00,HOLD,MIDCPNIFTY25FEB11700PE,360.6,0.0,0.0,NONE,Monitoring
2025-01-28,09:35:00,HOLD,MIDCPNIFTY25FEB11700PE,360.6,0.0,0.0,NONE,Monitoring
2025-01-28,09:40:00,HOLD,MIDCPNIFTY25FEB11700PE,360.6,0.0,0.0,NONE,Monitoring
2025-01-28,09:45:00,HOLD,MIDCPNIFTY25FEB11700PE,360.6,0.0,0.0,NONE,Monitoring
2025-01-28,09:50:00,HOLD,MIDCPNIFTY25FEB11700PE,360.6,0.0,0.0,NONE,Monitoring
2025-01-28,09:55:00,HOLD,MIDCPNIFTY25FEB11700PE,449.6,10680.0,0.0,NONE,Monitoring
2025-01-28,09:55:00,TSL_UPDATE,MIDCPNIFTY25FEB11700PE,449.6,10680.0,360.6,COST,Moved to Cost
2025-01-28,09:55:00,TSL_UPDATE,MIDCPNIFTY25FEB11700PE,449.6,10680.0,423.1,TRAILING,Stepped Up
2025-01-29,03:45:00,HOLD,MIDCPNIFTY25FEB11700PE,448.0,10488.0,423.1,TRAILING,Monitoring
2025-01-29,03:50:00,HOLD,MIDCPNIFTY25FEB11700PE,448.0,10488.0,423.1,TRAILING,Monitoring
2025-01-29,03:55:00,HOLD,MIDCPNIFTY25FEB11700PE,448.0,10488.0,423.1,TRAILING,Monitoring
2025-01-29,04:00:00,HOLD,MIDCPNIFTY25FEB11700PE,448.0,10488.0,423.1,TRAILING,Monitoring
2025-01-29,04:00:00,EXIT,MIDCPNIFTY25FEB11700PE,448.0,10488.0,423.1,TRAILING,EMA_REVERSAL
