Date,Time,Event,Ticker,Price,PnL_INR,SL_Price,SL_Mode,Info
2025-02-10,09:25:00,ENTRY,MIDCPNIFTY25FEB12100CE,185.65,0.0,0,NONE,Signal CE
2025-02-10,09:30:00,HOLD,MIDCPNIFTY25FEB12100CE,179.5,-738.0,0,NONE,Monitoring
2025-02-10,09:35:00,HOLD,MIDCPNIFTY25FEB12100CE,168.3,-2082.0,0,NONE,Monitoring
2025-02-10,09:40:00,HOLD,MIDCPNIFTY25FEB12100CE,159.0,-3198.0,0,NONE,Monitoring
2025-02-10,09:45:00,HOLD,MIDCPNIFTY25FEB12100CE,173.35,-1476.0,0,NONE,Monitoring
2025-02-10,09:50:00,HOLD,MIDCPNIFTY25FEB12100CE,177.05,-1032.0,0,NONE,Monitoring
2025-02-10,09:55:00,HOLD,MIDCPNIFTY25FEB12100CE,180.95,-564.0,0,NONE,Monitoring
2025-02-11,03:45:00,HOLD,MIDCPNIFTY25FEB12100CE,124.15,-7380.0,0,NONE,Monitoring
2025-02-11,03:45:00,EXIT,MIDCPNIFTY25FEB12100CE,124.15,-7380.0,0,NONE,EMA_REVERSAL
