Date,Time,Event,Ticker,Price,PnL_INR,SL_Price,SL_Mode,Info
2025-10-31,09:25:00,ENTRY,MIDCPNIFTY25NOV13400PE,156.95,0.0,0,NONE,Signal PE
2025-10-31,09:30:00,HOLD,MIDCPNIFTY25NOV13400PE,152.0,-594.0,0,NONE,Monitoring
2025-10-31,09:35:00,HOLD,MIDCPNIFTY25NOV13400PE,155.1,-222.0,0,NONE,Monitoring
2025-10-31,09:40:00,HOLD,MIDCPNIFTY25NOV13400PE,154.55,-288.0,0,NONE,Monitoring
2025-10-31,09:45:00,HOLD,MIDCPNIFTY25NOV13400PE,150.25,-804.0,0,NONE,Monitoring
2025-10-31,09:50:00,HOLD,MIDCPNIFTY25NOV13400PE,149.5,-894.0,0,NONE,Monitoring
2025-10-31,09:55:00,HOLD,MIDCPNIFTY25NOV13400PE,147.0,-1194.0,0,NONE,Monitoring
2025-11-03,03:45:00,HOLD,MIDCPNIFTY25NOV13400PE,169.9,1554.0,0,NONE,Monitoring
2025-11-03,03:50:00,HOLD,MIDCPNIFTY25NOV13400PE,169.9,1554.0,0,NONE,Monitoring
2025-11-03,03:55:00,HOLD,MIDCPNIFTY25NOV13400PE,169.9,1554.0,0,NONE,Monitoring
2025-11-03,04:00:00,HOLD,MIDCPNIFTY25NOV13400PE,169.9,1554.0,0,NONE,Monitoring
2025-11-03,04:05:00,HOLD,MIDCPNIFTY25NOV13400PE,169.9,1554.0,0,NONE,Monitoring
2025-11-03,04:10:00,HOLD,MIDCPNIFTY25NOV13400PE,169.9,1554.0,0,NONE,Monitoring
2025-11-03,04:15:00,HOLD,MIDCPNIFTY25NOV13400PE,169.9,1554.0,0,NONE,Monitoring
2025-11-03,04:20:00,HOLD,MIDCPNIFTY25NOV13400PE,169.9,1554.0,0,NONE,Monitoring
2025-11-03,04:25:00,HOLD,MIDCPNIFTY25NOV13400PE,169.9,1554.0,0,NONE,Monitoring
2025-11-03,04:25:00,EXIT,MIDCPNIFTY25NOV13400PE,169.9,1554.0,0,NONE,EMA_REVERSAL
