Date,Time,Event,Ticker,Price,PnL_INR,SL_Price,SL_Mode,Info
2024-06-27,09:35:00,ENTRY,MIDCPNIFTY24JUL12300CE,306.0,0.0,0,NONE,Signal CE
2024-06-27,09:40:00,HOLD,MIDCPNIFTY24JUL12300CE,306.0,0.0,0,NONE,Monitoring
2024-06-27,09:45:00,HOLD,MIDCPNIFTY24JUL12300CE,307.0,120.0,0,NONE,Monitoring
2024-06-27,09:50:00,HOLD,MIDCPNIFTY24JUL12300CE,307.0,120.0,0,NONE,Monitoring
2024-06-27,09:55:00,HOLD,MIDCPNIFTY24JUL12300CE,307.0,120.0,0,NONE,Monitoring
2024-06-28,03:45:00,HOLD,MIDCPNIFTY24JUL12300CE,250.0,-6720.0,0,NONE,Monitoring
2024-06-28,03:50:00,HOLD,MIDCPNIFTY24JUL12300CE,250.0,-6720.0,0,NONE,Monitoring
2024-06-28,03:55:00,HOLD,MIDCPNIFTY24JUL12300CE,250.0,-6720.0,0,NONE,Monitoring
2024-06-28,04:00:00,HOLD,MIDCPNIFTY24JUL12300CE,250.0,-6720.0,0,NONE,Monitoring
2024-06-28,04:05:00,HOLD,MIDCPNIFTY24JUL12300CE,250.0,-6720.0,0,NONE,Monitoring
2024-06-28,04:10:00,HOLD,MIDCPNIFTY24JUL12300CE,250.0,-6720.0,0,NONE,Monitoring
2024-06-28,04:15:00,HOLD,MIDCPNIFTY24JUL12300CE,250.0,-6720.0,0,NONE,Monitoring
2024-06-28,04:20:00,HOLD,MIDCPNIFTY24JUL12300CE,250.0,-6720.0,0,NONE,Monitoring
2024-06-28,04:25:00,HOLD,MIDCPNIFTY24JUL12300CE,250.0,-6720.0,0,NONE,Monitoring
2024-06-28,04:30:00,HOLD,MIDCPNIFTY24JUL12300CE,250.0,-6720.0,0,NONE,Monitoring
2024-06-28,04:35:00,HOLD,MIDCPNIFTY24JUL12300CE,250.0,-6720.0,0,NONE,Monitoring
2024-06-28,04:40:00,HOLD,MIDCPNIFTY24JUL12300CE,250.0,-6720.0,0,NONE,Monitoring
2024-06-28,04:45:00,HOLD,MIDCPNIFTY24JUL12300CE,250.0,-6720.0,0,NONE,Monitoring
2024-06-28,04:50:00,HOLD,MIDCPNIFTY24JUL12300CE,250.0,-6720.0,0,NONE,Monitoring
2024-06-28,04:55:00,HOLD,MIDCPNIFTY24JUL12300CE,250.0,-6720.0,0,NONE,Monitoring
2024-06-28,05:00:00,HOLD,MIDCPNIFTY24JUL12300CE,250.0,-6720.0,0,NONE,Monitoring
2024-06-28,05:05:00,HOLD,MIDCPNIFTY24JUL12300CE,250.0,-6720.0,0,NONE,Monitoring
2024-06-28,05:10:00,HOLD,MIDCPNIFTY24JUL12300CE,250.0,-6720.0,0,NONE,Monitoring
2024-06-28,05:15:00,HOLD,MIDCPNIFTY24JUL12300CE,250.0,-6720.0,0,NONE,Monitoring
2024-06-28,05:20:00,HOLD,MIDCPNIFTY24JUL12300CE,250.0,-6720.0,0,NONE,Monitoring
2024-06-28,05:25:00,HOLD,MIDCPNIFTY24JUL12300CE,250.0,-6720.0,0,NONE,Monitoring
2024-06-28,05:30:00,HOLD,MIDCPNIFTY24JUL12300CE,250.0,-6720.0,0,NONE,Monitoring
2024-06-28,05:35:00,HOLD,MIDCPNIFTY24JUL12300CE,250.0,-6720.0,0,NONE,Monitoring
2024-06-28,05:40:00,HOLD,MIDCPNIFTY24JUL12300CE,250.0,-6720.0,0,NONE,Monitoring
2024-06-28,05:45:00,HOLD,MIDCPNIFTY24JUL12300CE,250.0,-6720.0,0,NONE,Monitoring
2024-06-28,05:50:00,HOLD,MIDCPNIFTY24JUL12300CE,250.0,-6720.0,0,NONE,Monitoring
2024-06-28,05:55:00,HOLD,MIDCPNIFTY24JUL12300CE,250.0,-6720.0,0,NONE,Monitoring
2024-06-28,06:00:00,HOLD,MIDCPNIFTY24JUL12300CE,250.0,-6720.0,0,NONE,Monitoring
2024-06-28,06:05:00,HOLD,MIDCPNIFTY24JUL12300CE,250.0,-6720.0,0,NONE,Monitoring
2024-06-28,06:10:00,HOLD,MIDCPNIFTY24JUL12300CE,250.0,-6720.0,0,NONE,Monitoring
2024-06-28,06:15:00,HOLD,MIDCPNIFTY24JUL12300CE,250.0,-6720.0,0,NONE,Monitoring
2024-06-28,06:20:00,HOLD,MIDCPNIFTY24JUL12300CE,250.0,-6720.0,0,NONE,Monitoring
2024-06-28,06:25:00,HOLD,MIDCPNIFTY24JUL12300CE,250.0,-6720.0,0,NONE,Monitoring
2024-06-28,06:30:00,HOLD,MIDCPNIFTY24JUL12300CE,250.0,-6720.0,0,NONE,Monitoring
2024-06-28,06:35:00,HOLD,MIDCPNIFTY24JUL12300CE,250.0,-6720.0,0,NONE,Monitoring
2024-06-28,06:40:00,HOLD,MIDCPNIFTY24JUL12300CE,250.0,-6720.0,0,NONE,Monitoring
2024-06-28,06:45:00,HOLD,MIDCPNIFTY24JUL12300CE,250.0,-6720.0,0,NONE,Monitoring
2024-06-28,06:50:00,HOLD,MIDCPNIFTY24JUL12300CE,250.0,-6720.0,0,NONE,Monitoring
2024-06-28,06:55:00,HOLD,MIDCPNIFTY24JUL12300CE,250.0,-6720.0,0,NONE,Monitoring
2024-06-28,07:00:00,HOLD,MIDCPNIFTY24JUL12300CE,250.0,-6720.0,0,NONE,Monitoring
2024-06-28,07:05:00,HOLD,MIDCPNIFTY24JUL12300CE,250.0,-6720.0,0,NONE,Monitoring
2024-06-28,07:05:00,EXIT,MIDCPNIFTY24JUL12300CE,250.0,-6720.0,0,NONE,EMA_REVERSAL
