Date,Time,Event,Ticker,Price,PnL_INR,SL_Price,SL_Mode,Info
2025-10-09,09:20:00,ENTRY,MIDCPNIFTY25OCT13000CE,179.9,0.0,0.0,NONE,Signal CE
2025-10-09,09:25:00,HOLD,MIDCPNIFTY25OCT13000CE,182.65,330.0,0.0,NONE,Monitoring
2025-10-09,09:30:00,HOLD,MIDCPNIFTY25OCT13000CE,175.65,-510.0,0.0,NONE,Monitoring
2025-10-09,09:35:00,HOLD,MIDCPNIFTY25OCT13000CE,185.0,612.0,0.0,NONE,Monitoring
2025-10-09,09:40:00,HOLD,MIDCPNIFTY25OCT13000CE,169.8,-1212.0,0.0,NONE,Monitoring
2025-10-09,09:45:00,HOLD,MIDCPNIFTY25OCT13000CE,175.0,-588.0,0.0,NONE,Monitoring
2025-10-09,09:50:00,HOLD,MIDCPNIFTY25OCT13000CE,177.6,-276.0,0.0,NONE,Monitoring
2025-10-09,09:55:00,HOLD,MIDCPNIFTY25OCT13000CE,183.95,486.0,0.0,NONE,Monitoring
2025-10-10,03:45:00,HOLD,MIDCPNIFTY25OCT13000CE,228.05,5778.0,0.0,NONE,Monitoring
2025-10-10,03:45:00,TSL_UPDATE,MIDCPNIFTY25OCT13000CE,228.05,5778.0,179.9,COST,Moved to Cost
2025-10-10,03:45:00,TSL_UPDATE,MIDCPNIFTY25OCT13000CE,228.05,5778.0,200.73,TRAILING,Stepped Up
2025-10-10,03:50:00,HOLD,MIDCPNIFTY25OCT13000CE,228.05,5778.0,200.73,TRAILING,Monitoring
2025-10-10,03:55:00,HOLD,MIDCPNIFTY25OCT13000CE,228.05,5778.0,200.73,TRAILING,Monitoring
2025-10-10,04:00:00,HOLD,MIDCPNIFTY25OCT13000CE,228.05,5778.0,200.73,TRAILING,Monitoring
2025-10-10,04:05:00,HOLD,MIDCPNIFTY25OCT13000CE,228.05,5778.0,200.73,TRAILING,Monitoring
2025-10-10,04:10:00,HOLD,MIDCPNIFTY25OCT13000CE,228.05,5778.0,200.73,TRAILING,Monitoring
2025-10-10,04:15:00,HOLD,MIDCPNIFTY25OCT13000CE,228.05,5778.0,200.73,TRAILING,Monitoring
2025-10-10,04:20:00,HOLD,MIDCPNIFTY25OCT13000CE,228.05,5778.0,200.73,TRAILING,Monitoring
2025-10-10,04:25:00,HOLD,MIDCPNIFTY25OCT13000CE,228.05,5778.0,200.73,TRAILING,Monitoring
2025-10-10,04:30:00,HOLD,MIDCPNIFTY25OCT13000CE,228.05,5778.0,200.73,TRAILING,Monitoring
2025-10-10,04:35:00,HOLD,MIDCPNIFTY25OCT13000CE,228.05,5778.0,200.73,TRAILING,Monitoring
2025-10-10,04:40:00,HOLD,MIDCPNIFTY25OCT13000CE,228.05,5778.0,200.73,TRAILING,Monitoring
2025-10-10,04:45:00,HOLD,MIDCPNIFTY25OCT13000CE,228.05,5778.0,200.73,TRAILING,Monitoring
2025-10-10,04:50:00,HOLD,MIDCPNIFTY25OCT13000CE,228.05,5778.0,200.73,TRAILING,Monitoring
2025-10-10,04:55:00,HOLD,MIDCPNIFTY25OCT13000CE,228.05,5778.0,200.73,TRAILING,Monitoring
2025-10-10,05:00:00,HOLD,MIDCPNIFTY25OCT13000CE,228.05,5778.0,200.73,TRAILING,Monitoring
2025-10-10,05:05:00,HOLD,MIDCPNIFTY25OCT13000CE,228.05,5778.0,200.73,TRAILING,Monitoring
2025-10-10,05:10:00,HOLD,MIDCPNIFTY25OCT13000CE,228.05,5778.0,200.73,TRAILING,Monitoring
2025-10-10,05:15:00,HOLD,MIDCPNIFTY25OCT13000CE,228.05,5778.0,200.73,TRAILING,Monitoring
2025-10-10,05:20:00,HOLD,MIDCPNIFTY25OCT13000CE,228.05,5778.0,200.73,TRAILING,Monitoring
2025-10-10,05:25:00,HOLD,MIDCPNIFTY25OCT13000CE,228.05,5778.0,200.73,TRAILING,Monitoring
2025-10-10,05:30:00,HOLD,MIDCPNIFTY25OCT13000CE,228.05,5778.0,200.73,TRAILING,Monitoring
2025-10-10,05:35:00,HOLD,MIDCPNIFTY25OCT13000CE,228.05,5778.0,200.73,TRAILING,Monitoring
2025-10-10,05:40:00,HOLD,MIDCPNIFTY25OCT13000CE,228.05,5778.0,200.73,TRAILING,Monitoring
2025-10-10,05:45:00,HOLD,MIDCPNIFTY25OCT13000CE,228.05,5778.0,200.73,TRAILING,Monitoring
2025-10-10,05:50:00,HOLD,MIDCPNIFTY25OCT13000CE,228.05,5778.0,200.73,TRAILING,Monitoring
2025-10-10,05:55:00,HOLD,MIDCPNIFTY25OCT13000CE,228.05,5778.0,200.73,TRAILING,Monitoring
2025-10-10,06:00:00,HOLD,MIDCPNIFTY25OCT13000CE,228.05,5778.0,200.73,TRAILING,Monitoring
2025-10-10,06:05:00,HOLD,MIDCPNIFTY25OCT13000CE,228.05,5778.0,200.73,TRAILING,Monitoring
2025-10-10,06:10:00,HOLD,MIDCPNIFTY25OCT13000CE,228.05,5778.0,200.73,TRAILING,Monitoring
2025-10-10,06:15:00,HOLD,MIDCPNIFTY25OCT13000CE,228.05,5778.0,200.73,TRAILING,Monitoring
2025-10-10,06:20:00,HOLD,MIDCPNIFTY25OCT13000CE,228.05,5778.0,200.73,TRAILING,Monitoring
2025-10-10,06:25:00,HOLD,MIDCPNIFTY25OCT13000CE,228.05,5778.0,200.73,TRAILING,Monitoring
2025-10-10,06:30:00,HOLD,MIDCPNIFTY25OCT13000CE,228.05,5778.0,200.73,TRAILING,Monitoring
2025-10-10,06:35:00,HOLD,MIDCPNIFTY25OCT13000CE,228.05,5778.0,200.73,TRAILING,Monitoring
2025-10-10,06:40:00,HOLD,MIDCPNIFTY25OCT13000CE,228.05,5778.0,200.73,TRAILING,Monitoring
2025-10-10,06:45:00,HOLD,MIDCPNIFTY25OCT13000CE,228.05,5778.0,200.73,TRAILING,Monitoring
2025-10-10,06:50:00,HOLD,MIDCPNIFTY25OCT13000CE,228.05,5778.0,200.73,TRAILING,Monitoring
2025-10-10,06:55:00,HOLD,MIDCPNIFTY25OCT13000CE,228.05,5778.0,200.73,TRAILING,Monitoring
2025-10-10,07:00:00,HOLD,MIDCPNIFTY25OCT13000CE,228.05,5778.0,200.73,TRAILING,Monitoring
2025-10-10,07:05:00,HOLD,MIDCPNIFTY25OCT13000CE,228.05,5778.0,200.73,TRAILING,Monitoring
2025-10-10,07:10:00,HOLD,MIDCPNIFTY25OCT13000CE,228.05,5778.0,200.73,TRAILING,Monitoring
2025-10-10,07:15:00,HOLD,MIDCPNIFTY25OCT13000CE,228.05,5778.0,200.73,TRAILING,Monitoring
2025-10-10,07:20:00,HOLD,MIDCPNIFTY25OCT13000CE,228.05,5778.0,200.73,TRAILING,Monitoring
2025-10-10,07:25:00,HOLD,MIDCPNIFTY25OCT13000CE,228.05,5778.0,200.73,TRAILING,Monitoring
2025-10-10,07:30:00,HOLD,MIDCPNIFTY25OCT13000CE,228.05,5778.0,200.73,TRAILING,Monitoring
2025-10-10,07:35:00,HOLD,MIDCPNIFTY25OCT13000CE,228.05,5778.0,200.73,TRAILING,Monitoring
2025-10-10,07:40:00,HOLD,MIDCPNIFTY25OCT13000CE,228.05,5778.0,200.73,TRAILING,Monitoring
2025-10-10,07:45:00,HOLD,MIDCPNIFTY25OCT13000CE,228.05,5778.0,200.73,TRAILING,Monitoring
2025-10-10,07:50:00,HOLD,MIDCPNIFTY25OCT13000CE,228.05,5778.0,200.73,TRAILING,Monitoring
2025-10-10,07:55:00,HOLD,MIDCPNIFTY25OCT13000CE,228.05,5778.0,200.73,TRAILING,Monitoring
2025-10-10,08:00:00,HOLD,MIDCPNIFTY25OCT13000CE,228.05,5778.0,200.73,TRAILING,Monitoring
2025-10-10,08:05:00,HOLD,MIDCPNIFTY25OCT13000CE,228.05,5778.0,200.73,TRAILING,Monitoring
2025-10-10,08:10:00,HOLD,MIDCPNIFTY25OCT13000CE,228.05,5778.0,200.73,TRAILING,Monitoring
2025-10-10,08:15:00,HOLD,MIDCPNIFTY25OCT13000CE,228.05,5778.0,200.73,TRAILING,Monitoring
2025-10-10,08:20:00,HOLD,MIDCPNIFTY25OCT13000CE,228.05,5778.0,200.73,TRAILING,Monitoring
2025-10-10,08:25:00,HOLD,MIDCPNIFTY25OCT13000CE,228.05,5778.0,200.73,TRAILING,Monitoring
2025-10-10,08:30:00,HOLD,MIDCPNIFTY25OCT13000CE,228.05,5778.0,200.73,TRAILING,Monitoring
2025-10-10,08:35:00,HOLD,MIDCPNIFTY25OCT13000CE,228.05,5778.0,200.73,TRAILING,Monitoring
2025-10-10,08:40:00,HOLD,MIDCPNIFTY25OCT13000CE,228.05,5778.0,200.73,TRAILING,Monitoring
2025-10-10,08:45:00,HOLD,MIDCPNIFTY25OCT13000CE,228.05,5778.0,200.73,TRAILING,Monitoring
2025-10-10,08:50:00,HOLD,MIDCPNIFTY25OCT13000CE,228.05,5778.0,200.73,TRAILING,Monitoring
2025-10-10,08:55:00,HOLD,MIDCPNIFTY25OCT13000CE,228.05,5778.0,200.73,TRAILING,Monitoring
2025-10-10,09:00:00,HOLD,MIDCPNIFTY25OCT13000CE,228.05,5778.0,200.73,TRAILING,Monitoring
2025-10-10,09:05:00,HOLD,MIDCPNIFTY25OCT13000CE,228.05,5778.0,200.73,TRAILING,Monitoring
2025-10-10,09:10:00,HOLD,MIDCPNIFTY25OCT13000CE,228.05,5778.0,200.73,TRAILING,Monitoring
2025-10-10,09:15:00,HOLD,MIDCPNIFTY25OCT13000CE,257.45,9306.0,200.73,TRAILING,Monitoring
2025-10-10,09:15:00,TSL_UPDATE,MIDCPNIFTY25OCT13000CE,257.45,9306.0,229.9,TRAILING,Stepped Up
2025-10-10,09:20:00,HOLD,MIDCPNIFTY25OCT13000CE,264.9,10200.0,229.9,TRAILING,Monitoring
2025-10-10,09:20:00,TSL_UPDATE,MIDCPNIFTY25OCT13000CE,264.9,10200.0,238.23,TRAILING,Stepped Up
2025-10-10,09:25:00,HOLD,MIDCPNIFTY25OCT13000CE,256.8,9228.0,238.23,TRAILING,Monitoring
2025-10-10,09:30:00,HOLD,MIDCPNIFTY25OCT13000CE,278.0,11772.0,238.23,TRAILING,Monitoring
2025-10-10,09:30:00,TSL_UPDATE,MIDCPNIFTY25OCT13000CE,278.0,11772.0,250.73,TRAILING,Stepped Up
2025-10-10,09:30:00,EXIT,MIDCPNIFTY25OCT13000CE,278.0,11772.0,250.73,TRAILING,EMA_REVERSAL
