Date,Time,Event,Ticker,Price,PnL_INR,SL_Price,SL_Mode,Info
2024-01-18,09:35:00,ENTRY,MIDCPNIFTY24JAN10500CE,60.7,0.0,0.0,NONE,Signal CE
2024-01-18,09:40:00,HOLD,MIDCPNIFTY24JAN10500CE,57.85,-342.0,0.0,NONE,Monitoring
2024-01-18,09:45:00,HOLD,MIDCPNIFTY24JAN10500CE,57.55,-378.0,0.0,NONE,Monitoring
2024-01-18,09:50:00,HOLD,MIDCPNIFTY24JAN10500CE,59.4,-156.0,0.0,NONE,Monitoring
2024-01-18,09:55:00,HOLD,MIDCPNIFTY24JAN10500CE,57.0,-444.0,0.0,NONE,Monitoring
2024-01-19,03:45:00,HOLD,MIDCPNIFTY24JAN10500CE,149.75,10686.0,0.0,NONE,Monitoring
2024-01-19,03:45:00,TSL_UPDATE,MIDCPNIFTY24JAN10500CE,149.75,10686.0,60.7,COST,Moved to Cost
2024-01-19,03:45:00,TSL_UPDATE,MIDCPNIFTY24JAN10500CE,149.75,10686.0,123.2,TRAILING,Stepped Up
2024-01-19,03:50:00,HOLD,MIDCPNIFTY24JAN10500CE,149.75,10686.0,123.2,TRAILING,Monitoring
2024-01-19,03:55:00,HOLD,MIDCPNIFTY24JAN10500CE,149.75,10686.0,123.2,TRAILING,Monitoring
2024-01-19,04:00:00,HOLD,MIDCPNIFTY24JAN10500CE,149.75,10686.0,123.2,TRAILING,Monitoring
2024-01-19,04:05:00,HOLD,MIDCPNIFTY24JAN10500CE,149.75,10686.0,123.2,TRAILING,Monitoring
2024-01-19,04:10:00,HOLD,MIDCPNIFTY24JAN10500CE,149.75,10686.0,123.2,TRAILING,Monitoring
2024-01-19,04:15:00,HOLD,MIDCPNIFTY24JAN10500CE,149.75,10686.0,123.2,TRAILING,Monitoring
2024-01-19,04:20:00,HOLD,MIDCPNIFTY24JAN10500CE,149.75,10686.0,123.2,TRAILING,Monitoring
2024-01-19,04:25:00,HOLD,MIDCPNIFTY24JAN10500CE,149.75,10686.0,123.2,TRAILING,Monitoring
2024-01-19,04:30:00,HOLD,MIDCPNIFTY24JAN10500CE,149.75,10686.0,123.2,TRAILING,Monitoring
2024-01-19,04:35:00,HOLD,MIDCPNIFTY24JAN10500CE,149.75,10686.0,123.2,TRAILING,Monitoring
2024-01-19,04:40:00,HOLD,MIDCPNIFTY24JAN10500CE,149.75,10686.0,123.2,TRAILING,Monitoring
2024-01-19,04:45:00,HOLD,MIDCPNIFTY24JAN10500CE,149.75,10686.0,123.2,TRAILING,Monitoring
2024-01-19,04:50:00,HOLD,MIDCPNIFTY24JAN10500CE,149.75,10686.0,123.2,TRAILING,Monitoring
2024-01-19,04:55:00,HOLD,MIDCPNIFTY24JAN10500CE,149.75,10686.0,123.2,TRAILING,Monitoring
2024-01-19,05:00:00,HOLD,MIDCPNIFTY24JAN10500CE,149.75,10686.0,123.2,TRAILING,Monitoring
2024-01-19,05:05:00,HOLD,MIDCPNIFTY24JAN10500CE,149.75,10686.0,123.2,TRAILING,Monitoring
2024-01-19,05:10:00,HOLD,MIDCPNIFTY24JAN10500CE,149.75,10686.0,123.2,TRAILING,Monitoring
2024-01-19,05:15:00,HOLD,MIDCPNIFTY24JAN10500CE,149.75,10686.0,123.2,TRAILING,Monitoring
2024-01-19,05:20:00,HOLD,MIDCPNIFTY24JAN10500CE,149.75,10686.0,123.2,TRAILING,Monitoring
2024-01-19,05:25:00,HOLD,MIDCPNIFTY24JAN10500CE,149.75,10686.0,123.2,TRAILING,Monitoring
2024-01-19,05:30:00,HOLD,MIDCPNIFTY24JAN10500CE,149.75,10686.0,123.2,TRAILING,Monitoring
2024-01-19,05:35:00,HOLD,MIDCPNIFTY24JAN10500CE,149.75,10686.0,123.2,TRAILING,Monitoring
2024-01-19,05:40:00,HOLD,MIDCPNIFTY24JAN10500CE,149.75,10686.0,123.2,TRAILING,Monitoring
2024-01-19,05:45:00,HOLD,MIDCPNIFTY24JAN10500CE,149.75,10686.0,123.2,TRAILING,Monitoring
2024-01-19,05:50:00,HOLD,MIDCPNIFTY24JAN10500CE,149.75,10686.0,123.2,TRAILING,Monitoring
2024-01-19,05:55:00,HOLD,MIDCPNIFTY24JAN10500CE,149.75,10686.0,123.2,TRAILING,Monitoring
2024-01-19,06:00:00,HOLD,MIDCPNIFTY24JAN10500CE,149.75,10686.0,123.2,TRAILING,Monitoring
2024-01-19,06:05:00,HOLD,MIDCPNIFTY24JAN10500CE,149.75,10686.0,123.2,TRAILING,Monitoring
2024-01-19,06:10:00,HOLD,MIDCPNIFTY24JAN10500CE,149.75,10686.0,123.2,TRAILING,Monitoring
2024-01-19,06:15:00,HOLD,MIDCPNIFTY24JAN10500CE,149.75,10686.0,123.2,TRAILING,Monitoring
2024-01-19,06:20:00,HOLD,MIDCPNIFTY24JAN10500CE,149.75,10686.0,123.2,TRAILING,Monitoring
2024-01-19,06:25:00,HOLD,MIDCPNIFTY24JAN10500CE,149.75,10686.0,123.2,TRAILING,Monitoring
2024-01-19,06:30:00,HOLD,MIDCPNIFTY24JAN10500CE,149.75,10686.0,123.2,TRAILING,Monitoring
2024-01-19,06:35:00,HOLD,MIDCPNIFTY24JAN10500CE,149.75,10686.0,123.2,TRAILING,Monitoring
2024-01-19,06:40:00,HOLD,MIDCPNIFTY24JAN10500CE,149.75,10686.0,123.2,TRAILING,Monitoring
2024-01-19,06:45:00,HOLD,MIDCPNIFTY24JAN10500CE,149.75,10686.0,123.2,TRAILING,Monitoring
2024-01-19,06:50:00,HOLD,MIDCPNIFTY24JAN10500CE,149.75,10686.0,123.2,TRAILING,Monitoring
2024-01-19,06:55:00,HOLD,MIDCPNIFTY24JAN10500CE,149.75,10686.0,123.2,TRAILING,Monitoring
2024-01-19,07:00:00,HOLD,MIDCPNIFTY24JAN10500CE,149.75,10686.0,123.2,TRAILING,Monitoring
2024-01-19,07:05:00,HOLD,MIDCPNIFTY24JAN10500CE,149.75,10686.0,123.2,TRAILING,Monitoring
2024-01-19,07:10:00,HOLD,MIDCPNIFTY24JAN10500CE,149.75,10686.0,123.2,TRAILING,Monitoring
2024-01-19,07:15:00,HOLD,MIDCPNIFTY24JAN10500CE,149.75,10686.0,123.2,TRAILING,Monitoring
2024-01-19,07:20:00,HOLD,MIDCPNIFTY24JAN10500CE,149.75,10686.0,123.2,TRAILING,Monitoring
2024-01-19,07:25:00,HOLD,MIDCPNIFTY24JAN10500CE,149.75,10686.0,123.2,TRAILING,Monitoring
2024-01-19,07:30:00,HOLD,MIDCPNIFTY24JAN10500CE,149.75,10686.0,123.2,TRAILING,Monitoring
2024-01-19,07:35:00,HOLD,MIDCPNIFTY24JAN10500CE,149.75,10686.0,123.2,TRAILING,Monitoring
2024-01-19,07:40:00,HOLD,MIDCPNIFTY24JAN10500CE,149.75,10686.0,123.2,TRAILING,Monitoring
2024-01-19,07:45:00,HOLD,MIDCPNIFTY24JAN10500CE,149.75,10686.0,123.2,TRAILING,Monitoring
2024-01-19,07:50:00,HOLD,MIDCPNIFTY24JAN10500CE,149.75,10686.0,123.2,TRAILING,Monitoring
2024-01-19,07:55:00,HOLD,MIDCPNIFTY24JAN10500CE,149.75,10686.0,123.2,TRAILING,Monitoring
2024-01-19,08:00:00,HOLD,MIDCPNIFTY24JAN10500CE,149.75,10686.0,123.2,TRAILING,Monitoring
2024-01-19,08:05:00,HOLD,MIDCPNIFTY24JAN10500CE,149.75,10686.0,123.2,TRAILING,Monitoring
2024-01-19,08:10:00,HOLD,MIDCPNIFTY24JAN10500CE,149.75,10686.0,123.2,TRAILING,Monitoring
2024-01-19,08:15:00,HOLD,MIDCPNIFTY24JAN10500CE,149.75,10686.0,123.2,TRAILING,Monitoring
2024-01-19,08:20:00,HOLD,MIDCPNIFTY24JAN10500CE,149.75,10686.0,123.2,TRAILING,Monitoring
2024-01-19,08:25:00,HOLD,MIDCPNIFTY24JAN10500CE,149.75,10686.0,123.2,TRAILING,Monitoring
2024-01-19,08:30:00,HOLD,MIDCPNIFTY24JAN10500CE,149.75,10686.0,123.2,TRAILING,Monitoring
2024-01-19,08:35:00,HOLD,MIDCPNIFTY24JAN10500CE,149.75,10686.0,123.2,TRAILING,Monitoring
2024-01-19,08:40:00,HOLD,MIDCPNIFTY24JAN10500CE,149.75,10686.0,123.2,TRAILING,Monitoring
2024-01-19,08:45:00,HOLD,MIDCPNIFTY24JAN10500CE,149.75,10686.0,123.2,TRAILING,Monitoring
2024-01-19,08:50:00,HOLD,MIDCPNIFTY24JAN10500CE,149.75,10686.0,123.2,TRAILING,Monitoring
2024-01-19,08:55:00,HOLD,MIDCPNIFTY24JAN10500CE,149.75,10686.0,123.2,TRAILING,Monitoring
2024-01-19,09:00:00,HOLD,MIDCPNIFTY24JAN10500CE,149.75,10686.0,123.2,TRAILING,Monitoring
2024-01-19,09:05:00,HOLD,MIDCPNIFTY24JAN10500CE,149.75,10686.0,123.2,TRAILING,Monitoring
2024-01-19,09:10:00,HOLD,MIDCPNIFTY24JAN10500CE,149.75,10686.0,123.2,TRAILING,Monitoring
2024-01-19,09:15:00,HOLD,MIDCPNIFTY24JAN10500CE,167.9,12864.0,123.2,TRAILING,Monitoring
2024-01-19,09:15:00,TSL_UPDATE,MIDCPNIFTY24JAN10500CE,167.9,12864.0,139.87,TRAILING,Stepped Up
2024-01-19,09:20:00,HOLD,MIDCPNIFTY24JAN10500CE,172.55,13422.0,139.87,TRAILING,Monitoring
2024-01-19,09:20:00,TSL_UPDATE,MIDCPNIFTY24JAN10500CE,172.55,13422.0,144.03,TRAILING,Stepped Up
2024-01-19,09:25:00,HOLD,MIDCPNIFTY24JAN10500CE,168.05,12882.0,144.03,TRAILING,Monitoring
2024-01-19,09:30:00,HOLD,MIDCPNIFTY24JAN10500CE,157.9,11664.0,144.03,TRAILING,Monitoring
2024-01-19,09:35:00,HOLD,MIDCPNIFTY24JAN10500CE,164.7,12480.0,144.03,TRAILING,Monitoring
2024-01-19,09:40:00,HOLD,MIDCPNIFTY24JAN10500CE,163.75,12366.0,144.03,TRAILING,Monitoring
2024-01-19,09:45:00,HOLD,MIDCPNIFTY24JAN10500CE,163.05,12282.0,144.03,TRAILING,Monitoring
2024-01-19,09:50:00,HOLD,MIDCPNIFTY24JAN10500CE,161.75,12126.0,144.03,TRAILING,Monitoring
2024-01-19,09:55:00,HOLD,MIDCPNIFTY24JAN10500CE,172.15,13374.0,144.03,TRAILING,Monitoring
2024-01-20,03:45:00,HOLD,MIDCPNIFTY24JAN10500CE,215.35,18558.0,144.03,TRAILING,Monitoring
2024-01-20,03:45:00,TSL_UPDATE,MIDCPNIFTY24JAN10500CE,215.35,18558.0,189.87,TRAILING,Stepped Up
2024-01-20,03:50:00,HOLD,MIDCPNIFTY24JAN10500CE,215.35,18558.0,189.87,TRAILING,Monitoring
2024-01-20,03:55:00,HOLD,MIDCPNIFTY24JAN10500CE,215.35,18558.0,189.87,TRAILING,Monitoring
2024-01-20,04:00:00,HOLD,MIDCPNIFTY24JAN10500CE,215.35,18558.0,189.87,TRAILING,Monitoring
2024-01-20,04:05:00,HOLD,MIDCPNIFTY24JAN10500CE,215.35,18558.0,189.87,TRAILING,Monitoring
2024-01-20,04:10:00,HOLD,MIDCPNIFTY24JAN10500CE,215.35,18558.0,189.87,TRAILING,Monitoring
2024-01-20,04:15:00,HOLD,MIDCPNIFTY24JAN10500CE,215.35,18558.0,189.87,TRAILING,Monitoring
2024-01-20,04:20:00,HOLD,MIDCPNIFTY24JAN10500CE,215.35,18558.0,189.87,TRAILING,Monitoring
2024-01-20,04:25:00,HOLD,MIDCPNIFTY24JAN10500CE,215.35,18558.0,189.87,TRAILING,Monitoring
2024-01-20,04:30:00,HOLD,MIDCPNIFTY24JAN10500CE,215.35,18558.0,189.87,TRAILING,Monitoring
2024-01-20,04:35:00,HOLD,MIDCPNIFTY24JAN10500CE,215.35,18558.0,189.87,TRAILING,Monitoring
2024-01-20,04:40:00,HOLD,MIDCPNIFTY24JAN10500CE,215.35,18558.0,189.87,TRAILING,Monitoring
2024-01-20,04:45:00,HOLD,MIDCPNIFTY24JAN10500CE,215.35,18558.0,189.87,TRAILING,Monitoring
2024-01-20,04:50:00,HOLD,MIDCPNIFTY24JAN10500CE,215.35,18558.0,189.87,TRAILING,Monitoring
2024-01-20,04:55:00,HOLD,MIDCPNIFTY24JAN10500CE,215.35,18558.0,189.87,TRAILING,Monitoring
2024-01-20,05:00:00,HOLD,MIDCPNIFTY24JAN10500CE,215.35,18558.0,189.87,TRAILING,Monitoring
2024-01-20,05:05:00,HOLD,MIDCPNIFTY24JAN10500CE,215.35,18558.0,189.87,TRAILING,Monitoring
2024-01-20,05:10:00,HOLD,MIDCPNIFTY24JAN10500CE,215.35,18558.0,189.87,TRAILING,Monitoring
2024-01-20,05:15:00,HOLD,MIDCPNIFTY24JAN10500CE,215.35,18558.0,189.87,TRAILING,Monitoring
2024-01-20,05:20:00,HOLD,MIDCPNIFTY24JAN10500CE,215.35,18558.0,189.87,TRAILING,Monitoring
2024-01-20,05:25:00,HOLD,MIDCPNIFTY24JAN10500CE,215.35,18558.0,189.87,TRAILING,Monitoring
2024-01-20,05:30:00,HOLD,MIDCPNIFTY24JAN10500CE,215.35,18558.0,189.87,TRAILING,Monitoring
2024-01-20,05:35:00,HOLD,MIDCPNIFTY24JAN10500CE,215.35,18558.0,189.87,TRAILING,Monitoring
2024-01-20,05:40:00,HOLD,MIDCPNIFTY24JAN10500CE,215.35,18558.0,189.87,TRAILING,Monitoring
2024-01-20,05:45:00,HOLD,MIDCPNIFTY24JAN10500CE,215.35,18558.0,189.87,TRAILING,Monitoring
2024-01-20,05:50:00,HOLD,MIDCPNIFTY24JAN10500CE,215.35,18558.0,189.87,TRAILING,Monitoring
2024-01-20,05:55:00,HOLD,MIDCPNIFTY24JAN10500CE,215.35,18558.0,189.87,TRAILING,Monitoring
2024-01-20,06:00:00,HOLD,MIDCPNIFTY24JAN10500CE,215.35,18558.0,189.87,TRAILING,Monitoring
2024-01-20,06:05:00,HOLD,MIDCPNIFTY24JAN10500CE,215.35,18558.0,189.87,TRAILING,Monitoring
2024-01-20,06:10:00,HOLD,MIDCPNIFTY24JAN10500CE,215.35,18558.0,189.87,TRAILING,Monitoring
2024-01-20,06:15:00,HOLD,MIDCPNIFTY24JAN10500CE,215.35,18558.0,189.87,TRAILING,Monitoring
2024-01-20,06:20:00,HOLD,MIDCPNIFTY24JAN10500CE,215.35,18558.0,189.87,TRAILING,Monitoring
2024-01-20,06:25:00,HOLD,MIDCPNIFTY24JAN10500CE,215.35,18558.0,189.87,TRAILING,Monitoring
2024-01-20,06:30:00,HOLD,MIDCPNIFTY24JAN10500CE,215.35,18558.0,189.87,TRAILING,Monitoring
2024-01-20,06:35:00,HOLD,MIDCPNIFTY24JAN10500CE,215.35,18558.0,189.87,TRAILING,Monitoring
2024-01-20,06:40:00,HOLD,MIDCPNIFTY24JAN10500CE,215.35,18558.0,189.87,TRAILING,Monitoring
2024-01-20,06:45:00,HOLD,MIDCPNIFTY24JAN10500CE,215.35,18558.0,189.87,TRAILING,Monitoring
2024-01-20,06:50:00,HOLD,MIDCPNIFTY24JAN10500CE,215.35,18558.0,189.87,TRAILING,Monitoring
2024-01-20,06:55:00,HOLD,MIDCPNIFTY24JAN10500CE,215.35,18558.0,189.87,TRAILING,Monitoring
2024-01-20,07:00:00,HOLD,MIDCPNIFTY24JAN10500CE,215.35,18558.0,189.87,TRAILING,Monitoring
2024-01-20,07:05:00,HOLD,MIDCPNIFTY24JAN10500CE,215.35,18558.0,189.87,TRAILING,Monitoring
2024-01-20,07:05:00,EXIT,MIDCPNIFTY24JAN10500CE,215.35,18558.0,189.87,TRAILING,EMA_REVERSAL
