Date,Time,Event,Ticker,Price,PnL_INR,SL_Price,SL_Mode,Info
2024-08-12,09:30:00,ENTRY,MIDCPNIFTY24AUG12600CE,200.1,0.0,0.0,NONE,Signal CE
2024-08-12,09:35:00,HOLD,MIDCPNIFTY24AUG12600CE,193.05,-846.0,0.0,NONE,Monitoring
2024-08-12,09:40:00,HOLD,MIDCPNIFTY24AUG12600CE,177.6,-2700.0,0.0,NONE,Monitoring
2024-08-12,09:45:00,HOLD,MIDCPNIFTY24AUG12600CE,194.1,-720.0,0.0,NONE,Monitoring
2024-08-12,09:50:00,HOLD,MIDCPNIFTY24AUG12600CE,194.1,-720.0,0.0,NONE,Monitoring
2024-08-12,09:55:00,HOLD,MIDCPNIFTY24AUG12600CE,194.1,-720.0,0.0,NONE,Monitoring
2024-08-13,03:45:00,HOLD,MIDCPNIFTY24AUG12600CE,225.65,3066.0,0.0,NONE,Monitoring
2024-08-13,03:45:00,TSL_UPDATE,MIDCPNIFTY24AUG12600CE,225.65,3066.0,200.1,COST,Moved to Cost
2024-08-13,03:50:00,HOLD,MIDCPNIFTY24AUG12600CE,225.65,3066.0,200.1,COST,Monitoring
2024-08-13,03:55:00,HOLD,MIDCPNIFTY24AUG12600CE,225.65,3066.0,200.1,COST,Monitoring
2024-08-13,04:00:00,HOLD,MIDCPNIFTY24AUG12600CE,225.65,3066.0,200.1,COST,Monitoring
2024-08-13,04:05:00,HOLD,MIDCPNIFTY24AUG12600CE,225.65,3066.0,200.1,COST,Monitoring
2024-08-13,04:10:00,HOLD,MIDCPNIFTY24AUG12600CE,225.65,3066.0,200.1,COST,Monitoring
2024-08-13,04:15:00,HOLD,MIDCPNIFTY24AUG12600CE,225.65,3066.0,200.1,COST,Monitoring
2024-08-13,04:20:00,HOLD,MIDCPNIFTY24AUG12600CE,225.65,3066.0,200.1,COST,Monitoring
2024-08-13,04:25:00,HOLD,MIDCPNIFTY24AUG12600CE,225.65,3066.0,200.1,COST,Monitoring
2024-08-13,04:30:00,HOLD,MIDCPNIFTY24AUG12600CE,225.65,3066.0,200.1,COST,Monitoring
2024-08-13,04:35:00,HOLD,MIDCPNIFTY24AUG12600CE,225.65,3066.0,200.1,COST,Monitoring
2024-08-13,04:40:00,HOLD,MIDCPNIFTY24AUG12600CE,225.65,3066.0,200.1,COST,Monitoring
2024-08-13,04:45:00,HOLD,MIDCPNIFTY24AUG12600CE,225.65,3066.0,200.1,COST,Monitoring
2024-08-13,04:50:00,HOLD,MIDCPNIFTY24AUG12600CE,225.65,3066.0,200.1,COST,Monitoring
2024-08-13,04:55:00,HOLD,MIDCPNIFTY24AUG12600CE,225.65,3066.0,200.1,COST,Monitoring
2024-08-13,04:55:00,EXIT,MIDCPNIFTY24AUG12600CE,225.65,3066.0,200.1,COST,EMA_REVERSAL
