Date,Time,Event,Ticker,Price,PnL_INR,SL_Price,SL_Mode,Info
2024-01-02,09:45:00,ENTRY,MIDCPNIFTY24JAN10500CE,173.55,0.0,0,NONE,Signal CE
2024-01-02,09:50:00,HOLD,MIDCPNIFTY24JAN10500CE,173.55,0.0,0,NONE,Monitoring
2024-01-02,09:55:00,HOLD,MIDCPNIFTY24JAN10500CE,173.55,0.0,0,NONE,Monitoring
2024-01-03,03:45:00,HOLD,MIDCPNIFTY24JAN10500CE,173.55,0.0,0,NONE,Monitoring
2024-01-03,03:50:00,HOLD,MIDCPNIFTY24JAN10500CE,173.55,0.0,0,NONE,Monitoring
2024-01-03,03:50:00,EXIT,MIDCPNIFTY24JAN10500CE,173.55,0.0,0,NONE,EMA_REVERSAL
