Date,Time,Event,Ticker,Price,PnL_INR,SL_Price,SL_Mode,Info
2025-08-18,09:20:00,ENTRY,MIDCPNIFTY25AUG12900CE,121.0,0.0,0.0,NONE,Signal CE
2025-08-18,09:25:00,HOLD,MIDCPNIFTY25AUG12900CE,134.5,1620.0,0.0,NONE,Monitoring
2025-08-18,09:30:00,HOLD,MIDCPNIFTY25AUG12900CE,141.6,2472.0,0.0,NONE,Monitoring
2025-08-18,09:35:00,HOLD,MIDCPNIFTY25AUG12900CE,148.4,3288.0,0.0,NONE,Monitoring
2025-08-18,09:35:00,TSL_UPDATE,MIDCPNIFTY25AUG12900CE,148.4,3288.0,121.0,COST,Moved to Cost
2025-08-18,09:35:00,EXIT,MIDCPNIFTY25AUG12900CE,148.4,3288.0,121.0,COST,EMA_REVERSAL
