Date,Time,Event,Ticker,Price,PnL_INR,SL_Price,SL_Mode,Info
2025-11-14,09:30:00,ENTRY,MIDCPNIFTY25NOV13900CE,192.8,0.0,0.0,NONE,Signal CE
2025-11-14,09:35:00,HOLD,MIDCPNIFTY25NOV13900CE,175.05,-2130.0,0.0,NONE,Monitoring
2025-11-14,09:40:00,HOLD,MIDCPNIFTY25NOV13900CE,184.75,-966.0,0.0,NONE,Monitoring
2025-11-14,09:45:00,HOLD,MIDCPNIFTY25NOV13900CE,188.0,-576.0,0.0,NONE,Monitoring
2025-11-14,09:50:00,HOLD,MIDCPNIFTY25NOV13900CE,167.65,-3018.0,0.0,NONE,Monitoring
2025-11-14,09:55:00,HOLD,MIDCPNIFTY25NOV13900CE,175.1,-2124.0,0.0,NONE,Monitoring
2025-11-17,03:45:00,HOLD,MIDCPNIFTY25NOV13900CE,174.0,-2256.0,0.0,NONE,Monitoring
2025-11-17,03:50:00,HOLD,MIDCPNIFTY25NOV13900CE,174.0,-2256.0,0.0,NONE,Monitoring
2025-11-17,03:55:00,HOLD,MIDCPNIFTY25NOV13900CE,174.0,-2256.0,0.0,NONE,Monitoring
2025-11-17,04:00:00,HOLD,MIDCPNIFTY25NOV13900CE,174.0,-2256.0,0.0,NONE,Monitoring
2025-11-17,04:05:00,HOLD,MIDCPNIFTY25NOV13900CE,174.0,-2256.0,0.0,NONE,Monitoring
2025-11-17,04:10:00,HOLD,MIDCPNIFTY25NOV13900CE,174.0,-2256.0,0.0,NONE,Monitoring
2025-11-17,04:15:00,HOLD,MIDCPNIFTY25NOV13900CE,174.0,-2256.0,0.0,NONE,Monitoring
2025-11-17,04:20:00,HOLD,MIDCPNIFTY25NOV13900CE,174.0,-2256.0,0.0,NONE,Monitoring
2025-11-17,04:25:00,HOLD,MIDCPNIFTY25NOV13900CE,174.0,-2256.0,0.0,NONE,Monitoring
2025-11-17,04:30:00,HOLD,MIDCPNIFTY25NOV13900CE,174.0,-2256.0,0.0,NONE,Monitoring
2025-11-17,04:35:00,HOLD,MIDCPNIFTY25NOV13900CE,174.0,-2256.0,0.0,NONE,Monitoring
2025-11-17,04:40:00,HOLD,MIDCPNIFTY25NOV13900CE,174.0,-2256.0,0.0,NONE,Monitoring
2025-11-17,04:45:00,HOLD,MIDCPNIFTY25NOV13900CE,174.0,-2256.0,0.0,NONE,Monitoring
2025-11-17,04:50:00,HOLD,MIDCPNIFTY25NOV13900CE,174.0,-2256.0,0.0,NONE,Monitoring
2025-11-17,04:55:00,HOLD,MIDCPNIFTY25NOV13900CE,174.0,-2256.0,0.0,NONE,Monitoring
2025-11-17,05:00:00,HOLD,MIDCPNIFTY25NOV13900CE,174.0,-2256.0,0.0,NONE,Monitoring
2025-11-17,05:05:00,HOLD,MIDCPNIFTY25NOV13900CE,174.0,-2256.0,0.0,NONE,Monitoring
2025-11-17,05:10:00,HOLD,MIDCPNIFTY25NOV13900CE,174.0,-2256.0,0.0,NONE,Monitoring
2025-11-17,05:15:00,HOLD,MIDCPNIFTY25NOV13900CE,174.0,-2256.0,0.0,NONE,Monitoring
2025-11-17,05:20:00,HOLD,MIDCPNIFTY25NOV13900CE,174.0,-2256.0,0.0,NONE,Monitoring
2025-11-17,05:25:00,HOLD,MIDCPNIFTY25NOV13900CE,174.0,-2256.0,0.0,NONE,Monitoring
2025-11-17,05:30:00,HOLD,MIDCPNIFTY25NOV13900CE,174.0,-2256.0,0.0,NONE,Monitoring
2025-11-17,05:35:00,HOLD,MIDCPNIFTY25NOV13900CE,174.0,-2256.0,0.0,NONE,Monitoring
2025-11-17,05:40:00,HOLD,MIDCPNIFTY25NOV13900CE,174.0,-2256.0,0.0,NONE,Monitoring
2025-11-17,05:45:00,HOLD,MIDCPNIFTY25NOV13900CE,174.0,-2256.0,0.0,NONE,Monitoring
2025-11-17,05:50:00,HOLD,MIDCPNIFTY25NOV13900CE,174.0,-2256.0,0.0,NONE,Monitoring
2025-11-17,05:55:00,HOLD,MIDCPNIFTY25NOV13900CE,174.0,-2256.0,0.0,NONE,Monitoring
2025-11-17,06:00:00,HOLD,MIDCPNIFTY25NOV13900CE,174.0,-2256.0,0.0,NONE,Monitoring
2025-11-17,06:05:00,HOLD,MIDCPNIFTY25NOV13900CE,174.0,-2256.0,0.0,NONE,Monitoring
2025-11-17,06:10:00,HOLD,MIDCPNIFTY25NOV13900CE,174.0,-2256.0,0.0,NONE,Monitoring
2025-11-17,06:15:00,HOLD,MIDCPNIFTY25NOV13900CE,174.0,-2256.0,0.0,NONE,Monitoring
2025-11-17,06:20:00,HOLD,MIDCPNIFTY25NOV13900CE,174.0,-2256.0,0.0,NONE,Monitoring
2025-11-17,06:25:00,HOLD,MIDCPNIFTY25NOV13900CE,174.0,-2256.0,0.0,NONE,Monitoring
2025-11-17,06:30:00,HOLD,MIDCPNIFTY25NOV13900CE,174.0,-2256.0,0.0,NONE,Monitoring
2025-11-17,06:35:00,HOLD,MIDCPNIFTY25NOV13900CE,174.0,-2256.0,0.0,NONE,Monitoring
2025-11-17,06:40:00,HOLD,MIDCPNIFTY25NOV13900CE,174.0,-2256.0,0.0,NONE,Monitoring
2025-11-17,06:45:00,HOLD,MIDCPNIFTY25NOV13900CE,174.0,-2256.0,0.0,NONE,Monitoring
2025-11-17,06:50:00,HOLD,MIDCPNIFTY25NOV13900CE,174.0,-2256.0,0.0,NONE,Monitoring
2025-11-17,06:55:00,HOLD,MIDCPNIFTY25NOV13900CE,174.0,-2256.0,0.0,NONE,Monitoring
2025-11-17,07:00:00,HOLD,MIDCPNIFTY25NOV13900CE,174.0,-2256.0,0.0,NONE,Monitoring
2025-11-17,07:05:00,HOLD,MIDCPNIFTY25NOV13900CE,174.0,-2256.0,0.0,NONE,Monitoring
2025-11-17,07:10:00,HOLD,MIDCPNIFTY25NOV13900CE,174.0,-2256.0,0.0,NONE,Monitoring
2025-11-17,07:15:00,HOLD,MIDCPNIFTY25NOV13900CE,174.0,-2256.0,0.0,NONE,Monitoring
2025-11-17,07:20:00,HOLD,MIDCPNIFTY25NOV13900CE,174.0,-2256.0,0.0,NONE,Monitoring
2025-11-17,07:25:00,HOLD,MIDCPNIFTY25NOV13900CE,174.0,-2256.0,0.0,NONE,Monitoring
2025-11-17,07:30:00,HOLD,MIDCPNIFTY25NOV13900CE,174.0,-2256.0,0.0,NONE,Monitoring
2025-11-17,07:35:00,HOLD,MIDCPNIFTY25NOV13900CE,174.0,-2256.0,0.0,NONE,Monitoring
2025-11-17,07:40:00,HOLD,MIDCPNIFTY25NOV13900CE,174.0,-2256.0,0.0,NONE,Monitoring
2025-11-17,07:45:00,HOLD,MIDCPNIFTY25NOV13900CE,174.0,-2256.0,0.0,NONE,Monitoring
2025-11-17,07:50:00,HOLD,MIDCPNIFTY25NOV13900CE,174.0,-2256.0,0.0,NONE,Monitoring
2025-11-17,07:55:00,HOLD,MIDCPNIFTY25NOV13900CE,174.0,-2256.0,0.0,NONE,Monitoring
2025-11-17,08:00:00,HOLD,MIDCPNIFTY25NOV13900CE,174.0,-2256.0,0.0,NONE,Monitoring
2025-11-17,08:05:00,HOLD,MIDCPNIFTY25NOV13900CE,174.0,-2256.0,0.0,NONE,Monitoring
2025-11-17,08:10:00,HOLD,MIDCPNIFTY25NOV13900CE,174.0,-2256.0,0.0,NONE,Monitoring
2025-11-17,08:15:00,HOLD,MIDCPNIFTY25NOV13900CE,174.0,-2256.0,0.0,NONE,Monitoring
2025-11-17,08:20:00,HOLD,MIDCPNIFTY25NOV13900CE,174.0,-2256.0,0.0,NONE,Monitoring
2025-11-17,08:25:00,HOLD,MIDCPNIFTY25NOV13900CE,174.0,-2256.0,0.0,NONE,Monitoring
2025-11-17,08:30:00,HOLD,MIDCPNIFTY25NOV13900CE,174.0,-2256.0,0.0,NONE,Monitoring
2025-11-17,08:35:00,HOLD,MIDCPNIFTY25NOV13900CE,174.0,-2256.0,0.0,NONE,Monitoring
2025-11-17,08:40:00,HOLD,MIDCPNIFTY25NOV13900CE,174.0,-2256.0,0.0,NONE,Monitoring
2025-11-17,08:45:00,HOLD,MIDCPNIFTY25NOV13900CE,174.0,-2256.0,0.0,NONE,Monitoring
2025-11-17,08:50:00,HOLD,MIDCPNIFTY25NOV13900CE,174.0,-2256.0,0.0,NONE,Monitoring
2025-11-17,08:55:00,HOLD,MIDCPNIFTY25NOV13900CE,174.0,-2256.0,0.0,NONE,Monitoring
2025-11-17,09:00:00,HOLD,MIDCPNIFTY25NOV13900CE,174.0,-2256.0,0.0,NONE,Monitoring
2025-11-17,09:05:00,HOLD,MIDCPNIFTY25NOV13900CE,174.0,-2256.0,0.0,NONE,Monitoring
2025-11-17,09:10:00,HOLD,MIDCPNIFTY25NOV13900CE,174.0,-2256.0,0.0,NONE,Monitoring
2025-11-17,09:15:00,HOLD,MIDCPNIFTY25NOV13900CE,178.2,-1752.0,0.0,NONE,Monitoring
2025-11-17,09:20:00,HOLD,MIDCPNIFTY25NOV13900CE,177.35,-1854.0,0.0,NONE,Monitoring
2025-11-17,09:25:00,HOLD,MIDCPNIFTY25NOV13900CE,189.45,-402.0,0.0,NONE,Monitoring
2025-11-17,09:30:00,HOLD,MIDCPNIFTY25NOV13900CE,192.25,-66.0,0.0,NONE,Monitoring
2025-11-17,09:35:00,HOLD,MIDCPNIFTY25NOV13900CE,193.9,132.0,0.0,NONE,Monitoring
2025-11-17,09:40:00,HOLD,MIDCPNIFTY25NOV13900CE,195.6,336.0,0.0,NONE,Monitoring
2025-11-17,09:45:00,HOLD,MIDCPNIFTY25NOV13900CE,193.45,78.0,0.0,NONE,Monitoring
2025-11-17,09:50:00,HOLD,MIDCPNIFTY25NOV13900CE,199.55,810.0,0.0,NONE,Monitoring
2025-11-17,09:55:00,HOLD,MIDCPNIFTY25NOV13900CE,197.25,534.0,0.0,NONE,Monitoring
2025-11-18,03:45:00,HOLD,MIDCPNIFTY25NOV13900CE,230.0,4464.0,0.0,NONE,Monitoring
2025-11-18,03:45:00,TSL_UPDATE,MIDCPNIFTY25NOV13900CE,230.0,4464.0,192.8,COST,Moved to Cost
2025-11-18,03:45:00,TSL_UPDATE,MIDCPNIFTY25NOV13900CE,230.0,4464.0,201.13,TRAILING,Stepped Up
2025-11-18,03:50:00,HOLD,MIDCPNIFTY25NOV13900CE,230.0,4464.0,201.13,TRAILING,Monitoring
2025-11-18,03:55:00,HOLD,MIDCPNIFTY25NOV13900CE,230.0,4464.0,201.13,TRAILING,Monitoring
2025-11-18,04:00:00,HOLD,MIDCPNIFTY25NOV13900CE,230.0,4464.0,201.13,TRAILING,Monitoring
2025-11-18,04:05:00,HOLD,MIDCPNIFTY25NOV13900CE,230.0,4464.0,201.13,TRAILING,Monitoring
2025-11-18,04:10:00,HOLD,MIDCPNIFTY25NOV13900CE,230.0,4464.0,201.13,TRAILING,Monitoring
2025-11-18,04:15:00,HOLD,MIDCPNIFTY25NOV13900CE,230.0,4464.0,201.13,TRAILING,Monitoring
2025-11-18,04:20:00,HOLD,MIDCPNIFTY25NOV13900CE,230.0,4464.0,201.13,TRAILING,Monitoring
2025-11-18,04:20:00,EXIT,MIDCPNIFTY25NOV13900CE,230.0,4464.0,201.13,TRAILING,EMA_REVERSAL
