Date,Time,Event,Ticker,Price,PnL_INR,SL_Price,SL_Mode,Info
2024-12-27,09:25:00,ENTRY,MIDCPNIFTY25JAN12800PE,211.05,0.0,0.0,NONE,Signal PE
2024-12-27,09:30:00,HOLD,MIDCPNIFTY25JAN12800PE,214.5,414.0,0.0,NONE,Monitoring
2024-12-27,09:35:00,HOLD,MIDCPNIFTY25JAN12800PE,215.0,474.0,0.0,NONE,Monitoring
2024-12-27,09:40:00,HOLD,MIDCPNIFTY25JAN12800PE,214.95,468.0,0.0,NONE,Monitoring
2024-12-27,09:45:00,HOLD,MIDCPNIFTY25JAN12800PE,214.95,468.0,0.0,NONE,Monitoring
2024-12-27,09:50:00,HOLD,MIDCPNIFTY25JAN12800PE,209.2,-222.0,0.0,NONE,Monitoring
2024-12-27,09:55:00,HOLD,MIDCPNIFTY25JAN12800PE,213.55,300.0,0.0,NONE,Monitoring
2024-12-30,03:45:00,HOLD,MIDCPNIFTY25JAN12800PE,241.4,3642.0,0.0,NONE,Monitoring
2024-12-30,03:45:00,TSL_UPDATE,MIDCPNIFTY25JAN12800PE,241.4,3642.0,211.05,COST,Moved to Cost
2024-12-30,03:45:00,TSL_UPDATE,MIDCPNIFTY25JAN12800PE,241.4,3642.0,215.22,TRAILING,Stepped Up
2024-12-30,03:50:00,HOLD,MIDCPNIFTY25JAN12800PE,241.4,3642.0,215.22,TRAILING,Monitoring
2024-12-30,03:55:00,HOLD,MIDCPNIFTY25JAN12800PE,241.4,3642.0,215.22,TRAILING,Monitoring
2024-12-30,04:00:00,HOLD,MIDCPNIFTY25JAN12800PE,241.4,3642.0,215.22,TRAILING,Monitoring
2024-12-30,04:05:00,HOLD,MIDCPNIFTY25JAN12800PE,241.4,3642.0,215.22,TRAILING,Monitoring
2024-12-30,04:10:00,HOLD,MIDCPNIFTY25JAN12800PE,241.4,3642.0,215.22,TRAILING,Monitoring
2024-12-30,04:15:00,HOLD,MIDCPNIFTY25JAN12800PE,241.4,3642.0,215.22,TRAILING,Monitoring
2024-12-30,04:20:00,HOLD,MIDCPNIFTY25JAN12800PE,241.4,3642.0,215.22,TRAILING,Monitoring
2024-12-30,04:25:00,HOLD,MIDCPNIFTY25JAN12800PE,241.4,3642.0,215.22,TRAILING,Monitoring
2024-12-30,04:30:00,HOLD,MIDCPNIFTY25JAN12800PE,241.4,3642.0,215.22,TRAILING,Monitoring
2024-12-30,04:35:00,HOLD,MIDCPNIFTY25JAN12800PE,241.4,3642.0,215.22,TRAILING,Monitoring
2024-12-30,04:35:00,EXIT,MIDCPNIFTY25JAN12800PE,241.4,3642.0,215.22,TRAILING,EMA_REVERSAL
