Date,Time,Event,Ticker,Price,PnL_INR,SL_Price,SL_Mode,Info
2024-06-06,09:45:00,ENTRY,MIDCPNIFTY24JUN11600CE,265.0,0.0,0,NONE,Signal CE
2024-06-06,09:50:00,HOLD,MIDCPNIFTY24JUN11600CE,265.0,0.0,0,NONE,Monitoring
2024-06-06,09:55:00,HOLD,MIDCPNIFTY24JUN11600CE,265.0,0.0,0,NONE,Monitoring
2024-06-07,03:45:00,HOLD,MIDCPNIFTY24JUN11600CE,212.0,-6360.0,0,NONE,Monitoring
2024-06-07,03:50:00,HOLD,MIDCPNIFTY24JUN11600CE,212.0,-6360.0,0,NONE,Monitoring
2024-06-07,03:55:00,HOLD,MIDCPNIFTY24JUN11600CE,212.0,-6360.0,0,NONE,Monitoring
2024-06-07,04:00:00,HOLD,MIDCPNIFTY24JUN11600CE,212.0,-6360.0,0,NONE,Monitoring
2024-06-07,04:05:00,HOLD,MIDCPNIFTY24JUN11600CE,212.0,-6360.0,0,NONE,Monitoring
2024-06-07,04:10:00,HOLD,MIDCPNIFTY24JUN11600CE,212.0,-6360.0,0,NONE,Monitoring
2024-06-07,04:15:00,HOLD,MIDCPNIFTY24JUN11600CE,212.0,-6360.0,0,NONE,Monitoring
2024-06-07,04:20:00,HOLD,MIDCPNIFTY24JUN11600CE,212.0,-6360.0,0,NONE,Monitoring
2024-06-07,04:25:00,HOLD,MIDCPNIFTY24JUN11600CE,212.0,-6360.0,0,NONE,Monitoring
2024-06-07,04:30:00,HOLD,MIDCPNIFTY24JUN11600CE,212.0,-6360.0,0,NONE,Monitoring
2024-06-07,04:35:00,HOLD,MIDCPNIFTY24JUN11600CE,212.0,-6360.0,0,NONE,Monitoring
2024-06-07,04:40:00,HOLD,MIDCPNIFTY24JUN11600CE,212.0,-6360.0,0,NONE,Monitoring
2024-06-07,04:45:00,HOLD,MIDCPNIFTY24JUN11600CE,212.0,-6360.0,0,NONE,Monitoring
2024-06-07,04:50:00,HOLD,MIDCPNIFTY24JUN11600CE,212.0,-6360.0,0,NONE,Monitoring
2024-06-07,04:55:00,HOLD,MIDCPNIFTY24JUN11600CE,212.0,-6360.0,0,NONE,Monitoring
2024-06-07,05:00:00,HOLD,MIDCPNIFTY24JUN11600CE,212.0,-6360.0,0,NONE,Monitoring
2024-06-07,05:05:00,HOLD,MIDCPNIFTY24JUN11600CE,212.0,-6360.0,0,NONE,Monitoring
2024-06-07,05:10:00,HOLD,MIDCPNIFTY24JUN11600CE,212.0,-6360.0,0,NONE,Monitoring
2024-06-07,05:15:00,HOLD,MIDCPNIFTY24JUN11600CE,212.0,-6360.0,0,NONE,Monitoring
2024-06-07,05:20:00,HOLD,MIDCPNIFTY24JUN11600CE,212.0,-6360.0,0,NONE,Monitoring
2024-06-07,05:25:00,HOLD,MIDCPNIFTY24JUN11600CE,212.0,-6360.0,0,NONE,Monitoring
2024-06-07,05:30:00,HOLD,MIDCPNIFTY24JUN11600CE,212.0,-6360.0,0,NONE,Monitoring
2024-06-07,05:35:00,HOLD,MIDCPNIFTY24JUN11600CE,212.0,-6360.0,0,NONE,Monitoring
2024-06-07,05:40:00,HOLD,MIDCPNIFTY24JUN11600CE,212.0,-6360.0,0,NONE,Monitoring
2024-06-07,05:45:00,HOLD,MIDCPNIFTY24JUN11600CE,212.0,-6360.0,0,NONE,Monitoring
2024-06-07,05:50:00,HOLD,MIDCPNIFTY24JUN11600CE,212.0,-6360.0,0,NONE,Monitoring
2024-06-07,05:55:00,HOLD,MIDCPNIFTY24JUN11600CE,212.0,-6360.0,0,NONE,Monitoring
2024-06-07,06:00:00,HOLD,MIDCPNIFTY24JUN11600CE,212.0,-6360.0,0,NONE,Monitoring
2024-06-07,06:05:00,HOLD,MIDCPNIFTY24JUN11600CE,212.0,-6360.0,0,NONE,Monitoring
2024-06-07,06:10:00,HOLD,MIDCPNIFTY24JUN11600CE,212.0,-6360.0,0,NONE,Monitoring
2024-06-07,06:15:00,HOLD,MIDCPNIFTY24JUN11600CE,212.0,-6360.0,0,NONE,Monitoring
2024-06-07,06:20:00,HOLD,MIDCPNIFTY24JUN11600CE,212.0,-6360.0,0,NONE,Monitoring
2024-06-07,06:25:00,HOLD,MIDCPNIFTY24JUN11600CE,212.0,-6360.0,0,NONE,Monitoring
2024-06-07,06:30:00,HOLD,MIDCPNIFTY24JUN11600CE,212.0,-6360.0,0,NONE,Monitoring
2024-06-07,06:35:00,HOLD,MIDCPNIFTY24JUN11600CE,212.0,-6360.0,0,NONE,Monitoring
2024-06-07,06:40:00,HOLD,MIDCPNIFTY24JUN11600CE,212.0,-6360.0,0,NONE,Monitoring
2024-06-07,06:45:00,HOLD,MIDCPNIFTY24JUN11600CE,212.0,-6360.0,0,NONE,Monitoring
2024-06-07,06:50:00,HOLD,MIDCPNIFTY24JUN11600CE,212.0,-6360.0,0,NONE,Monitoring
2024-06-07,06:55:00,HOLD,MIDCPNIFTY24JUN11600CE,212.0,-6360.0,0,NONE,Monitoring
2024-06-07,07:00:00,HOLD,MIDCPNIFTY24JUN11600CE,212.0,-6360.0,0,NONE,Monitoring
2024-06-07,07:05:00,HOLD,MIDCPNIFTY24JUN11600CE,212.0,-6360.0,0,NONE,Monitoring
2024-06-07,07:10:00,HOLD,MIDCPNIFTY24JUN11600CE,212.0,-6360.0,0,NONE,Monitoring
2024-06-07,07:15:00,HOLD,MIDCPNIFTY24JUN11600CE,212.0,-6360.0,0,NONE,Monitoring
2024-06-07,07:20:00,HOLD,MIDCPNIFTY24JUN11600CE,212.0,-6360.0,0,NONE,Monitoring
2024-06-07,07:25:00,HOLD,MIDCPNIFTY24JUN11600CE,212.0,-6360.0,0,NONE,Monitoring
2024-06-07,07:30:00,HOLD,MIDCPNIFTY24JUN11600CE,212.0,-6360.0,0,NONE,Monitoring
2024-06-07,07:35:00,HOLD,MIDCPNIFTY24JUN11600CE,212.0,-6360.0,0,NONE,Monitoring
2024-06-07,07:40:00,HOLD,MIDCPNIFTY24JUN11600CE,212.0,-6360.0,0,NONE,Monitoring
2024-06-07,07:45:00,HOLD,MIDCPNIFTY24JUN11600CE,212.0,-6360.0,0,NONE,Monitoring
2024-06-07,07:50:00,HOLD,MIDCPNIFTY24JUN11600CE,212.0,-6360.0,0,NONE,Monitoring
2024-06-07,07:55:00,HOLD,MIDCPNIFTY24JUN11600CE,212.0,-6360.0,0,NONE,Monitoring
2024-06-07,08:00:00,HOLD,MIDCPNIFTY24JUN11600CE,212.0,-6360.0,0,NONE,Monitoring
2024-06-07,08:05:00,HOLD,MIDCPNIFTY24JUN11600CE,212.0,-6360.0,0,NONE,Monitoring
2024-06-07,08:10:00,HOLD,MIDCPNIFTY24JUN11600CE,212.0,-6360.0,0,NONE,Monitoring
2024-06-07,08:15:00,HOLD,MIDCPNIFTY24JUN11600CE,212.0,-6360.0,0,NONE,Monitoring
2024-06-07,08:20:00,HOLD,MIDCPNIFTY24JUN11600CE,212.0,-6360.0,0,NONE,Monitoring
2024-06-07,08:25:00,HOLD,MIDCPNIFTY24JUN11600CE,212.0,-6360.0,0,NONE,Monitoring
2024-06-07,08:30:00,HOLD,MIDCPNIFTY24JUN11600CE,212.0,-6360.0,0,NONE,Monitoring
2024-06-07,08:35:00,HOLD,MIDCPNIFTY24JUN11600CE,212.0,-6360.0,0,NONE,Monitoring
2024-06-07,08:40:00,HOLD,MIDCPNIFTY24JUN11600CE,212.0,-6360.0,0,NONE,Monitoring
2024-06-07,08:45:00,HOLD,MIDCPNIFTY24JUN11600CE,212.0,-6360.0,0,NONE,Monitoring
2024-06-07,08:50:00,HOLD,MIDCPNIFTY24JUN11600CE,212.0,-6360.0,0,NONE,Monitoring
2024-06-07,08:55:00,HOLD,MIDCPNIFTY24JUN11600CE,212.0,-6360.0,0,NONE,Monitoring
2024-06-07,09:00:00,HOLD,MIDCPNIFTY24JUN11600CE,212.0,-6360.0,0,NONE,Monitoring
2024-06-07,09:05:00,HOLD,MIDCPNIFTY24JUN11600CE,212.0,-6360.0,0,NONE,Monitoring
2024-06-07,09:10:00,HOLD,MIDCPNIFTY24JUN11600CE,212.0,-6360.0,0,NONE,Monitoring
2024-06-07,09:15:00,HOLD,MIDCPNIFTY24JUN11600CE,212.0,-6360.0,0,NONE,Monitoring
2024-06-07,09:20:00,HOLD,MIDCPNIFTY24JUN11600CE,212.0,-6360.0,0,NONE,Monitoring
2024-06-07,09:25:00,HOLD,MIDCPNIFTY24JUN11600CE,212.0,-6360.0,0,NONE,Monitoring
2024-06-07,09:30:00,HOLD,MIDCPNIFTY24JUN11600CE,212.0,-6360.0,0,NONE,Monitoring
2024-06-07,09:35:00,HOLD,MIDCPNIFTY24JUN11600CE,212.0,-6360.0,0,NONE,Monitoring
2024-06-07,09:40:00,HOLD,MIDCPNIFTY24JUN11600CE,212.0,-6360.0,0,NONE,Monitoring
2024-06-07,09:45:00,HOLD,MIDCPNIFTY24JUN11600CE,212.0,-6360.0,0,NONE,Monitoring
2024-06-07,09:50:00,HOLD,MIDCPNIFTY24JUN11600CE,254.75,-1230.0,0,NONE,Monitoring
2024-06-07,09:55:00,HOLD,MIDCPNIFTY24JUN11600CE,254.75,-1230.0,0,NONE,Monitoring
2024-06-10,03:45:00,HOLD,MIDCPNIFTY24JUN11600CE,254.75,-1230.0,0,NONE,Monitoring
2024-06-10,03:50:00,HOLD,MIDCPNIFTY24JUN11600CE,254.75,-1230.0,0,NONE,Monitoring
2024-06-10,03:55:00,HOLD,MIDCPNIFTY24JUN11600CE,254.75,-1230.0,0,NONE,Monitoring
2024-06-10,04:00:00,HOLD,MIDCPNIFTY24JUN11600CE,254.75,-1230.0,0,NONE,Monitoring
2024-06-10,04:05:00,HOLD,MIDCPNIFTY24JUN11600CE,254.75,-1230.0,0,NONE,Monitoring
2024-06-10,04:10:00,HOLD,MIDCPNIFTY24JUN11600CE,254.75,-1230.0,0,NONE,Monitoring
2024-06-10,04:15:00,HOLD,MIDCPNIFTY24JUN11600CE,254.75,-1230.0,0,NONE,Monitoring
2024-06-10,04:20:00,HOLD,MIDCPNIFTY24JUN11600CE,254.75,-1230.0,0,NONE,Monitoring
2024-06-10,04:25:00,HOLD,MIDCPNIFTY24JUN11600CE,254.75,-1230.0,0,NONE,Monitoring
2024-06-10,04:25:00,EXIT,MIDCPNIFTY24JUN11600CE,254.75,-1230.0,0,NONE,EMA_REVERSAL
