Date,Time,Event,Ticker,Price,PnL_INR,SL_Price,SL_Mode,Info
2025-06-24,09:30:00,ENTRY,MIDCPNIFTY25JUL13200PE,290.0,0.0,0,NONE,Signal PE
2025-06-24,09:35:00,HOLD,MIDCPNIFTY25JUL13200PE,299.0,1080.0,0,NONE,Monitoring
2025-06-24,09:40:00,HOLD,MIDCPNIFTY25JUL13200PE,310.95,2514.0,0,NONE,Monitoring
2025-06-24,09:45:00,HOLD,MIDCPNIFTY25JUL13200PE,310.95,2514.0,0,NONE,Monitoring
2025-06-24,09:50:00,HOLD,MIDCPNIFTY25JUL13200PE,289.0,-120.0,0,NONE,Monitoring
2025-06-24,09:55:00,HOLD,MIDCPNIFTY25JUL13200PE,275.0,-1800.0,0,NONE,Monitoring
2025-06-25,09:15:00,HOLD,MIDCPNIFTY25JUL13200PE,285.0,-600.0,0,NONE,Monitoring
2025-06-25,09:20:00,HOLD,MIDCPNIFTY25JUL13200PE,270.0,-2400.0,0,NONE,Monitoring
2025-06-25,09:25:00,HOLD,MIDCPNIFTY25JUL13200PE,262.0,-3360.0,0,NONE,Monitoring
2025-06-25,09:30:00,HOLD,MIDCPNIFTY25JUL13200PE,254.35,-4278.0,0,NONE,Monitoring
2025-06-25,09:35:00,HOLD,MIDCPNIFTY25JUL13200PE,264.0,-3120.0,0,NONE,Monitoring
2025-06-25,09:35:00,EXIT,MIDCPNIFTY25JUL13200PE,264.0,-3120.0,0,NONE,EMA_REVERSAL
