Date,Time,Event,Ticker,Price,PnL_INR,SL_Price,SL_Mode,Info
2024-11-04,09:35:00,ENTRY,MIDCPNIFTY24NOV12500CE,240.0,0.0,0,NONE,Signal CE
2024-11-04,09:40:00,HOLD,MIDCPNIFTY24NOV12500CE,240.0,0.0,0,NONE,Monitoring
2024-11-04,09:45:00,HOLD,MIDCPNIFTY24NOV12500CE,240.0,0.0,0,NONE,Monitoring
2024-11-04,09:50:00,HOLD,MIDCPNIFTY24NOV12500CE,240.0,0.0,0,NONE,Monitoring
2024-11-04,09:55:00,HOLD,MIDCPNIFTY24NOV12500CE,240.0,0.0,0,NONE,Monitoring
2024-11-04,09:55:00,EXIT,MIDCPNIFTY24NOV12500CE,240.0,0.0,0,NONE,EMA_REVERSAL
