Date,Time,Event,Ticker,Price,PnL_INR,SL_Price,SL_Mode,Info
2024-09-03,09:30:00,ENTRY,MIDCPNIFTY24SEP13100PE,248.9,0.0,0,NONE,Signal PE
2024-09-03,09:35:00,HOLD,MIDCPNIFTY24SEP13100PE,248.9,0.0,0,NONE,Monitoring
2024-09-03,09:40:00,HOLD,MIDCPNIFTY24SEP13100PE,248.9,0.0,0,NONE,Monitoring
2024-09-03,09:45:00,HOLD,MIDCPNIFTY24SEP13100PE,248.9,0.0,0,NONE,Monitoring
2024-09-03,09:50:00,HOLD,MIDCPNIFTY24SEP13100PE,248.9,0.0,0,NONE,Monitoring
2024-09-03,09:55:00,HOLD,MIDCPNIFTY24SEP13100PE,248.9,0.0,0,NONE,Monitoring
2024-09-04,03:45:00,HOLD,MIDCPNIFTY24SEP13100PE,248.9,0.0,0,NONE,Monitoring
2024-09-04,03:50:00,HOLD,MIDCPNIFTY24SEP13100PE,248.9,0.0,0,NONE,Monitoring
2024-09-04,03:55:00,HOLD,MIDCPNIFTY24SEP13100PE,248.9,0.0,0,NONE,Monitoring
2024-09-04,04:00:00,HOLD,MIDCPNIFTY24SEP13100PE,248.9,0.0,0,NONE,Monitoring
2024-09-04,04:05:00,HOLD,MIDCPNIFTY24SEP13100PE,248.9,0.0,0,NONE,Monitoring
2024-09-04,04:10:00,HOLD,MIDCPNIFTY24SEP13100PE,248.9,0.0,0,NONE,Monitoring
2024-09-04,04:15:00,HOLD,MIDCPNIFTY24SEP13100PE,248.9,0.0,0,NONE,Monitoring
2024-09-04,04:20:00,HOLD,MIDCPNIFTY24SEP13100PE,248.9,0.0,0,NONE,Monitoring
2024-09-04,04:25:00,HOLD,MIDCPNIFTY24SEP13100PE,248.9,0.0,0,NONE,Monitoring
2024-09-04,04:30:00,HOLD,MIDCPNIFTY24SEP13100PE,248.9,0.0,0,NONE,Monitoring
2024-09-04,04:35:00,HOLD,MIDCPNIFTY24SEP13100PE,248.9,0.0,0,NONE,Monitoring
2024-09-04,04:40:00,HOLD,MIDCPNIFTY24SEP13100PE,248.9,0.0,0,NONE,Monitoring
2024-09-04,04:45:00,HOLD,MIDCPNIFTY24SEP13100PE,248.9,0.0,0,NONE,Monitoring
2024-09-04,04:50:00,HOLD,MIDCPNIFTY24SEP13100PE,248.9,0.0,0,NONE,Monitoring
2024-09-04,04:55:00,HOLD,MIDCPNIFTY24SEP13100PE,248.9,0.0,0,NONE,Monitoring
2024-09-04,05:00:00,HOLD,MIDCPNIFTY24SEP13100PE,248.9,0.0,0,NONE,Monitoring
2024-09-04,05:05:00,HOLD,MIDCPNIFTY24SEP13100PE,248.9,0.0,0,NONE,Monitoring
2024-09-04,05:10:00,HOLD,MIDCPNIFTY24SEP13100PE,248.9,0.0,0,NONE,Monitoring
2024-09-04,05:15:00,HOLD,MIDCPNIFTY24SEP13100PE,248.9,0.0,0,NONE,Monitoring
2024-09-04,05:20:00,HOLD,MIDCPNIFTY24SEP13100PE,248.9,0.0,0,NONE,Monitoring
2024-09-04,05:25:00,HOLD,MIDCPNIFTY24SEP13100PE,248.9,0.0,0,NONE,Monitoring
2024-09-04,05:30:00,HOLD,MIDCPNIFTY24SEP13100PE,248.9,0.0,0,NONE,Monitoring
2024-09-04,05:35:00,HOLD,MIDCPNIFTY24SEP13100PE,248.9,0.0,0,NONE,Monitoring
2024-09-04,05:40:00,HOLD,MIDCPNIFTY24SEP13100PE,248.9,0.0,0,NONE,Monitoring
2024-09-04,05:45:00,HOLD,MIDCPNIFTY24SEP13100PE,248.9,0.0,0,NONE,Monitoring
2024-09-04,05:50:00,HOLD,MIDCPNIFTY24SEP13100PE,248.9,0.0,0,NONE,Monitoring
2024-09-04,05:55:00,HOLD,MIDCPNIFTY24SEP13100PE,248.9,0.0,0,NONE,Monitoring
2024-09-04,06:00:00,HOLD,MIDCPNIFTY24SEP13100PE,248.9,0.0,0,NONE,Monitoring
2024-09-04,06:05:00,HOLD,MIDCPNIFTY24SEP13100PE,248.9,0.0,0,NONE,Monitoring
2024-09-04,06:10:00,HOLD,MIDCPNIFTY24SEP13100PE,248.9,0.0,0,NONE,Monitoring
2024-09-04,06:15:00,HOLD,MIDCPNIFTY24SEP13100PE,248.9,0.0,0,NONE,Monitoring
2024-09-04,06:20:00,HOLD,MIDCPNIFTY24SEP13100PE,248.9,0.0,0,NONE,Monitoring
2024-09-04,06:25:00,HOLD,MIDCPNIFTY24SEP13100PE,248.9,0.0,0,NONE,Monitoring
2024-09-04,06:30:00,HOLD,MIDCPNIFTY24SEP13100PE,248.9,0.0,0,NONE,Monitoring
2024-09-04,06:35:00,HOLD,MIDCPNIFTY24SEP13100PE,248.9,0.0,0,NONE,Monitoring
2024-09-04,06:40:00,HOLD,MIDCPNIFTY24SEP13100PE,248.9,0.0,0,NONE,Monitoring
2024-09-04,06:40:00,EXIT,MIDCPNIFTY24SEP13100PE,248.9,0.0,0,NONE,EMA_REVERSAL
