Date,Time,Event,Ticker,Price,PnL_INR,SL_Price,SL_Mode,Info
2025-02-03,09:25:00,ENTRY,MIDCPNIFTY25FEB11800CE,286.2,0.0,0,NONE,Signal CE
2025-02-03,09:30:00,HOLD,MIDCPNIFTY25FEB11800CE,274.75,-1374.0,0,NONE,Monitoring
2025-02-03,09:35:00,HOLD,MIDCPNIFTY25FEB11800CE,259.4,-3216.0,0,NONE,Monitoring
2025-02-03,09:40:00,HOLD,MIDCPNIFTY25FEB11800CE,264.0,-2664.0,0,NONE,Monitoring
2025-02-03,09:45:00,HOLD,MIDCPNIFTY25FEB11800CE,251.5,-4164.0,0,NONE,Monitoring
2025-02-03,09:50:00,HOLD,MIDCPNIFTY25FEB11800CE,251.6,-4152.0,0,NONE,Monitoring
2025-02-03,09:55:00,HOLD,MIDCPNIFTY25FEB11800CE,258.3,-3348.0,0,NONE,Monitoring
2025-02-04,03:45:00,HOLD,MIDCPNIFTY25FEB11800CE,307.1,2508.0,0,NONE,Monitoring
2025-02-04,03:50:00,HOLD,MIDCPNIFTY25FEB11800CE,307.1,2508.0,0,NONE,Monitoring
2025-02-04,03:55:00,HOLD,MIDCPNIFTY25FEB11800CE,307.1,2508.0,0,NONE,Monitoring
2025-02-04,04:00:00,HOLD,MIDCPNIFTY25FEB11800CE,307.1,2508.0,0,NONE,Monitoring
2025-02-04,04:05:00,HOLD,MIDCPNIFTY25FEB11800CE,307.1,2508.0,0,NONE,Monitoring
2025-02-04,04:10:00,HOLD,MIDCPNIFTY25FEB11800CE,307.1,2508.0,0,NONE,Monitoring
2025-02-04,04:15:00,HOLD,MIDCPNIFTY25FEB11800CE,307.1,2508.0,0,NONE,Monitoring
2025-02-04,04:20:00,HOLD,MIDCPNIFTY25FEB11800CE,307.1,2508.0,0,NONE,Monitoring
2025-02-04,04:25:00,HOLD,MIDCPNIFTY25FEB11800CE,307.1,2508.0,0,NONE,Monitoring
2025-02-04,04:30:00,HOLD,MIDCPNIFTY25FEB11800CE,307.1,2508.0,0,NONE,Monitoring
2025-02-04,04:35:00,HOLD,MIDCPNIFTY25FEB11800CE,307.1,2508.0,0,NONE,Monitoring
2025-02-04,04:40:00,HOLD,MIDCPNIFTY25FEB11800CE,307.1,2508.0,0,NONE,Monitoring
2025-02-04,04:45:00,HOLD,MIDCPNIFTY25FEB11800CE,307.1,2508.0,0,NONE,Monitoring
2025-02-04,04:50:00,HOLD,MIDCPNIFTY25FEB11800CE,307.1,2508.0,0,NONE,Monitoring
2025-02-04,04:55:00,HOLD,MIDCPNIFTY25FEB11800CE,307.1,2508.0,0,NONE,Monitoring
2025-02-04,05:00:00,HOLD,MIDCPNIFTY25FEB11800CE,307.1,2508.0,0,NONE,Monitoring
2025-02-04,05:05:00,HOLD,MIDCPNIFTY25FEB11800CE,307.1,2508.0,0,NONE,Monitoring
2025-02-04,05:10:00,HOLD,MIDCPNIFTY25FEB11800CE,307.1,2508.0,0,NONE,Monitoring
2025-02-04,05:15:00,HOLD,MIDCPNIFTY25FEB11800CE,307.1,2508.0,0,NONE,Monitoring
2025-02-04,05:20:00,HOLD,MIDCPNIFTY25FEB11800CE,307.1,2508.0,0,NONE,Monitoring
2025-02-04,05:20:00,EXIT,MIDCPNIFTY25FEB11800CE,307.1,2508.0,0,NONE,EMA_REVERSAL
