Date,Time,Event,Ticker,Price,PnL_INR,SL_Price,SL_Mode,Info
2024-12-17,09:45:00,ENTRY,MIDCPNIFTY24DEC13200PE,137.65,0.0,0.0,NONE,Signal PE
2024-12-17,09:50:00,HOLD,MIDCPNIFTY24DEC13200PE,138.0,42.0,0.0,NONE,Monitoring
2024-12-17,09:55:00,HOLD,MIDCPNIFTY24DEC13200PE,139.0,162.0,0.0,NONE,Monitoring
2024-12-18,03:45:00,HOLD,MIDCPNIFTY24DEC13200PE,193.5,6702.0,0.0,NONE,Monitoring
2024-12-18,03:45:00,TSL_UPDATE,MIDCPNIFTY24DEC13200PE,193.5,6702.0,137.65,COST,Moved to Cost
2024-12-18,03:45:00,TSL_UPDATE,MIDCPNIFTY24DEC13200PE,193.5,6702.0,166.82,TRAILING,Stepped Up
2024-12-18,03:50:00,HOLD,MIDCPNIFTY24DEC13200PE,193.5,6702.0,166.82,TRAILING,Monitoring
2024-12-18,03:55:00,HOLD,MIDCPNIFTY24DEC13200PE,193.5,6702.0,166.82,TRAILING,Monitoring
2024-12-18,04:00:00,HOLD,MIDCPNIFTY24DEC13200PE,193.5,6702.0,166.82,TRAILING,Monitoring
2024-12-18,04:05:00,HOLD,MIDCPNIFTY24DEC13200PE,193.5,6702.0,166.82,TRAILING,Monitoring
2024-12-18,04:10:00,HOLD,MIDCPNIFTY24DEC13200PE,193.5,6702.0,166.82,TRAILING,Monitoring
2024-12-18,04:15:00,HOLD,MIDCPNIFTY24DEC13200PE,193.5,6702.0,166.82,TRAILING,Monitoring
2024-12-18,04:20:00,HOLD,MIDCPNIFTY24DEC13200PE,193.5,6702.0,166.82,TRAILING,Monitoring
2024-12-18,04:25:00,HOLD,MIDCPNIFTY24DEC13200PE,193.5,6702.0,166.82,TRAILING,Monitoring
2024-12-18,04:30:00,HOLD,MIDCPNIFTY24DEC13200PE,193.5,6702.0,166.82,TRAILING,Monitoring
2024-12-18,04:35:00,HOLD,MIDCPNIFTY24DEC13200PE,193.5,6702.0,166.82,TRAILING,Monitoring
2024-12-18,04:40:00,HOLD,MIDCPNIFTY24DEC13200PE,193.5,6702.0,166.82,TRAILING,Monitoring
2024-12-18,04:45:00,HOLD,MIDCPNIFTY24DEC13200PE,193.5,6702.0,166.82,TRAILING,Monitoring
2024-12-18,04:50:00,HOLD,MIDCPNIFTY24DEC13200PE,193.5,6702.0,166.82,TRAILING,Monitoring
2024-12-18,04:55:00,HOLD,MIDCPNIFTY24DEC13200PE,193.5,6702.0,166.82,TRAILING,Monitoring
2024-12-18,05:00:00,HOLD,MIDCPNIFTY24DEC13200PE,193.5,6702.0,166.82,TRAILING,Monitoring
2024-12-18,05:05:00,HOLD,MIDCPNIFTY24DEC13200PE,193.5,6702.0,166.82,TRAILING,Monitoring
2024-12-18,05:10:00,HOLD,MIDCPNIFTY24DEC13200PE,193.5,6702.0,166.82,TRAILING,Monitoring
2024-12-18,05:15:00,HOLD,MIDCPNIFTY24DEC13200PE,193.5,6702.0,166.82,TRAILING,Monitoring
2024-12-18,05:20:00,HOLD,MIDCPNIFTY24DEC13200PE,193.5,6702.0,166.82,TRAILING,Monitoring
2024-12-18,05:25:00,HOLD,MIDCPNIFTY24DEC13200PE,193.5,6702.0,166.82,TRAILING,Monitoring
2024-12-18,05:30:00,HOLD,MIDCPNIFTY24DEC13200PE,193.5,6702.0,166.82,TRAILING,Monitoring
2024-12-18,05:35:00,HOLD,MIDCPNIFTY24DEC13200PE,193.5,6702.0,166.82,TRAILING,Monitoring
2024-12-18,05:40:00,HOLD,MIDCPNIFTY24DEC13200PE,193.5,6702.0,166.82,TRAILING,Monitoring
2024-12-18,05:45:00,HOLD,MIDCPNIFTY24DEC13200PE,193.5,6702.0,166.82,TRAILING,Monitoring
2024-12-18,05:50:00,HOLD,MIDCPNIFTY24DEC13200PE,193.5,6702.0,166.82,TRAILING,Monitoring
2024-12-18,05:55:00,HOLD,MIDCPNIFTY24DEC13200PE,193.5,6702.0,166.82,TRAILING,Monitoring
2024-12-18,06:00:00,HOLD,MIDCPNIFTY24DEC13200PE,193.5,6702.0,166.82,TRAILING,Monitoring
2024-12-18,06:05:00,HOLD,MIDCPNIFTY24DEC13200PE,193.5,6702.0,166.82,TRAILING,Monitoring
2024-12-18,06:10:00,HOLD,MIDCPNIFTY24DEC13200PE,193.5,6702.0,166.82,TRAILING,Monitoring
2024-12-18,06:15:00,HOLD,MIDCPNIFTY24DEC13200PE,193.5,6702.0,166.82,TRAILING,Monitoring
2024-12-18,06:20:00,HOLD,MIDCPNIFTY24DEC13200PE,193.5,6702.0,166.82,TRAILING,Monitoring
2024-12-18,06:25:00,HOLD,MIDCPNIFTY24DEC13200PE,193.5,6702.0,166.82,TRAILING,Monitoring
2024-12-18,06:30:00,HOLD,MIDCPNIFTY24DEC13200PE,193.5,6702.0,166.82,TRAILING,Monitoring
2024-12-18,06:35:00,HOLD,MIDCPNIFTY24DEC13200PE,193.5,6702.0,166.82,TRAILING,Monitoring
2024-12-18,06:40:00,HOLD,MIDCPNIFTY24DEC13200PE,193.5,6702.0,166.82,TRAILING,Monitoring
2024-12-18,06:45:00,HOLD,MIDCPNIFTY24DEC13200PE,193.5,6702.0,166.82,TRAILING,Monitoring
2024-12-18,06:50:00,HOLD,MIDCPNIFTY24DEC13200PE,193.5,6702.0,166.82,TRAILING,Monitoring
2024-12-18,06:55:00,HOLD,MIDCPNIFTY24DEC13200PE,193.5,6702.0,166.82,TRAILING,Monitoring
2024-12-18,07:00:00,HOLD,MIDCPNIFTY24DEC13200PE,193.5,6702.0,166.82,TRAILING,Monitoring
2024-12-18,07:05:00,HOLD,MIDCPNIFTY24DEC13200PE,193.5,6702.0,166.82,TRAILING,Monitoring
2024-12-18,07:10:00,HOLD,MIDCPNIFTY24DEC13200PE,193.5,6702.0,166.82,TRAILING,Monitoring
2024-12-18,07:15:00,HOLD,MIDCPNIFTY24DEC13200PE,193.5,6702.0,166.82,TRAILING,Monitoring
2024-12-18,07:20:00,HOLD,MIDCPNIFTY24DEC13200PE,193.5,6702.0,166.82,TRAILING,Monitoring
2024-12-18,07:25:00,HOLD,MIDCPNIFTY24DEC13200PE,193.5,6702.0,166.82,TRAILING,Monitoring
2024-12-18,07:30:00,HOLD,MIDCPNIFTY24DEC13200PE,193.5,6702.0,166.82,TRAILING,Monitoring
2024-12-18,07:35:00,HOLD,MIDCPNIFTY24DEC13200PE,193.5,6702.0,166.82,TRAILING,Monitoring
2024-12-18,07:40:00,HOLD,MIDCPNIFTY24DEC13200PE,193.5,6702.0,166.82,TRAILING,Monitoring
2024-12-18,07:45:00,HOLD,MIDCPNIFTY24DEC13200PE,193.5,6702.0,166.82,TRAILING,Monitoring
2024-12-18,07:50:00,HOLD,MIDCPNIFTY24DEC13200PE,193.5,6702.0,166.82,TRAILING,Monitoring
2024-12-18,07:55:00,HOLD,MIDCPNIFTY24DEC13200PE,193.5,6702.0,166.82,TRAILING,Monitoring
2024-12-18,08:00:00,HOLD,MIDCPNIFTY24DEC13200PE,193.5,6702.0,166.82,TRAILING,Monitoring
2024-12-18,08:05:00,HOLD,MIDCPNIFTY24DEC13200PE,193.5,6702.0,166.82,TRAILING,Monitoring
2024-12-18,08:10:00,HOLD,MIDCPNIFTY24DEC13200PE,193.5,6702.0,166.82,TRAILING,Monitoring
2024-12-18,08:15:00,HOLD,MIDCPNIFTY24DEC13200PE,193.5,6702.0,166.82,TRAILING,Monitoring
2024-12-18,08:20:00,HOLD,MIDCPNIFTY24DEC13200PE,193.5,6702.0,166.82,TRAILING,Monitoring
2024-12-18,08:25:00,HOLD,MIDCPNIFTY24DEC13200PE,193.5,6702.0,166.82,TRAILING,Monitoring
2024-12-18,08:30:00,HOLD,MIDCPNIFTY24DEC13200PE,193.5,6702.0,166.82,TRAILING,Monitoring
2024-12-18,08:35:00,HOLD,MIDCPNIFTY24DEC13200PE,193.5,6702.0,166.82,TRAILING,Monitoring
2024-12-18,08:40:00,HOLD,MIDCPNIFTY24DEC13200PE,193.5,6702.0,166.82,TRAILING,Monitoring
2024-12-18,08:45:00,HOLD,MIDCPNIFTY24DEC13200PE,193.5,6702.0,166.82,TRAILING,Monitoring
2024-12-18,08:50:00,HOLD,MIDCPNIFTY24DEC13200PE,193.5,6702.0,166.82,TRAILING,Monitoring
2024-12-18,08:55:00,HOLD,MIDCPNIFTY24DEC13200PE,193.5,6702.0,166.82,TRAILING,Monitoring
2024-12-18,09:00:00,HOLD,MIDCPNIFTY24DEC13200PE,193.5,6702.0,166.82,TRAILING,Monitoring
2024-12-18,09:05:00,HOLD,MIDCPNIFTY24DEC13200PE,193.5,6702.0,166.82,TRAILING,Monitoring
2024-12-18,09:10:00,HOLD,MIDCPNIFTY24DEC13200PE,193.5,6702.0,166.82,TRAILING,Monitoring
2024-12-18,09:15:00,HOLD,MIDCPNIFTY24DEC13200PE,200.55,7548.0,166.82,TRAILING,Monitoring
2024-12-18,09:15:00,TSL_UPDATE,MIDCPNIFTY24DEC13200PE,200.55,7548.0,175.15,TRAILING,Stepped Up
2024-12-18,09:20:00,HOLD,MIDCPNIFTY24DEC13200PE,209.85,8664.0,175.15,TRAILING,Monitoring
2024-12-18,09:20:00,TSL_UPDATE,MIDCPNIFTY24DEC13200PE,209.85,8664.0,183.48,TRAILING,Stepped Up
2024-12-18,09:25:00,HOLD,MIDCPNIFTY24DEC13200PE,223.9,10350.0,183.48,TRAILING,Monitoring
2024-12-18,09:25:00,TSL_UPDATE,MIDCPNIFTY24DEC13200PE,223.9,10350.0,195.98,TRAILING,Stepped Up
2024-12-18,09:30:00,HOLD,MIDCPNIFTY24DEC13200PE,217.45,9576.0,195.98,TRAILING,Monitoring
2024-12-18,09:35:00,HOLD,MIDCPNIFTY24DEC13200PE,198.85,7344.0,195.98,TRAILING,Monitoring
2024-12-18,09:40:00,HOLD,MIDCPNIFTY24DEC13200PE,190.25,6312.0,195.98,TRAILING,Monitoring
2024-12-18,09:40:00,EXIT,MIDCPNIFTY24DEC13200PE,195.98,7000.0,195.98,TRAILING,TSL_HIT
