Date,Time,Event,Ticker,Price,PnL_INR,SL_Price,SL_Mode,Info
2025-12-02,09:20:00,ENTRY,MIDCPNIFTY25DEC14000PE,165.0,0.0,0.0,NONE,Signal PE
2025-12-02,09:25:00,HOLD,MIDCPNIFTY25DEC14000PE,166.1,132.0,0.0,NONE,Monitoring
2025-12-02,09:30:00,HOLD,MIDCPNIFTY25DEC14000PE,164.65,-42.0,0.0,NONE,Monitoring
2025-12-02,09:35:00,HOLD,MIDCPNIFTY25DEC14000PE,163.6,-168.0,0.0,NONE,Monitoring
2025-12-02,09:40:00,HOLD,MIDCPNIFTY25DEC14000PE,170.35,642.0,0.0,NONE,Monitoring
2025-12-02,09:45:00,HOLD,MIDCPNIFTY25DEC14000PE,172.85,942.0,0.0,NONE,Monitoring
2025-12-02,09:50:00,HOLD,MIDCPNIFTY25DEC14000PE,178.65,1638.0,0.0,NONE,Monitoring
2025-12-02,09:55:00,HOLD,MIDCPNIFTY25DEC14000PE,181.25,1950.0,0.0,NONE,Monitoring
2025-12-03,03:45:00,HOLD,MIDCPNIFTY25DEC14000PE,202.2,4464.0,0.0,NONE,Monitoring
2025-12-03,03:45:00,TSL_UPDATE,MIDCPNIFTY25DEC14000PE,202.2,4464.0,165.0,COST,Moved to Cost
2025-12-03,03:45:00,TSL_UPDATE,MIDCPNIFTY25DEC14000PE,202.2,4464.0,173.33,TRAILING,Stepped Up
2025-12-03,03:50:00,HOLD,MIDCPNIFTY25DEC14000PE,202.2,4464.0,173.33,TRAILING,Monitoring
2025-12-03,03:55:00,HOLD,MIDCPNIFTY25DEC14000PE,202.2,4464.0,173.33,TRAILING,Monitoring
2025-12-03,04:00:00,HOLD,MIDCPNIFTY25DEC14000PE,202.2,4464.0,173.33,TRAILING,Monitoring
2025-12-03,04:05:00,HOLD,MIDCPNIFTY25DEC14000PE,202.2,4464.0,173.33,TRAILING,Monitoring
2025-12-03,04:10:00,HOLD,MIDCPNIFTY25DEC14000PE,202.2,4464.0,173.33,TRAILING,Monitoring
2025-12-03,04:15:00,HOLD,MIDCPNIFTY25DEC14000PE,202.2,4464.0,173.33,TRAILING,Monitoring
2025-12-03,04:20:00,HOLD,MIDCPNIFTY25DEC14000PE,202.2,4464.0,173.33,TRAILING,Monitoring
2025-12-03,04:25:00,HOLD,MIDCPNIFTY25DEC14000PE,202.2,4464.0,173.33,TRAILING,Monitoring
2025-12-03,04:30:00,HOLD,MIDCPNIFTY25DEC14000PE,202.2,4464.0,173.33,TRAILING,Monitoring
2025-12-03,04:35:00,HOLD,MIDCPNIFTY25DEC14000PE,202.2,4464.0,173.33,TRAILING,Monitoring
2025-12-03,04:40:00,HOLD,MIDCPNIFTY25DEC14000PE,202.2,4464.0,173.33,TRAILING,Monitoring
2025-12-03,04:45:00,HOLD,MIDCPNIFTY25DEC14000PE,202.2,4464.0,173.33,TRAILING,Monitoring
2025-12-03,04:50:00,HOLD,MIDCPNIFTY25DEC14000PE,202.2,4464.0,173.33,TRAILING,Monitoring
2025-12-03,04:55:00,HOLD,MIDCPNIFTY25DEC14000PE,202.2,4464.0,173.33,TRAILING,Monitoring
2025-12-03,05:00:00,HOLD,MIDCPNIFTY25DEC14000PE,202.2,4464.0,173.33,TRAILING,Monitoring
2025-12-03,05:05:00,HOLD,MIDCPNIFTY25DEC14000PE,202.2,4464.0,173.33,TRAILING,Monitoring
2025-12-03,05:10:00,HOLD,MIDCPNIFTY25DEC14000PE,202.2,4464.0,173.33,TRAILING,Monitoring
2025-12-03,05:15:00,HOLD,MIDCPNIFTY25DEC14000PE,202.2,4464.0,173.33,TRAILING,Monitoring
2025-12-03,05:20:00,HOLD,MIDCPNIFTY25DEC14000PE,202.2,4464.0,173.33,TRAILING,Monitoring
2025-12-03,05:25:00,HOLD,MIDCPNIFTY25DEC14000PE,202.2,4464.0,173.33,TRAILING,Monitoring
2025-12-03,05:30:00,HOLD,MIDCPNIFTY25DEC14000PE,202.2,4464.0,173.33,TRAILING,Monitoring
2025-12-03,05:35:00,HOLD,MIDCPNIFTY25DEC14000PE,202.2,4464.0,173.33,TRAILING,Monitoring
2025-12-03,05:40:00,HOLD,MIDCPNIFTY25DEC14000PE,202.2,4464.0,173.33,TRAILING,Monitoring
2025-12-03,05:45:00,HOLD,MIDCPNIFTY25DEC14000PE,202.2,4464.0,173.33,TRAILING,Monitoring
2025-12-03,05:50:00,HOLD,MIDCPNIFTY25DEC14000PE,202.2,4464.0,173.33,TRAILING,Monitoring
2025-12-03,05:55:00,HOLD,MIDCPNIFTY25DEC14000PE,202.2,4464.0,173.33,TRAILING,Monitoring
2025-12-03,06:00:00,HOLD,MIDCPNIFTY25DEC14000PE,202.2,4464.0,173.33,TRAILING,Monitoring
2025-12-03,06:05:00,HOLD,MIDCPNIFTY25DEC14000PE,202.2,4464.0,173.33,TRAILING,Monitoring
2025-12-03,06:10:00,HOLD,MIDCPNIFTY25DEC14000PE,202.2,4464.0,173.33,TRAILING,Monitoring
2025-12-03,06:15:00,HOLD,MIDCPNIFTY25DEC14000PE,202.2,4464.0,173.33,TRAILING,Monitoring
2025-12-03,06:20:00,HOLD,MIDCPNIFTY25DEC14000PE,202.2,4464.0,173.33,TRAILING,Monitoring
2025-12-03,06:25:00,HOLD,MIDCPNIFTY25DEC14000PE,202.2,4464.0,173.33,TRAILING,Monitoring
2025-12-03,06:30:00,HOLD,MIDCPNIFTY25DEC14000PE,202.2,4464.0,173.33,TRAILING,Monitoring
2025-12-03,06:35:00,HOLD,MIDCPNIFTY25DEC14000PE,202.2,4464.0,173.33,TRAILING,Monitoring
2025-12-03,06:40:00,HOLD,MIDCPNIFTY25DEC14000PE,202.2,4464.0,173.33,TRAILING,Monitoring
2025-12-03,06:45:00,HOLD,MIDCPNIFTY25DEC14000PE,202.2,4464.0,173.33,TRAILING,Monitoring
2025-12-03,06:50:00,HOLD,MIDCPNIFTY25DEC14000PE,202.2,4464.0,173.33,TRAILING,Monitoring
2025-12-03,06:55:00,HOLD,MIDCPNIFTY25DEC14000PE,202.2,4464.0,173.33,TRAILING,Monitoring
2025-12-03,07:00:00,HOLD,MIDCPNIFTY25DEC14000PE,202.2,4464.0,173.33,TRAILING,Monitoring
2025-12-03,07:05:00,HOLD,MIDCPNIFTY25DEC14000PE,202.2,4464.0,173.33,TRAILING,Monitoring
2025-12-03,07:10:00,HOLD,MIDCPNIFTY25DEC14000PE,202.2,4464.0,173.33,TRAILING,Monitoring
2025-12-03,07:15:00,HOLD,MIDCPNIFTY25DEC14000PE,202.2,4464.0,173.33,TRAILING,Monitoring
2025-12-03,07:20:00,HOLD,MIDCPNIFTY25DEC14000PE,202.2,4464.0,173.33,TRAILING,Monitoring
2025-12-03,07:25:00,HOLD,MIDCPNIFTY25DEC14000PE,202.2,4464.0,173.33,TRAILING,Monitoring
2025-12-03,07:30:00,HOLD,MIDCPNIFTY25DEC14000PE,202.2,4464.0,173.33,TRAILING,Monitoring
2025-12-03,07:35:00,HOLD,MIDCPNIFTY25DEC14000PE,202.2,4464.0,173.33,TRAILING,Monitoring
2025-12-03,07:40:00,HOLD,MIDCPNIFTY25DEC14000PE,202.2,4464.0,173.33,TRAILING,Monitoring
2025-12-03,07:45:00,HOLD,MIDCPNIFTY25DEC14000PE,202.2,4464.0,173.33,TRAILING,Monitoring
2025-12-03,07:50:00,HOLD,MIDCPNIFTY25DEC14000PE,202.2,4464.0,173.33,TRAILING,Monitoring
2025-12-03,07:55:00,HOLD,MIDCPNIFTY25DEC14000PE,202.2,4464.0,173.33,TRAILING,Monitoring
2025-12-03,08:00:00,HOLD,MIDCPNIFTY25DEC14000PE,202.2,4464.0,173.33,TRAILING,Monitoring
2025-12-03,08:05:00,HOLD,MIDCPNIFTY25DEC14000PE,202.2,4464.0,173.33,TRAILING,Monitoring
2025-12-03,08:10:00,HOLD,MIDCPNIFTY25DEC14000PE,202.2,4464.0,173.33,TRAILING,Monitoring
2025-12-03,08:15:00,HOLD,MIDCPNIFTY25DEC14000PE,202.2,4464.0,173.33,TRAILING,Monitoring
2025-12-03,08:20:00,HOLD,MIDCPNIFTY25DEC14000PE,202.2,4464.0,173.33,TRAILING,Monitoring
2025-12-03,08:25:00,HOLD,MIDCPNIFTY25DEC14000PE,202.2,4464.0,173.33,TRAILING,Monitoring
2025-12-03,08:30:00,HOLD,MIDCPNIFTY25DEC14000PE,202.2,4464.0,173.33,TRAILING,Monitoring
2025-12-03,08:35:00,HOLD,MIDCPNIFTY25DEC14000PE,202.2,4464.0,173.33,TRAILING,Monitoring
2025-12-03,08:40:00,HOLD,MIDCPNIFTY25DEC14000PE,202.2,4464.0,173.33,TRAILING,Monitoring
2025-12-03,08:45:00,HOLD,MIDCPNIFTY25DEC14000PE,202.2,4464.0,173.33,TRAILING,Monitoring
2025-12-03,08:50:00,HOLD,MIDCPNIFTY25DEC14000PE,202.2,4464.0,173.33,TRAILING,Monitoring
2025-12-03,08:55:00,HOLD,MIDCPNIFTY25DEC14000PE,202.2,4464.0,173.33,TRAILING,Monitoring
2025-12-03,09:00:00,HOLD,MIDCPNIFTY25DEC14000PE,202.2,4464.0,173.33,TRAILING,Monitoring
2025-12-03,09:05:00,HOLD,MIDCPNIFTY25DEC14000PE,202.2,4464.0,173.33,TRAILING,Monitoring
2025-12-03,09:10:00,HOLD,MIDCPNIFTY25DEC14000PE,202.2,4464.0,173.33,TRAILING,Monitoring
2025-12-03,09:15:00,HOLD,MIDCPNIFTY25DEC14000PE,202.5,4500.0,173.33,TRAILING,Monitoring
2025-12-03,09:15:00,TSL_UPDATE,MIDCPNIFTY25DEC14000PE,202.5,4500.0,177.5,TRAILING,Stepped Up
2025-12-03,09:20:00,HOLD,MIDCPNIFTY25DEC14000PE,210.8,5496.0,177.5,TRAILING,Monitoring
2025-12-03,09:20:00,TSL_UPDATE,MIDCPNIFTY25DEC14000PE,210.8,5496.0,181.67,TRAILING,Stepped Up
2025-12-03,09:25:00,HOLD,MIDCPNIFTY25DEC14000PE,223.5,7020.0,181.67,TRAILING,Monitoring
2025-12-03,09:25:00,TSL_UPDATE,MIDCPNIFTY25DEC14000PE,223.5,7020.0,198.33,TRAILING,Stepped Up
2025-12-03,09:30:00,HOLD,MIDCPNIFTY25DEC14000PE,232.5,8100.0,198.33,TRAILING,Monitoring
2025-12-03,09:30:00,TSL_UPDATE,MIDCPNIFTY25DEC14000PE,232.5,8100.0,206.67,TRAILING,Stepped Up
2025-12-03,09:35:00,HOLD,MIDCPNIFTY25DEC14000PE,242.0,9240.0,206.67,TRAILING,Monitoring
2025-12-03,09:35:00,TSL_UPDATE,MIDCPNIFTY25DEC14000PE,242.0,9240.0,215.0,TRAILING,Stepped Up
2025-12-03,09:40:00,HOLD,MIDCPNIFTY25DEC14000PE,233.4,8208.0,215.0,TRAILING,Monitoring
2025-12-03,09:45:00,HOLD,MIDCPNIFTY25DEC14000PE,236.8,8616.0,215.0,TRAILING,Monitoring
2025-12-03,09:50:00,HOLD,MIDCPNIFTY25DEC14000PE,240.6,9072.0,215.0,TRAILING,Monitoring
2025-12-03,09:55:00,HOLD,MIDCPNIFTY25DEC14000PE,246.3,9756.0,215.0,TRAILING,Monitoring
2025-12-03,09:55:00,TSL_UPDATE,MIDCPNIFTY25DEC14000PE,246.3,9756.0,219.17,TRAILING,Stepped Up
2025-12-04,03:45:00,HOLD,MIDCPNIFTY25DEC14000PE,264.1,11892.0,219.17,TRAILING,Monitoring
2025-12-04,03:45:00,TSL_UPDATE,MIDCPNIFTY25DEC14000PE,264.1,11892.0,235.83,TRAILING,Stepped Up
2025-12-04,03:45:00,EXIT,MIDCPNIFTY25DEC14000PE,264.1,11892.0,235.83,TRAILING,EMA_REVERSAL
