Date,Time,Event,Ticker,Price,PnL_INR,SL_Price,SL_Mode,Info
2024-11-18,09:35:00,ENTRY,MIDCPNIFTY24NOV12100PE,169.0,0.0,0,NONE,Signal PE
2024-11-18,09:40:00,HOLD,MIDCPNIFTY24NOV12100PE,154.85,-1698.0,0,NONE,Monitoring
2024-11-18,09:45:00,HOLD,MIDCPNIFTY24NOV12100PE,139.75,-3510.0,0,NONE,Monitoring
2024-11-18,09:50:00,HOLD,MIDCPNIFTY24NOV12100PE,142.7,-3156.0,0,NONE,Monitoring
2024-11-18,09:55:00,HOLD,MIDCPNIFTY24NOV12100PE,145.0,-2880.0,0,NONE,Monitoring
2024-11-19,03:45:00,HOLD,MIDCPNIFTY24NOV12100PE,127.0,-5040.0,0,NONE,Monitoring
2024-11-19,03:45:00,EXIT,MIDCPNIFTY24NOV12100PE,127.0,-5040.0,0,NONE,EMA_REVERSAL
