Date,Time,Event,Ticker,Price,PnL_INR,SL_Price,SL_Mode,Info
2025-10-14,09:55:00,ENTRY,MIDCPNIFTY25OCT13200PE,161.25,0.0,0.0,NONE,Signal PE
2025-10-15,03:45:00,HOLD,MIDCPNIFTY25OCT13200PE,232.6,8562.0,0.0,NONE,Monitoring
2025-10-15,03:45:00,TSL_UPDATE,MIDCPNIFTY25OCT13200PE,232.6,8562.0,161.25,COST,Moved to Cost
2025-10-15,03:45:00,TSL_UPDATE,MIDCPNIFTY25OCT13200PE,232.6,8562.0,207.08,TRAILING,Stepped Up
2025-10-15,03:45:00,EXIT,MIDCPNIFTY25OCT13200PE,232.6,8562.0,207.08,TRAILING,EMA_REVERSAL
