Date,Time,Event,Ticker,Price,PnL_INR,SL_Price,SL_Mode,Info
2025-01-23,09:55:00,ENTRY,MIDCPNIFTY25JAN11900PE,72.75,0.0,0,NONE,Signal PE
2025-01-24,03:45:00,HOLD,MIDCPNIFTY25JAN11900PE,56.0,-2010.0,0,NONE,Monitoring
2025-01-24,03:50:00,HOLD,MIDCPNIFTY25JAN11900PE,56.0,-2010.0,0,NONE,Monitoring
2025-01-24,03:55:00,HOLD,MIDCPNIFTY25JAN11900PE,56.0,-2010.0,0,NONE,Monitoring
2025-01-24,04:00:00,HOLD,MIDCPNIFTY25JAN11900PE,56.0,-2010.0,0,NONE,Monitoring
2025-01-24,04:05:00,HOLD,MIDCPNIFTY25JAN11900PE,56.0,-2010.0,0,NONE,Monitoring
2025-01-24,04:10:00,HOLD,MIDCPNIFTY25JAN11900PE,56.0,-2010.0,0,NONE,Monitoring
2025-01-24,04:15:00,HOLD,MIDCPNIFTY25JAN11900PE,56.0,-2010.0,0,NONE,Monitoring
2025-01-24,04:20:00,HOLD,MIDCPNIFTY25JAN11900PE,56.0,-2010.0,0,NONE,Monitoring
2025-01-24,04:25:00,HOLD,MIDCPNIFTY25JAN11900PE,56.0,-2010.0,0,NONE,Monitoring
2025-01-24,04:30:00,HOLD,MIDCPNIFTY25JAN11900PE,56.0,-2010.0,0,NONE,Monitoring
2025-01-24,04:35:00,HOLD,MIDCPNIFTY25JAN11900PE,56.0,-2010.0,0,NONE,Monitoring
2025-01-24,04:40:00,HOLD,MIDCPNIFTY25JAN11900PE,56.0,-2010.0,0,NONE,Monitoring
2025-01-24,04:45:00,HOLD,MIDCPNIFTY25JAN11900PE,56.0,-2010.0,0,NONE,Monitoring
2025-01-24,04:50:00,HOLD,MIDCPNIFTY25JAN11900PE,56.0,-2010.0,0,NONE,Monitoring
2025-01-24,04:55:00,HOLD,MIDCPNIFTY25JAN11900PE,56.0,-2010.0,0,NONE,Monitoring
2025-01-24,05:00:00,HOLD,MIDCPNIFTY25JAN11900PE,56.0,-2010.0,0,NONE,Monitoring
2025-01-24,05:05:00,HOLD,MIDCPNIFTY25JAN11900PE,56.0,-2010.0,0,NONE,Monitoring
2025-01-24,05:10:00,HOLD,MIDCPNIFTY25JAN11900PE,56.0,-2010.0,0,NONE,Monitoring
2025-01-24,05:15:00,HOLD,MIDCPNIFTY25JAN11900PE,56.0,-2010.0,0,NONE,Monitoring
2025-01-24,05:20:00,HOLD,MIDCPNIFTY25JAN11900PE,56.0,-2010.0,0,NONE,Monitoring
2025-01-24,05:25:00,HOLD,MIDCPNIFTY25JAN11900PE,56.0,-2010.0,0,NONE,Monitoring
2025-01-24,05:30:00,HOLD,MIDCPNIFTY25JAN11900PE,56.0,-2010.0,0,NONE,Monitoring
2025-01-24,05:30:00,EXIT,MIDCPNIFTY25JAN11900PE,56.0,-2010.0,0,NONE,EMA_REVERSAL
