Date,Time,Event,Ticker,Price,PnL_INR,SL_Price,SL_Mode,Info
2024-06-20,09:20:00,ENTRY,MIDCPNIFTY24JUN12100CE,58.3,0.0,0.0,NONE,Signal CE
2024-06-20,09:25:00,HOLD,MIDCPNIFTY24JUN12100CE,68.25,1194.0,0.0,NONE,Monitoring
2024-06-20,09:30:00,HOLD,MIDCPNIFTY24JUN12100CE,77.55,2310.0,0.0,NONE,Monitoring
2024-06-20,09:35:00,HOLD,MIDCPNIFTY24JUN12100CE,85.3,3240.0,0.0,NONE,Monitoring
2024-06-20,09:35:00,TSL_UPDATE,MIDCPNIFTY24JUN12100CE,85.3,3240.0,58.3,COST,Moved to Cost
2024-06-20,09:40:00,HOLD,MIDCPNIFTY24JUN12100CE,92.9,4152.0,58.3,COST,Monitoring
2024-06-20,09:40:00,TSL_UPDATE,MIDCPNIFTY24JUN12100CE,92.9,4152.0,66.63,TRAILING,Stepped Up
2024-06-20,09:45:00,HOLD,MIDCPNIFTY24JUN12100CE,84.6,3156.0,66.63,TRAILING,Monitoring
2024-06-20,09:50:00,HOLD,MIDCPNIFTY24JUN12100CE,73.9,1872.0,66.63,TRAILING,Monitoring
2024-06-20,09:55:00,HOLD,MIDCPNIFTY24JUN12100CE,78.2,2388.0,66.63,TRAILING,Monitoring
2024-06-21,03:45:00,HOLD,MIDCPNIFTY24JUN12100CE,98.3,4800.0,66.63,TRAILING,Monitoring
2024-06-21,03:45:00,TSL_UPDATE,MIDCPNIFTY24JUN12100CE,98.3,4800.0,70.8,TRAILING,Stepped Up
2024-06-21,03:50:00,HOLD,MIDCPNIFTY24JUN12100CE,98.3,4800.0,70.8,TRAILING,Monitoring
2024-06-21,03:55:00,HOLD,MIDCPNIFTY24JUN12100CE,98.3,4800.0,70.8,TRAILING,Monitoring
2024-06-21,04:00:00,HOLD,MIDCPNIFTY24JUN12100CE,98.3,4800.0,70.8,TRAILING,Monitoring
2024-06-21,04:05:00,HOLD,MIDCPNIFTY24JUN12100CE,98.3,4800.0,70.8,TRAILING,Monitoring
2024-06-21,04:10:00,HOLD,MIDCPNIFTY24JUN12100CE,98.3,4800.0,70.8,TRAILING,Monitoring
2024-06-21,04:15:00,HOLD,MIDCPNIFTY24JUN12100CE,98.3,4800.0,70.8,TRAILING,Monitoring
2024-06-21,04:20:00,HOLD,MIDCPNIFTY24JUN12100CE,98.3,4800.0,70.8,TRAILING,Monitoring
2024-06-21,04:25:00,HOLD,MIDCPNIFTY24JUN12100CE,98.3,4800.0,70.8,TRAILING,Monitoring
2024-06-21,04:30:00,HOLD,MIDCPNIFTY24JUN12100CE,98.3,4800.0,70.8,TRAILING,Monitoring
2024-06-21,04:35:00,HOLD,MIDCPNIFTY24JUN12100CE,98.3,4800.0,70.8,TRAILING,Monitoring
2024-06-21,04:40:00,HOLD,MIDCPNIFTY24JUN12100CE,98.3,4800.0,70.8,TRAILING,Monitoring
2024-06-21,04:45:00,HOLD,MIDCPNIFTY24JUN12100CE,98.3,4800.0,70.8,TRAILING,Monitoring
2024-06-21,04:50:00,HOLD,MIDCPNIFTY24JUN12100CE,98.3,4800.0,70.8,TRAILING,Monitoring
2024-06-21,04:55:00,HOLD,MIDCPNIFTY24JUN12100CE,98.3,4800.0,70.8,TRAILING,Monitoring
2024-06-21,05:00:00,HOLD,MIDCPNIFTY24JUN12100CE,98.3,4800.0,70.8,TRAILING,Monitoring
2024-06-21,05:05:00,HOLD,MIDCPNIFTY24JUN12100CE,98.3,4800.0,70.8,TRAILING,Monitoring
2024-06-21,05:10:00,HOLD,MIDCPNIFTY24JUN12100CE,98.3,4800.0,70.8,TRAILING,Monitoring
2024-06-21,05:15:00,HOLD,MIDCPNIFTY24JUN12100CE,98.3,4800.0,70.8,TRAILING,Monitoring
2024-06-21,05:20:00,HOLD,MIDCPNIFTY24JUN12100CE,98.3,4800.0,70.8,TRAILING,Monitoring
2024-06-21,05:25:00,HOLD,MIDCPNIFTY24JUN12100CE,98.3,4800.0,70.8,TRAILING,Monitoring
2024-06-21,05:30:00,HOLD,MIDCPNIFTY24JUN12100CE,98.3,4800.0,70.8,TRAILING,Monitoring
2024-06-21,05:35:00,HOLD,MIDCPNIFTY24JUN12100CE,98.3,4800.0,70.8,TRAILING,Monitoring
2024-06-21,05:40:00,HOLD,MIDCPNIFTY24JUN12100CE,98.3,4800.0,70.8,TRAILING,Monitoring
2024-06-21,05:45:00,HOLD,MIDCPNIFTY24JUN12100CE,98.3,4800.0,70.8,TRAILING,Monitoring
2024-06-21,05:50:00,HOLD,MIDCPNIFTY24JUN12100CE,98.3,4800.0,70.8,TRAILING,Monitoring
2024-06-21,05:55:00,HOLD,MIDCPNIFTY24JUN12100CE,98.3,4800.0,70.8,TRAILING,Monitoring
2024-06-21,06:00:00,HOLD,MIDCPNIFTY24JUN12100CE,98.3,4800.0,70.8,TRAILING,Monitoring
2024-06-21,06:05:00,HOLD,MIDCPNIFTY24JUN12100CE,98.3,4800.0,70.8,TRAILING,Monitoring
2024-06-21,06:10:00,HOLD,MIDCPNIFTY24JUN12100CE,98.3,4800.0,70.8,TRAILING,Monitoring
2024-06-21,06:15:00,HOLD,MIDCPNIFTY24JUN12100CE,98.3,4800.0,70.8,TRAILING,Monitoring
2024-06-21,06:20:00,HOLD,MIDCPNIFTY24JUN12100CE,98.3,4800.0,70.8,TRAILING,Monitoring
2024-06-21,06:25:00,HOLD,MIDCPNIFTY24JUN12100CE,98.3,4800.0,70.8,TRAILING,Monitoring
2024-06-21,06:30:00,HOLD,MIDCPNIFTY24JUN12100CE,98.3,4800.0,70.8,TRAILING,Monitoring
2024-06-21,06:35:00,HOLD,MIDCPNIFTY24JUN12100CE,98.3,4800.0,70.8,TRAILING,Monitoring
2024-06-21,06:40:00,HOLD,MIDCPNIFTY24JUN12100CE,98.3,4800.0,70.8,TRAILING,Monitoring
2024-06-21,06:45:00,HOLD,MIDCPNIFTY24JUN12100CE,98.3,4800.0,70.8,TRAILING,Monitoring
2024-06-21,06:50:00,HOLD,MIDCPNIFTY24JUN12100CE,98.3,4800.0,70.8,TRAILING,Monitoring
2024-06-21,06:55:00,HOLD,MIDCPNIFTY24JUN12100CE,98.3,4800.0,70.8,TRAILING,Monitoring
2024-06-21,07:00:00,HOLD,MIDCPNIFTY24JUN12100CE,98.3,4800.0,70.8,TRAILING,Monitoring
2024-06-21,07:05:00,HOLD,MIDCPNIFTY24JUN12100CE,98.3,4800.0,70.8,TRAILING,Monitoring
2024-06-21,07:10:00,HOLD,MIDCPNIFTY24JUN12100CE,98.3,4800.0,70.8,TRAILING,Monitoring
2024-06-21,07:10:00,EXIT,MIDCPNIFTY24JUN12100CE,98.3,4800.0,70.8,TRAILING,EMA_REVERSAL
