Date,Time,Event,Ticker,Price,PnL_INR,SL_Price,SL_Mode,Info
2023-08-17,09:20:00,ENTRY,MIDCPNIFTY23AUG8600CE,85.05,0.0,0,NONE,Signal CE
2023-08-17,09:25:00,HOLD,MIDCPNIFTY23AUG8600CE,85.05,0.0,0,NONE,Monitoring
2023-08-17,09:30:00,HOLD,MIDCPNIFTY23AUG8600CE,85.05,0.0,0,NONE,Monitoring
2023-08-17,09:35:00,HOLD,MIDCPNIFTY23AUG8600CE,85.05,0.0,0,NONE,Monitoring
2023-08-17,09:40:00,HOLD,MIDCPNIFTY23AUG8600CE,85.05,0.0,0,NONE,Monitoring
2023-08-17,09:45:00,HOLD,MIDCPNIFTY23AUG8600CE,85.05,0.0,0,NONE,Monitoring
2023-08-17,09:50:00,HOLD,MIDCPNIFTY23AUG8600CE,85.05,0.0,0,NONE,Monitoring
2023-08-17,09:55:00,HOLD,MIDCPNIFTY23AUG8600CE,85.05,0.0,0,NONE,Monitoring
2023-08-18,03:45:00,HOLD,MIDCPNIFTY23AUG8600CE,86.9,222.0,0,NONE,Monitoring
2023-08-18,03:50:00,HOLD,MIDCPNIFTY23AUG8600CE,86.9,222.0,0,NONE,Monitoring
2023-08-18,03:55:00,HOLD,MIDCPNIFTY23AUG8600CE,86.9,222.0,0,NONE,Monitoring
2023-08-18,04:00:00,HOLD,MIDCPNIFTY23AUG8600CE,86.9,222.0,0,NONE,Monitoring
2023-08-18,04:05:00,HOLD,MIDCPNIFTY23AUG8600CE,86.9,222.0,0,NONE,Monitoring
2023-08-18,04:10:00,HOLD,MIDCPNIFTY23AUG8600CE,86.9,222.0,0,NONE,Monitoring
2023-08-18,04:15:00,HOLD,MIDCPNIFTY23AUG8600CE,86.9,222.0,0,NONE,Monitoring
2023-08-18,04:20:00,HOLD,MIDCPNIFTY23AUG8600CE,86.9,222.0,0,NONE,Monitoring
2023-08-18,04:25:00,HOLD,MIDCPNIFTY23AUG8600CE,86.9,222.0,0,NONE,Monitoring
2023-08-18,04:30:00,HOLD,MIDCPNIFTY23AUG8600CE,86.9,222.0,0,NONE,Monitoring
2023-08-18,04:35:00,HOLD,MIDCPNIFTY23AUG8600CE,86.9,222.0,0,NONE,Monitoring
2023-08-18,04:35:00,EXIT,MIDCPNIFTY23AUG8600CE,86.9,222.0,0,NONE,EMA_REVERSAL
