Date,Time,Event,Ticker,Price,PnL_INR,SL_Price,SL_Mode,Info
2023-07-21,09:25:00,ENTRY,MIDCPNIFTY23JUL8400PE,47.35,0.0,0,NONE,Signal PE
2023-07-21,09:30:00,HOLD,MIDCPNIFTY23JUL8400PE,48.9,186.0,0,NONE,Monitoring
2023-07-21,09:35:00,HOLD,MIDCPNIFTY23JUL8400PE,49.95,312.0,0,NONE,Monitoring
2023-07-21,09:40:00,HOLD,MIDCPNIFTY23JUL8400PE,49.9,306.0,0,NONE,Monitoring
2023-07-21,09:45:00,HOLD,MIDCPNIFTY23JUL8400PE,49.4,246.0,0,NONE,Monitoring
2023-07-21,09:50:00,HOLD,MIDCPNIFTY23JUL8400PE,45.6,-210.0,0,NONE,Monitoring
2023-07-21,09:55:00,HOLD,MIDCPNIFTY23JUL8400PE,48.8,174.0,0,NONE,Monitoring
2023-07-24,03:45:00,HOLD,MIDCPNIFTY23JUL8400PE,25.95,-2568.0,0,NONE,Monitoring
2023-07-24,03:50:00,HOLD,MIDCPNIFTY23JUL8400PE,25.95,-2568.0,0,NONE,Monitoring
2023-07-24,03:55:00,HOLD,MIDCPNIFTY23JUL8400PE,25.95,-2568.0,0,NONE,Monitoring
2023-07-24,04:00:00,HOLD,MIDCPNIFTY23JUL8400PE,25.95,-2568.0,0,NONE,Monitoring
2023-07-24,04:05:00,HOLD,MIDCPNIFTY23JUL8400PE,25.95,-2568.0,0,NONE,Monitoring
2023-07-24,04:10:00,HOLD,MIDCPNIFTY23JUL8400PE,25.95,-2568.0,0,NONE,Monitoring
2023-07-24,04:15:00,HOLD,MIDCPNIFTY23JUL8400PE,25.95,-2568.0,0,NONE,Monitoring
2023-07-24,04:20:00,HOLD,MIDCPNIFTY23JUL8400PE,25.95,-2568.0,0,NONE,Monitoring
2023-07-24,04:25:00,HOLD,MIDCPNIFTY23JUL8400PE,25.95,-2568.0,0,NONE,Monitoring
2023-07-24,04:30:00,HOLD,MIDCPNIFTY23JUL8400PE,25.95,-2568.0,0,NONE,Monitoring
2023-07-24,04:35:00,HOLD,MIDCPNIFTY23JUL8400PE,25.95,-2568.0,0,NONE,Monitoring
2023-07-24,04:40:00,HOLD,MIDCPNIFTY23JUL8400PE,25.95,-2568.0,0,NONE,Monitoring
2023-07-24,04:45:00,HOLD,MIDCPNIFTY23JUL8400PE,25.95,-2568.0,0,NONE,Monitoring
2023-07-24,04:50:00,HOLD,MIDCPNIFTY23JUL8400PE,25.95,-2568.0,0,NONE,Monitoring
2023-07-24,04:50:00,EXIT,MIDCPNIFTY23JUL8400PE,25.95,-2568.0,0,NONE,EMA_REVERSAL
