Date,Time,Event,Ticker,Price,PnL_INR,SL_Price,SL_Mode,Info
2024-10-15,09:25:00,ENTRY,MIDCPNIFTY24OCT13200CE,162.0,0.0,0,NONE,Signal CE
2024-10-15,09:30:00,HOLD,MIDCPNIFTY24OCT13200CE,160.0,-240.0,0,NONE,Monitoring
2024-10-15,09:35:00,HOLD,MIDCPNIFTY24OCT13200CE,168.0,720.0,0,NONE,Monitoring
2024-10-15,09:40:00,HOLD,MIDCPNIFTY24OCT13200CE,162.55,66.0,0,NONE,Monitoring
2024-10-15,09:45:00,HOLD,MIDCPNIFTY24OCT13200CE,150.8,-1344.0,0,NONE,Monitoring
2024-10-15,09:50:00,HOLD,MIDCPNIFTY24OCT13200CE,142.25,-2370.0,0,NONE,Monitoring
2024-10-15,09:55:00,HOLD,MIDCPNIFTY24OCT13200CE,144.15,-2142.0,0,NONE,Monitoring
2024-10-16,03:45:00,HOLD,MIDCPNIFTY24OCT13200CE,141.1,-2508.0,0,NONE,Monitoring
2024-10-16,03:50:00,HOLD,MIDCPNIFTY24OCT13200CE,141.1,-2508.0,0,NONE,Monitoring
2024-10-16,03:55:00,HOLD,MIDCPNIFTY24OCT13200CE,141.1,-2508.0,0,NONE,Monitoring
2024-10-16,04:00:00,HOLD,MIDCPNIFTY24OCT13200CE,141.1,-2508.0,0,NONE,Monitoring
2024-10-16,04:05:00,HOLD,MIDCPNIFTY24OCT13200CE,141.1,-2508.0,0,NONE,Monitoring
2024-10-16,04:10:00,HOLD,MIDCPNIFTY24OCT13200CE,141.1,-2508.0,0,NONE,Monitoring
2024-10-16,04:15:00,HOLD,MIDCPNIFTY24OCT13200CE,141.1,-2508.0,0,NONE,Monitoring
2024-10-16,04:20:00,HOLD,MIDCPNIFTY24OCT13200CE,141.1,-2508.0,0,NONE,Monitoring
2024-10-16,04:25:00,HOLD,MIDCPNIFTY24OCT13200CE,141.1,-2508.0,0,NONE,Monitoring
2024-10-16,04:30:00,HOLD,MIDCPNIFTY24OCT13200CE,141.1,-2508.0,0,NONE,Monitoring
2024-10-16,04:35:00,HOLD,MIDCPNIFTY24OCT13200CE,141.1,-2508.0,0,NONE,Monitoring
2024-10-16,04:40:00,HOLD,MIDCPNIFTY24OCT13200CE,141.1,-2508.0,0,NONE,Monitoring
2024-10-16,04:45:00,HOLD,MIDCPNIFTY24OCT13200CE,141.1,-2508.0,0,NONE,Monitoring
2024-10-16,04:50:00,HOLD,MIDCPNIFTY24OCT13200CE,141.1,-2508.0,0,NONE,Monitoring
2024-10-16,04:55:00,HOLD,MIDCPNIFTY24OCT13200CE,141.1,-2508.0,0,NONE,Monitoring
2024-10-16,05:00:00,HOLD,MIDCPNIFTY24OCT13200CE,141.1,-2508.0,0,NONE,Monitoring
2024-10-16,05:05:00,HOLD,MIDCPNIFTY24OCT13200CE,141.1,-2508.0,0,NONE,Monitoring
2024-10-16,05:10:00,HOLD,MIDCPNIFTY24OCT13200CE,141.1,-2508.0,0,NONE,Monitoring
2024-10-16,05:15:00,HOLD,MIDCPNIFTY24OCT13200CE,141.1,-2508.0,0,NONE,Monitoring
2024-10-16,05:20:00,HOLD,MIDCPNIFTY24OCT13200CE,141.1,-2508.0,0,NONE,Monitoring
2024-10-16,05:25:00,HOLD,MIDCPNIFTY24OCT13200CE,141.1,-2508.0,0,NONE,Monitoring
2024-10-16,05:30:00,HOLD,MIDCPNIFTY24OCT13200CE,141.1,-2508.0,0,NONE,Monitoring
2024-10-16,05:35:00,HOLD,MIDCPNIFTY24OCT13200CE,141.1,-2508.0,0,NONE,Monitoring
2024-10-16,05:40:00,HOLD,MIDCPNIFTY24OCT13200CE,141.1,-2508.0,0,NONE,Monitoring
2024-10-16,05:40:00,EXIT,MIDCPNIFTY24OCT13200CE,141.1,-2508.0,0,NONE,EMA_REVERSAL
