Date,Time,Event,Ticker,Price,PnL_INR,SL_Price,SL_Mode,Info
2023-08-25,09:45:00,ENTRY,MIDCPNIFTY23AUG8700PE,11.5,0.0,0,NONE,Signal PE
2023-08-25,09:50:00,HOLD,MIDCPNIFTY23AUG8700PE,9.7,-216.0,0,NONE,Monitoring
2023-08-25,09:55:00,HOLD,MIDCPNIFTY23AUG8700PE,9.5,-240.0,0,NONE,Monitoring
2023-08-28,03:45:00,HOLD,MIDCPNIFTY23AUG8700PE,27.3,1896.0,0,NONE,Monitoring
2023-08-28,03:50:00,HOLD,MIDCPNIFTY23AUG8700PE,27.3,1896.0,0,NONE,Monitoring
2023-08-28,03:50:00,EXIT,MIDCPNIFTY23AUG8700PE,27.3,1896.0,0,NONE,EMA_REVERSAL
