Date,Time,Event,Ticker,Price,PnL_INR,SL_Price,SL_Mode,Info
2024-05-10,09:30:00,ENTRY,MIDCPNIFTY24MAY10800CE,191.35,0.0,0.0,NONE,Signal CE
2024-05-10,09:35:00,HOLD,MIDCPNIFTY24MAY10800CE,150.0,-4962.0,0.0,NONE,Monitoring
2024-05-10,09:40:00,HOLD,MIDCPNIFTY24MAY10800CE,155.0,-4362.0,0.0,NONE,Monitoring
2024-05-10,09:45:00,HOLD,MIDCPNIFTY24MAY10800CE,175.0,-1962.0,0.0,NONE,Monitoring
2024-05-10,09:50:00,HOLD,MIDCPNIFTY24MAY10800CE,172.6,-2250.0,0.0,NONE,Monitoring
2024-05-10,09:55:00,HOLD,MIDCPNIFTY24MAY10800CE,172.6,-2250.0,0.0,NONE,Monitoring
2024-05-13,03:45:00,HOLD,MIDCPNIFTY24MAY10800CE,226.8,4254.0,0.0,NONE,Monitoring
2024-05-13,03:45:00,TSL_UPDATE,MIDCPNIFTY24MAY10800CE,226.8,4254.0,191.35,COST,Moved to Cost
2024-05-13,03:45:00,TSL_UPDATE,MIDCPNIFTY24MAY10800CE,226.8,4254.0,199.68,TRAILING,Stepped Up
2024-05-13,03:50:00,HOLD,MIDCPNIFTY24MAY10800CE,226.8,4254.0,199.68,TRAILING,Monitoring
2024-05-13,03:55:00,HOLD,MIDCPNIFTY24MAY10800CE,226.8,4254.0,199.68,TRAILING,Monitoring
2024-05-13,04:00:00,HOLD,MIDCPNIFTY24MAY10800CE,226.8,4254.0,199.68,TRAILING,Monitoring
2024-05-13,04:05:00,HOLD,MIDCPNIFTY24MAY10800CE,226.8,4254.0,199.68,TRAILING,Monitoring
2024-05-13,04:05:00,EXIT,MIDCPNIFTY24MAY10800CE,226.8,4254.0,199.68,TRAILING,EMA_REVERSAL
