Date,Time,Event,Ticker,Price,PnL_INR,SL_Price,SL_Mode,Info
2025-07-16,09:30:00,ENTRY,MIDCPNIFTY25JUL13300PE,142.3,0.0,0.0,NONE,Signal PE
2025-07-16,09:35:00,HOLD,MIDCPNIFTY25JUL13300PE,143.25,114.0,0.0,NONE,Monitoring
2025-07-16,09:40:00,HOLD,MIDCPNIFTY25JUL13300PE,156.0,1644.0,0.0,NONE,Monitoring
2025-07-16,09:45:00,HOLD,MIDCPNIFTY25JUL13300PE,155.75,1614.0,0.0,NONE,Monitoring
2025-07-16,09:50:00,HOLD,MIDCPNIFTY25JUL13300PE,148.0,684.0,0.0,NONE,Monitoring
2025-07-16,09:55:00,HOLD,MIDCPNIFTY25JUL13300PE,149.5,864.0,0.0,NONE,Monitoring
2025-07-17,09:15:00,HOLD,MIDCPNIFTY25JUL13300PE,148.0,684.0,0.0,NONE,Monitoring
2025-07-17,09:20:00,HOLD,MIDCPNIFTY25JUL13300PE,153.25,1314.0,0.0,NONE,Monitoring
2025-07-17,09:25:00,HOLD,MIDCPNIFTY25JUL13300PE,146.1,456.0,0.0,NONE,Monitoring
2025-07-17,09:30:00,HOLD,MIDCPNIFTY25JUL13300PE,162.85,2466.0,0.0,NONE,Monitoring
2025-07-17,09:35:00,HOLD,MIDCPNIFTY25JUL13300PE,164.6,2676.0,0.0,NONE,Monitoring
2025-07-17,09:40:00,HOLD,MIDCPNIFTY25JUL13300PE,175.25,3954.0,0.0,NONE,Monitoring
2025-07-17,09:40:00,TSL_UPDATE,MIDCPNIFTY25JUL13300PE,175.25,3954.0,142.3,COST,Moved to Cost
2025-07-17,09:40:00,TSL_UPDATE,MIDCPNIFTY25JUL13300PE,175.25,3954.0,146.47,TRAILING,Stepped Up
2025-07-17,09:45:00,HOLD,MIDCPNIFTY25JUL13300PE,174.7,3888.0,146.47,TRAILING,Monitoring
2025-07-17,09:50:00,HOLD,MIDCPNIFTY25JUL13300PE,165.5,2784.0,146.47,TRAILING,Monitoring
2025-07-17,09:55:00,HOLD,MIDCPNIFTY25JUL13300PE,166.05,2850.0,146.47,TRAILING,Monitoring
2025-07-18,09:15:00,HOLD,MIDCPNIFTY25JUL13300PE,168.0,3084.0,146.47,TRAILING,Monitoring
2025-07-18,09:20:00,HOLD,MIDCPNIFTY25JUL13300PE,168.0,3084.0,146.47,TRAILING,Monitoring
2025-07-18,09:25:00,HOLD,MIDCPNIFTY25JUL13300PE,177.05,4170.0,146.47,TRAILING,Monitoring
2025-07-18,09:25:00,TSL_UPDATE,MIDCPNIFTY25JUL13300PE,177.05,4170.0,150.63,TRAILING,Stepped Up
2025-07-18,09:30:00,HOLD,MIDCPNIFTY25JUL13300PE,168.35,3126.0,150.63,TRAILING,Monitoring
2025-07-18,09:35:00,HOLD,MIDCPNIFTY25JUL13300PE,171.1,3456.0,150.63,TRAILING,Monitoring
2025-07-18,09:40:00,HOLD,MIDCPNIFTY25JUL13300PE,183.8,4980.0,150.63,TRAILING,Monitoring
2025-07-18,09:40:00,TSL_UPDATE,MIDCPNIFTY25JUL13300PE,183.8,4980.0,154.8,TRAILING,Stepped Up
2025-07-18,09:45:00,HOLD,MIDCPNIFTY25JUL13300PE,190.5,5784.0,154.8,TRAILING,Monitoring
2025-07-18,09:45:00,TSL_UPDATE,MIDCPNIFTY25JUL13300PE,190.5,5784.0,163.13,TRAILING,Stepped Up
2025-07-18,09:50:00,HOLD,MIDCPNIFTY25JUL13300PE,188.75,5574.0,163.13,TRAILING,Monitoring
2025-07-18,09:55:00,HOLD,MIDCPNIFTY25JUL13300PE,187.75,5454.0,163.13,TRAILING,Monitoring
2025-07-21,09:15:00,HOLD,MIDCPNIFTY25JUL13300PE,224.7,9888.0,163.13,TRAILING,Monitoring
2025-07-21,09:15:00,TSL_UPDATE,MIDCPNIFTY25JUL13300PE,224.7,9888.0,196.47,TRAILING,Stepped Up
2025-07-21,09:20:00,HOLD,MIDCPNIFTY25JUL13300PE,225.0,9924.0,196.47,TRAILING,Monitoring
2025-07-21,09:25:00,HOLD,MIDCPNIFTY25JUL13300PE,219.2,9228.0,196.47,TRAILING,Monitoring
2025-07-21,09:30:00,HOLD,MIDCPNIFTY25JUL13300PE,229.0,10404.0,196.47,TRAILING,Monitoring
2025-07-21,09:30:00,TSL_UPDATE,MIDCPNIFTY25JUL13300PE,229.0,10404.0,200.63,TRAILING,Stepped Up
2025-07-21,09:35:00,HOLD,MIDCPNIFTY25JUL13300PE,213.0,8484.0,200.63,TRAILING,Monitoring
2025-07-21,09:35:00,EXIT,MIDCPNIFTY25JUL13300PE,213.0,8484.0,200.63,TRAILING,EMA_REVERSAL
