Date,Time,Event,Ticker,Price,PnL_INR,SL_Price,SL_Mode,Info
2025-04-28,09:30:00,ENTRY,MIDCPNIFTY25MAY12000CE,386.7,0.0,0.0,NONE,Signal CE
2025-04-28,09:35:00,HOLD,MIDCPNIFTY25MAY12000CE,385.0,-204.0,0.0,NONE,Monitoring
2025-04-28,09:40:00,HOLD,MIDCPNIFTY25MAY12000CE,364.95,-2610.0,0.0,NONE,Monitoring
2025-04-28,09:45:00,HOLD,MIDCPNIFTY25MAY12000CE,378.85,-942.0,0.0,NONE,Monitoring
2025-04-28,09:50:00,HOLD,MIDCPNIFTY25MAY12000CE,377.95,-1050.0,0.0,NONE,Monitoring
2025-04-28,09:55:00,HOLD,MIDCPNIFTY25MAY12000CE,382.4,-516.0,0.0,NONE,Monitoring
2025-04-29,03:45:00,HOLD,MIDCPNIFTY25MAY12000CE,486.65,11994.0,0.0,NONE,Monitoring
2025-04-29,03:45:00,TSL_UPDATE,MIDCPNIFTY25MAY12000CE,486.65,11994.0,386.7,COST,Moved to Cost
2025-04-29,03:45:00,TSL_UPDATE,MIDCPNIFTY25MAY12000CE,486.65,11994.0,457.53,TRAILING,Stepped Up
2025-04-29,03:50:00,HOLD,MIDCPNIFTY25MAY12000CE,486.65,11994.0,457.53,TRAILING,Monitoring
2025-04-29,03:55:00,HOLD,MIDCPNIFTY25MAY12000CE,486.65,11994.0,457.53,TRAILING,Monitoring
2025-04-29,04:00:00,HOLD,MIDCPNIFTY25MAY12000CE,486.65,11994.0,457.53,TRAILING,Monitoring
2025-04-29,04:05:00,HOLD,MIDCPNIFTY25MAY12000CE,486.65,11994.0,457.53,TRAILING,Monitoring
2025-04-29,04:10:00,HOLD,MIDCPNIFTY25MAY12000CE,486.65,11994.0,457.53,TRAILING,Monitoring
2025-04-29,04:15:00,HOLD,MIDCPNIFTY25MAY12000CE,486.65,11994.0,457.53,TRAILING,Monitoring
2025-04-29,04:20:00,HOLD,MIDCPNIFTY25MAY12000CE,486.65,11994.0,457.53,TRAILING,Monitoring
2025-04-29,04:25:00,HOLD,MIDCPNIFTY25MAY12000CE,486.65,11994.0,457.53,TRAILING,Monitoring
2025-04-29,04:30:00,HOLD,MIDCPNIFTY25MAY12000CE,486.65,11994.0,457.53,TRAILING,Monitoring
2025-04-29,04:35:00,HOLD,MIDCPNIFTY25MAY12000CE,486.65,11994.0,457.53,TRAILING,Monitoring
2025-04-29,04:40:00,HOLD,MIDCPNIFTY25MAY12000CE,486.65,11994.0,457.53,TRAILING,Monitoring
2025-04-29,04:45:00,HOLD,MIDCPNIFTY25MAY12000CE,486.65,11994.0,457.53,TRAILING,Monitoring
2025-04-29,04:50:00,HOLD,MIDCPNIFTY25MAY12000CE,486.65,11994.0,457.53,TRAILING,Monitoring
2025-04-29,04:55:00,HOLD,MIDCPNIFTY25MAY12000CE,486.65,11994.0,457.53,TRAILING,Monitoring
2025-04-29,05:00:00,HOLD,MIDCPNIFTY25MAY12000CE,486.65,11994.0,457.53,TRAILING,Monitoring
2025-04-29,05:00:00,EXIT,MIDCPNIFTY25MAY12000CE,486.65,11994.0,457.53,TRAILING,EMA_REVERSAL
