Date,Time,Event,Ticker,Price,PnL_INR,SL_Price,SL_Mode,Info
2024-11-27,09:20:00,ENTRY,MIDCPNIFTY24DEC12700CE,213.6,0.0,0.0,NONE,Signal CE
2024-11-27,09:25:00,HOLD,MIDCPNIFTY24DEC12700CE,210.0,-432.0,0.0,NONE,Monitoring
2024-11-27,09:30:00,HOLD,MIDCPNIFTY24DEC12700CE,214.0,48.0,0.0,NONE,Monitoring
2024-11-27,09:35:00,HOLD,MIDCPNIFTY24DEC12700CE,208.7,-588.0,0.0,NONE,Monitoring
2024-11-27,09:40:00,HOLD,MIDCPNIFTY24DEC12700CE,209.05,-546.0,0.0,NONE,Monitoring
2024-11-27,09:45:00,HOLD,MIDCPNIFTY24DEC12700CE,225.35,1410.0,0.0,NONE,Monitoring
2024-11-27,09:50:00,HOLD,MIDCPNIFTY24DEC12700CE,232.95,2322.0,0.0,NONE,Monitoring
2024-11-27,09:55:00,HOLD,MIDCPNIFTY24DEC12700CE,229.8,1944.0,0.0,NONE,Monitoring
2024-11-28,03:45:00,HOLD,MIDCPNIFTY24DEC12700CE,250.0,4368.0,0.0,NONE,Monitoring
2024-11-28,03:45:00,TSL_UPDATE,MIDCPNIFTY24DEC12700CE,250.0,4368.0,213.6,COST,Moved to Cost
2024-11-28,03:45:00,TSL_UPDATE,MIDCPNIFTY24DEC12700CE,250.0,4368.0,221.93,TRAILING,Stepped Up
2024-11-28,03:50:00,HOLD,MIDCPNIFTY24DEC12700CE,250.0,4368.0,221.93,TRAILING,Monitoring
2024-11-28,03:55:00,HOLD,MIDCPNIFTY24DEC12700CE,250.0,4368.0,221.93,TRAILING,Monitoring
2024-11-28,04:00:00,HOLD,MIDCPNIFTY24DEC12700CE,250.0,4368.0,221.93,TRAILING,Monitoring
2024-11-28,04:05:00,HOLD,MIDCPNIFTY24DEC12700CE,250.0,4368.0,221.93,TRAILING,Monitoring
2024-11-28,04:10:00,HOLD,MIDCPNIFTY24DEC12700CE,250.0,4368.0,221.93,TRAILING,Monitoring
2024-11-28,04:15:00,HOLD,MIDCPNIFTY24DEC12700CE,250.0,4368.0,221.93,TRAILING,Monitoring
2024-11-28,04:20:00,HOLD,MIDCPNIFTY24DEC12700CE,250.0,4368.0,221.93,TRAILING,Monitoring
2024-11-28,04:25:00,HOLD,MIDCPNIFTY24DEC12700CE,250.0,4368.0,221.93,TRAILING,Monitoring
2024-11-28,04:30:00,HOLD,MIDCPNIFTY24DEC12700CE,250.0,4368.0,221.93,TRAILING,Monitoring
2024-11-28,04:35:00,HOLD,MIDCPNIFTY24DEC12700CE,250.0,4368.0,221.93,TRAILING,Monitoring
2024-11-28,04:40:00,HOLD,MIDCPNIFTY24DEC12700CE,250.0,4368.0,221.93,TRAILING,Monitoring
2024-11-28,04:45:00,HOLD,MIDCPNIFTY24DEC12700CE,250.0,4368.0,221.93,TRAILING,Monitoring
2024-11-28,04:50:00,HOLD,MIDCPNIFTY24DEC12700CE,250.0,4368.0,221.93,TRAILING,Monitoring
2024-11-28,04:55:00,HOLD,MIDCPNIFTY24DEC12700CE,250.0,4368.0,221.93,TRAILING,Monitoring
2024-11-28,05:00:00,HOLD,MIDCPNIFTY24DEC12700CE,250.0,4368.0,221.93,TRAILING,Monitoring
2024-11-28,05:05:00,HOLD,MIDCPNIFTY24DEC12700CE,250.0,4368.0,221.93,TRAILING,Monitoring
2024-11-28,05:10:00,HOLD,MIDCPNIFTY24DEC12700CE,250.0,4368.0,221.93,TRAILING,Monitoring
2024-11-28,05:15:00,HOLD,MIDCPNIFTY24DEC12700CE,250.0,4368.0,221.93,TRAILING,Monitoring
2024-11-28,05:15:00,EXIT,MIDCPNIFTY24DEC12700CE,250.0,4368.0,221.93,TRAILING,EMA_REVERSAL
