Date,Time,Event,Ticker,Price,PnL_INR,SL_Price,SL_Mode,Info
2025-10-28,09:35:00,ENTRY,MIDCPNIFTY25NOV13400CE,262.0,0.0,0.0,NONE,Signal CE
2025-10-28,09:40:00,HOLD,MIDCPNIFTY25NOV13400CE,262.15,18.0,0.0,NONE,Monitoring
2025-10-28,09:45:00,HOLD,MIDCPNIFTY25NOV13400CE,251.15,-1302.0,0.0,NONE,Monitoring
2025-10-28,09:50:00,HOLD,MIDCPNIFTY25NOV13400CE,245.0,-2040.0,0.0,NONE,Monitoring
2025-10-28,09:55:00,HOLD,MIDCPNIFTY25NOV13400CE,250.0,-1440.0,0.0,NONE,Monitoring
2025-10-29,03:45:00,HOLD,MIDCPNIFTY25NOV13400CE,282.35,2442.0,0.0,NONE,Monitoring
2025-10-29,03:50:00,HOLD,MIDCPNIFTY25NOV13400CE,282.35,2442.0,0.0,NONE,Monitoring
2025-10-29,03:55:00,HOLD,MIDCPNIFTY25NOV13400CE,282.35,2442.0,0.0,NONE,Monitoring
2025-10-29,04:00:00,HOLD,MIDCPNIFTY25NOV13400CE,282.35,2442.0,0.0,NONE,Monitoring
2025-10-29,04:05:00,HOLD,MIDCPNIFTY25NOV13400CE,282.35,2442.0,0.0,NONE,Monitoring
2025-10-29,04:10:00,HOLD,MIDCPNIFTY25NOV13400CE,282.35,2442.0,0.0,NONE,Monitoring
2025-10-29,04:15:00,HOLD,MIDCPNIFTY25NOV13400CE,282.35,2442.0,0.0,NONE,Monitoring
2025-10-29,04:20:00,HOLD,MIDCPNIFTY25NOV13400CE,282.35,2442.0,0.0,NONE,Monitoring
2025-10-29,04:25:00,HOLD,MIDCPNIFTY25NOV13400CE,282.35,2442.0,0.0,NONE,Monitoring
2025-10-29,04:30:00,HOLD,MIDCPNIFTY25NOV13400CE,282.35,2442.0,0.0,NONE,Monitoring
2025-10-29,04:35:00,HOLD,MIDCPNIFTY25NOV13400CE,282.35,2442.0,0.0,NONE,Monitoring
2025-10-29,04:40:00,HOLD,MIDCPNIFTY25NOV13400CE,282.35,2442.0,0.0,NONE,Monitoring
2025-10-29,04:45:00,HOLD,MIDCPNIFTY25NOV13400CE,282.35,2442.0,0.0,NONE,Monitoring
2025-10-29,04:50:00,HOLD,MIDCPNIFTY25NOV13400CE,282.35,2442.0,0.0,NONE,Monitoring
2025-10-29,04:55:00,HOLD,MIDCPNIFTY25NOV13400CE,282.35,2442.0,0.0,NONE,Monitoring
2025-10-29,05:00:00,HOLD,MIDCPNIFTY25NOV13400CE,282.35,2442.0,0.0,NONE,Monitoring
2025-10-29,05:05:00,HOLD,MIDCPNIFTY25NOV13400CE,282.35,2442.0,0.0,NONE,Monitoring
2025-10-29,05:10:00,HOLD,MIDCPNIFTY25NOV13400CE,282.35,2442.0,0.0,NONE,Monitoring
2025-10-29,05:15:00,HOLD,MIDCPNIFTY25NOV13400CE,282.35,2442.0,0.0,NONE,Monitoring
2025-10-29,05:20:00,HOLD,MIDCPNIFTY25NOV13400CE,282.35,2442.0,0.0,NONE,Monitoring
2025-10-29,05:25:00,HOLD,MIDCPNIFTY25NOV13400CE,282.35,2442.0,0.0,NONE,Monitoring
2025-10-29,05:30:00,HOLD,MIDCPNIFTY25NOV13400CE,282.35,2442.0,0.0,NONE,Monitoring
2025-10-29,05:35:00,HOLD,MIDCPNIFTY25NOV13400CE,282.35,2442.0,0.0,NONE,Monitoring
2025-10-29,05:40:00,HOLD,MIDCPNIFTY25NOV13400CE,282.35,2442.0,0.0,NONE,Monitoring
2025-10-29,05:45:00,HOLD,MIDCPNIFTY25NOV13400CE,282.35,2442.0,0.0,NONE,Monitoring
2025-10-29,05:50:00,HOLD,MIDCPNIFTY25NOV13400CE,282.35,2442.0,0.0,NONE,Monitoring
2025-10-29,05:55:00,HOLD,MIDCPNIFTY25NOV13400CE,282.35,2442.0,0.0,NONE,Monitoring
2025-10-29,06:00:00,HOLD,MIDCPNIFTY25NOV13400CE,282.35,2442.0,0.0,NONE,Monitoring
2025-10-29,06:05:00,HOLD,MIDCPNIFTY25NOV13400CE,282.35,2442.0,0.0,NONE,Monitoring
2025-10-29,06:10:00,HOLD,MIDCPNIFTY25NOV13400CE,282.35,2442.0,0.0,NONE,Monitoring
2025-10-29,06:15:00,HOLD,MIDCPNIFTY25NOV13400CE,282.35,2442.0,0.0,NONE,Monitoring
2025-10-29,06:20:00,HOLD,MIDCPNIFTY25NOV13400CE,282.35,2442.0,0.0,NONE,Monitoring
2025-10-29,06:25:00,HOLD,MIDCPNIFTY25NOV13400CE,282.35,2442.0,0.0,NONE,Monitoring
2025-10-29,06:30:00,HOLD,MIDCPNIFTY25NOV13400CE,282.35,2442.0,0.0,NONE,Monitoring
2025-10-29,06:35:00,HOLD,MIDCPNIFTY25NOV13400CE,282.35,2442.0,0.0,NONE,Monitoring
2025-10-29,06:40:00,HOLD,MIDCPNIFTY25NOV13400CE,282.35,2442.0,0.0,NONE,Monitoring
2025-10-29,06:45:00,HOLD,MIDCPNIFTY25NOV13400CE,282.35,2442.0,0.0,NONE,Monitoring
2025-10-29,06:50:00,HOLD,MIDCPNIFTY25NOV13400CE,282.35,2442.0,0.0,NONE,Monitoring
2025-10-29,06:55:00,HOLD,MIDCPNIFTY25NOV13400CE,282.35,2442.0,0.0,NONE,Monitoring
2025-10-29,07:00:00,HOLD,MIDCPNIFTY25NOV13400CE,282.35,2442.0,0.0,NONE,Monitoring
2025-10-29,07:05:00,HOLD,MIDCPNIFTY25NOV13400CE,282.35,2442.0,0.0,NONE,Monitoring
2025-10-29,07:10:00,HOLD,MIDCPNIFTY25NOV13400CE,282.35,2442.0,0.0,NONE,Monitoring
2025-10-29,07:15:00,HOLD,MIDCPNIFTY25NOV13400CE,282.35,2442.0,0.0,NONE,Monitoring
2025-10-29,07:20:00,HOLD,MIDCPNIFTY25NOV13400CE,282.35,2442.0,0.0,NONE,Monitoring
2025-10-29,07:25:00,HOLD,MIDCPNIFTY25NOV13400CE,282.35,2442.0,0.0,NONE,Monitoring
2025-10-29,07:30:00,HOLD,MIDCPNIFTY25NOV13400CE,282.35,2442.0,0.0,NONE,Monitoring
2025-10-29,07:35:00,HOLD,MIDCPNIFTY25NOV13400CE,282.35,2442.0,0.0,NONE,Monitoring
2025-10-29,07:40:00,HOLD,MIDCPNIFTY25NOV13400CE,282.35,2442.0,0.0,NONE,Monitoring
2025-10-29,07:45:00,HOLD,MIDCPNIFTY25NOV13400CE,282.35,2442.0,0.0,NONE,Monitoring
2025-10-29,07:50:00,HOLD,MIDCPNIFTY25NOV13400CE,282.35,2442.0,0.0,NONE,Monitoring
2025-10-29,07:55:00,HOLD,MIDCPNIFTY25NOV13400CE,282.35,2442.0,0.0,NONE,Monitoring
2025-10-29,08:00:00,HOLD,MIDCPNIFTY25NOV13400CE,282.35,2442.0,0.0,NONE,Monitoring
2025-10-29,08:05:00,HOLD,MIDCPNIFTY25NOV13400CE,282.35,2442.0,0.0,NONE,Monitoring
2025-10-29,08:10:00,HOLD,MIDCPNIFTY25NOV13400CE,282.35,2442.0,0.0,NONE,Monitoring
2025-10-29,08:15:00,HOLD,MIDCPNIFTY25NOV13400CE,282.35,2442.0,0.0,NONE,Monitoring
2025-10-29,08:20:00,HOLD,MIDCPNIFTY25NOV13400CE,282.35,2442.0,0.0,NONE,Monitoring
2025-10-29,08:25:00,HOLD,MIDCPNIFTY25NOV13400CE,282.35,2442.0,0.0,NONE,Monitoring
2025-10-29,08:30:00,HOLD,MIDCPNIFTY25NOV13400CE,282.35,2442.0,0.0,NONE,Monitoring
2025-10-29,08:35:00,HOLD,MIDCPNIFTY25NOV13400CE,282.35,2442.0,0.0,NONE,Monitoring
2025-10-29,08:40:00,HOLD,MIDCPNIFTY25NOV13400CE,282.35,2442.0,0.0,NONE,Monitoring
2025-10-29,08:45:00,HOLD,MIDCPNIFTY25NOV13400CE,282.35,2442.0,0.0,NONE,Monitoring
2025-10-29,08:50:00,HOLD,MIDCPNIFTY25NOV13400CE,282.35,2442.0,0.0,NONE,Monitoring
2025-10-29,08:55:00,HOLD,MIDCPNIFTY25NOV13400CE,282.35,2442.0,0.0,NONE,Monitoring
2025-10-29,09:00:00,HOLD,MIDCPNIFTY25NOV13400CE,282.35,2442.0,0.0,NONE,Monitoring
2025-10-29,09:05:00,HOLD,MIDCPNIFTY25NOV13400CE,282.35,2442.0,0.0,NONE,Monitoring
2025-10-29,09:10:00,HOLD,MIDCPNIFTY25NOV13400CE,282.35,2442.0,0.0,NONE,Monitoring
2025-10-29,09:15:00,HOLD,MIDCPNIFTY25NOV13400CE,253.0,-1080.0,0.0,NONE,Monitoring
2025-10-29,09:20:00,HOLD,MIDCPNIFTY25NOV13400CE,257.2,-576.0,0.0,NONE,Monitoring
2025-10-29,09:25:00,HOLD,MIDCPNIFTY25NOV13400CE,269.1,852.0,0.0,NONE,Monitoring
2025-10-29,09:30:00,HOLD,MIDCPNIFTY25NOV13400CE,273.2,1344.0,0.0,NONE,Monitoring
2025-10-29,09:35:00,HOLD,MIDCPNIFTY25NOV13400CE,257.4,-552.0,0.0,NONE,Monitoring
2025-10-29,09:40:00,HOLD,MIDCPNIFTY25NOV13400CE,263.1,132.0,0.0,NONE,Monitoring
2025-10-29,09:45:00,HOLD,MIDCPNIFTY25NOV13400CE,253.95,-966.0,0.0,NONE,Monitoring
2025-10-29,09:50:00,HOLD,MIDCPNIFTY25NOV13400CE,259.1,-348.0,0.0,NONE,Monitoring
2025-10-29,09:55:00,HOLD,MIDCPNIFTY25NOV13400CE,260.0,-240.0,0.0,NONE,Monitoring
2025-10-30,03:45:00,HOLD,MIDCPNIFTY25NOV13400CE,308.0,5520.0,0.0,NONE,Monitoring
2025-10-30,03:45:00,TSL_UPDATE,MIDCPNIFTY25NOV13400CE,308.0,5520.0,262.0,COST,Moved to Cost
2025-10-30,03:45:00,TSL_UPDATE,MIDCPNIFTY25NOV13400CE,308.0,5520.0,282.83,TRAILING,Stepped Up
2025-10-30,03:50:00,HOLD,MIDCPNIFTY25NOV13400CE,308.0,5520.0,282.83,TRAILING,Monitoring
2025-10-30,03:55:00,HOLD,MIDCPNIFTY25NOV13400CE,308.0,5520.0,282.83,TRAILING,Monitoring
2025-10-30,04:00:00,HOLD,MIDCPNIFTY25NOV13400CE,308.0,5520.0,282.83,TRAILING,Monitoring
2025-10-30,04:05:00,HOLD,MIDCPNIFTY25NOV13400CE,308.0,5520.0,282.83,TRAILING,Monitoring
2025-10-30,04:10:00,HOLD,MIDCPNIFTY25NOV13400CE,308.0,5520.0,282.83,TRAILING,Monitoring
2025-10-30,04:15:00,HOLD,MIDCPNIFTY25NOV13400CE,308.0,5520.0,282.83,TRAILING,Monitoring
2025-10-30,04:20:00,HOLD,MIDCPNIFTY25NOV13400CE,308.0,5520.0,282.83,TRAILING,Monitoring
2025-10-30,04:25:00,HOLD,MIDCPNIFTY25NOV13400CE,308.0,5520.0,282.83,TRAILING,Monitoring
2025-10-30,04:25:00,EXIT,MIDCPNIFTY25NOV13400CE,308.0,5520.0,282.83,TRAILING,EMA_REVERSAL
