Date,Time,Event,Ticker,Price,PnL_INR,SL_Price,SL_Mode,Info
2024-07-09,09:30:00,ENTRY,MIDCPNIFTY24JUL12400CE,262.7,0.0,0,NONE,Signal CE
2024-07-09,09:35:00,HOLD,MIDCPNIFTY24JUL12400CE,262.7,0.0,0,NONE,Monitoring
2024-07-09,09:40:00,HOLD,MIDCPNIFTY24JUL12400CE,262.7,0.0,0,NONE,Monitoring
2024-07-09,09:45:00,HOLD,MIDCPNIFTY24JUL12400CE,262.7,0.0,0,NONE,Monitoring
2024-07-09,09:50:00,HOLD,MIDCPNIFTY24JUL12400CE,262.7,0.0,0,NONE,Monitoring
2024-07-09,09:55:00,HOLD,MIDCPNIFTY24JUL12400CE,262.7,0.0,0,NONE,Monitoring
2024-07-10,03:45:00,HOLD,MIDCPNIFTY24JUL12400CE,270.0,876.0,0,NONE,Monitoring
2024-07-10,03:50:00,HOLD,MIDCPNIFTY24JUL12400CE,270.0,876.0,0,NONE,Monitoring
2024-07-10,03:55:00,HOLD,MIDCPNIFTY24JUL12400CE,270.0,876.0,0,NONE,Monitoring
2024-07-10,03:55:00,EXIT,MIDCPNIFTY24JUL12400CE,270.0,876.0,0,NONE,EMA_REVERSAL
