Date,Time,Event,Ticker,Price,PnL_INR,SL_Price,SL_Mode,Info
2023-10-16,09:30:00,ENTRY,MIDCPNIFTY23OCT9100PE,61.8,0.0,0.0,NONE,Signal PE
2023-10-16,09:35:00,HOLD,MIDCPNIFTY23OCT9100PE,61.8,0.0,0.0,NONE,Monitoring
2023-10-16,09:40:00,HOLD,MIDCPNIFTY23OCT9100PE,61.8,0.0,0.0,NONE,Monitoring
2023-10-16,09:45:00,HOLD,MIDCPNIFTY23OCT9100PE,61.8,0.0,0.0,NONE,Monitoring
2023-10-16,09:50:00,HOLD,MIDCPNIFTY23OCT9100PE,61.8,0.0,0.0,NONE,Monitoring
2023-10-16,09:55:00,HOLD,MIDCPNIFTY23OCT9100PE,61.8,0.0,0.0,NONE,Monitoring
2023-10-17,03:45:00,HOLD,MIDCPNIFTY23OCT9100PE,97.9,4332.0,0.0,NONE,Monitoring
2023-10-17,03:45:00,TSL_UPDATE,MIDCPNIFTY23OCT9100PE,97.9,4332.0,61.8,COST,Moved to Cost
2023-10-17,03:45:00,TSL_UPDATE,MIDCPNIFTY23OCT9100PE,97.9,4332.0,70.13,TRAILING,Stepped Up
2023-10-17,03:50:00,HOLD,MIDCPNIFTY23OCT9100PE,97.9,4332.0,70.13,TRAILING,Monitoring
2023-10-17,03:50:00,EXIT,MIDCPNIFTY23OCT9100PE,97.9,4332.0,70.13,TRAILING,EMA_REVERSAL
