Date,Time,Event,Ticker,Price,PnL_INR,SL_Price,SL_Mode,Info
2025-03-07,09:50:00,ENTRY,MIDCPNIFTY25MAR11100PE,232.55,0.0,0,NONE,Signal PE
2025-03-07,09:55:00,HOLD,MIDCPNIFTY25MAR11100PE,230.7,-222.0,0,NONE,Monitoring
2025-03-10,03:45:00,HOLD,MIDCPNIFTY25MAR11100PE,248.3,1890.0,0,NONE,Monitoring
2025-03-10,03:50:00,HOLD,MIDCPNIFTY25MAR11100PE,248.3,1890.0,0,NONE,Monitoring
2025-03-10,03:55:00,HOLD,MIDCPNIFTY25MAR11100PE,248.3,1890.0,0,NONE,Monitoring
2025-03-10,04:00:00,HOLD,MIDCPNIFTY25MAR11100PE,248.3,1890.0,0,NONE,Monitoring
2025-03-10,04:05:00,HOLD,MIDCPNIFTY25MAR11100PE,248.3,1890.0,0,NONE,Monitoring
2025-03-10,04:10:00,HOLD,MIDCPNIFTY25MAR11100PE,248.3,1890.0,0,NONE,Monitoring
2025-03-10,04:15:00,HOLD,MIDCPNIFTY25MAR11100PE,248.3,1890.0,0,NONE,Monitoring
2025-03-10,04:15:00,EXIT,MIDCPNIFTY25MAR11100PE,248.3,1890.0,0,NONE,EMA_REVERSAL
