Date,Time,Event,Ticker,Price,PnL_INR,SL_Price,SL_Mode,Info
2025-08-05,09:40:00,ENTRY,MIDCPNIFTY25AUG12900CE,197.35,0.0,0,NONE,Signal CE
2025-08-05,09:45:00,HOLD,MIDCPNIFTY25AUG12900CE,186.3,-1326.0,0,NONE,Monitoring
2025-08-05,09:50:00,HOLD,MIDCPNIFTY25AUG12900CE,184.05,-1596.0,0,NONE,Monitoring
2025-08-05,09:55:00,HOLD,MIDCPNIFTY25AUG12900CE,181.7,-1878.0,0,NONE,Monitoring
2025-08-06,03:45:00,HOLD,MIDCPNIFTY25AUG12900CE,177.0,-2442.0,0,NONE,Monitoring
2025-08-06,03:50:00,HOLD,MIDCPNIFTY25AUG12900CE,177.0,-2442.0,0,NONE,Monitoring
2025-08-06,03:50:00,EXIT,MIDCPNIFTY25AUG12900CE,177.0,-2442.0,0,NONE,EMA_REVERSAL
