Date,Time,Event,Ticker,Price,PnL_INR,SL_Price,SL_Mode,Info
2024-11-29,09:40:00,ENTRY,MIDCPNIFTY24DEC12500PE,185.35,0.0,0,NONE,Signal PE
2024-11-29,09:45:00,HOLD,MIDCPNIFTY24DEC12500PE,179.85,-660.0,0,NONE,Monitoring
2024-11-29,09:50:00,HOLD,MIDCPNIFTY24DEC12500PE,172.55,-1536.0,0,NONE,Monitoring
2024-11-29,09:55:00,HOLD,MIDCPNIFTY24DEC12500PE,175.0,-1242.0,0,NONE,Monitoring
2024-12-02,03:45:00,HOLD,MIDCPNIFTY24DEC12500PE,150.0,-4242.0,0,NONE,Monitoring
2024-12-02,03:50:00,HOLD,MIDCPNIFTY24DEC12500PE,150.0,-4242.0,0,NONE,Monitoring
2024-12-02,03:55:00,HOLD,MIDCPNIFTY24DEC12500PE,150.0,-4242.0,0,NONE,Monitoring
2024-12-02,04:00:00,HOLD,MIDCPNIFTY24DEC12500PE,150.0,-4242.0,0,NONE,Monitoring
2024-12-02,04:05:00,HOLD,MIDCPNIFTY24DEC12500PE,150.0,-4242.0,0,NONE,Monitoring
2024-12-02,04:05:00,EXIT,MIDCPNIFTY24DEC12500PE,150.0,-4242.0,0,NONE,EMA_REVERSAL
