Date,Time,Event,Ticker,Price,PnL_INR,SL_Price,SL_Mode,Info
2024-07-03,09:40:00,ENTRY,MIDCPNIFTY24JUL12300CE,235.0,0.0,0.0,NONE,Signal CE
2024-07-03,09:45:00,HOLD,MIDCPNIFTY24JUL12300CE,235.0,0.0,0.0,NONE,Monitoring
2024-07-03,09:50:00,HOLD,MIDCPNIFTY24JUL12300CE,235.0,0.0,0.0,NONE,Monitoring
2024-07-03,09:55:00,HOLD,MIDCPNIFTY24JUL12300CE,235.0,0.0,0.0,NONE,Monitoring
2024-07-04,03:45:00,HOLD,MIDCPNIFTY24JUL12300CE,260.0,3000.0,0.0,NONE,Monitoring
2024-07-04,03:45:00,TSL_UPDATE,MIDCPNIFTY24JUL12300CE,260.0,3000.0,235.0,COST,Moved to Cost
2024-07-04,03:50:00,HOLD,MIDCPNIFTY24JUL12300CE,260.0,3000.0,235.0,COST,Monitoring
2024-07-04,03:55:00,HOLD,MIDCPNIFTY24JUL12300CE,260.0,3000.0,235.0,COST,Monitoring
2024-07-04,04:00:00,HOLD,MIDCPNIFTY24JUL12300CE,260.0,3000.0,235.0,COST,Monitoring
2024-07-04,04:05:00,HOLD,MIDCPNIFTY24JUL12300CE,260.0,3000.0,235.0,COST,Monitoring
2024-07-04,04:10:00,HOLD,MIDCPNIFTY24JUL12300CE,260.0,3000.0,235.0,COST,Monitoring
2024-07-04,04:15:00,HOLD,MIDCPNIFTY24JUL12300CE,260.0,3000.0,235.0,COST,Monitoring
2024-07-04,04:20:00,HOLD,MIDCPNIFTY24JUL12300CE,260.0,3000.0,235.0,COST,Monitoring
2024-07-04,04:25:00,HOLD,MIDCPNIFTY24JUL12300CE,260.0,3000.0,235.0,COST,Monitoring
2024-07-04,04:30:00,HOLD,MIDCPNIFTY24JUL12300CE,260.0,3000.0,235.0,COST,Monitoring
2024-07-04,04:35:00,HOLD,MIDCPNIFTY24JUL12300CE,260.0,3000.0,235.0,COST,Monitoring
2024-07-04,04:40:00,HOLD,MIDCPNIFTY24JUL12300CE,260.0,3000.0,235.0,COST,Monitoring
2024-07-04,04:45:00,HOLD,MIDCPNIFTY24JUL12300CE,260.0,3000.0,235.0,COST,Monitoring
2024-07-04,04:50:00,HOLD,MIDCPNIFTY24JUL12300CE,260.0,3000.0,235.0,COST,Monitoring
2024-07-04,04:55:00,HOLD,MIDCPNIFTY24JUL12300CE,260.0,3000.0,235.0,COST,Monitoring
2024-07-04,05:00:00,HOLD,MIDCPNIFTY24JUL12300CE,260.0,3000.0,235.0,COST,Monitoring
2024-07-04,05:05:00,HOLD,MIDCPNIFTY24JUL12300CE,260.0,3000.0,235.0,COST,Monitoring
2024-07-04,05:10:00,HOLD,MIDCPNIFTY24JUL12300CE,260.0,3000.0,235.0,COST,Monitoring
2024-07-04,05:15:00,HOLD,MIDCPNIFTY24JUL12300CE,260.0,3000.0,235.0,COST,Monitoring
2024-07-04,05:20:00,HOLD,MIDCPNIFTY24JUL12300CE,260.0,3000.0,235.0,COST,Monitoring
2024-07-04,05:25:00,HOLD,MIDCPNIFTY24JUL12300CE,260.0,3000.0,235.0,COST,Monitoring
2024-07-04,05:30:00,HOLD,MIDCPNIFTY24JUL12300CE,260.0,3000.0,235.0,COST,Monitoring
2024-07-04,05:35:00,HOLD,MIDCPNIFTY24JUL12300CE,260.0,3000.0,235.0,COST,Monitoring
2024-07-04,05:40:00,HOLD,MIDCPNIFTY24JUL12300CE,260.0,3000.0,235.0,COST,Monitoring
2024-07-04,05:45:00,HOLD,MIDCPNIFTY24JUL12300CE,260.0,3000.0,235.0,COST,Monitoring
2024-07-04,05:50:00,HOLD,MIDCPNIFTY24JUL12300CE,260.0,3000.0,235.0,COST,Monitoring
2024-07-04,05:55:00,HOLD,MIDCPNIFTY24JUL12300CE,260.0,3000.0,235.0,COST,Monitoring
2024-07-04,06:00:00,HOLD,MIDCPNIFTY24JUL12300CE,260.0,3000.0,235.0,COST,Monitoring
2024-07-04,06:05:00,HOLD,MIDCPNIFTY24JUL12300CE,260.0,3000.0,235.0,COST,Monitoring
2024-07-04,06:10:00,HOLD,MIDCPNIFTY24JUL12300CE,260.0,3000.0,235.0,COST,Monitoring
2024-07-04,06:15:00,HOLD,MIDCPNIFTY24JUL12300CE,260.0,3000.0,235.0,COST,Monitoring
2024-07-04,06:20:00,HOLD,MIDCPNIFTY24JUL12300CE,260.0,3000.0,235.0,COST,Monitoring
2024-07-04,06:25:00,HOLD,MIDCPNIFTY24JUL12300CE,260.0,3000.0,235.0,COST,Monitoring
2024-07-04,06:30:00,HOLD,MIDCPNIFTY24JUL12300CE,260.0,3000.0,235.0,COST,Monitoring
2024-07-04,06:35:00,HOLD,MIDCPNIFTY24JUL12300CE,260.0,3000.0,235.0,COST,Monitoring
2024-07-04,06:40:00,HOLD,MIDCPNIFTY24JUL12300CE,260.0,3000.0,235.0,COST,Monitoring
2024-07-04,06:45:00,HOLD,MIDCPNIFTY24JUL12300CE,260.0,3000.0,235.0,COST,Monitoring
2024-07-04,06:50:00,HOLD,MIDCPNIFTY24JUL12300CE,260.0,3000.0,235.0,COST,Monitoring
2024-07-04,06:55:00,HOLD,MIDCPNIFTY24JUL12300CE,260.0,3000.0,235.0,COST,Monitoring
2024-07-04,07:00:00,HOLD,MIDCPNIFTY24JUL12300CE,260.0,3000.0,235.0,COST,Monitoring
2024-07-04,07:05:00,HOLD,MIDCPNIFTY24JUL12300CE,260.0,3000.0,235.0,COST,Monitoring
2024-07-04,07:10:00,HOLD,MIDCPNIFTY24JUL12300CE,260.0,3000.0,235.0,COST,Monitoring
2024-07-04,07:15:00,HOLD,MIDCPNIFTY24JUL12300CE,260.0,3000.0,235.0,COST,Monitoring
2024-07-04,07:20:00,HOLD,MIDCPNIFTY24JUL12300CE,260.0,3000.0,235.0,COST,Monitoring
2024-07-04,07:25:00,HOLD,MIDCPNIFTY24JUL12300CE,260.0,3000.0,235.0,COST,Monitoring
2024-07-04,07:30:00,HOLD,MIDCPNIFTY24JUL12300CE,260.0,3000.0,235.0,COST,Monitoring
2024-07-04,07:35:00,HOLD,MIDCPNIFTY24JUL12300CE,260.0,3000.0,235.0,COST,Monitoring
2024-07-04,07:40:00,HOLD,MIDCPNIFTY24JUL12300CE,260.0,3000.0,235.0,COST,Monitoring
2024-07-04,07:45:00,HOLD,MIDCPNIFTY24JUL12300CE,260.0,3000.0,235.0,COST,Monitoring
2024-07-04,07:50:00,HOLD,MIDCPNIFTY24JUL12300CE,260.0,3000.0,235.0,COST,Monitoring
2024-07-04,07:55:00,HOLD,MIDCPNIFTY24JUL12300CE,260.0,3000.0,235.0,COST,Monitoring
2024-07-04,08:00:00,HOLD,MIDCPNIFTY24JUL12300CE,260.0,3000.0,235.0,COST,Monitoring
2024-07-04,08:05:00,HOLD,MIDCPNIFTY24JUL12300CE,260.0,3000.0,235.0,COST,Monitoring
2024-07-04,08:10:00,HOLD,MIDCPNIFTY24JUL12300CE,260.0,3000.0,235.0,COST,Monitoring
2024-07-04,08:15:00,HOLD,MIDCPNIFTY24JUL12300CE,260.0,3000.0,235.0,COST,Monitoring
2024-07-04,08:20:00,HOLD,MIDCPNIFTY24JUL12300CE,260.0,3000.0,235.0,COST,Monitoring
2024-07-04,08:25:00,HOLD,MIDCPNIFTY24JUL12300CE,260.0,3000.0,235.0,COST,Monitoring
2024-07-04,08:30:00,HOLD,MIDCPNIFTY24JUL12300CE,260.0,3000.0,235.0,COST,Monitoring
2024-07-04,08:35:00,HOLD,MIDCPNIFTY24JUL12300CE,260.0,3000.0,235.0,COST,Monitoring
2024-07-04,08:40:00,HOLD,MIDCPNIFTY24JUL12300CE,260.0,3000.0,235.0,COST,Monitoring
2024-07-04,08:45:00,HOLD,MIDCPNIFTY24JUL12300CE,260.0,3000.0,235.0,COST,Monitoring
2024-07-04,08:50:00,HOLD,MIDCPNIFTY24JUL12300CE,260.0,3000.0,235.0,COST,Monitoring
2024-07-04,08:55:00,HOLD,MIDCPNIFTY24JUL12300CE,260.0,3000.0,235.0,COST,Monitoring
2024-07-04,09:00:00,HOLD,MIDCPNIFTY24JUL12300CE,260.0,3000.0,235.0,COST,Monitoring
2024-07-04,09:05:00,HOLD,MIDCPNIFTY24JUL12300CE,260.0,3000.0,235.0,COST,Monitoring
2024-07-04,09:10:00,HOLD,MIDCPNIFTY24JUL12300CE,260.0,3000.0,235.0,COST,Monitoring
2024-07-04,09:15:00,HOLD,MIDCPNIFTY24JUL12300CE,260.0,3000.0,235.0,COST,Monitoring
2024-07-04,09:20:00,HOLD,MIDCPNIFTY24JUL12300CE,260.0,3000.0,235.0,COST,Monitoring
2024-07-04,09:25:00,HOLD,MIDCPNIFTY24JUL12300CE,260.0,3000.0,235.0,COST,Monitoring
2024-07-04,09:30:00,HOLD,MIDCPNIFTY24JUL12300CE,260.0,3000.0,235.0,COST,Monitoring
2024-07-04,09:35:00,HOLD,MIDCPNIFTY24JUL12300CE,260.0,3000.0,235.0,COST,Monitoring
2024-07-04,09:40:00,HOLD,MIDCPNIFTY24JUL12300CE,260.0,3000.0,235.0,COST,Monitoring
2024-07-04,09:45:00,HOLD,MIDCPNIFTY24JUL12300CE,260.0,3000.0,235.0,COST,Monitoring
2024-07-04,09:50:00,HOLD,MIDCPNIFTY24JUL12300CE,260.0,3000.0,235.0,COST,Monitoring
2024-07-04,09:55:00,HOLD,MIDCPNIFTY24JUL12300CE,260.0,3000.0,235.0,COST,Monitoring
2024-07-05,03:45:00,HOLD,MIDCPNIFTY24JUL12300CE,364.35,15522.0,235.0,COST,Monitoring
2024-07-05,03:45:00,TSL_UPDATE,MIDCPNIFTY24JUL12300CE,364.35,15522.0,339.17,TRAILING,Stepped Up
2024-07-05,03:50:00,HOLD,MIDCPNIFTY24JUL12300CE,364.35,15522.0,339.17,TRAILING,Monitoring
2024-07-05,03:55:00,HOLD,MIDCPNIFTY24JUL12300CE,364.35,15522.0,339.17,TRAILING,Monitoring
2024-07-05,04:00:00,HOLD,MIDCPNIFTY24JUL12300CE,364.35,15522.0,339.17,TRAILING,Monitoring
2024-07-05,04:05:00,HOLD,MIDCPNIFTY24JUL12300CE,364.35,15522.0,339.17,TRAILING,Monitoring
2024-07-05,04:10:00,HOLD,MIDCPNIFTY24JUL12300CE,364.35,15522.0,339.17,TRAILING,Monitoring
2024-07-05,04:15:00,HOLD,MIDCPNIFTY24JUL12300CE,364.35,15522.0,339.17,TRAILING,Monitoring
2024-07-05,04:20:00,HOLD,MIDCPNIFTY24JUL12300CE,364.35,15522.0,339.17,TRAILING,Monitoring
2024-07-05,04:25:00,HOLD,MIDCPNIFTY24JUL12300CE,364.35,15522.0,339.17,TRAILING,Monitoring
2024-07-05,04:30:00,HOLD,MIDCPNIFTY24JUL12300CE,364.35,15522.0,339.17,TRAILING,Monitoring
2024-07-05,04:35:00,HOLD,MIDCPNIFTY24JUL12300CE,364.35,15522.0,339.17,TRAILING,Monitoring
2024-07-05,04:40:00,HOLD,MIDCPNIFTY24JUL12300CE,364.35,15522.0,339.17,TRAILING,Monitoring
2024-07-05,04:45:00,HOLD,MIDCPNIFTY24JUL12300CE,364.35,15522.0,339.17,TRAILING,Monitoring
2024-07-05,04:50:00,HOLD,MIDCPNIFTY24JUL12300CE,364.35,15522.0,339.17,TRAILING,Monitoring
2024-07-05,04:55:00,HOLD,MIDCPNIFTY24JUL12300CE,364.35,15522.0,339.17,TRAILING,Monitoring
2024-07-05,05:00:00,HOLD,MIDCPNIFTY24JUL12300CE,364.35,15522.0,339.17,TRAILING,Monitoring
2024-07-05,05:05:00,HOLD,MIDCPNIFTY24JUL12300CE,364.35,15522.0,339.17,TRAILING,Monitoring
2024-07-05,05:10:00,HOLD,MIDCPNIFTY24JUL12300CE,364.35,15522.0,339.17,TRAILING,Monitoring
2024-07-05,05:15:00,HOLD,MIDCPNIFTY24JUL12300CE,364.35,15522.0,339.17,TRAILING,Monitoring
2024-07-05,05:20:00,HOLD,MIDCPNIFTY24JUL12300CE,364.35,15522.0,339.17,TRAILING,Monitoring
2024-07-05,05:25:00,HOLD,MIDCPNIFTY24JUL12300CE,364.35,15522.0,339.17,TRAILING,Monitoring
2024-07-05,05:30:00,HOLD,MIDCPNIFTY24JUL12300CE,364.35,15522.0,339.17,TRAILING,Monitoring
2024-07-05,05:35:00,HOLD,MIDCPNIFTY24JUL12300CE,364.35,15522.0,339.17,TRAILING,Monitoring
2024-07-05,05:40:00,HOLD,MIDCPNIFTY24JUL12300CE,364.35,15522.0,339.17,TRAILING,Monitoring
2024-07-05,05:45:00,HOLD,MIDCPNIFTY24JUL12300CE,364.35,15522.0,339.17,TRAILING,Monitoring
2024-07-05,05:50:00,HOLD,MIDCPNIFTY24JUL12300CE,364.35,15522.0,339.17,TRAILING,Monitoring
2024-07-05,05:55:00,HOLD,MIDCPNIFTY24JUL12300CE,364.35,15522.0,339.17,TRAILING,Monitoring
2024-07-05,06:00:00,HOLD,MIDCPNIFTY24JUL12300CE,364.35,15522.0,339.17,TRAILING,Monitoring
2024-07-05,06:05:00,HOLD,MIDCPNIFTY24JUL12300CE,364.35,15522.0,339.17,TRAILING,Monitoring
2024-07-05,06:10:00,HOLD,MIDCPNIFTY24JUL12300CE,364.35,15522.0,339.17,TRAILING,Monitoring
2024-07-05,06:15:00,HOLD,MIDCPNIFTY24JUL12300CE,364.35,15522.0,339.17,TRAILING,Monitoring
2024-07-05,06:20:00,HOLD,MIDCPNIFTY24JUL12300CE,364.35,15522.0,339.17,TRAILING,Monitoring
2024-07-05,06:25:00,HOLD,MIDCPNIFTY24JUL12300CE,364.35,15522.0,339.17,TRAILING,Monitoring
2024-07-05,06:30:00,HOLD,MIDCPNIFTY24JUL12300CE,364.35,15522.0,339.17,TRAILING,Monitoring
2024-07-05,06:35:00,HOLD,MIDCPNIFTY24JUL12300CE,364.35,15522.0,339.17,TRAILING,Monitoring
2024-07-05,06:40:00,HOLD,MIDCPNIFTY24JUL12300CE,364.35,15522.0,339.17,TRAILING,Monitoring
2024-07-05,06:45:00,HOLD,MIDCPNIFTY24JUL12300CE,364.35,15522.0,339.17,TRAILING,Monitoring
2024-07-05,06:50:00,HOLD,MIDCPNIFTY24JUL12300CE,364.35,15522.0,339.17,TRAILING,Monitoring
2024-07-05,06:55:00,HOLD,MIDCPNIFTY24JUL12300CE,364.35,15522.0,339.17,TRAILING,Monitoring
2024-07-05,07:00:00,HOLD,MIDCPNIFTY24JUL12300CE,364.35,15522.0,339.17,TRAILING,Monitoring
2024-07-05,07:05:00,HOLD,MIDCPNIFTY24JUL12300CE,364.35,15522.0,339.17,TRAILING,Monitoring
2024-07-05,07:10:00,HOLD,MIDCPNIFTY24JUL12300CE,364.35,15522.0,339.17,TRAILING,Monitoring
2024-07-05,07:15:00,HOLD,MIDCPNIFTY24JUL12300CE,364.35,15522.0,339.17,TRAILING,Monitoring
2024-07-05,07:20:00,HOLD,MIDCPNIFTY24JUL12300CE,364.35,15522.0,339.17,TRAILING,Monitoring
2024-07-05,07:25:00,HOLD,MIDCPNIFTY24JUL12300CE,364.35,15522.0,339.17,TRAILING,Monitoring
2024-07-05,07:30:00,HOLD,MIDCPNIFTY24JUL12300CE,364.35,15522.0,339.17,TRAILING,Monitoring
2024-07-05,07:35:00,HOLD,MIDCPNIFTY24JUL12300CE,364.35,15522.0,339.17,TRAILING,Monitoring
2024-07-05,07:40:00,HOLD,MIDCPNIFTY24JUL12300CE,364.35,15522.0,339.17,TRAILING,Monitoring
2024-07-05,07:45:00,HOLD,MIDCPNIFTY24JUL12300CE,364.35,15522.0,339.17,TRAILING,Monitoring
2024-07-05,07:50:00,HOLD,MIDCPNIFTY24JUL12300CE,364.35,15522.0,339.17,TRAILING,Monitoring
2024-07-05,07:55:00,HOLD,MIDCPNIFTY24JUL12300CE,364.35,15522.0,339.17,TRAILING,Monitoring
2024-07-05,08:00:00,HOLD,MIDCPNIFTY24JUL12300CE,364.35,15522.0,339.17,TRAILING,Monitoring
2024-07-05,08:05:00,HOLD,MIDCPNIFTY24JUL12300CE,364.35,15522.0,339.17,TRAILING,Monitoring
2024-07-05,08:10:00,HOLD,MIDCPNIFTY24JUL12300CE,364.35,15522.0,339.17,TRAILING,Monitoring
2024-07-05,08:15:00,HOLD,MIDCPNIFTY24JUL12300CE,364.35,15522.0,339.17,TRAILING,Monitoring
2024-07-05,08:20:00,HOLD,MIDCPNIFTY24JUL12300CE,364.35,15522.0,339.17,TRAILING,Monitoring
2024-07-05,08:25:00,HOLD,MIDCPNIFTY24JUL12300CE,364.35,15522.0,339.17,TRAILING,Monitoring
2024-07-05,08:30:00,HOLD,MIDCPNIFTY24JUL12300CE,364.35,15522.0,339.17,TRAILING,Monitoring
2024-07-05,08:35:00,HOLD,MIDCPNIFTY24JUL12300CE,364.35,15522.0,339.17,TRAILING,Monitoring
2024-07-05,08:40:00,HOLD,MIDCPNIFTY24JUL12300CE,364.35,15522.0,339.17,TRAILING,Monitoring
2024-07-05,08:45:00,HOLD,MIDCPNIFTY24JUL12300CE,364.35,15522.0,339.17,TRAILING,Monitoring
2024-07-05,08:50:00,HOLD,MIDCPNIFTY24JUL12300CE,364.35,15522.0,339.17,TRAILING,Monitoring
2024-07-05,08:55:00,HOLD,MIDCPNIFTY24JUL12300CE,364.35,15522.0,339.17,TRAILING,Monitoring
2024-07-05,08:55:00,EXIT,MIDCPNIFTY24JUL12300CE,364.35,15522.0,339.17,TRAILING,EMA_REVERSAL
